cohort,split,target,feature_set,model,n_folds,n_test_total,positive_rate_mean,auroc_mean,auroc_std,auroc_ci_low,auroc_ci_high,average_precision_mean,average_precision_std,average_precision_ci_low,average_precision_ci_high,balanced_accuracy_mean,balanced_accuracy_std,balanced_accuracy_ci_low,balanced_accuracy_ci_high,f1_mean,f1_std,f1_ci_low,f1_ci_high,brier_mean,brier_std,brier_ci_low,brier_ci_high,baseline_auroc_mean,baseline_average_precision_mean,delta_auroc_vs_BM,delta_ap_vs_BM
all,dataset,clean_enhancement_medium,B,logistic,5,36000,0.03131496136274541,0.5697260049938099,0.07391879668837856,0.5136130021534211,0.6299367689021895,0.04698334892453315,0.02462976899331,0.026880285612516847,0.06616804492811515,0.5431609670338892,0.03655906184844846,0.5144010204128832,0.5739738081701178,0.07057106992009046,0.03204978005192669,0.045924536682871456,0.09378617418715415,0.2297294626902918,0.028823231976537505,0.20801079848296528,0.2533862179517117,0.572174346411552,0.045872765459241516,-0.0024483414177420837,0.0011105834652916369
all,dataset,clean_enhancement_medium,B,random_forest,5,36000,0.03131496136274541,0.6007312396921536,0.0921913906974542,0.537260244011752,0.6843603989216146,0.05606730161561978,0.036431587527082865,0.030160073561847904,0.08739184721505147,0.5011469243374739,0.0028891651637848056,0.4994152263935675,0.5036805797383241,0.006617110989184436,0.011346296931651739,0.0,0.017097460334162602,0.040393110365018935,0.012627932005472405,0.03108933946805218,0.049696881261985695,0.5824752486223375,0.05063272378039245,0.018255991069816124,0.005434577835227328
all,dataset,clean_enhancement_medium,B+M,logistic,5,36000,0.03131496136274541,0.572174346411552,0.03857054428681291,0.5430826322601956,0.6021888180883754,0.045872765459241516,0.02088695695979624,0.027941575717646116,0.06155360961027741,0.5389382460399113,0.026934670063298766,0.5210221166468542,0.5632510020780466,0.07982398286701826,0.04479898298280509,0.04805771958415844,0.11361059404753546,0.1741160938682625,0.029207205620113006,0.1511710069117737,0.19642460175423904,0.572174346411552,0.045872765459241516,0.0,0.0
all,dataset,clean_enhancement_medium,B+M,random_forest,5,36000,0.03131496136274541,0.5824752486223375,0.07138890256693849,0.5362002345216035,0.6473976090889187,0.05063272378039245,0.027845091644440132,0.030780921697375518,0.07362245970894023,0.4999406326859469,0.0001327493498642961,0.4998218980578407,0.5,0.0,0.0,0.0,0.0,0.03720048363433922,0.012274026290263381,0.028344536851922626,0.046476851076892964,0.5824752486223375,0.05063272378039245,0.0,0.0
all,dataset,clean_enhancement_medium,B+M+L,logistic,5,36000,0.03131496136274541,0.5774903906839535,0.04537178397196639,0.5427412235207072,0.6129726558494534,0.04649322027903436,0.021376228095056286,0.02855666711842289,0.061642582010090895,0.5405708465763952,0.020402495659197238,0.5252018908072078,0.5567446281724278,0.07739671058894115,0.03812305025106907,0.04785425347486237,0.10575435967433326,0.17396268046331437,0.029720930133472784,0.15095688250552236,0.19696847842110635,0.572174346411552,0.045872765459241516,0.00531604427240151,0.0006204548197928442
all,dataset,clean_enhancement_medium,B+M+L,random_forest,5,36000,0.03131496136274541,0.5896737954396112,0.06698484327944601,0.542525435078822,0.6496477311389879,0.05317298173408841,0.02694793522920563,0.033203090349251736,0.074595466648664,0.49988974641675854,0.0002465345068908356,0.4996692392502756,0.5,0.0,0.0,0.0,0.0,0.03524312380115122,0.011892236215801108,0.026658098673260588,0.0440266994757151,0.5824752486223375,0.05063272378039245,0.007198546817273721,0.0025402579536959596
all,dataset,clean_enhancement_medium,B+M+L+R,logistic,5,36000,0.03131496136274541,0.8224729023530395,0.027744867706237405,0.8006682327054481,0.844277572000631,0.18509193747328803,0.05739170024941481,0.14154829364923263,0.22863558129734343,0.7437668327188691,0.026451712302088825,0.7273786567335068,0.7658830436258608,0.17804573391720652,0.05642972220564578,0.12733759545025883,0.21096864694382145,0.138424063883993,0.019447943443065357,0.12523454721720864,0.1542287783030221,0.572174346411552,0.045872765459241516,0.25029855594148753,0.13921917201404652
all,dataset,clean_enhancement_medium,B+M+L+R,random_forest,5,36000,0.03131496136274541,0.8404171433074936,0.027253762180272544,0.8182571025414547,0.8599795618413515,0.18189861771840432,0.01680785559199374,0.16983319185620327,0.19476944721781725,0.5119153109256461,0.008248128887580126,0.5056791572625166,0.5183577510359698,0.046879068843168635,0.03035207505691504,0.023922642038033758,0.07028488467583473,0.030418959936391994,0.011527881150267932,0.02126280164700404,0.03858984678169033,0.5824752486223375,0.05063272378039245,0.25794189468515616,0.13126589393801186
all,dataset,clean_suppression_medium,B,logistic,5,36000,0.031636237580679835,0.6002841656001658,0.09453632917901225,0.5248954320631205,0.6756728991372112,0.059240291411171785,0.03132915150416532,0.03457623306461795,0.0827797366455171,0.5656386509361496,0.06973226702063252,0.5123541503105495,0.6217854323042452,0.08412487637396429,0.04305794095729193,0.0478568585085984,0.1172158426411312,0.22366829777862135,0.03141952735309181,0.19956412641657556,0.2485689531660251,0.5859896931094469,0.04945045834998384,0.014294472490718912,0.009789833061187941
all,dataset,clean_suppression_medium,B,random_forest,5,36000,0.031636237580679835,0.6241160291361166,0.09772366057529254,0.5468502410154225,0.7013818172568109,0.0570415349897877,0.03407710179688461,0.03134859030124266,0.08545243294102148,0.5013477804363229,0.00326766146596252,0.49898242373595025,0.5041360590351847,0.01211294328717412,0.014052795854230015,0.0012539184952978055,0.022971968079050435,0.04104335975064525,0.014061087096852063,0.029961059110523193,0.051678291734867876,0.6508018032761156,0.057420733581644526,-0.026685774139998952,-0.0003791985918568247
all,dataset,clean_suppression_medium,B+M,logistic,5,36000,0.031636237580679835,0.5859896931094469,0.08177721054513207,0.521393743126181,0.6505856430927129,0.04945045834998384,0.024881665573740688,0.028286675404978423,0.06860740853500318,0.5375720890527367,0.03326108032452892,0.5105666122771604,0.5628345961859104,0.08232880445330595,0.042108044581503565,0.04814543698064759,0.11413258322035895,0.16879441112872723,0.02625495169628027,0.14911211234648236,0.18967949705081658,0.5859896931094469,0.04945045834998384,0.0,0.0
all,dataset,clean_suppression_medium,B+M,random_forest,5,36000,0.031636237580679835,0.6508018032761156,0.08129557373764977,0.5891117937238761,0.7124918128283552,0.057420733581644526,0.030415958504619506,0.03284950379089073,0.08114394040273985,0.4997789695926976,0.00032598430838730617,0.4994894382247496,0.5,0.0013559322033898304,0.0030319565796607315,0.0,0.004067796610169492,0.03794781025818051,0.012505231665123653,0.02826302291409108,0.04735528878028026,0.6508018032761156,0.057420733581644526,0.0,0.0
all,dataset,clean_suppression_medium,B+M+L,logistic,5,36000,0.031636237580679835,0.5911424287361604,0.08188983153888044,0.5266317114002488,0.6556531460720721,0.05057762231939872,0.025739238377357747,0.028810027041502186,0.07081957206557676,0.5381036247996596,0.03154666102802339,0.5132500918920615,0.5622395156310651,0.0816361568563011,0.04120315102946478,0.04818896748928966,0.11249850518690112,0.1683227469113849,0.02624558102101049,0.14849250425039556,0.18880376526293513,0.5859896931094469,0.04945045834998384,0.005152735626713478,0.0011271639694148752
all,dataset,clean_suppression_medium,B+M+L,random_forest,5,36000,0.031636237580679835,0.655188005442487,0.07470749034708107,0.5964633003277451,0.713912710557229,0.0599444071476371,0.03036626689509369,0.03463763668420968,0.08251871938521733,0.4999578473014547,7.338736235777892e-05,0.49989005643627377,0.5,0.0013986013986013986,0.0031273678006990065,0.0,0.004195804195804196,0.035802797357712815,0.01252509791773558,0.025999413522205916,0.04511881057143628,0.6508018032761156,0.057420733581644526,0.004386202166371422,0.0025236735659925763
all,dataset,clean_suppression_medium,B+M+L+R,logistic,5,36000,0.031636237580679835,0.8202590779675981,0.029009207331144087,0.798422491335662,0.8437702389663821,0.21014039117378913,0.04977023733806176,0.18169219550094518,0.25620016462236633,0.7521617447911529,0.02260696045925143,0.7346151309490816,0.7723741925330503,0.1953877883793748,0.06505100432627357,0.13708616865477238,0.23539629481260632,0.13300346290858306,0.01774451241687629,0.12016421676704278,0.1474833007694329,0.5859896931094469,0.04945045834998384,0.2342693848581512,0.16068993282380528
all,dataset,clean_suppression_medium,B+M+L+R,random_forest,5,36000,0.031636237580679835,0.844866165401303,0.031665021268166955,0.8202630101768215,0.8694693206257844,0.15834203833796406,0.04477097366260341,0.12283930718541891,0.18940218714889487,0.5043628814118176,0.004845776830688616,0.5008368895830684,0.5082694715306759,0.018473867218070046,0.019469533220894238,0.004662413789223793,0.03391962324292504,0.03079463253506845,0.011516962712311502,0.02179698883886567,0.03909683572286274,0.6508018032761156,0.057420733581644526,0.1940643621251874,0.10092130475631954
all,dataset,enhancement_success_medium,B,logistic,5,36000,0.03304173847505811,0.5754043008409615,0.07703402411139214,0.5167183370871538,0.6402838125613846,0.050630770806906686,0.027400936164932707,0.028261934906159126,0.07157593134392923,0.543884165246276,0.04215638511101279,0.5137644824139647,0.5795998054488183,0.07401584568167895,0.03640452857419522,0.04636767600041442,0.10148253645105554,0.2285329027596268,0.030033494217677096,0.20611954090770745,0.2533167535210036,0.5743303648320719,0.048457664442317215,0.0010739360088896088,0.0021731063645894708
all,dataset,enhancement_success_medium,B,random_forest,5,36000,0.03304173847505811,0.6007415373164668,0.08920528790169878,0.5405666736082589,0.6820151072511524,0.05466726833905842,0.03192532103646071,0.031781061281061784,0.0806157192813863,0.5013136742076026,0.0025588161406049728,0.5,0.5036567991712021,0.00630984564982887,0.010916298889090443,0.0,0.016393879263274246,0.04217704438034557,0.013674573078415684,0.03224109580506433,0.052146976209226516,0.5910457338827207,0.053670195276661135,0.009695803433746097,0.0009970730623972829
all,dataset,enhancement_success_medium,B+M,logistic,5,36000,0.03304173847505811,0.5743303648320719,0.045578631410943315,0.5414621702982354,0.6128849508845364,0.048457664442317215,0.022940681806052216,0.028923714452772153,0.06539882048020274,0.5340766107588827,0.020806450988452897,0.520607542675777,0.5523254983862149,0.08054662648939541,0.04306320744039336,0.04757685352622062,0.11304235511694419,0.1710834984450406,0.031083333729271113,0.14651405700857864,0.19495575201939783,0.5743303648320719,0.048457664442317215,0.0,0.0
all,dataset,enhancement_success_medium,B+M,random_forest,5,36000,0.03304173847505811,0.5910457338827207,0.07135224626874738,0.5407897535249605,0.6564648976823217,0.053670195276661135,0.027768407367703682,0.032080478340578825,0.07498026188888843,0.5002102490224557,0.00047013110641382414,0.5,0.500630747067367,0.0012841091492776886,0.002871355348314337,0.0,0.0038523274478330658,0.038710793910935896,0.013159884187014814,0.029253346747912207,0.04904696443516993,0.5910457338827207,0.053670195276661135,0.0,0.0
all,dataset,enhancement_success_medium,B+M+L,logistic,5,36000,0.03304173847505811,0.579210579667888,0.052449046200466615,0.5416193704295758,0.6226743535834952,0.0495017837610712,0.02396002921621182,0.029663141716033414,0.06662126794325154,0.5418394088092716,0.01953197220214374,0.5280363331703156,0.5583058587717776,0.08326548712552162,0.041858210444330766,0.05131514654226631,0.11426675834146474,0.17089200226212148,0.031539292486572106,0.1463863368921323,0.19539766763211067,0.5743303648320719,0.048457664442317215,0.004880214835816132,0.0010441193187539846
all,dataset,enhancement_success_medium,B+M+L,random_forest,5,36000,0.03304173847505811,0.5918940377428221,0.0661098583730809,0.5471880620484026,0.6519708328066937,0.05556243091900428,0.02486740019726583,0.03816203283482937,0.07498841392580216,0.5002272833466189,0.0005082210131935087,0.5,0.5006818500398567,0.0012882447665056361,0.0028806028695649464,0.0,0.003864734299516908,0.03683320546457507,0.012898454983830212,0.02746922807995575,0.046708647696380515,0.5910457338827207,0.053670195276661135,0.0008483038601013737,0.001892235642343143
all,dataset,enhancement_success_medium,B+M+L+R,logistic,5,36000,0.03304173847505811,0.8210650042938015,0.02356348750439404,0.8026194919463994,0.8395105166412037,0.194909923365791,0.06582843616739856,0.14591401655149955,0.2450342312627845,0.7435775404551557,0.025400486454038973,0.7283043420987635,0.7653086643053308,0.187975123479573,0.06212075250588312,0.13284201361243814,0.22229823388917952,0.13636344131835781,0.020721878242319806,0.12185185849953735,0.15411240056967995,0.5743303648320719,0.048457664442317215,0.24673463946172958,0.14645225892347377
all,dataset,enhancement_success_medium,B+M+L+R,random_forest,5,36000,0.03304173847505811,0.8424300288511667,0.024756412320080762,0.8222834281310295,0.8603924023496792,0.185208128438182,0.022058937492019592,0.1689310437466494,0.20283208296864058,0.5119035843435776,0.007922108401312133,0.5057376101876541,0.5180695584995012,0.04702963911524034,0.029114544880566577,0.02443884210758151,0.06962043612289917,0.03173643510829905,0.012308674609516937,0.022264869005455698,0.040437837474143076,0.5910457338827207,0.053670195276661135,0.25138429496844594,0.13153793316152085
all,dataset,later_capability_damage_any_path,B,logistic,5,36000,0.07788106473846315,0.60050466676168,0.03457152191075983,0.5764682633147583,0.6301734357095958,0.11595737642515494,0.023416722085180745,0.10249390129733531,0.13685349723882437,0.571698821898638,0.032508891669379134,0.5465047065485608,0.5976832888299943,0.17289851964488126,0.01365116835328189,0.1635648487263765,0.1840617653865638,0.24074270577564133,0.005012281711265898,0.23668837524769487,0.24457119751258802,0.6032135637669294,0.11188816354752154,-0.0027088970052493444,0.004069212877633399
all,dataset,later_capability_damage_any_path,B,random_forest,5,36000,0.07788106473846315,0.712721147514668,0.027148860682210122,0.6900183245880828,0.731525917565224,0.23408442381461025,0.0443405900966876,0.20048896498853247,0.2692878642341328,0.5173708304418271,0.014924330366741765,0.5080091956465562,0.529884044625892,0.06862227678320716,0.053622995766805494,0.033635103401679356,0.11293190271027712,0.07819522069644258,0.00414648465859611,0.07504948120232671,0.08134096019055845,0.6774408408800927,0.20120249944108903,0.035280306634575265,0.03288192437352122
all,dataset,later_capability_damage_any_path,B+M,logistic,5,36000,0.07788106473846315,0.6032135637669294,0.0338498130288223,0.5792336753306995,0.632681614382995,0.11188816354752154,0.016996705662388936,0.10166601428013192,0.12716477384009683,0.5750012137727964,0.02908976389660188,0.5544432881749003,0.5984403399602886,0.17480575659241487,0.012763219953415473,0.16550593475744896,0.186170183605608,0.23949778157497645,0.005864041412292077,0.23518182507259847,0.24402472890566318,0.6032135637669294,0.11188816354752154,0.0,0.0
all,dataset,later_capability_damage_any_path,B+M,random_forest,5,36000,0.07788106473846315,0.6774408408800927,0.028332809036869643,0.6532506737217979,0.6981023730612723,0.20120249944108903,0.046974017890333244,0.16556911282847575,0.2381704113757895,0.5018523957951015,0.002441967842379327,0.49999474874448546,0.5037100428457177,0.007618456071212934,0.009530913715895336,0.0004158004158004158,0.014821111726625452,0.07795624235069175,0.004074469236318761,0.07460014490084754,0.08099306125802325,0.6774408408800927,0.20120249944108903,0.0,0.0
all,dataset,later_capability_damage_any_path,B+M+L,logistic,5,36000,0.07788106473846315,0.6026571023664659,0.033257424618213,0.5794285026847934,0.6317785723547661,0.1118370826610687,0.0169020717399603,0.10169678067355606,0.12689176600489743,0.5747987253388188,0.028238099782999047,0.5549157044471474,0.5977213852291802,0.17477478808667427,0.01264466768094379,0.16518202614022845,0.1860782969511095,0.23949377902266797,0.005923490590954042,0.23505980639056157,0.24394534527227354,0.6032135637669294,0.11188816354752154,-0.0005564614004635038,-5.1080886452836705e-05
all,dataset,later_capability_damage_any_path,B+M+L,random_forest,5,36000,0.07788106473846315,0.6619114053452071,0.026578889114973005,0.6391061502017223,0.6813071597078844,0.17596581832642516,0.03450747805376072,0.14931488513390376,0.2024361730585213,0.499908908726544,0.0002036862796046404,0.499726726179632,0.5,0.0,0.0,0.0,0.0,0.07692176003064746,0.003591759508773706,0.0739845548103405,0.0796164077890252,0.6774408408800927,0.20120249944108903,-0.015529435534885616,-0.025236681114663873
all,dataset,later_capability_damage_any_path,B+M+L+R,logistic,5,36000,0.07788106473846315,0.8633110976300127,0.0068411270631854645,0.8588049385826965,0.8693195407975871,0.414682086124332,0.011757769099778537,0.40484430000262356,0.4236990815980204,0.7806883049826647,0.011222714191544029,0.7734912237282673,0.7903088629640342,0.3476239944490246,0.013869155616407055,0.33762418564031516,0.3583288502466791,0.16066237685331117,0.007427349257251068,0.1550981383426023,0.16658612002282663,0.6032135637669294,0.11188816354752154,0.2600975338630833,0.3027939225768105
all,dataset,later_capability_damage_any_path,B+M+L+R,random_forest,5,36000,0.07788106473846315,0.8639425567452665,0.010418936221322677,0.8572530841705464,0.8728261754998455,0.41122405457381206,0.016639162806323562,0.3983654559622158,0.42408265318540844,0.6091723888538182,0.013700744557752964,0.5994295439991547,0.6198201823212298,0.3283731427387166,0.029516313592614522,0.3061900701110997,0.3507473535959293,0.061417414530504824,0.0030512918284668063,0.0591868214464927,0.06392143089527547,0.6774408408800927,0.20120249944108903,0.18650171586517383,0.21002155513272303
all,dataset,later_clean_any_path,B,logistic,5,36000,0.09130487444665131,0.5979549432617286,0.09504531658648574,0.5235148939266089,0.6758956107373894,0.1396550626570514,0.07679896384524577,0.07523236123955553,0.19925729558454514,0.5591845207305918,0.0700630953565764,0.5103793924274086,0.6196996232779679,0.1942711018981053,0.0990941051932152,0.10994998776088194,0.2648653756734438,0.22746457238938694,0.030581850630656153,0.20473151531627137,0.2526085705120079,0.5878484832000872,0.13385680010190812,0.010106460061641398,0.005798262555143291
all,dataset,later_clean_any_path,B,random_forest,5,36000,0.09130487444665131,0.6678914837570763,0.07922066528613744,0.6163076183559287,0.7408235225208417,0.17112602141201688,0.09752976352522402,0.09569418310006873,0.2486185378947114,0.5323961620199662,0.03473447763942619,0.5091134261559762,0.5624227006786998,0.13178272067717794,0.10216391271733438,0.05848858534117498,0.22106749029202044,0.09880729805893523,0.030658287451137342,0.07531820649098978,0.12229638962688068,0.6589632820456924,0.17132625514909855,0.008928201711383865,-0.00020023373708166758
all,dataset,later_clean_any_path,B+M,logistic,5,36000,0.09130487444665131,0.5878484832000872,0.08260616160178834,0.5237521963818661,0.6568114630518627,0.13385680010190812,0.07232691890784665,0.0752376391179137,0.18589068711343212,0.5303934750757274,0.03508180107401714,0.5012263525250644,0.5554802165194419,0.15821059217053693,0.08483199272990992,0.094286088081025,0.2217637078536548,0.17902486295959893,0.03282731251699675,0.15176562417734235,0.20362809570112264,0.5878484832000872,0.13385680010190812,0.0,0.0
all,dataset,later_clean_any_path,B+M,random_forest,5,36000,0.09130487444665131,0.6589632820456924,0.06781338362823588,0.6152459739488135,0.7187530867972697,0.17132625514909855,0.09575193821659479,0.09854685223224277,0.2483536148845411,0.5133968850642976,0.01118428492769213,0.504655743256526,0.5221380268720693,0.06667007943518813,0.05149301009995652,0.026406529459353352,0.10693362941102291,0.09420137085044818,0.028781325033676763,0.07232092136985624,0.11629483329488188,0.6589632820456924,0.17132625514909855,0.0,0.0
all,dataset,later_clean_any_path,B+M+L,logistic,5,36000,0.09130487444665131,0.5908727244636459,0.08339342041786314,0.5290939463200355,0.6616915501985032,0.1349514816548528,0.07269484526972086,0.07548860726156795,0.18736053029511915,0.5293386426021932,0.03396374251963131,0.5010047120563604,0.5540030217897238,0.15641774161955901,0.08475544274124776,0.09284264865616555,0.22007072308454917,0.17892393683709693,0.03299939882854213,0.15135313817118218,0.20394657858380238,0.5878484832000872,0.13385680010190812,0.0030242412635587135,0.0010946815529446763
all,dataset,later_clean_any_path,B+M+L,random_forest,5,36000,0.09130487444665131,0.6650804785685617,0.0703281034983619,0.6164375147130186,0.7238122801072665,0.17243716374960597,0.0928931241699677,0.10275362607162977,0.24768224798614175,0.51344505700421,0.011919377732186105,0.5057052635543655,0.523981629481115,0.0642356287745162,0.047692489524863664,0.028706726165006014,0.10376337041522987,0.09048123624168367,0.029160882281078982,0.06831090812338055,0.1126515643599868,0.6589632820456924,0.17132625514909855,0.006117196522869239,0.0011109086005074154
all,dataset,later_clean_any_path,B+M+L+R,logistic,5,36000,0.09130487444665131,0.5937005978470322,0.08048925489683771,0.5351068227919666,0.6627242596568987,0.13888732075544608,0.07761504164826712,0.07666430936296612,0.1967461659467935,0.5347540983298169,0.03791678832368853,0.503261084562313,0.5610795934248657,0.1675098679864203,0.08865437084449737,0.09633360874987247,0.23334525240881257,0.1786334784155663,0.0336444578336746,0.15071381608320158,0.2040649331748427,0.5878484832000872,0.13385680010190812,0.005852114646945017,0.0050305206535379565
all,dataset,later_clean_any_path,B+M+L+R,random_forest,5,36000,0.09130487444665131,0.80212150214205,0.04025580104404981,0.7713278506706038,0.8360807342373899,0.2914243200737308,0.09940993409623501,0.2145825873877424,0.3730511744617889,0.5372329973270717,0.024545680900162264,0.5204848425719212,0.5573673848024284,0.1412137774011037,0.08155061169162123,0.08162220723740433,0.20490163891800045,0.07845483429602,0.02895226122387605,0.056843493769453336,0.10006617482258666,0.6589632820456924,0.17132625514909855,0.1431582200963576,0.12009806492463226
all,dataset,later_clean_enhancement_path,B,logistic,5,36000,0.04568111620847154,0.5672319078918031,0.08365967165300424,0.5042324866520936,0.6395818482584833,0.06741706130720296,0.04017918959800596,0.03677401498814885,0.09878595447260598,0.5332278344888598,0.04946571759990837,0.4992168731827264,0.5737529935190941,0.09832285966651963,0.054214146447680106,0.05521151616911231,0.13929546638755383,0.2298907985746869,0.030084156570188154,0.20797878209638068,0.25568560784636174,0.5628384789643381,0.06762483096730951,0.004393428927464971,-0.0002077696601065493
all,dataset,later_clean_enhancement_path,B,random_forest,5,36000,0.04568111620847154,0.6173309565851834,0.07607071897944859,0.5732431146630729,0.6881186731952507,0.07994195458167219,0.051175945940702704,0.044684126855381534,0.12081813739865895,0.5037371564122861,0.0060678797864999875,0.499800966597624,0.5092947037833693,0.018835478424110718,0.024888287753603834,0.000966183574879227,0.04009151707145371,0.05428975157798047,0.018519195104535514,0.04062318921212772,0.06795631394383322,0.6034779343392963,0.08404237699678253,0.013853022245887137,-0.004100422415110341
all,dataset,later_clean_enhancement_path,B+M,logistic,5,36000,0.04568111620847154,0.5628384789643381,0.06626519821838629,0.5156234701525669,0.6210005749816413,0.06762483096730951,0.0380069340466166,0.04069297978502218,0.09630034653639333,0.5334480642408345,0.02676818265021601,0.5160686765480615,0.5570629079332582,0.10790856968345834,0.06317988671077693,0.06031125216558655,0.15718228243355573,0.17272745328815625,0.03714609155024491,0.14256170616243888,0.20093285236818897,0.5628384789643381,0.06762483096730951,0.0,0.0
all,dataset,later_clean_enhancement_path,B+M,random_forest,5,36000,0.04568111620847154,0.6034779343392963,0.07086913350115973,0.5602919959534101,0.6668635180750475,0.08404237699678253,0.057559448958192795,0.04519790802816176,0.1327995534329312,0.5002614393595187,0.0006287436886552552,0.4999535747446611,0.5008307433338951,0.0018475750577367205,0.004131303422632406,0.0,0.005542725173210162,0.051443523013035786,0.01816688657596599,0.037956027306343856,0.06545502756678753,0.6034779343392963,0.08404237699678253,0.0,0.0
all,dataset,later_clean_enhancement_path,B+M+L,logistic,5,36000,0.04568111620847154,0.5691415839115793,0.06758838835455767,0.5221147483377223,0.6276620021568183,0.06838339215337688,0.037653247964704616,0.04134454447089468,0.09584189467973504,0.5336370268746802,0.020358536335791624,0.5215232452090195,0.5522684288314185,0.10552400487392818,0.05599925683455223,0.06167426515191023,0.1480425828931965,0.1726238326901272,0.03740965408016996,0.14294202255595564,0.20137454306535632,0.5628384789643381,0.06762483096730951,0.006303104947241178,0.0007585611860673747
all,dataset,later_clean_enhancement_path,B+M+L,random_forest,5,36000,0.04568111620847154,0.6098340782885412,0.06975826142001593,0.5698227687556132,0.6726716053709796,0.08284173667366512,0.054605916847543866,0.04550584369427928,0.12777977726674913,0.5002595367402265,0.000580341793805,0.5,0.5007786102206794,0.0018433179723502304,0.004121784290322193,0.0,0.005529953917050691,0.04938049836760307,0.018092924512880748,0.03593534522000782,0.06282565151519831,0.6034779343392963,0.08404237699678253,0.006356143949244886,-0.0012006403231174106
all,dataset,later_clean_enhancement_path,B+M+L+R,logistic,5,36000,0.04568111620847154,0.8152633621657828,0.012760634998789013,0.8053484512506696,0.8251782730808955,0.25106752154149664,0.09416274622060779,0.17889303632270342,0.3204338950684959,0.7381851891477321,0.01155757752874028,0.7289173289786554,0.7471151135232167,0.2396573160329858,0.09187033713256706,0.16155729105956404,0.2996994892918539,0.13707220158081318,0.02306748088142502,0.1200582817773709,0.15574967048795854,0.5628384789643381,0.06762483096730951,0.2524248832014446,0.18344269057418713
all,dataset,later_clean_enhancement_path,B+M+L+R,random_forest,5,36000,0.04568111620847154,0.8462436321031405,0.02263047845279692,0.8296517870948783,0.8636067666270062,0.25103220071370674,0.06475636552733399,0.19958135082798392,0.30248305059942954,0.5381635852403911,0.01938474603398729,0.5203669680435542,0.5491240171888572,0.13428746683774231,0.06664332461325084,0.07241453175189111,0.17268137279341614,0.04110875078881041,0.015856868771641153,0.02888006495720482,0.05268269204710704,0.6034779343392963,0.08404237699678253,0.24276569776384416,0.16698982371692422
all,dataset,later_clean_suppression_path,B,logistic,5,36000,0.047624374105409,0.6116695542915768,0.09281603223081059,0.5395119641490154,0.6838271444341382,0.08233646644974797,0.041239604214346325,0.04672187254739325,0.11433815125145874,0.5633610358692012,0.06796831057165532,0.5119333903506565,0.6163071792579997,0.11755735276456898,0.057506107764153165,0.06648939459526312,0.15983990337035164,0.22393132049977177,0.03418553991348015,0.19818169419407888,0.2515857617811988,0.5940548654996041,0.07390812566903528,0.0176146887919727,0.008428340780712695
all,dataset,later_clean_suppression_path,B,random_forest,5,36000,0.047624374105409,0.6639018822359086,0.08309887731179057,0.6013754694127683,0.7308663031410993,0.0992075014924363,0.0609219254586065,0.05618071713628849,0.15283209726568195,0.5022732620422394,0.008756114065534356,0.4962929890581302,0.5103780953777666,0.020458252467275055,0.02930488327301619,0.002185792349726776,0.046484047019311504,0.05593127985519451,0.020017861455928914,0.04038499705447427,0.07123266005098536,0.6724639657994681,0.10177215194202834,-0.008562083563559475,-0.002564650449592032
all,dataset,later_clean_suppression_path,B+M,logistic,5,36000,0.047624374105409,0.5940548654996041,0.08301383922054943,0.5296558633010674,0.6584538676981407,0.07390812566903528,0.03537582335614641,0.042534980300138345,0.09805237485079812,0.5246743710577677,0.03286789294153065,0.49683862984844884,0.5474419778819245,0.10207973640550012,0.051849559268263415,0.0604264599524862,0.13867255619498767,0.16610427590539173,0.03156860444577545,0.141711156259622,0.19024041921745738,0.5940548654996041,0.07390812566903528,0.0,0.0
all,dataset,later_clean_suppression_path,B+M,random_forest,5,36000,0.047624374105409,0.6724639657994681,0.08186438974596343,0.6097053578056868,0.7345727929666478,0.10177215194202834,0.06233830015624215,0.057593624550099115,0.15772525850358704,0.5027910983029376,0.004772117162972317,0.5000306578617095,0.5069497536341618,0.01430145804620444,0.01810621492053772,0.0026785714285714286,0.029351418473588693,0.05313613274307857,0.01836009206767811,0.039121779696472105,0.06715048578968504,0.6724639657994681,0.10177215194202834,0.0,0.0
all,dataset,later_clean_suppression_path,B+M+L,logistic,5,36000,0.047624374105409,0.5956456050379757,0.08376489627583947,0.5310212048626807,0.6602700052132706,0.0743864681441847,0.03571272468907665,0.042564499099097194,0.09922647301642087,0.5250690922248282,0.03215649355192778,0.49806865376090687,0.5483959952910877,0.1017603703316569,0.05201396493862668,0.06127421719899704,0.13902491122563906,0.16592647599233415,0.031564312050440586,0.14137207474990027,0.19018720293203686,0.5940548654996041,0.07390812566903528,0.0015907395383716327,0.0004783424751494264
all,dataset,later_clean_suppression_path,B+M+L,random_forest,5,36000,0.047624374105409,0.6631108239997954,0.07131348562294271,0.6090237357146352,0.7175685571301751,0.0971505269898705,0.0521181120474039,0.05890123749218496,0.1419542421726414,0.5003729122015553,0.0005120917784284268,0.5,0.5007676887716036,0.00404912734324499,0.005952769742611757,0.0,0.009323852617970266,0.051132489927351185,0.018311114948428533,0.03720314589541054,0.06506183395929183,0.6724639657994681,0.10177215194202834,-0.009353141799672726,-0.0046216249521578295
all,dataset,later_clean_suppression_path,B+M+L+R,logistic,5,36000,0.047624374105409,0.8342584848490094,0.024959834842426358,0.817428742951613,0.8564456441673505,0.3035383126907118,0.05895137607308816,0.2551719675938628,0.35225995687597955,0.7588237071525111,0.015302414573270163,0.7487043491256091,0.7717752481904622,0.27628744067575733,0.09773743930614791,0.1882996663636735,0.33185349669493425,0.12742925621686518,0.021438067898252956,0.11010708517766084,0.14406410151521257,0.5940548654996041,0.07390812566903528,0.24020361934940537,0.22963018702167654
all,dataset,later_clean_suppression_path,B+M+L+R,random_forest,5,36000,0.047624374105409,0.8606130443063188,0.0293400461323836,0.8383634688119187,0.8825398743218557,0.2763604965249824,0.07875766376942882,0.21566135496552735,0.33809380268746597,0.5433454422191101,0.026462852932563175,0.5227318936905933,0.5645193943690179,0.14978611503214928,0.08453422922981645,0.0809220985691574,0.21606364288973517,0.04215921668711107,0.016688266236413042,0.02957706672244052,0.05470981870934414,0.6724639657994681,0.10177215194202834,0.1881490785068507,0.17458834458295408
all,dataset,later_enhancement_path,B,logistic,5,36000,0.048127906559171076,0.5716144107984839,0.086463050284051,0.5059454170801546,0.6458716361225252,0.0721662685696159,0.0437683269554459,0.038819332855615375,0.10534007381460002,0.533239266097482,0.0563400683800607,0.49175193783606747,0.5798371353586288,0.10286345813333679,0.06080739363208761,0.055850350408154614,0.14971782753371254,0.22892571355703067,0.03126004228254432,0.2063670688832354,0.25586414626305976,0.5645677165576026,0.07138815259459547,0.007046694240881224,0.0007781159750204353
all,dataset,later_enhancement_path,B,random_forest,5,36000,0.048127906559171076,0.6099326571411556,0.08520449679129084,0.5538385012282313,0.6872367741466461,0.08557205794265506,0.055639115446099646,0.04664741956299871,0.12916943923717822,0.5054401599520674,0.006034709019546333,0.501193415958433,0.5101085689198126,0.025849034677228423,0.025564979605860447,0.006941431670281996,0.04475663768417485,0.05697670178094564,0.019762040721339313,0.042334357728517936,0.07161904583337333,0.6010473496914605,0.08492682320962738,0.008885307449695179,0.0006452347330276748
all,dataset,later_enhancement_path,B+M,logistic,5,36000,0.048127906559171076,0.5645677165576026,0.07203215064029493,0.5111853630063454,0.628463682826805,0.07138815259459547,0.03905450346552901,0.04257546384036397,0.09985477726838192,0.5346156180405021,0.022642205966137,0.5181656014360724,0.5526275710939419,0.11269799923181816,0.0606494938562101,0.06629670143435992,0.15690757101119304,0.170443656830532,0.03855918128090704,0.13906942591402613,0.19972113801669406,0.5645677165576026,0.07138815259459547,0.0,0.0
all,dataset,later_enhancement_path,B+M,random_forest,5,36000,0.048127906559171076,0.6010473496914605,0.08351761465857835,0.5460639627205035,0.6733440992255249,0.08492682320962738,0.056030126151631096,0.046101062621008104,0.12876859401425203,0.5002742797593136,0.00037788644700533294,0.5,0.500572176918235,0.0026383662000100355,0.0038384408395612532,0.0,0.006010336695268202,0.05335442212447339,0.01980190379442457,0.03866995043082568,0.06946565159187036,0.6010473496914605,0.08492682320962738,0.0,0.0
all,dataset,later_enhancement_path,B+M+L,logistic,5,36000,0.048127906559171076,0.570190024337059,0.07334865736264524,0.5167941310020856,0.6350944073767107,0.07223657994014598,0.03962918599251272,0.042356879328788836,0.10168967725043317,0.5332745828693977,0.026108360555508903,0.512753684104113,0.5544913797151253,0.1133332068491661,0.06105536938448803,0.06633605839499353,0.15689430671735596,0.17029271731782095,0.038751700162206006,0.1394267111458313,0.20005377658239332,0.5645677165576026,0.07138815259459547,0.005622307779456381,0.0008484273455505176
all,dataset,later_enhancement_path,B+M+L,random_forest,5,36000,0.048127906559171076,0.6041617705312834,0.08565907497179634,0.5458956659767432,0.683514336781099,0.09225157886735216,0.065640183222902,0.048922108819551335,0.14707887275880185,0.5006666441624492,0.0014906616640400058,0.5,0.5019999324873478,0.003769633507853403,0.008429156773821197,0.0,0.01130890052356021,0.05152430446474562,0.019407648213033916,0.037029341991294575,0.06650570813746871,0.6010473496914605,0.08492682320962738,0.00311442083982294,0.00732475565772478
all,dataset,later_enhancement_path,B+M+L+R,logistic,5,36000,0.048127906559171076,0.8108074426874818,0.012268184174206288,0.8016237392303467,0.8201834443487467,0.2599699053984838,0.10206196311316014,0.18098130346592595,0.3353640784051815,0.7368137537837952,0.010458721889057759,0.7291462931848441,0.7453772532276597,0.25150502236437816,0.09895498400452117,0.1671247135751411,0.3140967027195109,0.1354678298977885,0.02377857640318863,0.1182556110632278,0.1546942075417051,0.5645677165576026,0.07138815259459547,0.2462397261298792,0.18858175280388834
all,dataset,later_enhancement_path,B+M+L+R,random_forest,5,36000,0.048127906559171076,0.8478751702454886,0.023032206954306623,0.8310139501361726,0.8647363903548045,0.25915672651733135,0.07146694824602041,0.20206974820681906,0.31624370482784364,0.5409542545293117,0.021206899584891564,0.5218465291779649,0.5532885672492567,0.14154153066146502,0.07177139730794241,0.07832553612968102,0.18550598725750053,0.042751442189849595,0.01680130137737476,0.030153821100217675,0.05517136592979479,0.6010473496914605,0.08492682320962738,0.2468278205540282,0.17422990330770396
all,dataset,later_neighbor_damage_any_path,B,logistic,5,36000,0.0704585918605621,0.6167527062448946,0.06764549656239105,0.5651511842189486,0.6683542282708406,0.11328721941499069,0.0493854917790422,0.07509790392428012,0.15089090691391538,0.568256242859543,0.048677165029269366,0.5312491178753918,0.6052633678436943,0.1582232317218304,0.0602570340913155,0.10998982871822291,0.20043538334881106,0.23004515205045703,0.03799464530746912,0.20273627178284714,0.2634443228304698,0.613711686308907,0.11107769913139817,0.003041019935987599,0.002209520283592517
all,dataset,later_neighbor_damage_any_path,B,random_forest,5,36000,0.0704585918605621,0.6318153633973458,0.05950608628600085,0.5921801200664081,0.6851116125748435,0.11213888160636083,0.03411501179801161,0.08217645771985109,0.13235481576186858,0.5029294468831379,0.004479376703778728,0.4999508354300062,0.5069445640411122,0.020047964781161526,0.030815392833377715,0.0012618296529968453,0.047990204547673956,0.07635696029281744,0.026826284044529466,0.055938275623808154,0.09846302262316772,0.6219745867218655,0.1039782395810751,0.009840776675480334,0.008160642025285728
all,dataset,later_neighbor_damage_any_path,B+M,logistic,5,36000,0.0704585918605621,0.613711686308907,0.06942333664895711,0.5618225133296517,0.6656008592881624,0.11107769913139817,0.048323877104016026,0.07504517829516852,0.14517516480593,0.5565237318176532,0.03234939400254151,0.5307953123363351,0.5822521512989712,0.16241611613026205,0.05325127305202027,0.11783251199379059,0.19633632416838742,0.19545751425071087,0.055381575186654444,0.15422282600268464,0.23999979500902135,0.613711686308907,0.11107769913139817,0.0,0.0
all,dataset,later_neighbor_damage_any_path,B+M,random_forest,5,36000,0.0704585918605621,0.6219745867218655,0.029921674186169953,0.5961625896407123,0.6406385777181542,0.1039782395810751,0.03855927451710658,0.07328205119364499,0.13232682599475468,0.5017687074829932,0.003954950164285307,0.5,0.5053061224489797,0.012718204488778053,0.028438769788650686,0.0,0.03815461346633416,0.07365641808965936,0.026868362342299567,0.0541014464881038,0.09626462620946799,0.6219745867218655,0.1039782395810751,0.0,0.0
all,dataset,later_neighbor_damage_any_path,B+M+L,logistic,5,36000,0.0704585918605621,0.6140679523173207,0.0662586268597982,0.5644066501144861,0.6637292545201554,0.11119708316881675,0.048089912244162064,0.07586614618545287,0.14467347816180418,0.564131677651105,0.03871742460593169,0.5334447404807656,0.5948186148214444,0.16918054215280787,0.0576856972521757,0.1197019703980698,0.20752680205580756,0.19523609687995136,0.055593247769184714,0.15374901303650879,0.24012750176869532,0.613711686308907,0.11107769913139817,0.00035626600841365264,0.00011938403741858228
all,dataset,later_neighbor_damage_any_path,B+M+L,random_forest,5,36000,0.0704585918605621,0.6246206342140288,0.03270457636953342,0.5945656088529007,0.6475111623853028,0.10325056118777325,0.03670512893510536,0.07542693370020756,0.13092430397850968,0.5005079365079366,0.0011357805599998792,0.5,0.5015238095238096,0.007109940750493746,0.015898310834099885,0.0,0.021329822251481237,0.07222343468382493,0.026768585225262615,0.05195932708674138,0.0947342450330642,0.6219745867218655,0.1039782395810751,0.0026460474921633503,-0.0007276783933018588
all,dataset,later_neighbor_damage_any_path,B+M+L+R,logistic,5,36000,0.0704585918605621,0.8382101811376212,0.027535472889732616,0.8173727977665116,0.8606068964672776,0.35862925373547805,0.12059357969782256,0.25958624967742916,0.43458154256083825,0.7518846979823547,0.028935559807580384,0.7291617089014543,0.774210891942723,0.3213095476808727,0.0895251339931179,0.2468454409734937,0.3813633560867954,0.14439668904922917,0.03192529687080686,0.11993432696579723,0.1688804313785031,0.613711686308907,0.11107769913139817,0.2244984948287142,0.24755155460407988
all,dataset,later_neighbor_damage_any_path,B+M+L+R,random_forest,5,36000,0.0704585918605621,0.850868340262463,0.02529008276436134,0.8318090665738789,0.8725535741479025,0.3551752753804408,0.05947791568312209,0.30709918113152346,0.39566933435400126,0.5840387161608531,0.03249774849168419,0.5604242565656532,0.6111913011008607,0.2645772954757609,0.08371624610548707,0.20295898898257164,0.3331103620778554,0.05766095100591345,0.02001544759515714,0.042149737287570405,0.0731721647242565,0.6219745867218655,0.1039782395810751,0.2288937535405976,0.2511970357993657
all,dataset,later_suppression_path,B,logistic,5,36000,0.05074813580423413,0.614451627956797,0.09253855451912835,0.5425320587022229,0.6863711972113713,0.0904438779752411,0.04726641888524435,0.05021877040524567,0.12676753403343524,0.5681501948488268,0.0686586066750143,0.5169413381404315,0.6254072902564882,0.12684957372682934,0.0621697782080903,0.0707928166006319,0.1718944825436409,0.22277891220437032,0.035116900577797976,0.19641899424412632,0.2512107284647125,0.5995949598964736,0.0802888043845883,0.014856668060323375,0.010155073590652805
all,dataset,later_suppression_path,B,random_forest,5,36000,0.05074813580423413,0.6515496222949717,0.08159509239687415,0.5900961217495974,0.717057294997702,0.10243129546518966,0.060322602566271165,0.05874675029476693,0.1554169931528931,0.503197907061833,0.008535846655658562,0.4977488692601672,0.511191372697071,0.022767618746191064,0.030455612948499786,0.002162162162162162,0.04959096383040571,0.05890881946097006,0.021656731747201136,0.042308684168920675,0.07550895475301944,0.662420355900238,0.10527933392876929,-0.010870733605266247,-0.00284803846357963
all,dataset,later_suppression_path,B+M,logistic,5,36000,0.05074813580423413,0.5995949598964736,0.08521849798432096,0.5339597163767261,0.6652302034162211,0.0802888043845883,0.03961076520874415,0.045887321644001215,0.10554679324276431,0.5279176186769516,0.030498348921508562,0.5028612295152162,0.5500620635286639,0.10893170569760804,0.055725206802321736,0.06541724400161733,0.14819596470660826,0.163207757117453,0.03328599767475796,0.13749615478769167,0.1887153548452885,0.5995949598964736,0.0802888043845883,0.0,0.0
all,dataset,later_suppression_path,B+M,random_forest,5,36000,0.05074813580423413,0.662420355900238,0.08019737531236835,0.6008942278267171,0.7240585167543101,0.10527933392876929,0.06515756346772768,0.05766442344633137,0.16104657217163743,0.49951594006129196,0.0004491135227700565,0.4991798403846849,0.49985203973789893,0.002376237623762376,0.005313428857425242,0.0,0.00712871287128713,0.05596348036876203,0.020402713378951998,0.040272088988307406,0.07165487174921666,0.662420355900238,0.10527933392876929,0.0,0.0
all,dataset,later_suppression_path,B+M+L,logistic,5,36000,0.05074813580423413,0.6003422267121661,0.08550357141807592,0.5347682362488075,0.6659162171755248,0.08084768781315796,0.03992169394344451,0.04631302389247667,0.10637357270775546,0.5286634234033133,0.028232146014657355,0.5050479451966107,0.5495387934274722,0.10903170300581315,0.054469647968678654,0.066264636796226,0.14709064127240634,0.1630812793328765,0.033242500016606724,0.13734329990301258,0.18865974201137592,0.5995949598964736,0.0802888043845883,0.0007472668156924822,0.000558883428569662
all,dataset,later_suppression_path,B+M+L,random_forest,5,36000,0.05074813580423413,0.6628342665203201,0.07369638827616792,0.6062292960746987,0.7187142728769751,0.09812750129652793,0.05701832234737124,0.05555030472430446,0.14652061921605655,0.499990205546459,0.0002650838494220891,0.49979030144167763,0.5002158139552427,0.0024590163934426227,0.005498527813524072,0.0,0.007377049180327869,0.05402437184505922,0.019864974297476138,0.038867408132814675,0.06918133555730374,0.662420355900238,0.10527933392876929,0.0004139106200821141,-0.007151832632241353
all,dataset,later_suppression_path,B+M+L+R,logistic,5,36000,0.05074813580423413,0.8349266588865122,0.024980117530559218,0.820689831598977,0.857754671791278,0.31653557177865893,0.07127082580939603,0.25412686047080074,0.36737950360022614,0.7583017778111919,0.015300314722662654,0.747319506637007,0.7714966512376545,0.2914776039349123,0.10833219289282191,0.1924234347099786,0.35284044248420365,0.1250162442704308,0.022020624349628256,0.1071808363332319,0.1418636780661648,0.5995949598964736,0.0802888043845883,0.23533169899003858,0.23624676739407063
all,dataset,later_suppression_path,B+M+L+R,random_forest,5,36000,0.05074813580423413,0.8662061707832768,0.029419215336670974,0.8424825554172802,0.8880833238478252,0.29526672190483627,0.07791393850736282,0.23366600476076663,0.35950208879280465,0.5573772332714395,0.03009880584183714,0.5369135728316771,0.5821357957706799,0.19061009176598295,0.08708657534158433,0.13013974970458564,0.26315077755240024,0.04398948102834608,0.017825276691056387,0.030611185796411373,0.05736777626028079,0.662420355900238,0.10527933392876929,0.20378581488303882,0.18998738797606698
all,dataset,later_target_any_path,B,logistic,5,36000,0.09665132213672727,0.6015946315196695,0.09853166259088911,0.5269467648808549,0.6826172493792301,0.15074969037759378,0.08570671040964606,0.07909528426308819,0.21676541884451023,0.5637558985032487,0.06956522930442466,0.5128579599727461,0.6240289217759406,0.20620731783424584,0.10465900264439078,0.11588097896013257,0.27955726417878585,0.2261194705364488,0.03136383921912033,0.202593189767415,0.2515425612805011,0.5925078031081339,0.14390430337634968,0.00908682841153563,0.0068453870012440965
all,dataset,later_target_any_path,B,random_forest,5,36000,0.09665132213672727,0.6707715691121988,0.07821334135111259,0.6191285578295667,0.7424826221909605,0.18398223737764838,0.10545997533633701,0.10218328547727255,0.2677503664640023,0.5339273348544719,0.03692854900893386,0.510217752172518,0.5657423584287014,0.13959863456046223,0.10621240095773272,0.06474748472181077,0.2282546952672401,0.10179297116774214,0.032693823153807554,0.07677271422879654,0.1268132281066877,0.6599346576610878,0.18244652134971812,0.010836911451110987,0.0015357160279302617
all,dataset,later_target_any_path,B+M,logistic,5,36000,0.09665132213672727,0.5925078031081339,0.08759186025017632,0.5232453736658614,0.666240543150199,0.14390430337634968,0.07908916252884159,0.07964707577116699,0.20014970881120836,0.5313848280798499,0.033165936218799444,0.503241493062132,0.5549252429698261,0.16424002871749704,0.08718430698207705,0.09790927137554943,0.22956845932297296,0.17679698726126575,0.03441185266280702,0.1482536790737366,0.20253833830428247,0.5925078031081339,0.14390430337634968,0.0,0.0
all,dataset,later_target_any_path,B+M,random_forest,5,36000,0.09665132213672727,0.6599346576610878,0.070400735742077,0.6149984907782442,0.7220668124283491,0.18244652134971812,0.10602117395565025,0.10276821191002847,0.268053417956082,0.5154381280588541,0.011213009573939375,0.5070482395653737,0.5242706776291037,0.07593944669507117,0.051858746904076984,0.03628350952317231,0.11698471297006936,0.09697831071442872,0.031008137004311195,0.07346058431121844,0.12131551417630129,0.6599346576610878,0.18244652134971812,0.0,0.0
all,dataset,later_target_any_path,B+M+L,logistic,5,36000,0.09665132213672727,0.5946994138287617,0.08828767279659383,0.5277969510832345,0.6704561926993444,0.14478382528133982,0.07971962125533785,0.07951632373581091,0.2018474544547629,0.5308673613752127,0.03361302599734751,0.5025202155612606,0.5549669166529119,0.163974274928963,0.08812018494125996,0.09749888425418556,0.23044966560374042,0.17674849932914824,0.03456947053857398,0.14794040662907323,0.20286140718026124,0.5925078031081339,0.14390430337634968,0.00219161072062779,0.0008795219049901326
all,dataset,later_target_any_path,B+M+L,random_forest,5,36000,0.09665132213672727,0.66074944543976,0.0700917886975812,0.6148605722365265,0.7242273694133985,0.1845063635158227,0.10744548394464626,0.10172218268261013,0.270670244885154,0.5156198732825276,0.014987850562247882,0.5055036825423993,0.5289865048550952,0.07231686142470457,0.059902992028953196,0.027383074441897977,0.12068069584736249,0.09379397256357011,0.030785649671194553,0.07039358421028898,0.11752942863850371,0.6599346576610878,0.18244652134971812,0.0008147877786721658,0.0020598421661045807
all,dataset,later_target_any_path,B+M+L+R,logistic,5,36000,0.09665132213672727,0.5930776119918199,0.08594715559019966,0.5283118554588231,0.6667545791307724,0.14626313180841227,0.08222750236236233,0.07950665985153062,0.2065275513709559,0.5316697053777735,0.03793832362867404,0.4991677126856112,0.5582382165307649,0.1679522893513064,0.09132661725371548,0.0977431831293158,0.23662761874043015,0.17682791631595396,0.0348725879079879,0.14791332724341566,0.20305796004925059,0.5925078031081339,0.14390430337634968,0.0005698088836859627,0.0023588284320625874
all,dataset,later_target_any_path,B+M+L+R,random_forest,5,36000,0.09665132213672727,0.8044373909565863,0.03791611915978748,0.7758971277734601,0.8365155819457781,0.31246161761596064,0.10667094326701919,0.2278662797814457,0.3979173163999631,0.5473599639561071,0.02639636594177011,0.5305606949864675,0.570479796427119,0.17356703798023992,0.08149565406342647,0.11658218338197408,0.24210341377913372,0.08075801632114546,0.03002587831687937,0.058388393214126165,0.10312763942816475,0.6599346576610878,0.18244652134971812,0.14450273329549845,0.13001509626624252
all,dataset,suppression_success_medium,B,logistic,5,36000,0.03394699286936858,0.6033419356534574,0.09633980136231304,0.5269892794712167,0.679694591835698,0.06254090542877759,0.03527912004972672,0.033701841721872815,0.09029975400337466,0.5682917895742658,0.06937636113245028,0.5169142506954145,0.6259986404496504,0.0904282371429709,0.04623861083407352,0.05019317593072312,0.12639790918238575,0.22236146797893475,0.033157218179466624,0.19702255067004934,0.24886456511589694,0.5920977544962508,0.054350674854021244,0.0112441811572066,0.008190230574756346
all,dataset,suppression_success_medium,B,random_forest,5,36000,0.03394699286936858,0.636217963409641,0.07383350436770615,0.5793945905331206,0.6930413362861612,0.06191692854289621,0.036972649999931134,0.03497835067389201,0.09249381408628776,0.5008734149678108,0.0035828953313356508,0.4981777339738286,0.5040995163343671,0.010508428962701183,0.01269074520379632,0.0011396011396011397,0.021047659939888365,0.04388003792786493,0.015398492769106537,0.03167783372338619,0.05543119366529849,0.654506614509242,0.06486686431905597,-0.018288651099600983,-0.002949935776159762
all,dataset,suppression_success_medium,B+M,logistic,5,36000,0.03394699286936858,0.5920977544962508,0.08480500379034517,0.5267909205405494,0.658662870079266,0.054350674854021244,0.028100533839292757,0.03099857781835765,0.07400106125307984,0.5394709378845548,0.03882883962635512,0.5056741199513887,0.5676231820255077,0.09076710607047966,0.04772021053700288,0.050295588254887294,0.12488396276663198,0.1655243038257564,0.027958083316298392,0.14447893477966964,0.1875971458581765,0.5920977544962508,0.054350674854021244,0.0,0.0
all,dataset,suppression_success_medium,B+M,random_forest,5,36000,0.03394699286936858,0.654506614509242,0.08601065531549593,0.5907430023193265,0.719674987163,0.06486686431905597,0.03540267970966587,0.03556763068507501,0.09151176508593302,0.4997270985168506,0.0003147554912268089,0.49947294159258987,0.4999478260869566,0.0012987012987012987,0.002903984386363363,0.0,0.003896103896103896,0.040087334645609415,0.013898957819503307,0.029624959361955604,0.05054795028866059,0.654506614509242,0.06486686431905597,0.0,0.0
all,dataset,suppression_success_medium,B+M+L,logistic,5,36000,0.03394699286936858,0.5960775578815575,0.08435112294243416,0.5311976732107991,0.6621866007371716,0.05534531991697149,0.028901167610365475,0.03164494128210339,0.07603381486857537,0.5442648463894281,0.036498446250464556,0.514508849689031,0.5717837931532137,0.09272208861512148,0.047539163266844944,0.05358747176928995,0.12885892340389765,0.16515878752067414,0.02794520347100824,0.14400187968652672,0.18689866790024093,0.5920977544962508,0.054350674854021244,0.003979803385306679,0.0009946450629502446
all,dataset,suppression_success_medium,B+M+L,random_forest,5,36000,0.03394699286936858,0.6551644035841567,0.07392227499277758,0.5980920857009712,0.7122367214673425,0.06326437940701836,0.03378934475544634,0.03587857288405032,0.08956948772832092,0.4999829790449356,6.45211559400023e-05,0.4999234172906739,0.5000255198441326,0.0013201320132013201,0.0029519049207918017,0.0,0.0039603960396039604,0.0381571350675801,0.013362885169135435,0.027910486932790905,0.048033617980786265,0.654506614509242,0.06486686431905597,0.0006577890749147608,-0.0016024849120376133
all,dataset,suppression_success_medium,B+M+L+R,logistic,5,36000,0.03394699286936858,0.8230700735789197,0.027333572630988314,0.8056316851142098,0.8468252968306713,0.22349715737742018,0.05150952498433696,0.1879534274598516,0.26560375388660895,0.7515799026755546,0.023873982529951508,0.7363903515981007,0.7729957671489972,0.21040420350702896,0.07463078842637345,0.14274490175010895,0.2542592786625482,0.13009484674143426,0.018246709875971143,0.11679612635126549,0.14494872394605723,0.5920977544962508,0.054350674854021244,0.2309723190826689,0.16914648252339892
all,dataset,suppression_success_medium,B+M+L+R,random_forest,5,36000,0.03394699286936858,0.851336310489029,0.029715384537342248,0.8277755595315638,0.874541810193467,0.17750724586406647,0.05303254562291979,0.13358592914836748,0.21379731702568278,0.5077176057827761,0.007938023446226836,0.5026044828385245,0.5143132024102423,0.03150384721037518,0.03014090278877517,0.011263964148362006,0.05625037544302276,0.032501528273823334,0.01247130357411068,0.022938219565880637,0.041487168304469205,0.654506614509242,0.06486686431905597,0.19682969597978706,0.11264038154501049
all,domain,clean_enhancement_medium,B,logistic,5,36000,0.03199880531946715,0.578593672113801,0.04876305384217773,0.5416132226766992,0.6165283607509602,0.04709628409467872,0.017810266612728384,0.031023968115320287,0.05920365880792763,0.5512060366657059,0.026139777850933396,0.5328197113072729,0.5718729941007776,0.07559521192160845,0.024839798611428536,0.05483529109459813,0.09329572212417045,0.23051067604177145,0.034382135451968894,0.2050873119906146,0.2569316613777374,0.5693444280837199,0.04375136106678495,0.009249244030081094,0.0033449230278937703
all,domain,clean_enhancement_medium,B,random_forest,5,36000,0.03199880531946715,0.6169626941669226,0.048490898721459334,0.5795850250770451,0.6543403632568,0.05462020546086595,0.016024173397592986,0.04124471392615632,0.06647704728851843,0.5009714527671203,0.0030911292339811185,0.499082016133843,0.5037181001475918,0.006686670829969689,0.01149644533758634,0.0,0.01730613985651836,0.04105956819227372,0.010523992821960385,0.03197434103297247,0.04934308328283111,0.5930359407981843,0.05095565810671554,0.023926753368738285,0.0036645473541504076
all,domain,clean_enhancement_medium,B+M,logistic,5,36000,0.03199880531946715,0.5693444280837199,0.0670853071463287,0.5106641151802512,0.6117578152826404,0.04375136106678495,0.01576182590804076,0.030567996063801745,0.05545735287691041,0.5323609042018616,0.030966105713935363,0.5054162885838579,0.5544947798253336,0.07455566649960577,0.025272486702597158,0.05468410155355356,0.094193774490485,0.18551351934323088,0.029570757668632132,0.1632389545297408,0.20827163237331,0.5693444280837199,0.04375136106678495,0.0,0.0
all,domain,clean_enhancement_medium,B+M,random_forest,5,36000,0.03199880531946715,0.5930359407981843,0.07035991716825474,0.5430795008168281,0.6553244277591054,0.05095565810671554,0.021803772794433806,0.03307495387211042,0.06709400963955814,0.4999406326859469,0.0001327493498642961,0.4998218980578407,0.5,0.0,0.0,0.0,0.0,0.038097420334550505,0.010079176140635441,0.030181987234271308,0.04628446536122011,0.5930359407981843,0.05095565810671554,0.0,0.0
all,domain,clean_enhancement_medium,B+M+L,logistic,5,36000,0.03199880531946715,0.5726539500806072,0.0702522961973744,0.5109556252880862,0.6174830553766772,0.044207890538840285,0.016184731917728398,0.03072690736058887,0.055926101093529995,0.5343623917532818,0.03101889031959604,0.5058069072449418,0.5535863778066673,0.07544698893328165,0.025634420167492365,0.05360883255040754,0.0946941739377624,0.1854811658411537,0.02992151069915022,0.16277264253195897,0.20856071065388024,0.5693444280837199,0.04375136106678495,0.003309521996887277,0.00045652947205533645
all,domain,clean_enhancement_medium,B+M+L,random_forest,5,36000,0.03199880531946715,0.6134001673696592,0.06034737976157422,0.572011296472661,0.6668490014667734,0.05669250075659908,0.019540909393649414,0.040804062389408334,0.07135609494149991,0.49988974641675854,0.0002465345068908356,0.4996692392502756,0.5,0.0,0.0,0.0,0.0,0.03588745103830053,0.009743751241857201,0.02789132961835213,0.04382810153825866,0.5930359407981843,0.05095565810671554,0.020364226571474853,0.005736842649883542
all,domain,clean_enhancement_medium,B+M+L+R,logistic,5,36000,0.03199880531946715,0.8137134713816087,0.028534567151217615,0.7904229762984496,0.8342443645553412,0.17920094862346211,0.063961119368541,0.12477867540019805,0.2195771140215479,0.7385286823995185,0.011886225685766933,0.7288591288112726,0.7473973196072428,0.17653061978691015,0.04330487028042656,0.13969450790450802,0.20643000307162915,0.1461146944003121,0.019190464831874556,0.1316235214747629,0.16112878530493618,0.5693444280837199,0.04375136106678495,0.24436904329788878,0.13544958755667716
all,domain,clean_enhancement_medium,B+M+L+R,random_forest,5,36000,0.03199880531946715,0.8326228410081213,0.018090332285527175,0.8174295795623472,0.8448809564462113,0.17372435765657857,0.05327995473547147,0.12657130923413648,0.21152972947523757,0.5102278911095847,0.009330892660793564,0.5038092910227792,0.517429571419801,0.03938897671349501,0.03395147899748697,0.01527856957761078,0.06450527149433252,0.031160540415784636,0.008723560089975798,0.02393975114827797,0.037386001278427325,0.5930359407981843,0.05095565810671554,0.239586900209937,0.12276869954986303
all,domain,clean_suppression_medium,B,logistic,5,36000,0.03223200290196822,0.6154028342008475,0.04205781190890033,0.5815778894270247,0.6476523184760362,0.0608953402707517,0.01182492493786491,0.050999013489509804,0.06898230082926776,0.5730955671269756,0.03716164671484203,0.5442118379773605,0.6040266868577406,0.08475375796319598,0.023667535138321052,0.06620427652521252,0.10330323940117944,0.2247284217162402,0.038161749686374986,0.1960587210959371,0.2531381306289108,0.588693236741211,0.049267424188939445,0.026709597459636525,0.011627916081812253
all,domain,clean_suppression_medium,B,random_forest,5,36000,0.03223200290196822,0.6507184519018707,0.045990445520951384,0.6141089551875722,0.6873279486161692,0.05877456773941943,0.014216131949499554,0.047682717514608085,0.06938495145417381,0.5025188662812389,0.004215614592361738,0.49967085954859053,0.5059977862413407,0.01721834849541736,0.01663408847876344,0.005372000087349595,0.03032878452675618,0.04177781821041783,0.010028515988667804,0.0336525328884592,0.04906535156348297,0.6547123754247954,0.05911576659388944,-0.003993923522924714,-0.00034119885447000953
all,domain,clean_suppression_medium,B+M,logistic,5,36000,0.03223200290196822,0.588693236741211,0.06547106991331417,0.5345184225243369,0.6349995531874058,0.049267424188939445,0.007640257689416968,0.04335112366806388,0.05537628721735203,0.5518021813445644,0.0439524018613292,0.517511528925466,0.5846671391998869,0.08361502452025046,0.02471857976038631,0.06405870128066604,0.10317134775983487,0.18627848005440142,0.03222703803008689,0.16299748252963608,0.2140469560796876,0.588693236741211,0.049267424188939445,0.0,0.0
all,domain,clean_suppression_medium,B+M,random_forest,5,36000,0.03223200290196822,0.6547123754247954,0.04021848527720082,0.6245994768428111,0.6867960053665791,0.05911576659388944,0.0116609284383911,0.049730318781610224,0.06753249289433373,0.5003208553602321,0.001342923859029113,0.49962361781018094,0.5015435826985934,0.00245398773006135,0.005487283380367583,0.0,0.00736196319018405,0.03843363433980869,0.00903783387956066,0.031164207768842756,0.045026772783819155,0.6547123754247954,0.05911576659388944,0.0,0.0
all,domain,clean_suppression_medium,B+M+L,logistic,5,36000,0.03223200290196822,0.5934404752704392,0.0687592112152804,0.5362142072469057,0.6422795137309725,0.04788421612147353,0.008337963516062108,0.042315531427018535,0.05499960395570096,0.549191972074384,0.04648664699637431,0.5102969850991557,0.5845684546747003,0.08203726574619825,0.023952930314593862,0.06330009763898409,0.10077443385341242,0.18577573078597165,0.03234675212785306,0.16256082875894895,0.2136260300454263,0.588693236741211,0.049267424188939445,0.004747238529228204,-0.0013832080674659117
all,domain,clean_suppression_medium,B+M+L,random_forest,5,36000,0.03223200290196822,0.6605985759143571,0.05756921890046237,0.6159507686968269,0.7052463831318875,0.05854318126946859,0.010694065809474204,0.05026131620824387,0.0668250463306933,0.5004689219312064,0.0011456347753889945,0.4998983137022286,0.5015084520913907,0.0024242424242424242,0.0054207708545449445,0.0,0.007272727272727273,0.036422505810156824,0.008901147332956027,0.02928566684031923,0.0429286645248398,0.6547123754247954,0.05911576659388944,0.005886200489561677,-0.0005725853244208448
all,domain,clean_suppression_medium,B+M+L+R,logistic,5,36000,0.03223200290196822,0.8204106456527587,0.035895932839364215,0.7955179937724313,0.8503925170389671,0.2083643118173179,0.05816350812471921,0.16802775875524795,0.25488105008355166,0.7537735424521724,0.0267215752902599,0.7344649980054815,0.7759222446478192,0.1934143308322143,0.033911339096863655,0.168613898983058,0.22121894859252283,0.14046382513301361,0.023628719101193935,0.12261651352541805,0.15898436066743005,0.588693236741211,0.049267424188939445,0.23171740891154768,0.15909688762837845
all,domain,clean_suppression_medium,B+M+L+R,random_forest,5,36000,0.03223200290196822,0.848692493510787,0.030623971981374176,0.8253740746408528,0.8742859402929986,0.17232648111981136,0.027902957302477733,0.15300079729384747,0.19595807359451003,0.5007149384998614,0.0009150165396394122,0.5000576693387088,0.5014936510295394,0.0046824274115866244,0.0051775057851667595,0.0007155635062611807,0.008700591715976331,0.031156714123833872,0.008320956498728733,0.02422378205160796,0.03772148116874124,0.6547123754247954,0.05911576659388944,0.19398011808599158,0.11321071452592192
all,domain,enhancement_success_medium,B,logistic,5,36000,0.033755873567628325,0.5807511675917587,0.05340804083435512,0.5397956738589473,0.6212184519798376,0.04945662201120826,0.019955987009786475,0.03205609057991822,0.06364956008370211,0.5513348142769574,0.027463245653466955,0.5315820948489364,0.5727640002314065,0.0791159294887179,0.029360367918957363,0.05536367530489776,0.09911853751142499,0.2294105861154628,0.036664916361635325,0.20203225912350242,0.2567889131074232,0.5656741677841632,0.0457813608158051,0.01507699980759547,0.003675261195403165
all,domain,enhancement_success_medium,B,random_forest,5,36000,0.033755873567628325,0.6237841075804784,0.05799937946704177,0.5798274588472766,0.6677407563136801,0.05549683646649454,0.019968316204980976,0.038144157569345624,0.07037952177116923,0.5011652191475675,0.0029227781265428053,0.4995433789954338,0.5038963654979458,0.006554172455440982,0.011445900862304554,0.0,0.017126859680110587,0.042725843102410836,0.011433590462402745,0.03322157866586998,0.05220175008722517,0.6039072306448462,0.05448121066482794,0.019876876935632226,0.0010156258016666003
all,domain,enhancement_success_medium,B+M,logistic,5,36000,0.033755873567628325,0.5656741677841632,0.06590057474736757,0.5085210204753984,0.6107845837623618,0.0457813608158051,0.01782577045546399,0.03143986897125439,0.05931811861944908,0.5360369027266263,0.02814358448266365,0.5116950939596925,0.559044038832116,0.08158412916245664,0.03117811969029627,0.05757951352805699,0.10558874479685629,0.1818370159463571,0.031749913075741494,0.15798061361121965,0.20664470804625343,0.5656741677841632,0.0457813608158051,0.0,0.0
all,domain,enhancement_success_medium,B+M,random_forest,5,36000,0.033755873567628325,0.6039072306448462,0.061160366958770696,0.5678630448863442,0.6593170447469062,0.05448121066482794,0.024161260045108275,0.03497286673397686,0.07287612904748039,0.5002102490224557,0.00047013110641382414,0.5,0.500630747067367,0.0012841091492776886,0.002871355348314337,0.0,0.0038523274478330658,0.03968752098872891,0.011021026638324794,0.031228059846045077,0.04899653375572664,0.6039072306448462,0.05448121066482794,0.0,0.0
all,domain,enhancement_success_medium,B+M+L,logistic,5,36000,0.033755873567628325,0.5695514295706685,0.07001643443121079,0.5086934703798304,0.6152588154038947,0.0462441022084913,0.01843769663176441,0.030749498675843496,0.06018219020748952,0.5325181091117611,0.03401825287659272,0.5019633383197615,0.5538220348069757,0.07921813522640987,0.02964267027271378,0.05582718450393098,0.10260908594888876,0.18178146667272027,0.032028833050326645,0.15754112162806444,0.2069014540771141,0.5656741677841632,0.0457813608158051,0.0038772617865052705,0.0004627413926862056
all,domain,enhancement_success_medium,B+M+L,random_forest,5,36000,0.033755873567628325,0.615215574190407,0.06571276442115921,0.5699098034270976,0.6732226124338407,0.06119481938076089,0.027065109749368738,0.04060233347081952,0.08295417118530106,0.5002272833466189,0.0005082210131935087,0.5,0.5006818500398567,0.0012882447665056361,0.0028806028695649464,0.0,0.003864734299516908,0.03743428567975612,0.010860848485161183,0.028894816574419262,0.04657910449797574,0.6039072306448462,0.05448121066482794,0.011308343545560762,0.006713608715932955
all,domain,enhancement_success_medium,B+M+L+R,logistic,5,36000,0.033755873567628325,0.8127488356974905,0.025627672969081305,0.792159653960306,0.8319070310576198,0.1874474151863499,0.0698931685389652,0.1264668510967728,0.23389921528074048,0.7416752894705705,0.017956228425123382,0.7297584441509294,0.7565560522856122,0.18733881362208557,0.04432169507891831,0.14774058968662115,0.21850397316617212,0.14335247856976746,0.021252916927975835,0.12704270198268558,0.15983571725866283,0.5656741677841632,0.0457813608158051,0.24707466791332722,0.1416660543705448
all,domain,enhancement_success_medium,B+M+L+R,random_forest,5,36000,0.033755873567628325,0.8326604385096159,0.010987390715919691,0.8242265190600049,0.8410943579592269,0.1743024331391352,0.05340704154651626,0.1277696985188429,0.2078133722713415,0.5107922364184714,0.009397114757064588,0.50434509074034,0.5183024450284227,0.04181308355620221,0.034643872787641285,0.01761840062111801,0.06879241175040339,0.032543797299773566,0.009603382616008271,0.024856945179910064,0.0394804828994304,0.6039072306448462,0.05448121066482794,0.22875320786476971,0.11982122247430727
all,domain,later_capability_damage_any_path,B,logistic,5,36000,0.07772716580917108,0.5944117897661945,0.028516623094296704,0.5735517691266987,0.6167298295616161,0.11103226284246079,0.01695665243664224,0.10106047693789932,0.12649292636992712,0.558312139412494,0.030864568193993126,0.5327594658631869,0.5803436135090176,0.16426219363003525,0.013380739733957002,0.1545216063884676,0.17497278478311296,0.23965494423387593,0.004688261296034512,0.23618564772315045,0.24313624270347517,0.5951568448917703,0.10836499799694399,-0.0007450551255758775,0.002667264845516798
all,domain,later_capability_damage_any_path,B,random_forest,5,36000,0.07772716580917108,0.7023526046515189,0.025958697715422776,0.6830241407977476,0.7232141842112486,0.21397305817375006,0.04510703018170842,0.17901235521052872,0.24893376113697138,0.5066670522300771,0.004513867801831635,0.5029592635345924,0.51001794207893,0.029940768870298968,0.019060527622572866,0.013464970785503596,0.04341551881603598,0.07862889476142983,0.004788671613299861,0.07491114768431135,0.08206365355294101,0.6700429203820044,0.1785252509185161,0.03230968426951453,0.03544780725523397
all,domain,later_capability_damage_any_path,B+M,logistic,5,36000,0.07772716580917108,0.5951568448917703,0.02661217148965986,0.5759477466487175,0.6164006858299389,0.10836499799694399,0.015180103359093146,0.10053576586685142,0.1221324202000739,0.5685967222152639,0.021493332681960055,0.5515514874057553,0.5837411401847485,0.17103786444283056,0.009033915202941055,0.16511815478309932,0.178964687198722,0.2361450417799396,0.007483786892073704,0.2307166229070464,0.24249622206611984,0.5951568448917703,0.10836499799694399,0.0,0.0
all,domain,later_capability_damage_any_path,B+M,random_forest,5,36000,0.07772716580917108,0.6700429203820044,0.03186024429553927,0.6459560683533434,0.694698197867237,0.1785252509185161,0.04291381863708389,0.14884099003333273,0.2141958376165672,0.5002906108224854,0.00042381487652880966,0.5,0.5006637159221909,0.0018095286387969315,0.0030212679110263136,0.0,0.004181184668989547,0.07825975805600202,0.004635771410425845,0.07470209702730045,0.08156318822628383,0.6700429203820044,0.1785252509185161,0.0,0.0
all,domain,later_capability_damage_any_path,B+M+L,logistic,5,36000,0.07772716580917108,0.5947571392423786,0.02564933237030222,0.5763036649786862,0.6148857608165943,0.10825108252065178,0.01425113251635182,0.100459511976787,0.12128038596657983,0.5701064173394033,0.020962649695757694,0.5536391238692474,0.5852761297514603,0.17208485780223043,0.009433066485853597,0.16578494831417254,0.1806366568860276,0.23610862959606171,0.007336101485015879,0.23072552615068953,0.24223492991080847,0.5951568448917703,0.10836499799694399,-0.00039970564939173503,-0.00011391547629220622
all,domain,later_capability_damage_any_path,B+M+L,random_forest,5,36000,0.07772716580917108,0.6541964701518028,0.036268655008039635,0.6262656064903285,0.6830978265084481,0.16053003051040887,0.03939863309522782,0.1328901280975457,0.1945520165895169,0.49998306806637316,3.7860954580079844e-05,0.49994920419911953,0.5,0.0,0.0,0.0,0.0,0.07718650165928433,0.004803661789968067,0.07346129586938319,0.08067344325550418,0.6700429203820044,0.1785252509185161,-0.015846450230201592,-0.01799522040810722
all,domain,later_capability_damage_any_path,B+M+L+R,logistic,5,36000,0.07772716580917108,0.8635787493448017,0.0054629322562757265,0.8594392012534362,0.8681712861174583,0.4134551037963964,0.020899916849022974,0.3946831118779856,0.42582004046944516,0.7828681040599852,0.006999481497094134,0.7770652925523731,0.7875271124763439,0.3529303242039362,0.021148993196915985,0.33736531350757026,0.36807102701446626,0.1567870043194402,0.004930465392048082,0.1524965359055767,0.16028479920717048,0.5951568448917703,0.10836499799694399,0.2684219044530314,0.3050901057994524
all,domain,later_capability_damage_any_path,B+M+L+R,random_forest,5,36000,0.07772716580917108,0.8643040013843398,0.005500275946568141,0.8602226401588121,0.8689756293281441,0.40469080327767976,0.022522154854851942,0.385894304076564,0.4212816005002032,0.6025462134043197,0.019807807961409688,0.5865874578791471,0.6183087291181482,0.31279845626407743,0.0451995762362015,0.27476867920255404,0.3474123024212676,0.06134657846989879,0.0033402034253123465,0.058532589196682375,0.06379552073268405,0.6700429203820044,0.1785252509185161,0.1942610810023354,0.22616555235916366
all,domain,later_clean_any_path,B,logistic,5,36000,0.09326249440386106,0.6094525086442852,0.04562728097606712,0.5750802558836439,0.6504006946419929,0.14084266458343525,0.04668969274346779,0.1066294202108478,0.17505590895602277,0.5644469052457546,0.04251864812193523,0.538684831883853,0.6020003470705689,0.1976563690695159,0.06770393652094923,0.1480601624929856,0.24725257564604625,0.228253184654517,0.03792759933547594,0.20013151744652022,0.25671137808787686,0.5838849022320454,0.12782378401452327,0.025567606412239874,0.013018880568911984
all,domain,later_clean_any_path,B,random_forest,5,36000,0.09326249440386106,0.6777205327416322,0.041003010000879817,0.6453516328804989,0.709969694171724,0.17989451188638872,0.06508605318448607,0.12920092036083536,0.23158910037588512,0.5297888713304613,0.021144364662855266,0.5132802639199874,0.5466014092456211,0.1256767817763379,0.07464505231056673,0.06803966222795554,0.17977543667650941,0.10004379520570787,0.024240331128104323,0.08088238088664819,0.11964613443262735,0.6550030177450564,0.1716259028077532,0.022717514996575816,0.008268609078635525
all,domain,later_clean_any_path,B+M,logistic,5,36000,0.09326249440386106,0.5838849022320454,0.07283987214468739,0.5182832925637861,0.6290991239676857,0.12782378401452327,0.03660655821153372,0.09956508462763394,0.15608248340141256,0.5379008292854495,0.037667287362219304,0.5035853853051006,0.5631298567191748,0.17393485182660434,0.05153702651627467,0.13643352975519732,0.21681566043234302,0.19265563547655223,0.036315794867340066,0.1649271230253015,0.22109661731271055,0.5838849022320454,0.12782378401452327,0.0,0.0
all,domain,later_clean_any_path,B+M,random_forest,5,36000,0.09326249440386106,0.6550030177450564,0.047002335123800185,0.6206451441071696,0.691934332725857,0.1716259028077532,0.06975547439196499,0.12018767323601505,0.226383700139941,0.5177194272649044,0.01745100532392955,0.5056745329175638,0.5324494976919227,0.08071696570775194,0.06653199199807415,0.031238068107633327,0.13128732414120012,0.09700809504858587,0.02269820884580858,0.07934390704799837,0.1155014558106304,0.6550030177450564,0.1716259028077532,0.0,0.0
all,domain,later_clean_any_path,B+M+L,logistic,5,36000,0.09326249440386106,0.5863749650163848,0.07697899196825546,0.516056489876725,0.6355984893919056,0.12859866271435633,0.03673850641619039,0.1000302864971639,0.15716703893154876,0.5397640311133121,0.0419047519192905,0.5018566918951002,0.5680982030666514,0.17503186541573035,0.047791367924261315,0.14072852949257444,0.21389663804022638,0.1924417743031396,0.03647455124020694,0.16480495635835607,0.2214518792356267,0.5838849022320454,0.12782378401452327,0.0024900627843393863,0.0007748786998330592
all,domain,later_clean_any_path,B+M+L,random_forest,5,36000,0.09326249440386106,0.6552430148004381,0.04952344180175503,0.6188418390518851,0.6916787587058266,0.16825075625972538,0.06368217521150916,0.12378797228809904,0.21837686973848774,0.5131227690038207,0.014597973304683284,0.5038886548415019,0.524981899675823,0.06278745029415862,0.05669054994123293,0.02268834901245481,0.10839079561954201,0.09355866638324728,0.022744719825141733,0.07634465135351734,0.11213215930148052,0.6550030177450564,0.1716259028077532,0.00023999705538169103,-0.003375146548027813
all,domain,later_clean_any_path,B+M+L+R,logistic,5,36000,0.09326249440386106,0.5893974206197445,0.07514479370035115,0.5208312001092199,0.6384936770040351,0.13132242707653594,0.0379547300204933,0.10189151659778557,0.16075333755528629,0.5418021214068106,0.039330352747851675,0.5060433624645281,0.5689179112766368,0.17740789903607712,0.05117604013653257,0.1402313275756582,0.21920974456871445,0.19208200638435588,0.036389526906783244,0.16446811813220807,0.22082526997399599,0.5838849022320454,0.12782378401452327,0.005512518387699172,0.0034986430620126685
all,domain,later_clean_any_path,B+M+L+R,random_forest,5,36000,0.09326249440386106,0.7986154370500549,0.026856973027287564,0.7770204951074287,0.8194419001884345,0.2920403115565135,0.06644631534975658,0.2454438661757699,0.3446391438787425,0.5403600791390989,0.0301062276029452,0.5215527153891252,0.565632617880828,0.1488946605645895,0.09104227567502551,0.0896647783216186,0.22206843521722414,0.08056289381129422,0.021637937590106585,0.06287543470072574,0.09833328028968329,0.6550030177450564,0.1716259028077532,0.14361241930499846,0.1204144087487603
all,domain,later_clean_enhancement_path,B,logistic,5,36000,0.04658302987825317,0.5732248196664539,0.05226283436947762,0.5354113177632548,0.6182693643643364,0.06715923656715593,0.03118785374002261,0.04365890151985162,0.09136927310054835,0.547282361063872,0.023199964961381485,0.5324548317707307,0.5664988231302452,0.1034738235402953,0.03829416327523881,0.07576561476313563,0.13095995030585045,0.23071692751208833,0.03730463544212456,0.2023262461098258,0.25910760891435086,0.5604854959494217,0.06303892555609002,0.012739323717032236,0.004120311011065914
all,domain,later_clean_enhancement_path,B,random_forest,5,36000,0.04658302987825317,0.6281964134563682,0.05201997006810691,0.5917920583012052,0.672211448496269,0.08501750767684621,0.039772162255916746,0.05704403167188117,0.1176261275449096,0.5017596206149776,0.0029976702857820786,0.4995405819295559,0.5042046452072528,0.010705552159173012,0.015478411474365577,0.0,0.02422191963541377,0.05516191946658352,0.015039001168768806,0.042557747726641705,0.0668804686175004,0.617607463502185,0.08492958308059331,0.010588949954183247,8.792459625289739e-05
all,domain,later_clean_enhancement_path,B+M,logistic,5,36000,0.04658302987825317,0.5604854959494217,0.07757031071079383,0.4888397749355824,0.6131349549366611,0.06303892555609002,0.02711621949408613,0.04253999803978066,0.08453549271322494,0.532069574066454,0.0390365956612427,0.4966774779111196,0.5575145621059564,0.1043968161704627,0.038619779124675124,0.07400406774382018,0.1347895645971052,0.18485341605024302,0.03706330192087756,0.1568571269631501,0.21298879813724905,0.5604854959494217,0.06303892555609002,0.0,0.0
all,domain,later_clean_enhancement_path,B+M,random_forest,5,36000,0.04658302987825317,0.617607463502185,0.0645759195783704,0.5778364759831576,0.6765506234363454,0.08492958308059331,0.04212843883897995,0.052792829788870774,0.12117770498804119,0.5002114372797929,0.0006709495328625008,0.4998035685054837,0.5008307433338951,0.0018475750577367205,0.004131303422632406,0.0,0.005542725173210162,0.052250378170854005,0.0153283653087971,0.04038587846258927,0.06445136180861519,0.617607463502185,0.08492958308059331,0.0,0.0
all,domain,later_clean_enhancement_path,B+M+L,logistic,5,36000,0.04658302987825317,0.565401739870994,0.08204750231943209,0.48874463251574285,0.6163622284249258,0.06360311419977456,0.027035101757411497,0.04275690369759749,0.08444932470195161,0.531107614085196,0.034593695488583716,0.500677318816853,0.5536199222834068,0.10194529652473865,0.03438168662185892,0.07465596369442523,0.1292346293550521,0.18461411944217007,0.03706207565441142,0.15685876587557795,0.21338734770683776,0.5604854959494217,0.06303892555609002,0.004916243921572305,0.0005641886436845434
all,domain,later_clean_enhancement_path,B+M+L,random_forest,5,36000,0.04658302987825317,0.6151043375500861,0.07219486039086492,0.5661056007012746,0.6776705088429458,0.08699118811810783,0.03964302614465098,0.05961006358218882,0.12058841360591181,0.5002595367402265,0.000580341793805,0.5,0.5007786102206794,0.0018433179723502304,0.004121784290322193,0.0,0.005529953917050691,0.0504042031242391,0.014927110537653188,0.03901029924447128,0.062289740395444534,0.617607463502185,0.08492958308059331,-0.0025031259520988947,0.0020616050375145134
all,domain,later_clean_enhancement_path,B+M+L+R,logistic,5,36000,0.04658302987825317,0.809890756710541,0.023383393037951,0.7916611757838388,0.8279281169651304,0.24469608426677575,0.08667334792288346,0.1720769676668815,0.3039070413610065,0.7358084633599522,0.017483505293631102,0.7226493472202178,0.7489675794996866,0.23581573728046515,0.058043877565416534,0.18641377859739336,0.27821609925706325,0.1437566369334154,0.022584866487269768,0.1266141612179764,0.1614549443866726,0.5604854959494217,0.06303892555609002,0.24940526076111935,0.18165715871068572
all,domain,later_clean_enhancement_path,B+M+L+R,random_forest,5,36000,0.04658302987825317,0.8389583385666771,0.009293230447074986,0.8320977631392088,0.8458189139941454,0.24096742728972145,0.07310597252805583,0.17938768196130486,0.29083321781553784,0.535561621012661,0.0212802942640049,0.5193366366925861,0.551786605332736,0.12523160122171478,0.0672767708701815,0.07310512227341075,0.17688782938697936,0.042187992925202845,0.012067038094782413,0.03291833381216226,0.050676219097268924,0.617607463502185,0.08492958308059331,0.22135087506449214,0.15603784420912814
all,domain,later_clean_suppression_path,B,logistic,5,36000,0.04867904768977487,0.6199813522347111,0.060029332754105276,0.5701693134212814,0.6641689892759637,0.08616869019700062,0.01537165795295853,0.07489131784419703,0.09844802712480147,0.5646976386616491,0.04806278403468097,0.5261433321156944,0.5997322285946619,0.11867087936741742,0.035349143850427416,0.09071084172479435,0.14502095792537262,0.22441150885003616,0.04194498273284748,0.19331184867961115,0.25561010126205186,0.5903710888188923,0.07054329675152242,0.02961026341581874,0.015625393445478197
all,domain,later_clean_suppression_path,B,random_forest,5,36000,0.04867904768977487,0.6686268213099504,0.03709815942188629,0.637844355566973,0.6958460476119926,0.09476315691454114,0.03064475901119561,0.07090290827976102,0.11857722794589427,0.5025643286388037,0.004158670019362977,0.4999494510874734,0.5063624187255766,0.018913766499155493,0.015136873912434477,0.006541971627360622,0.031026307855648447,0.057073800243836834,0.013843472396896383,0.04586093822252394,0.06709675659510508,0.6652286752226566,0.09047972210476274,0.0033981460872938296,0.0042834348097784
all,domain,later_clean_suppression_path,B+M,logistic,5,36000,0.04867904768977487,0.5903710888188923,0.08502664528753545,0.5194232035134076,0.6503847062992942,0.07054329675152242,0.012397954477506903,0.06127250562362191,0.08016752895712112,0.5437485619031704,0.05430445363459891,0.495840985787359,0.586070646144123,0.11264712787946599,0.030236941321531673,0.08959944143225572,0.1349876108270203,0.1850930962439739,0.03837719928074563,0.15733856181675465,0.21829204684133977,0.5903710888188923,0.07054329675152242,0.0,0.0
all,domain,later_clean_suppression_path,B+M,random_forest,5,36000,0.04867904768977487,0.6652286752226566,0.04439741528838849,0.6307713694277637,0.6996859810175495,0.09047972210476274,0.02646056853695785,0.07088668804934684,0.11203765960661019,0.5008038570293998,0.0029822090141356683,0.4986649750155778,0.5031776955213543,0.007464503042596349,0.010785278072021003,0.0,0.016876267748478703,0.054681750893459856,0.013478801275770362,0.043979846610195515,0.06474875699692093,0.6652286752226566,0.09047972210476274,0.0,0.0
all,domain,later_clean_suppression_path,B+M+L,logistic,5,36000,0.04867904768977487,0.5916557061728183,0.08789055825726282,0.5183100669418081,0.6541792642528593,0.06980373202108824,0.01299980785132959,0.05996474110455861,0.07991997872964689,0.5430400166042162,0.05743347204245994,0.49699328735821285,0.5905045477864638,0.11061469825094983,0.02849041134401658,0.08713603161416614,0.1315027530828616,0.18486204581684387,0.03853851479414733,0.1572911353800897,0.21851293680654266,0.5903710888188923,0.07054329675152242,0.001284617353925932,-0.0007395647304341835
all,domain,later_clean_suppression_path,B+M+L,random_forest,5,36000,0.04867904768977487,0.6564820033470848,0.04338109477899551,0.6222715830805434,0.688981966024208,0.09020008020199463,0.023060565628713527,0.0726266419430456,0.1082128739222716,0.5021983188796272,0.003042800316721771,0.4998401874407312,0.504556450318523,0.011298994209082596,0.012612323479592196,0.001411764705882353,0.02118622371228284,0.052755166392398925,0.013183702035655971,0.04218302066583278,0.06242130426846546,0.6652286752226566,0.09047972210476274,-0.008746671875571765,-0.0002796419027681074
all,domain,later_clean_suppression_path,B+M+L+R,logistic,5,36000,0.04867904768977487,0.8315961305532416,0.0437202814759069,0.8004020053329357,0.8662244095150401,0.30257639332021996,0.053838835790404674,0.2676243034462334,0.3478918638089025,0.7623989950373531,0.031042876146008203,0.7372749469078563,0.7874360079862861,0.27432116319888233,0.04982977268189229,0.23412210436975087,0.3116808309650832,0.13609073035496708,0.0271126756858337,0.11618668418540408,0.15859498777958986,0.5903710888188923,0.07054329675152242,0.24122504173434922,0.23203309656869753
all,domain,later_clean_suppression_path,B+M+L+R,random_forest,5,36000,0.04867904768977487,0.8616486484190797,0.02673026825736004,0.843037517773987,0.8830712328908824,0.286286521051791,0.046561156616759615,0.2546952967537657,0.32537422865391996,0.5457725771728528,0.024688761016293997,0.5300634098130097,0.5655629145222191,0.15698526066616178,0.0712815293071552,0.11080708639218736,0.21412313114660905,0.043041329719886494,0.01230508393885308,0.03267488222029312,0.05264766064321963,0.6652286752226566,0.09047972210476274,0.19641997319642313,0.19580679894702824
all,domain,later_enhancement_path,B,logistic,5,36000,0.04905998608037991,0.5780960589545641,0.059243116916453877,0.5357143417922133,0.6276028072835504,0.07189564516057821,0.03669386355113039,0.04549353776693639,0.10015141458336889,0.5504827511081187,0.029464526060701376,0.5303693751750664,0.5753995872834692,0.1099611360400882,0.0450027933634787,0.07660963789341016,0.14331263418676624,0.22977298401894072,0.03941208261972818,0.19970548471565444,0.25984048332222703,0.5604726459804361,0.06734710250489855,0.01762341297412795,0.004548542655679666
all,domain,later_enhancement_path,B,random_forest,5,36000,0.04905998608037991,0.6297221723571045,0.05279989047073529,0.592663377038381,0.6726006601964309,0.08821256720872847,0.04457232328357843,0.05568390155944329,0.12384204762731008,0.5058220270337332,0.006505386224539436,0.5007338219331553,0.5109102321343112,0.027025298191612156,0.02576636688549757,0.007079646017699115,0.0469709503655252,0.05769207609617653,0.016712213080032876,0.044183475931454275,0.07079506980385422,0.6074910498375702,0.08926700802202484,0.022231122519534297,-0.0010544408132963645
all,domain,later_enhancement_path,B+M,logistic,5,36000,0.04905998608037991,0.5604726459804361,0.07898486979322772,0.4889904039432052,0.6177366279519001,0.06734710250489855,0.03260469691410224,0.042860200371825065,0.09256472959154001,0.5343521329761826,0.03923918888952326,0.4993546772449184,0.5579266053891186,0.11104736820315098,0.043112818933775096,0.0768580302141782,0.14523670619212375,0.1823093985342197,0.0390631627424143,0.15244573218905091,0.21217306487938853,0.5604726459804361,0.06734710250489855,0.0,0.0
all,domain,later_enhancement_path,B+M,random_forest,5,36000,0.04905998608037991,0.6074910498375702,0.0714660344853761,0.5674746203712134,0.6728982781688883,0.08926700802202484,0.05186671342681217,0.054891185200606096,0.1325362625146451,0.5018872974136849,0.0038793158290695083,0.5,0.505285898701496,0.008703529107278205,0.015194197966056444,0.0,0.021052631578947368,0.05458650879645268,0.016796226586246174,0.04179899784619122,0.06800756004882132,0.6074910498375702,0.08926700802202484,0.0,0.0
all,domain,later_enhancement_path,B+M+L,logistic,5,36000,0.04905998608037991,0.5653246548228714,0.08399350284651994,0.4880406496378214,0.6213572624000918,0.06795357370103228,0.032778615124325165,0.04291990353756538,0.09311686037561702,0.5298978623017875,0.037881108896531124,0.496092178968602,0.5533222784490752,0.10685455096170748,0.03971380501074354,0.0752365272314998,0.13847257469191515,0.18207555231138248,0.03902727166341022,0.15246370493098751,0.21204796525876718,0.5604726459804361,0.06734710250489855,0.004852008842435307,0.0006064711961337316
all,domain,later_enhancement_path,B+M+L,random_forest,5,36000,0.04905998608037991,0.6128168766007827,0.0757563488679435,0.5645291949382056,0.6829189187384497,0.09100764249445269,0.050315717542669815,0.05528191563182929,0.13291208602863055,0.5006666441624492,0.0014906616640400058,0.5,0.5019999324873478,0.003769633507853403,0.008429156773821197,0.0,0.01130890052356021,0.052539643593449384,0.016362043674318982,0.03993968556655653,0.06541435821633135,0.6074910498375702,0.08926700802202484,0.005325826763212471,0.0017406344724278516
all,domain,later_enhancement_path,B+M+L+R,logistic,5,36000,0.04905998608037991,0.8072548078843305,0.02276580831278833,0.7895770210383629,0.8249325947302981,0.25242769973041723,0.09504597667086888,0.17237370831261054,0.32039939450474586,0.7349169789704015,0.01725173629562922,0.7214270780820566,0.7484068798587467,0.24625895555492758,0.06448219942497879,0.1952239031223463,0.2928701886859852,0.1420889449981342,0.02409345015144621,0.12349751673551342,0.160680373260755,0.5604726459804361,0.06734710250489855,0.24678216190389435,0.18508059722551867
all,domain,later_enhancement_path,B+M+L+R,random_forest,5,36000,0.04905998608037991,0.8397738524400802,0.009806767578963814,0.8312332196806882,0.8457795658799346,0.24591712059740917,0.07993464818585048,0.1770637825941377,0.3037515497800563,0.5359316392182882,0.022826021289011327,0.5189424350016802,0.5532351165803462,0.12651670081558986,0.07233916251735731,0.07099959823629402,0.18139124880616692,0.04383591686595696,0.013095138679289983,0.03392460516090439,0.053115360229516274,0.6074910498375702,0.08926700802202484,0.23228280260251,0.15665011257538433
all,domain,later_neighbor_damage_any_path,B,logistic,5,36000,0.07110605126882215,0.6177827915415013,0.06713096619483828,0.5677280220888862,0.6730907079788644,0.1175547854875715,0.03944392209715538,0.08695753379934516,0.14698879267937315,0.5842079797920183,0.0472094788627852,0.5472185317237142,0.6184470664596553,0.16738709864299256,0.05802533074088347,0.11410996540261927,0.206343627788779,0.23002129883916309,0.04561460935671254,0.195344068893394,0.265873001191389,0.6016634644838117,0.11632426025187806,0.016119327057689592,0.001230525235693447
all,domain,later_neighbor_damage_any_path,B,random_forest,5,36000,0.07110605126882215,0.6405166113960561,0.05276460726353207,0.5969988054231082,0.679496470440948,0.11037675056397686,0.040293071146992876,0.07618690793654169,0.14016880572257034,0.5020075585789872,0.004489037451428163,0.5,0.5060226757369615,0.014602034709754639,0.032651142220822785,0.0,0.04380610412926391,0.0768543030695723,0.02569650511139906,0.057003251471038664,0.09566122869413715,0.6146691287498178,0.10793369346208126,0.025847482646238262,0.0024430571018956015
all,domain,later_neighbor_damage_any_path,B+M,logistic,5,36000,0.07110605126882215,0.6016634644838117,0.06251827459151299,0.5539154425489821,0.6514868694163803,0.11632426025187806,0.03706144286608521,0.0871168130681101,0.1452019171436538,0.5504644542699828,0.025287340673571645,0.5319071185350734,0.5711852786115222,0.15655904434914455,0.05254556325404941,0.10964224585822205,0.19208619545482095,0.19532217941173727,0.04984277273658328,0.16130350139801544,0.23920668243976512,0.6016634644838117,0.11632426025187806,0.0,0.0
all,domain,later_neighbor_damage_any_path,B+M,random_forest,5,36000,0.07110605126882215,0.6146691287498178,0.0386681419193532,0.5856130171729506,0.6454820064160046,0.10793369346208126,0.05126766658704789,0.07162666693405478,0.1469428463110051,0.5017687074829932,0.003954950164285307,0.5,0.5053061224489797,0.012718204488778053,0.028438769788650686,0.0,0.03815461346633416,0.07465535724025271,0.025916662530273023,0.05466496573097425,0.0935714880291664,0.6146691287498178,0.10793369346208126,0.0,0.0
all,domain,later_neighbor_damage_any_path,B+M+L,logistic,5,36000,0.07110605126882215,0.602152340974422,0.060769243616836,0.5548079841264921,0.649496697822352,0.11789256562895911,0.037922459655420356,0.08789259755389492,0.14745456347542424,0.5581034899182453,0.026512682023480064,0.5389425538551602,0.5806944534642061,0.16366521201418485,0.05580164561288881,0.11407383911635996,0.20283433109388288,0.19503468293193899,0.05011461517636786,0.16068387616258364,0.23904035675142388,0.6016634644838117,0.11632426025187806,0.0004888764906103571,0.0015683053770810529
all,domain,later_neighbor_damage_any_path,B+M+L,random_forest,5,36000,0.07110605126882215,0.6180309845889871,0.045330777287443044,0.5843395141237677,0.6525898725914461,0.10775831898174744,0.045082131572996446,0.07618307546471877,0.1413737471707243,0.5008192759738923,0.001174439054604661,0.5,0.5018351489897652,0.008417130292977405,0.015429352202401157,0.0,0.0226370117939649,0.0731609903856996,0.02556927124698245,0.053620045926861606,0.09146092312315894,0.6146691287498178,0.10793369346208126,0.003361855839169259,-0.0001753744803338203
all,domain,later_neighbor_damage_any_path,B+M+L+R,logistic,5,36000,0.07110605126882215,0.839197469161776,0.022684693549839496,0.8214569022218466,0.8569380361017054,0.36997664728455426,0.09563244694361805,0.28391038673628644,0.42894335458971,0.7521825699263874,0.014639339492858705,0.7404695127704268,0.7633096735390011,0.326113263504888,0.08059332166862221,0.2602264498991008,0.3868334940684413,0.14176752171469725,0.03207068099472052,0.11814108930463545,0.16906072152114807,0.6016634644838117,0.11632426025187806,0.23753400467796426,0.25365238703267623
all,domain,later_neighbor_damage_any_path,B+M+L+R,random_forest,5,36000,0.07110605126882215,0.8487374342152101,0.02035624903631015,0.8314929138275527,0.8632118815241704,0.344285155592749,0.07383668125506312,0.2807466876496378,0.3910452956744611,0.5729648661789168,0.032565299055834246,0.5471916562790368,0.5987380760787969,0.23471905444556507,0.08905230123981397,0.16391740318174514,0.3055207057093849,0.058241884841393234,0.01889753466078311,0.0432569598653324,0.07197639693732324,0.6146691287498178,0.10793369346208126,0.23406830546539226,0.23635146213066777
all,domain,later_suppression_path,B,logistic,5,36000,0.05188052308512782,0.6232426858658091,0.060921995768286524,0.5710715004134218,0.6676518839740432,0.09203572340315742,0.019833760289995474,0.07710237451448113,0.10741412431532874,0.5727061124545193,0.04314863750354642,0.5390835028965549,0.6063287220124837,0.12815792961578448,0.03860236643403962,0.09517714007969266,0.15641441172389225,0.22326606213871442,0.042670891882927504,0.19150193524657058,0.2550301890308583,0.5960820223449319,0.07585878182954414,0.027160663520877204,0.016176941573613282
all,domain,later_suppression_path,B,random_forest,5,36000,0.05188052308512782,0.6611902031608989,0.045753333826070074,0.6262951895983854,0.6953659829929469,0.10008176809755016,0.038644283859137755,0.0735852340796227,0.13086354266357747,0.5027446724111797,0.0039275231992826785,0.49999078935533986,0.5059094853579587,0.02091778689197509,0.014905986147933177,0.009082999990543466,0.031827183114374755,0.060309475788295284,0.015929184250402878,0.0476259095442105,0.07202189446035141,0.6533631504463162,0.09746292130682328,0.007827052714582727,0.002618846790726881
all,domain,later_suppression_path,B+M,logistic,5,36000,0.05188052308512782,0.5960820223449319,0.08278365555139404,0.5256391745368154,0.654860627242369,0.07585878182954414,0.016593886968438148,0.06397196763539266,0.08910684030574899,0.5461356637144883,0.05350351052083062,0.49858127829873544,0.5871467007313194,0.1193554548433654,0.033527555317937385,0.09471759190530422,0.1437091846411946,0.1818044454802414,0.03803843158520107,0.1537372256775142,0.21391664354633483,0.5960820223449319,0.07585878182954414,0.0,0.0
all,domain,later_suppression_path,B+M,random_forest,5,36000,0.05188052308512782,0.6533631504463162,0.05518829910578243,0.6089838447391764,0.6951485980492802,0.09746292130682328,0.03629048997499554,0.07183350889759686,0.12614271719487477,0.5007638568736847,0.0023467086341706633,0.4991488201323374,0.5027208854482661,0.006343834383438345,0.009654551897543705,0.0,0.01507110711071107,0.05756146911398237,0.015288151152204714,0.045629653653699496,0.06927068337655606,0.6533631504463162,0.09746292130682328,0.0,0.0
all,domain,later_suppression_path,B+M+L,logistic,5,36000,0.05188052308512782,0.5965098466086786,0.08507253561060717,0.5240461561177695,0.657272008593649,0.07504980964756552,0.017961094774844116,0.062074603045837264,0.08935648400337284,0.5456196189831244,0.05367764694600203,0.4991418068969729,0.5877941613830832,0.11806708245546124,0.032289105154638675,0.09419835433056381,0.14192015060177168,0.18165810381330189,0.03815586327889728,0.15373095371263534,0.21416585708051655,0.5960820223449319,0.07585878182954414,0.0004278242637466567,-0.0008089721819786178
all,domain,later_suppression_path,B+M+L,random_forest,5,36000,0.05188052308512782,0.6601329752338565,0.04976105971171525,0.6217600783847812,0.6984020664704058,0.09825171297885486,0.03128408360878391,0.07524465727261895,0.12210159236522225,0.500444656401413,0.0023750901988695157,0.4991116348248946,0.502559864238922,0.004379562043795621,0.009792998441604918,0.0,0.013138686131386862,0.05541653201612027,0.014880678637167218,0.043590298629313025,0.06644804283005883,0.6533631504463162,0.09746292130682328,0.006769824787540291,0.0007887916720315802
all,domain,later_suppression_path,B+M+L+R,logistic,5,36000,0.05188052308512782,0.8329426032201125,0.040200467286848736,0.8037419692894453,0.8656195248405043,0.3150958095530312,0.05718845854406338,0.2771731174162869,0.3636767661861362,0.7603840643083217,0.029553921740622408,0.737326500848378,0.7838293817745952,0.2877301230355428,0.054907702728351195,0.2449644092459021,0.3304958368251834,0.13377361846860636,0.02730711461606759,0.11359945345619701,0.15629851247601484,0.5960820223449319,0.07585878182954414,0.23686058087518058,0.23923702772348704
all,domain,later_suppression_path,B+M+L+R,random_forest,5,36000,0.05188052308512782,0.8644951516501138,0.026183282120125845,0.844235324637513,0.8838968411786627,0.30418088448985203,0.05583325352135513,0.26993675356406277,0.3517978956476019,0.5587488165579642,0.03403728853956198,0.5353909077906087,0.5862593222213472,0.192640586571965,0.0926884527412709,0.1275544675927272,0.2655652025109516,0.04497704994070715,0.0134380102539836,0.03389051530830165,0.0557259122994863,0.6533631504463162,0.09746292130682328,0.2111320012037976,0.20671796318302876
all,domain,later_target_any_path,B,logistic,5,36000,0.09871672241297899,0.6131341277039933,0.0509372516248046,0.5765216870553037,0.6596836278326392,0.1512245366587749,0.05823844533917505,0.10863918041856176,0.19380989289898806,0.5663244495634716,0.045839831490831984,0.5373037907277414,0.6063188490967217,0.20790016192607794,0.07609235139106717,0.15157338247484647,0.26422694137730945,0.22696067676863305,0.0391238784776133,0.19790693253491692,0.25655041395313444,0.5886052808530657,0.13652493859038523,0.0245288468509276,0.014699598068389663
all,domain,later_target_any_path,B,random_forest,5,36000,0.09871672241297899,0.678199148897644,0.04303653138530146,0.6432779612028661,0.7109149556715364,0.19604968696932384,0.07532311721580914,0.14095789674233714,0.25737029345710366,0.5352520819542705,0.026681126171848122,0.5160042520252092,0.5585496951679112,0.14236591851881394,0.08755637113075813,0.07080591746746137,0.20665340508903407,0.10308395120096456,0.02637016958190602,0.08245317907356695,0.12455087955900805,0.6494636276796989,0.17827923443813085,0.028735521217945093,0.017770452531193
all,domain,later_target_any_path,B+M,logistic,5,36000,0.09871672241297899,0.5886052808530657,0.0733785881828168,0.5228674434743277,0.6352961970146931,0.13652493859038523,0.04498967585899251,0.10166061499779695,0.17076223880497057,0.5383269864992376,0.03539361266899706,0.5064679310708643,0.5614818103438052,0.1808541305115954,0.05570096570848268,0.13886261982202885,0.22436800989577863,0.19015897335817314,0.037387930240019386,0.16146309377082368,0.21896761816875637,0.5886052808530657,0.13652493859038523,0.0,0.0
all,domain,later_target_any_path,B+M,random_forest,5,36000,0.09871672241297899,0.6494636276796989,0.048513578390962424,0.6153185305814518,0.6890673579959392,0.17827923443813085,0.08189156319006277,0.12174504194725089,0.242099146521561,0.5209189170785712,0.02429211926802541,0.5052430524241803,0.540205488524057,0.09249455528334449,0.08564684108441603,0.03181530225917965,0.16449909566057122,0.1003518286914525,0.0245199673187701,0.08164606985142558,0.12055356359720483,0.6494636276796989,0.17827923443813085,0.0,0.0
all,domain,later_target_any_path,B+M+L,logistic,5,36000,0.09871672241297899,0.5903870788248771,0.07716069089965265,0.5218916180137995,0.6410756055300852,0.1370590965405132,0.04509128660711738,0.10198091165203456,0.17212967190595463,0.5367124792248822,0.038590461218623,0.5009553868652855,0.5619527058652934,0.17820699256961162,0.053498080267727254,0.1392466570453909,0.22251686328654605,0.19002977869311793,0.03753022002271841,0.16140028320896765,0.21928135515905198,0.5886052808530657,0.13652493859038523,0.0017817979718113275,0.0005341579501279836
all,domain,later_target_any_path,B+M+L,random_forest,5,36000,0.09871672241297899,0.6536770554193019,0.05294784479599258,0.6122986522002891,0.6931875521134252,0.18168785501871124,0.08089835198448266,0.12575588187046322,0.24712964306872096,0.5156497073020969,0.01782947153311737,0.5037349524851058,0.5306903950213625,0.07284936857203253,0.06814609848697341,0.02291799668216518,0.1263601830268497,0.09712938661042035,0.02441454353665587,0.0786048823579373,0.11704689009185311,0.6494636276796989,0.17827923443813085,0.004213427739602982,0.0034086205805803904
all,domain,later_target_any_path,B+M+L+R,logistic,5,36000,0.09871672241297899,0.5900773512401436,0.07706540803991382,0.5219033928067309,0.6416206156321447,0.13816537056938763,0.04527149749065607,0.10290702629662421,0.17257867975449984,0.539556373268615,0.0402287552796384,0.5026327585714648,0.566245928219526,0.18195916294516082,0.05688041919703852,0.13977450177744316,0.2274286292826726,0.19003943693593967,0.03752184103811543,0.16137008650730228,0.21902674382600787,0.5886052808530657,0.13652493859038523,0.0014720703870778618,0.0016404319790024047
all,domain,later_target_any_path,B+M+L+R,random_forest,5,36000,0.09871672241297899,0.8005811526989662,0.027125466326023747,0.7794678304425098,0.8219535819358257,0.31355060948758184,0.08364925749933504,0.253292213458402,0.37910086885733796,0.5481805252785058,0.034100021411564145,0.5268609151814235,0.5766838268603554,0.17280275515231305,0.09895804456609117,0.10537327423346388,0.25029446097433083,0.08291351152014433,0.02280894067830949,0.06439163124008077,0.10169510836398828,0.6494636276796989,0.17827923443813085,0.15111752501926734,0.135271375049451
all,domain,suppression_success_medium,B,logistic,5,36000,0.03461037849462953,0.6200821202055586,0.0435596485872252,0.5847676297118333,0.6529793926517963,0.06544188555983757,0.013561777724846211,0.055451483807435566,0.07543228731223957,0.5751139710933396,0.035137800750401495,0.5506766343831841,0.6065910434453567,0.09069104344052205,0.02551908141450547,0.07064412582144988,0.11001036802689249,0.2233665008204342,0.03975434264058335,0.19368463650194237,0.2531442321591726,0.5956585656934861,0.052864979091669026,0.024423554512072565,0.012576906468168544
all,domain,suppression_success_medium,B,random_forest,5,36000,0.03461037849462953,0.654213827964051,0.03536083927863084,0.6266509213900975,0.6817767345380047,0.06360240610091197,0.018560262466188325,0.049544229173990095,0.07727866338762338,0.5032170008491905,0.003903488620051046,0.5006149586355468,0.5062913493156963,0.018596305864461322,0.015738266789644788,0.007058823529411765,0.030823026512234602,0.044411949564857715,0.01142926227213138,0.03516669217677365,0.0527490527531843,0.6543430030837702,0.06310723248124278,-0.00012917511971921591,0.0004951736196691925
all,domain,suppression_success_medium,B+M,logistic,5,36000,0.03461037849462953,0.5956585656934861,0.06208631098431896,0.5424993542504835,0.6397688343353491,0.052864979091669026,0.011913300334126915,0.043558799675694496,0.06263489630376107,0.5562081067701553,0.04179533652509936,0.5216360877157611,0.5876654825164234,0.09047365054538856,0.02570385118880578,0.07093574072609647,0.11001156036468063,0.18309287178073125,0.03182524872827389,0.16008868473718965,0.2104796879850613,0.5956585656934861,0.052864979091669026,0.0,0.0
all,domain,suppression_success_medium,B+M,random_forest,5,36000,0.03461037849462953,0.6543430030837702,0.031373399778683426,0.6310686971442291,0.677518632098218,0.06310723248124278,0.020483571539059428,0.04796948105575083,0.07824498390673476,0.5007945019852097,0.0015727186523014722,0.4995975769141371,0.5019914270562824,0.005208614566675667,0.007250953445073662,0.0,0.011156569957010238,0.04102122358395903,0.010231214885266451,0.03301020335018242,0.04880796434797952,0.6543430030837702,0.06310723248124278,0.0,0.0
all,domain,suppression_success_medium,B+M+L,logistic,5,36000,0.03461037849462953,0.5988941710174869,0.06438086555973833,0.5432019671427932,0.6446530087945467,0.05311311206029572,0.01270541336206055,0.043615566152574725,0.06356790544701685,0.5520594969239652,0.044213507046529335,0.517595491424956,0.5858207611746964,0.08776116494626304,0.02490866915265318,0.06857734679767147,0.10694498309485465,0.18273733743009718,0.03189016832969509,0.15977102451208333,0.21020310032204775,0.5956585656934861,0.052864979091669026,0.003235605324000801,0.0002481329686266909
all,domain,suppression_success_medium,B+M+L,random_forest,5,36000,0.03461037849462953,0.6591737746003827,0.03936413619191676,0.6289379665729852,0.68940958262778,0.06400970259907453,0.018176502267785794,0.04897346409987985,0.07743654504805593,0.5019306763115232,0.0030823279967764987,0.4999489448604493,0.5047509816416405,0.008300751879699248,0.013139794209600623,0.0,0.02033082706766917,0.038911936830990694,0.009796451048444092,0.03094899388496137,0.04634575626162859,0.6543430030837702,0.06310723248124278,0.0048307715166124865,0.0009024701178317468
all,domain,suppression_success_medium,B+M+L+R,logistic,5,36000,0.03461037849462953,0.8231059075094922,0.030704563099058207,0.8029018154342836,0.8483179351825996,0.22070777102782002,0.05812119250647667,0.1811747211572256,0.26809305226523533,0.7542138339642029,0.01931895608069702,0.7394231461786919,0.7690045217497141,0.20565974509153065,0.03945253905206105,0.1753807891304233,0.235938701052638,0.1382554339436347,0.023473273574080692,0.12066962614848802,0.15694383133437906,0.5956585656934861,0.052864979091669026,0.22744734181600612,0.16784279193615098
all,domain,suppression_success_medium,B+M+L+R,random_forest,5,36000,0.03461037849462953,0.8509108794499056,0.023681401250313594,0.8318134208924423,0.8685791892659603,0.18666085347374717,0.03896703477894992,0.16144058628494692,0.21880851216744568,0.5056708002446189,0.00960108161001629,0.5000154026962786,0.5139883183165035,0.023680175545068256,0.035191187254032204,0.003210272873194221,0.054101127575758357,0.03310360014440483,0.009185173919248505,0.02533196905828285,0.040577992810745374,0.6543430030837702,0.06310723248124278,0.19656787636613537,0.12355362099250439
all,record,clean_enhancement_medium,B,logistic,5,36000,0.034638888888888886,0.6014047857024398,0.038564254549409184,0.5729762101797605,0.6320232829462926,0.05240658232035755,0.008021963558888456,0.04609191385312572,0.058513821691786476,0.5679373621929263,0.04740673055002096,0.5310791269687417,0.604795597417111,0.08453258037913522,0.013724053029310101,0.07410110158052859,0.09447840399625576,0.23880345869301842,0.009572205900015774,0.23138346291993273,0.2462234544661041,0.6532838926013206,0.059790983092060546,-0.051879106898880756,-0.0073844007717029925
all,record,clean_enhancement_medium,B,random_forest,5,36000,0.034638888888888886,0.618214942438877,0.024165710373080414,0.5967750319579421,0.633774548641717,0.05357988388841477,0.006237276383632378,0.04894825850182662,0.058787883321057374,0.503931705420463,0.0054942578609016605,0.5002007986214323,0.5088193170091042,0.01656112852664577,0.02175398281058776,0.001379310344827586,0.03554545454545455,0.04484880770755199,0.001881133416933508,0.043501897167612893,0.046310655386338086,0.6456760761082616,0.055770975523415055,-0.02746113366938463,-0.0021910916350002876
all,record,clean_enhancement_medium,B+M,logistic,5,36000,0.034638888888888886,0.6532838926013206,0.03894752134608983,0.6214487250777022,0.6821304414738231,0.059790983092060546,0.010802776923717373,0.051827530785884736,0.06891243412398027,0.6106983323064649,0.03199893193693117,0.5858582117275726,0.6352422779526201,0.0945713872419638,0.0071512210701469864,0.08930067750067389,0.09995769497587323,0.2290427670012646,0.011537947284666825,0.22046219761082114,0.23850542621715437,0.6532838926013206,0.059790983092060546,0.0,0.0
all,record,clean_enhancement_medium,B+M,random_forest,5,36000,0.034638888888888886,0.6456760761082616,0.03449750604879595,0.6160184323149378,0.670765029219986,0.055770975523415055,0.007845279829837662,0.049649102544131754,0.06189284850269837,0.49992776654146204,0.00016151892354087115,0.49978329962438595,0.5,0.0,0.0,0.0,0.0,0.04184050552807843,0.00251198524519074,0.040151355015973805,0.04390393207916829,0.6456760761082616,0.055770975523415055,0.0,0.0
all,record,clean_enhancement_medium,B+M+L,logistic,5,36000,0.034638888888888886,0.6539396949363279,0.03689168253468113,0.6246465954234847,0.6819006687121867,0.06014019156790411,0.010150345754662296,0.05254347533177205,0.06812742237746414,0.6062385199227606,0.03254850897877265,0.5784410167917606,0.6294726296169241,0.09359779283237006,0.006777447141190492,0.08776235400325533,0.09823280083681074,0.22866758138981608,0.011396532139942595,0.2203559519868564,0.23810693390518534,0.6532838926013206,0.059790983092060546,0.0006558023350072828,0.0003492084758435626
all,record,clean_enhancement_medium,B+M+L,random_forest,5,36000,0.034638888888888886,0.6473299977141634,0.03136552791859912,0.6186461216041399,0.6654852534905036,0.056129155038697566,0.0035902414927257457,0.05334674276811209,0.05886630709529879,0.4998558137424981,0.00019743578767249796,0.4997113468254222,0.5,0.0,0.0,0.0,0.0,0.03928425902570691,0.002515516418260486,0.0374061429619023,0.0412673971957603,0.6456760761082616,0.055770975523415055,0.0016539216059018313,0.00035817951528251124
all,record,clean_enhancement_medium,B+M+L+R,logistic,5,36000,0.034638888888888886,0.8335497152702895,0.021604080794045154,0.8157194567586885,0.8488981942136677,0.22337916518845505,0.051563694755493966,0.18111084064395935,0.25959093289433094,0.7524375559379874,0.025683816632384157,0.7297942679671177,0.7687768331075414,0.18264686107171252,0.015510823369502841,0.16864216895338274,0.19252246923832722,0.15836471643382183,0.013240799924648324,0.1473097101117634,0.1695131547445741,0.6532838926013206,0.059790983092060546,0.18026582266896896,0.1635881820963945
all,record,clean_enhancement_medium,B+M+L+R,random_forest,5,36000,0.034638888888888886,0.8393715133218415,0.0221299583898045,0.82031850385883,0.8562293763196547,0.19073859907062282,0.038575316744135224,0.15771367542150477,0.2161030722370869,0.5169041036594926,0.008391618839597064,0.5096648974106717,0.5227075919710577,0.06513564772576078,0.030261056172796383,0.038932922772804156,0.08576539364391478,0.03347344919861254,0.002063299924030243,0.03176882212871755,0.03489237284569334,0.6456760761082616,0.055770975523415055,0.19369543721357985,0.13496762354720776
all,record,clean_suppression_medium,B,logistic,5,36000,0.034694444444444444,0.6365899759158132,0.036194054117077976,0.6094153315684411,0.6637646202631855,0.06732983475541268,0.013016671041136985,0.05581776123395399,0.07546774638812608,0.5875004760150349,0.017625390475205612,0.5741182309484361,0.6007639489928981,0.09226981145294208,0.013508890718904695,0.0817675351825852,0.10274695955346766,0.23193936717105545,0.008348178252848193,0.22567806237122728,0.2386598110196128,0.6695853745033713,0.0702862307604798,-0.03299539858755807,-0.0029563960050671134
all,record,clean_suppression_medium,B,random_forest,5,36000,0.034694444444444444,0.6524453387640022,0.030014876155923787,0.6284495437153577,0.673963543201287,0.06294265908708722,0.011027797032239006,0.05443786036714691,0.0713827285671839,0.5023442148984573,0.005189645149775596,0.4984815018133288,0.5064866065919412,0.014701403976282617,0.01781537266145224,0.0012944983818770227,0.029031905594405594,0.04456359317162205,0.002445473365172643,0.04264139743628431,0.046485788906959785,0.6840619580922584,0.07193943377712142,-0.03161661932825621,-0.008996774690034195
all,record,clean_suppression_medium,B+M,logistic,5,36000,0.034694444444444444,0.6695853745033713,0.03417482844683115,0.6433052016504794,0.6958655473562629,0.0702862307604798,0.017866914357675102,0.05677788796911357,0.08337891360185248,0.6094788720375973,0.03497170399065435,0.5799307618921618,0.634536981789245,0.09644989432458197,0.017670737867565574,0.08223298536004263,0.10930984894916715,0.22484948472968408,0.012560020591337517,0.21405785627028856,0.23370603889177805,0.6695853745033713,0.0702862307604798,0.0,0.0
all,record,clean_suppression_medium,B+M,random_forest,5,36000,0.034694444444444444,0.6840619580922584,0.030824370094926994,0.6608305539581931,0.7072933622263239,0.07193943377712142,0.013457949999797127,0.06139119274046288,0.0816086575097079,0.502328992140457,0.004270658317626207,0.4993155458084453,0.5060179978736805,0.012454802469165306,0.015071367012053073,0.0013029315960912053,0.024944974321349962,0.04163254076131752,0.003010806634178561,0.03934309341184729,0.04392198811078775,0.6840619580922584,0.07193943377712142,0.0,0.0
all,record,clean_suppression_medium,B+M+L,logistic,5,36000,0.034694444444444444,0.6705706114861069,0.03569556417657013,0.64317288997027,0.6979683330019437,0.07157330646093586,0.018953938589934265,0.057865803047757416,0.08530850907953667,0.6104144764041906,0.036922191826066486,0.5813405488325823,0.63583996834081,0.09718297073135658,0.019432898273702842,0.08166711135397746,0.11118814572883569,0.2243276023893665,0.012386238823148113,0.21377132581436536,0.2330462480987327,0.6695853745033713,0.0702862307604798,0.00098523698273556,0.0012870757004560668
all,record,clean_suppression_medium,B+M+L,random_forest,5,36000,0.034694444444444444,0.6826479357244204,0.028322538206894607,0.6605289070982678,0.7043629628862629,0.07337618577957028,0.012849704385504692,0.06295325187208418,0.08203542241059351,0.5027898462072541,0.0040865998958635645,0.49991069526448206,0.5063053494477113,0.01267312115906204,0.015282382310752657,0.0013698630136986301,0.025338345864661653,0.039003950496847836,0.00291493527300878,0.03677618254330203,0.04123171845039363,0.6840619580922584,0.07193943377712142,-0.0014140223678380526,0.00143675200244886
all,record,clean_suppression_medium,B+M+L+R,logistic,5,36000,0.034694444444444444,0.8357709336002117,0.027808811003741905,0.8107253409575025,0.851524262438692,0.22618828213434622,0.06103933573163683,0.17294984796337548,0.26362559698013477,0.7602981532573937,0.02167117693782034,0.7416733134316539,0.7734337712454771,0.18785024578571863,0.02461237937003006,0.1679932405823043,0.2061034002719621,0.1562450949426228,0.007707416798229682,0.15068216497763906,0.1629814202868503,0.6695853745033713,0.0702862307604798,0.1661855590968404,0.15590205137386642
all,record,clean_suppression_medium,B+M+L+R,random_forest,5,36000,0.034694444444444444,0.8418765387492245,0.02109066075324734,0.822971177212531,0.8519284557101585,0.1737110580383357,0.040873624207868664,0.1417902149187909,0.2046556337610351,0.5060082906185572,0.0018860616232377267,0.5045397418882068,0.5074768393489076,0.026041322253499664,0.006996908894548084,0.020786375047232374,0.031296269459766955,0.0336647277059164,0.002117203117968029,0.03185602426180752,0.03519032204952115,0.6840619580922584,0.07193943377712142,0.15781458065696607,0.10177162426121428
all,record,enhancement_success_medium,B,logistic,5,36000,0.03683333333333333,0.6091206252127399,0.03619923539985646,0.5804926781581287,0.6362969160085445,0.05744184759842151,0.009746437068030333,0.04988130840406942,0.0650023867927736,0.56949252901807,0.05096553026962371,0.531415075420497,0.6075432853096012,0.089916869786197,0.016874179545579036,0.07645225763361725,0.10262253004047799,0.23802942627574888,0.010412290516401686,0.22994080613201873,0.24611804641947907,0.658088426092051,0.06476887630061727,-0.048967800879311074,-0.007327028702195759
all,record,enhancement_success_medium,B,random_forest,5,36000,0.03683333333333333,0.6244354928286873,0.023428517852246956,0.6061769116057789,0.6426940740515958,0.05857037315170106,0.0052765960277944635,0.05474057990042499,0.06302668449990864,0.5011103263582142,0.0025456265824586725,0.49965322930212397,0.5033207299485228,0.006004583651642475,0.010192199473450642,0.0,0.015416348357524829,0.046969907250073176,0.0021681276178664587,0.0452676676797895,0.04867462783973609,0.6437315877019898,0.05927712970706548,-0.019296094873302527,-0.000706756555364417
all,record,enhancement_success_medium,B+M,logistic,5,36000,0.03683333333333333,0.658088426092051,0.03507610941480938,0.628164533125059,0.6835481508843483,0.06476887630061727,0.012220698495386293,0.055865555349728514,0.07423913823145967,0.6124204162353022,0.028626659252318207,0.589877756789126,0.6349630756814786,0.10060823796591083,0.00999439385827512,0.09250514573969079,0.10835203323070886,0.22858579163131504,0.012234589973549682,0.21965962487753768,0.2386505078073348,0.658088426092051,0.06476887630061727,0.0,0.0
all,record,enhancement_success_medium,B+M,random_forest,5,36000,0.03683333333333333,0.6437315877019898,0.027300569067289043,0.6201296632786673,0.6634064555999748,0.05927712970706548,0.006694615789634484,0.054289668725397665,0.06438259430921657,0.5004588517026888,0.0011932409050189722,0.4998275118585598,0.5015490432495068,0.0025889967637540453,0.005789172757281008,0.0,0.0077669902912621365,0.04425831695529401,0.002643210232538082,0.042340615178709656,0.04646239641677408,0.6437315877019898,0.05927712970706548,0.0,0.0
all,record,enhancement_success_medium,B+M+L,logistic,5,36000,0.03683333333333333,0.6582375554275595,0.03287070514234158,0.6315318355236526,0.6827302066705956,0.06524951242029373,0.011263469586139278,0.05692319881243539,0.07464685509811222,0.6071372287702526,0.028540985768292004,0.5824063839651673,0.6274356140404719,0.09924954424913249,0.008145196656841975,0.09304216770586678,0.10518760948878807,0.22823738682502387,0.012097736816866222,0.21945812452290725,0.2382286922405707,0.658088426092051,0.06476887630061727,0.00014912933550847995,0.0004806361196764558
all,record,enhancement_success_medium,B+M+L,random_forest,5,36000,0.03683333333333333,0.6554362365334484,0.03602489623741113,0.623770162825957,0.6802779563917726,0.06366879025834109,0.007473145540655938,0.058590928607579564,0.07027451715943481,0.4998409603083497,0.00018728292097556522,0.4996962946284861,0.4999856259882133,0.0,0.0,0.0,0.0,0.04138008157712143,0.0027266322239221917,0.039439612209225886,0.043581135520755224,0.6437315877019898,0.05927712970706548,0.011704648831458608,0.004391660551275607
all,record,enhancement_success_medium,B+M+L+R,logistic,5,36000,0.03683333333333333,0.8336128058120454,0.01533166072660048,0.8211265030047612,0.8444363314063009,0.23865145957780393,0.053408380374840775,0.1906996051208001,0.27360056547926465,0.7513698051585204,0.021532741445224043,0.7324707867288988,0.7640038075079585,0.19151842591147877,0.018190169745529918,0.17648960519901627,0.20372150951570914,0.15836138313484616,0.013643547467192726,0.14669173881488934,0.16978510161709873,0.658088426092051,0.06476887630061727,0.17552437971999446,0.17388258327718664
all,record,enhancement_success_medium,B+M+L+R,random_forest,5,36000,0.03683333333333333,0.8433823779757773,0.019450516753997657,0.8256992501703687,0.8554736993592652,0.20540319022765852,0.03745869872200701,0.17157584081311378,0.22829160104504398,0.5229520168775046,0.009077224485225561,0.5156731484129221,0.5296043731448773,0.0861775056189267,0.03128402518674375,0.061067366368571185,0.10924025365501071,0.03515170371195251,0.0020278306933328373,0.03358007295536182,0.03659649645733815,0.6437315877019898,0.05927712970706548,0.19965079027378752,0.14612606052059304
all,record,later_capability_damage_any_path,B,logistic,5,36000,0.07802777777777778,0.5899512574409217,0.024147498679357154,0.5700984298007526,0.608041157908107,0.11387941061250431,0.031340756283319886,0.09047471894175171,0.13983095579611624,0.5689888703974386,0.017629983972219335,0.5559135307210512,0.5833914622684153,0.17152730605741734,0.02412953927828477,0.1508149819476839,0.18873995946727998,0.24197399945244058,0.004466476634307126,0.23860290336190873,0.24519805880940523,0.5821730849593324,0.10454651659509624,0.007778172481589296,0.00933289401740807
all,record,later_capability_damage_any_path,B,random_forest,5,36000,0.07802777777777778,0.6702477082194352,0.04288333007804797,0.6363011069539479,0.7041943094849226,0.1754681176112129,0.03796077257314868,0.14881817005512332,0.2066363104196566,0.504829570235316,0.004973815223247552,0.5010821763644374,0.5088693778766584,0.021661657254273277,0.018781270595091246,0.00759728249922174,0.03715963326486891,0.0814820425558603,0.004792752288010701,0.07769173161728515,0.08527235349443547,0.6315836268440045,0.13010903782117056,0.03866408137543076,0.045359079790042334
all,record,later_capability_damage_any_path,B+M,logistic,5,36000,0.07802777777777778,0.5821730849593324,0.02765444938075518,0.5609587930313411,0.6051550694479217,0.10454651659509624,0.023510060991854573,0.08630837227150143,0.12165722015048046,0.557707881637848,0.025179170422246083,0.5402801325613419,0.5789355185882205,0.16524217849344489,0.028351680975043456,0.14371302404843891,0.18737596939446477,0.241333222242354,0.004580458858247212,0.23739863687610438,0.24427605567996583,0.5821730849593324,0.10454651659509624,0.0,0.0
all,record,later_capability_damage_any_path,B+M,random_forest,5,36000,0.07802777777777778,0.6315836268440045,0.027793044586214587,0.6098474316600297,0.6533285982101512,0.13010903782117056,0.01745749564674069,0.11648236160564299,0.14373571403669816,0.5003527814150872,0.0007039927797513068,0.49987828997413664,0.5010001138170734,0.00211261991443225,0.00300481227590791,0.0,0.0046849671813132794,0.08112405991277886,0.005270674763292546,0.0770195853013728,0.08522853452418491,0.6315836268440045,0.13010903782117056,0.0,0.0
all,record,later_capability_damage_any_path,B+M+L,logistic,5,36000,0.07802777777777778,0.5820267593210007,0.027569575924048552,0.5608963442781991,0.6049069395923785,0.10454254058248366,0.023531494611463685,0.08634455856344776,0.1216047803246092,0.5569156000246844,0.026467162267570843,0.5385513630425954,0.578766372320958,0.16486846716912068,0.029259664672854076,0.14286504039983033,0.18800405086263913,0.24133188233238062,0.004556833134649546,0.23745010712152928,0.24423024945177113,0.5821730849593324,0.10454651659509624,-0.00014632563833172352,-3.976012612580404e-06
all,record,later_capability_damage_any_path,B+M+L,random_forest,5,36000,0.07802777777777778,0.6341540801640159,0.02281743109617208,0.6180832415837141,0.6534604267228543,0.13036348529126934,0.01664617465861277,0.11682114907043267,0.14254884758802128,0.5,0.0,0.5,0.5,0.0,0.0,0.0,0.0,0.07867521431971755,0.005203722528760316,0.07458197453712778,0.0827684541023073,0.6315836268440045,0.13010903782117056,0.002570453320011379,0.0002544474700987842
all,record,later_capability_damage_any_path,B+M+L+R,logistic,5,36000,0.07802777777777778,0.8627965809063621,0.006559726756993563,0.8579047440770793,0.8679996084385436,0.40899225949650153,0.055187693752283634,0.362231172220398,0.4497484331321244,0.7774053366333913,0.009599255193671668,0.769889134431111,0.7845096310567777,0.3564502317954808,0.028068841677921758,0.33119286558331884,0.3764438942657863,0.14996403029778113,0.004751416932650522,0.14627833746520663,0.15364972313035563,0.5821730849593324,0.10454651659509624,0.28062349594702973,0.3044457429014053
all,record,later_capability_damage_any_path,B+M+L+R,random_forest,5,36000,0.07802777777777778,0.86053020660637,0.007225272454473374,0.8550100628285634,0.8662046944247865,0.39182131239962237,0.04782802454436078,0.3563678334655974,0.4271615335614368,0.5951426059596479,0.023591447399902897,0.578494234339156,0.6139603584478499,0.29432085373351224,0.05574268562842593,0.2550484312455887,0.3397242211688984,0.062297443015478994,0.004068774218328377,0.05912574466427577,0.06546914136668222,0.6315836268440045,0.13010903782117056,0.22894657976236554,0.2617122745784518
all,record,later_clean_any_path,B,logistic,5,36000,0.1013611111111111,0.6380260591740884,0.02249161552206214,0.6204478345266389,0.6555468317666622,0.16130911380950325,0.020998353720308754,0.14598310617568885,0.17644429223103014,0.5888459200315913,0.027337030576278842,0.5667117888404325,0.6084312739412375,0.22518216880457326,0.026756682391705942,0.20505538199375178,0.2449698497199611,0.23530404505844116,0.0081016485487491,0.2286952930439833,0.24154515639577276,0.6885609233386865,0.18646520994550905,-0.05053486416459807,-0.025156096136005807
all,record,later_clean_any_path,B,random_forest,5,36000,0.1013611111111111,0.6938806836260448,0.01726067158209143,0.6807089592710204,0.7070524079810693,0.1973846062207901,0.02696019556665881,0.17632916171821203,0.2178337475986758,0.5307176756653805,0.009797514127184258,0.5236850230991543,0.5390499714267508,0.13374091407308392,0.02933953688794704,0.11294543590299744,0.1595478183585375,0.10677558233046755,0.004470774032029,0.1038842708716157,0.11091029980275488,0.7164392123905514,0.21180405396861562,-0.02255852876450659,-0.014419447747825526
all,record,later_clean_any_path,B+M,logistic,5,36000,0.1013611111111111,0.6885609233386865,0.02187867048065741,0.671814375831727,0.7053074708456458,0.18646520994550905,0.024949180946045323,0.1668673934738491,0.20461942574528807,0.63687004246866,0.013552920271254237,0.6243133445953353,0.6458556687392942,0.2531579647471506,0.011485141667092974,0.24458468017661814,0.2625298888317443,0.22536881161984032,0.012144806197509126,0.21502518762044623,0.23353850768722376,0.6885609233386865,0.18646520994550905,0.0,0.0
all,record,later_clean_any_path,B+M,random_forest,5,36000,0.1013611111111111,0.7164392123905514,0.013717988481256816,0.7050963153413393,0.7266815987714906,0.21180405396861562,0.026428879115168634,0.19249039960562828,0.23164428148529867,0.5308267085968655,0.01234423382401135,0.5215406259628794,0.540707638450064,0.12844781732296942,0.0401816810029074,0.09819225581616761,0.15984785558154402,0.10258519542829178,0.004320093416590191,0.10007979040869905,0.10644376679302134,0.7164392123905514,0.21180405396861562,0.0,0.0
all,record,later_clean_any_path,B+M+L,logistic,5,36000,0.1013611111111111,0.6890708405834054,0.02396866280325628,0.670932499508799,0.7072091816580122,0.1880142562644627,0.026412719698060243,0.1671523586110859,0.20828008681363946,0.6333777237232907,0.011787611902654455,0.6242550412364457,0.6425004062101358,0.25149184494247456,0.014005516628013328,0.24078080439323735,0.2622028854917118,0.22501466034397527,0.012033295389131253,0.21474481703081158,0.23301415591754787,0.6885609233386865,0.18646520994550905,0.0005099172447189382,0.0015490463189536396
all,record,later_clean_any_path,B+M+L,random_forest,5,36000,0.1013611111111111,0.7194753367118869,0.01183853073070723,0.7102444414504349,0.7287062319733388,0.21410868345038708,0.022962189742957242,0.19674392942261737,0.23229505531368047,0.5254097364157592,0.007435590900645133,0.5198453119462163,0.5312892779133072,0.10916988756492159,0.0258999565602888,0.09078882693841325,0.12991539977584082,0.09825170303930329,0.0043768820249987204,0.09604929077128786,0.10220270893010949,0.7164392123905514,0.21180405396861562,0.003036124321335487,0.0023046294817714585
all,record,later_clean_any_path,B+M+L+R,logistic,5,36000,0.1013611111111111,0.6883210535405685,0.02445350113321475,0.6699115547422255,0.7067305523389115,0.19078938904543946,0.028180879607451116,0.16852098576219182,0.21193154129322594,0.6289737613879557,0.013158451090883743,0.6190056556384727,0.6388949722384327,0.24950042511146994,0.015952477210573416,0.23690102110459824,0.2620998291183416,0.2243001463882516,0.011767087611943675,0.2143351284585422,0.23233321090819237,0.6885609233386865,0.18646520994550905,-0.00023986979811796427,0.004324179099930409
all,record,later_clean_any_path,B+M+L+R,random_forest,5,36000,0.1013611111111111,0.8137873962610367,0.009384314377061066,0.8063377602390587,0.8212370322830147,0.3238424357527105,0.03514167546183433,0.30009395967840413,0.3557298283352023,0.5619408875645909,0.014564368715847287,0.552382163032758,0.5743597858656443,0.2166683003527304,0.03992508337046535,0.1907519595500803,0.25112084000518836,0.08597267143909791,0.0023397165056165898,0.08459426126090444,0.08811867007428598,0.7164392123905514,0.21180405396861562,0.09734818387048527,0.11203838178409486
all,record,later_clean_enhancement_path,B,logistic,5,36000,0.05097222222222222,0.6089878926628106,0.027705115786272976,0.5881489865963527,0.6316051164597174,0.07733389212672964,0.010937962369105075,0.06994316098552436,0.08733689383947811,0.5797409270641117,0.03199289643885165,0.5557384882537024,0.6052242801153168,0.12456131124506156,0.018198095607084273,0.10905609240675976,0.1394134717721557,0.23878772682245503,0.009342543690447744,0.231794799243856,0.24608689134283282,0.6646575311798661,0.08931771908122144,-0.05566963851705553,-0.011983826954491794
all,record,later_clean_enhancement_path,B,random_forest,5,36000,0.05097222222222222,0.6487381734264058,0.025458497607908262,0.6279799054873958,0.6661269514119498,0.09234798320387985,0.010358923011476178,0.08443695015642701,0.10113876671315496,0.5059789425376661,0.006613470990863649,0.5006899728894391,0.5112679121858931,0.028889827846052197,0.025888267280083744,0.00827892584532224,0.04950072984678215,0.05978393871225377,0.0026415995287328094,0.057708436012185296,0.06187217985071114,0.6621428391539868,0.09046556447964857,-0.013404665727580922,0.0018824187242312829
all,record,later_clean_enhancement_path,B+M,logistic,5,36000,0.05097222222222222,0.6646575311798661,0.022959699087239684,0.6460910743848225,0.6820259818689696,0.08931771908122144,0.01050092063244469,0.08124467009880458,0.09745661898809972,0.6156431967541025,0.015618568536827247,0.6031916025810229,0.6280947909271821,0.13509383761343927,0.010591835354314304,0.126317972815862,0.14198500075240572,0.22857722927441482,0.012363298660867116,0.21910472759087413,0.23784926730237382,0.6646575311798661,0.08931771908122144,0.0,0.0
all,record,later_clean_enhancement_path,B+M,random_forest,5,36000,0.05097222222222222,0.6621428391539868,0.03502961574308067,0.6309217994031656,0.6846683022161761,0.09046556447964857,0.014245367205367487,0.08018774191301764,0.10194589815594117,0.5029670653577943,0.003824506991371164,0.5001473106488727,0.5058673999170585,0.016235184154199563,0.015528218802225463,0.004257865575917152,0.028212502732481975,0.05772115019267764,0.0030998474702032936,0.05539208213411244,0.0601722219085042,0.6621428391539868,0.09046556447964857,0.0,0.0
all,record,later_clean_enhancement_path,B+M+L,logistic,5,36000,0.05097222222222222,0.6655879392408164,0.019984876374727595,0.6494833831277482,0.6810049574298238,0.08992422381862697,0.008922183375371732,0.08330240917881446,0.09725842120480616,0.6163058277602207,0.013644973033068948,0.6068443466086317,0.627643970616394,0.13579829352462064,0.009849522802997177,0.12689108491252213,0.14125884717303547,0.22809226173931965,0.012157493818305007,0.21887629861709001,0.2373238986717658,0.6646575311798661,0.08931771908122144,0.0009304080609502385,0.0006065047374055332
all,record,later_clean_enhancement_path,B+M+L,random_forest,5,36000,0.05097222222222222,0.6703079032205493,0.02277527741079357,0.6503511223187644,0.683723369238551,0.09302563950155669,0.008825453418976508,0.08651101195995396,0.09989135744422266,0.503223101505735,0.002726260819088126,0.5011964855171319,0.5054712779365681,0.015475357975357974,0.012099488440133737,0.006060606060606061,0.02557555189908131,0.054963458497374315,0.003182670042835234,0.05258178744152124,0.05749092715792894,0.6621428391539868,0.09046556447964857,0.008165064066562588,0.002560075021908123
all,record,later_clean_enhancement_path,B+M+L+R,logistic,5,36000,0.05097222222222222,0.8395959478942713,0.01606251418567037,0.8255792698291933,0.8501369959374052,0.30784583014567796,0.051113147718182796,0.2622518130346988,0.34599229714535273,0.7575089491208016,0.021866027636594065,0.7380309493992481,0.7705656474995932,0.2502077819664193,0.0228350506587479,0.2298221102305357,0.26196812708901557,0.15662004528623025,0.012667721236414261,0.14565973901986567,0.16603612820776284,0.6646575311798661,0.08931771908122144,0.17493841671440513,0.21852811106445652
all,record,later_clean_enhancement_path,B+M+L+R,random_forest,5,36000,0.05097222222222222,0.854050477449463,0.018382118521361287,0.8382792475895681,0.8652074232299837,0.28690776733740153,0.038125701362010996,0.25355197981971556,0.3134339927063198,0.563543393272542,0.01596025581998661,0.5506410685222954,0.5756629928337166,0.20943506939960038,0.04593919425521054,0.17240016221638813,0.24462875781100452,0.04527966622794639,0.0023014923312553548,0.043455992802148416,0.046889466600043825,0.6621428391539868,0.09046556447964857,0.1919076382954763,0.19644220285775296
all,record,later_clean_suppression_path,B,logistic,5,36000,0.05247222222222222,0.6445940346451245,0.026381167615716284,0.6249786957297503,0.663413019985027,0.09495320321736118,0.020030582826745504,0.07749775814110714,0.10779657789355795,0.5886305156638406,0.030289520644587484,0.5667412911526141,0.6113685777011609,0.13308711745042692,0.02557214950521382,0.1132922078359931,0.1526578140871771,0.2324048453252142,0.008498430844264026,0.225881940002966,0.2393612967683869,0.6837761266525455,0.10321637557355912,-0.039182092007420954,-0.008263172356197931
all,record,later_clean_suppression_path,B,random_forest,5,36000,0.05247222222222222,0.6761899057446208,0.02950552618556876,0.6523232061952146,0.6975387591203024,0.10539297688280061,0.021071177730787264,0.08884807419931988,0.12193787956628128,0.5054620860175782,0.00878936401433065,0.4993514557688286,0.51286145871014,0.02921995828116226,0.02850378691968272,0.00913652495478545,0.052764510059342885,0.060781660675841155,0.003310387410089592,0.058242981522077616,0.06333279478611795,0.7032128771704403,0.12113191432412163,-0.027022971425819553,-0.015738937441321016
all,record,later_clean_suppression_path,B+M,logistic,5,36000,0.05247222222222222,0.6837761266525455,0.025339631716211543,0.6629085323724494,0.7025016787350213,0.10321637557355912,0.023058477573430585,0.08348666023738298,0.11885036136405983,0.6291089212948876,0.02842680255051073,0.6038057316278927,0.6490536565733052,0.14548141305919202,0.02144211724931708,0.1269474885751022,0.1598303041873577,0.22477682657626757,0.012902742552467684,0.21360118107578727,0.233522461313799,0.6837761266525455,0.10321637557355912,0.0,0.0
all,record,later_clean_suppression_path,B+M,random_forest,5,36000,0.05247222222222222,0.7032128771704403,0.025055894821856422,0.6832419964165293,0.7223656347411307,0.12113191432412163,0.02330953174305958,0.10232504208176989,0.13947366954136808,0.5054211575197037,0.0074400717902633395,0.4998287209942965,0.5115460057923771,0.02738357101335582,0.025362932080974135,0.008097985626075513,0.0477479460530308,0.05803791320017637,0.004014117877496747,0.05491197792437066,0.061163848475982094,0.7032128771704403,0.12113191432412163,0.0,0.0
all,record,later_clean_suppression_path,B+M+L,logistic,5,36000,0.05247222222222222,0.6833369658100461,0.02628355545521074,0.6623919693215446,0.7029518805772643,0.10332054077677158,0.024010470452860436,0.08358213915720154,0.12057103891754199,0.6244619787585822,0.02777987562984508,0.6009311707986826,0.6447059969908677,0.14395257334655387,0.022180367797495635,0.12552534990090297,0.15884916967008927,0.224567785118,0.012804498877162009,0.21352433390143263,0.23321618304006977,0.6837761266525455,0.10321637557355912,-0.0004391608424993976,0.00010416520321246403
all,record,later_clean_suppression_path,B+M+L,random_forest,5,36000,0.05247222222222222,0.7045821298735617,0.022552252465660217,0.6874197663132057,0.7217444934339181,0.11958021909477783,0.019497033861495185,0.1030041989331493,0.13422672339544578,0.505075410280217,0.007484728495016222,0.499687057275662,0.5113088318104578,0.0241062402113907,0.026122974949994947,0.005546009718513331,0.04597187741754927,0.055653305399598965,0.004348158817119477,0.05236846714015479,0.058944527538977526,0.7032128771704403,0.12113191432412163,0.001369252703121382,-0.0015516952293437997
all,record,later_clean_suppression_path,B+M+L+R,logistic,5,36000,0.05247222222222222,0.8510702033785605,0.019505280384920616,0.8334811653216324,0.8622054128363776,0.32897353539270996,0.07289551676764518,0.2690883670535652,0.3776605075959808,0.7732350223541943,0.013521931253457872,0.7634381292832944,0.7832678659133698,0.2702571655047018,0.030307676586520154,0.24681018920998604,0.29272518105698164,0.15101761925679258,0.0062078537111178835,0.1464212632639446,0.15604002772318465,0.6837761266525455,0.10321637557355912,0.16729407672601504,0.22575715981915084
all,record,later_clean_suppression_path,B+M+L+R,random_forest,5,36000,0.05247222222222222,0.8615585598378758,0.01025758346186135,0.8535573384011896,0.8687620504328855,0.29399827689886915,0.05005720398075161,0.25776318524620856,0.3376275544939349,0.5599464818102465,0.019908492115642024,0.5449210495412713,0.5749660937649176,0.19607054090311324,0.0556432092186056,0.15498181994495222,0.23710805315901612,0.046209485337967406,0.002591188765972284,0.04414256833258555,0.048145721195143903,0.7032128771704403,0.12113191432412163,0.15834568266743543,0.17286636257474752
all,record,later_enhancement_path,B,logistic,5,36000,0.05408333333333334,0.6169872187046312,0.025438545347415038,0.5973837426758818,0.6374275953319712,0.08315857475876587,0.009672688466466276,0.07594530231137994,0.0912348677261188,0.5860710982399425,0.028909348448598274,0.5616054475921721,0.6083161760510423,0.13390063082256248,0.01928156672513883,0.11692294625132535,0.1466091074339052,0.23802191920271348,0.010045071107147512,0.23047168746745045,0.2457909784464714,0.669641107842493,0.09670440857146693,-0.05265388913786173,-0.013545833812701066
all,record,later_enhancement_path,B,random_forest,5,36000,0.05408333333333334,0.6535139903908688,0.02571852534509928,0.6325383504515687,0.6723575915113316,0.09876789576076712,0.0072447170069631596,0.09251140965996336,0.10358897136409202,0.5058810936887931,0.00580105728157781,0.501376276032324,0.5103859113452621,0.02975806013509912,0.02262203911828981,0.01087866108786611,0.046966967150783814,0.062416987202240516,0.0032554645375984163,0.05991338435912098,0.06492059004536006,0.6741527977928967,0.10352208720658948,-0.020638807402027948,-0.004754191445822356
all,record,later_enhancement_path,B+M,logistic,5,36000,0.05408333333333334,0.669641107842493,0.020988172246870208,0.6536497505860119,0.6856360693685241,0.09670440857146693,0.011475559803411261,0.08844979790301441,0.1058434511482267,0.6223853595395121,0.01771610566990116,0.6086715984529842,0.6367450905254861,0.1447606427961566,0.012164157795624847,0.13500180254047783,0.1540808521804184,0.22789068859818498,0.012923100372768915,0.2181385350698614,0.23771889365942855,0.669641107842493,0.09670440857146693,0.0,0.0
all,record,later_enhancement_path,B+M,random_forest,5,36000,0.05408333333333334,0.6741527977928967,0.02544455378946691,0.651674782106494,0.6929347316083758,0.10352208720658948,0.01037257960929541,0.0962619806917985,0.1125377268255425,0.5048768492074208,0.0041887156173275025,0.501655166340384,0.5080985320744577,0.022912604377456288,0.017699912672169135,0.008583594800537876,0.03622204535991187,0.05993134333121593,0.0034422599505974714,0.057303694823411314,0.06255899183902053,0.6741527977928967,0.10352208720658948,0.0,0.0
all,record,later_enhancement_path,B+M+L,logistic,5,36000,0.05408333333333334,0.6701896816048754,0.017751794265547547,0.6561802899820529,0.6839185524526127,0.09692182726122031,0.008850981633293275,0.09014583692457875,0.10373133092107915,0.6209002411318176,0.011993138929508733,0.6114399407663201,0.6303605414973148,0.1447530934257729,0.012277737873808191,0.13419785715169874,0.1528245293305221,0.22748685321332238,0.012718852327762051,0.21798705693863374,0.23726889324819894,0.669641107842493,0.09670440857146693,0.0005485737623823761,0.00021741868975337642
all,record,later_enhancement_path,B+M+L,random_forest,5,36000,0.05408333333333334,0.6682202244141526,0.019266223736647516,0.6518161963014606,0.6812298956821535,0.10405661469082439,0.007890740906636037,0.09765164548688196,0.10999060488652664,0.5044263034307388,0.004308785117975168,0.5010113988316062,0.5078412080298714,0.020142318637507362,0.017859944988451885,0.006004606708850705,0.03428003056616401,0.05765869120974111,0.0034147776125006846,0.05499361394903046,0.06032376847045177,0.6741527977928967,0.10352208720658948,-0.005932573378744088,0.000534527484234909
all,record,later_enhancement_path,B+M+L+R,logistic,5,36000,0.05408333333333334,0.8393065874031344,0.013715416875962796,0.8282414205127824,0.8489444262722419,0.3248905678310595,0.052808087662790305,0.277330359971636,0.3616752043554293,0.7580154975449308,0.015470550318900548,0.7452967756351121,0.7687014782466589,0.26086068676415786,0.02358686018535522,0.2406602071601154,0.2751558156588501,0.15673115409050337,0.013188068414107764,0.14528809831363526,0.16677305681431753,0.669641107842493,0.09670440857146693,0.16966547956064137,0.22818615925959257
all,record,later_enhancement_path,B+M+L+R,random_forest,5,36000,0.05408333333333334,0.8545255921709269,0.014932886298752604,0.8409770692900395,0.8630903522328136,0.31095944517137114,0.05193806991601739,0.2659144989993706,0.3451745691150106,0.571078745377718,0.01568859507460596,0.5585992471590331,0.5835898879575855,0.22966660260248442,0.0429649332354412,0.19428708364966701,0.262522967499753,0.047220327417540196,0.002037389841350643,0.04559366923449526,0.04871984389359842,0.6741527977928967,0.10352208720658948,0.18037279437803022,0.20743735796478166
all,record,later_neighbor_damage_any_path,B,logistic,5,36000,0.0786111111111111,0.6305260170692512,0.022417242166573703,0.6144919997314404,0.6467444330434412,0.11871779216971254,0.01283113485613706,0.10936334931033513,0.1281424173805575,0.5794526502385148,0.027323353613549865,0.5570290185977379,0.5996825202274408,0.17854768762851558,0.02256713136087335,0.16140268869514807,0.19600195279168733,0.2355240313938506,0.008204092829588325,0.22846557591273067,0.2414517225457709,0.6640370386018597,0.12944821339523843,-0.03351102153260854,-0.010730421225525894
all,record,later_neighbor_damage_any_path,B,random_forest,5,36000,0.0786111111111111,0.6588918226297865,0.011894802627555115,0.6501086938855557,0.6689759390881431,0.13343019940256545,0.013725620810212892,0.12292166906087292,0.14476282970874949,0.5013712777303458,0.002324406637686679,0.49964044943820224,0.5032054234368204,0.008579628526560893,0.011858221217699947,0.0,0.018071153950289708,0.08247201834132582,0.001893533914115548,0.0808729235804206,0.08389380956164487,0.6683617170210502,0.13792350664266154,-0.009469894391263667,-0.004493307240096084
all,record,later_neighbor_damage_any_path,B+M,logistic,5,36000,0.0786111111111111,0.6640370386018597,0.022150955194838007,0.6472566922590552,0.6817746443876536,0.12944821339523843,0.01985996712846985,0.1153295286115787,0.1458377814084793,0.625258025168737,0.02304181105791324,0.6080638414750805,0.6424522088623933,0.2023306804901212,0.018532294807891744,0.1914101416861098,0.2190355255700034,0.22857247505055778,0.010068412957056681,0.22016159355905907,0.2359919483411793,0.6640370386018597,0.12944821339523843,0.0,0.0
all,record,later_neighbor_damage_any_path,B+M,random_forest,5,36000,0.0786111111111111,0.6683617170210502,0.022185873480852537,0.6511903561573703,0.6851459343750944,0.13792350664266154,0.013884246776492028,0.126655880851923,0.14862864390242805,0.5008774876517681,0.001419741298059305,0.49981933162478775,0.5019383084535131,0.005331370058318355,0.005960627542345593,0.0006980802792321117,0.009964659837404598,0.08079580211863457,0.0027318476805885325,0.07857916512543832,0.08292564776805715,0.6683617170210502,0.13792350664266154,0.0,0.0
all,record,later_neighbor_damage_any_path,B+M+L,logistic,5,36000,0.0786111111111111,0.6662592709883086,0.02330028329423637,0.6482807556809385,0.6842377862956787,0.1305007799201054,0.019456383770860765,0.1171777528690097,0.14662951240587502,0.6261934093926355,0.02243978768690149,0.6087760289310411,0.6427548810455559,0.20311751276602039,0.01840469796881162,0.1914352091797712,0.2188900050409115,0.22811290951316687,0.010035528517871508,0.219671356970788,0.2354309518912693,0.6640370386018597,0.12944821339523843,0.002222232386448919,0.0010525665248669602
all,record,later_neighbor_damage_any_path,B+M+L,random_forest,5,36000,0.0786111111111111,0.6727123869828254,0.016385950893925322,0.6594249324643717,0.6845926047306089,0.13983947800132138,0.015349279511067283,0.12763611972099217,0.1517627001331074,0.5019181953243905,0.002500689348681688,0.5000600732786147,0.5038064696391246,0.008395392171652352,0.009978252786459089,0.00071301247771836,0.016077771865586347,0.07895850740142003,0.002858656914463731,0.07660284496333082,0.0808425640063706,0.6683617170210502,0.13792350664266154,0.004350669961775244,0.0019159713586598404
all,record,later_neighbor_damage_any_path,B+M+L+R,logistic,5,36000,0.0786111111111111,0.8517233644893756,0.015838779978286848,0.8371636072664408,0.8610353546227472,0.4180159015890773,0.042381843835297535,0.38173037939443333,0.44710594497972805,0.7765112477405325,0.0167662557355213,0.7613728402844503,0.7861175034444585,0.3574973239362276,0.026844327128024387,0.3361680880052499,0.3792754922140425,0.1521806902413726,0.010851096617650564,0.14335603612655853,0.16086742280978922,0.6640370386018597,0.12944821339523843,0.18768632588751588,0.2885676881938389
all,record,later_neighbor_damage_any_path,B+M+L+R,random_forest,5,36000,0.0786111111111111,0.8578816307521479,0.011402819908108193,0.848132553099396,0.8653110429307607,0.39952077939248243,0.033965156443005906,0.37394918519055,0.42509237359441493,0.6138610146300552,0.017409756699688094,0.6032177448798767,0.6301431005275968,0.33612749759476696,0.03871948544640686,0.310581011560476,0.3712764137192928,0.06282967799060493,0.0030903688015585986,0.060587102477482765,0.06557530501015098,0.6683617170210502,0.13792350664266154,0.18951991373109767,0.2615972727498209
all,record,later_suppression_path,B,logistic,5,36000,0.05625,0.6486902059799026,0.0260734040311499,0.6276803845833847,0.666403197220963,0.10324075388601713,0.022591989123664686,0.08421266981761946,0.11879905005010319,0.5973921349841536,0.03325721464119604,0.5718656273744411,0.6221237119985523,0.1451389596041234,0.02983224849334617,0.12154220399835428,0.16790696180148595,0.23159209378846,0.008777228185514734,0.22472103481645928,0.23861445299470457,0.6894608356626717,0.113441019714794,-0.04077062968276912,-0.01020026582877688
all,record,later_suppression_path,B,random_forest,5,36000,0.05625,0.6755336148135114,0.025831348410150903,0.6560674599487294,0.6949997696782934,0.1116083113480589,0.021030446074735507,0.09618861220572547,0.12767662318106882,0.5023405707692232,0.003599519407856795,0.49950998066415375,0.5053335348371925,0.01784795788025844,0.012133911418505642,0.008192283086257081,0.0276069778107124,0.06402543033738418,0.003964031654081289,0.06102329969114121,0.06703546810316861,0.7080424113127023,0.12756560534702704,-0.03250879649919092,-0.01595729399896814
all,record,later_suppression_path,B+M,logistic,5,36000,0.05625,0.6894608356626717,0.024920177281407847,0.6695418090640182,0.7061833490086158,0.113441019714794,0.024032484688041134,0.09307424200793199,0.1282530837524875,0.6328088083829881,0.023691541276549148,0.612175916905931,0.6492362142371368,0.1562293711234018,0.02378737719781523,0.13677014195146817,0.17257407701512154,0.2236632307432352,0.012953898646663466,0.2123955286651144,0.2323052473340283,0.6894608356626717,0.113441019714794,0.0,0.0
all,record,later_suppression_path,B+M,random_forest,5,36000,0.05625,0.7080424113127023,0.019985331097088405,0.694647044112697,0.724627774844517,0.12756560534702704,0.021441255475622843,0.10946307998928999,0.14244973594072413,0.5051627425172354,0.006899494743569598,0.5001599169409812,0.511158876053166,0.02707512533294141,0.023347026957346712,0.01004504664278367,0.0469220722185149,0.061349870426813655,0.004800327701852627,0.05767412470160531,0.06503459946823635,0.7080424113127023,0.12756560534702704,0.0,0.0
all,record,later_suppression_path,B+M+L,logistic,5,36000,0.05625,0.6890437960583503,0.025555218870227076,0.6687022580230575,0.7062628445212479,0.11345144879917997,0.024598503806015,0.09309810079784274,0.12901713795812683,0.6332003263797444,0.02524667324028892,0.6133685417500349,0.650833637962592,0.1567991164285277,0.02552293183774744,0.13674045633105048,0.1748292957973775,0.22355453320849789,0.012888772368329386,0.21237030921002953,0.23212158243638453,0.6894608356626717,0.113441019714794,-0.00041703960432137865,1.0429084385962795e-05
all,record,later_suppression_path,B+M+L,random_forest,5,36000,0.05625,0.7119260814994133,0.01961089762372553,0.698624011018072,0.7287368434444765,0.12910712198544935,0.021143087921552093,0.11244990835314854,0.14470815065508955,0.5046021640627434,0.007080945591930093,0.49936670153124485,0.510583521589637,0.023382067590110724,0.023821770394859988,0.005989298898090669,0.043952058329071744,0.058784871973270904,0.005180476418957633,0.054830216314234084,0.06274106452272066,0.7080424113127023,0.12756560534702704,0.0038836701867109857,0.0015415166384223078
all,record,later_suppression_path,B+M+L+R,logistic,5,36000,0.05625,0.8544399595272104,0.017972988942448028,0.8383633045267346,0.8634613545485774,0.35180678896789175,0.07846901398360714,0.2859337426124639,0.40321734498976625,0.7776651968357235,0.01328834375021267,0.7663854482947375,0.7859263957733545,0.28801127711658664,0.0351012738737619,0.2592867408789929,0.31324674823353754,0.1497307083959719,0.006280395282445267,0.145079140816557,0.15479996839865162,0.6894608356626717,0.113441019714794,0.16497912386453872,0.23836576925309774
all,record,later_suppression_path,B+M+L+R,random_forest,5,36000,0.05625,0.868553122908813,0.011236603459041008,0.858579199851083,0.8753303022187036,0.32010560228263774,0.05330476706051005,0.280173640078861,0.3639303841373916,0.58027243747528,0.021424621703786874,0.5627725050397541,0.5963106150773638,0.24865781509246143,0.05614416129865329,0.20285376545008255,0.29133187139876104,0.0484268255615458,0.0030556012258514923,0.045922155937757794,0.05072968814485227,0.7080424113127023,0.12756560534702704,0.16051071159611074,0.1925399969356107
all,record,later_target_any_path,B,logistic,5,36000,0.10802777777777779,0.6453200275151035,0.02076938427853344,0.6296853890138018,0.6609546660164052,0.17477127664331876,0.022036263427222792,0.15865495577696173,0.19193327318084133,0.5969294926865434,0.02127946089127843,0.5798336384316669,0.6127693752837781,0.2426661099941331,0.025851277019699085,0.22279606457132134,0.2626660076149132,0.23417238098296383,0.008637351718083629,0.22708991988841265,0.24091701497414936,0.6955131101134298,0.20234272895868594,-0.05019308259832622,-0.027571452315367173
all,record,later_target_any_path,B,random_forest,5,36000,0.10802777777777779,0.6993738485986677,0.017158622881309357,0.6857505617493265,0.7119270907928094,0.2161785169344872,0.02514659404131666,0.19537120096222355,0.2344450098986878,0.5387088359576079,0.014182660780440516,0.5286026019933748,0.5509255636261624,0.15835794934146546,0.04065922799574631,0.13022483911901636,0.19446575342465752,0.11036901710988203,0.004474042086390458,0.10779164671709876,0.11442071602166567,0.7213204147838421,0.22800659770406737,-0.021946566185174432,-0.011828080769580168
all,record,later_target_any_path,B+M,logistic,5,36000,0.10802777777777779,0.6955131101134298,0.018897512733582453,0.6815902886038113,0.7111839483969978,0.20234272895868594,0.023264768853156693,0.18505750481787633,0.21940395022072412,0.6416573533596568,0.011459581281379925,0.6318044088800077,0.6505069295631771,0.2693418308357932,0.014263007847872213,0.25854476919727154,0.28086256502864126,0.22393870575355052,0.012334741268119951,0.21355453452899636,0.23220095092872078,0.6955131101134298,0.20234272895868594,0.0,0.0
all,record,later_target_any_path,B+M,random_forest,5,36000,0.10802777777777779,0.7213204147838421,0.013283387218237052,0.7110524579298347,0.7315883716378495,0.22800659770406737,0.02149023771507272,0.21296332705709942,0.2463557654980249,0.5363467234963988,0.014005005996214988,0.5273253169376642,0.5484433902782866,0.14783933736277483,0.04290193139711482,0.11946199971558844,0.1837607086223192,0.10628687257177968,0.004525689046446942,0.10392795340869072,0.11035670859482545,0.7213204147838421,0.22800659770406737,0.0,0.0
all,record,later_target_any_path,B+M+L,logistic,5,36000,0.10802777777777779,0.6955628961040624,0.020351773505916233,0.6807445918903561,0.7124022896343039,0.2035461511880186,0.02443954740494829,0.1850245781511969,0.22189839561425329,0.638930383317122,0.010159220475252775,0.6309987185493695,0.6468620480848747,0.267890672766376,0.014763231745407234,0.25689650658888874,0.27957911017166087,0.22370479943109783,0.01224390662700748,0.21338370081415392,0.23181757695727914,0.6955131101134298,0.20234272895868594,4.9785990632655874e-05,0.0012034222293326735
all,record,later_target_any_path,B+M+L,random_forest,5,36000,0.10802777777777779,0.7228750704367324,0.01134646000450484,0.7139094790176223,0.731120885429071,0.23281005514672765,0.017567809457487968,0.22066705630960098,0.24775969339032694,0.5305198193505565,0.008077030632409084,0.5244335471959892,0.5371085316435075,0.1278425303038607,0.027153017188183998,0.10738415645755436,0.1500522190133789,0.10217631462259864,0.004236005169518869,0.09996727327931183,0.10595163307126094,0.7213204147838421,0.22800659770406737,0.0015546556528902578,0.0048034574426602805
all,record,later_target_any_path,B+M+L+R,logistic,5,36000,0.10802777777777779,0.6927066855374594,0.021457778901278552,0.6767438987694325,0.7099696643364362,0.20343065364775934,0.024885551134079253,0.18443519943530037,0.22239745669541233,0.6335686062342092,0.01371240734048586,0.623625573405694,0.6448302913692936,0.2650324717238893,0.016882320176135824,0.2527554986112784,0.27945189106730606,0.22345172320175993,0.012123977906772413,0.21328223936469887,0.23157823563092195,0.6955131101134298,0.20234272895868594,-0.0028064245759703565,0.0010879246890733996
all,record,later_target_any_path,B+M+L+R,random_forest,5,36000,0.10802777777777779,0.8202257461360857,0.008340924561362121,0.8137206349984876,0.8264965605131309,0.35662563693965593,0.031560493550543696,0.33643267484055894,0.38491238408321177,0.5784903215373167,0.016583997700904223,0.5681707972849093,0.5936462629337829,0.2610134590902619,0.04224383206996967,0.23540956085919396,0.299339286061953,0.08897516864664437,0.0023928689542573657,0.08748353388788684,0.09111382236829266,0.7213204147838421,0.22800659770406737,0.09890533135224355,0.12861903923558857
all,record,suppression_success_medium,B,logistic,5,36000,0.037388888888888895,0.6407713532288175,0.034185039455860204,0.615874769004949,0.6681273593774695,0.07325560604043731,0.014338199456279933,0.060626945391473536,0.08158451614002431,0.5956802132648281,0.029226892195814112,0.5751953863748717,0.6205547820707178,0.10167171896801161,0.01952305744586578,0.08686277355395708,0.11648066438206614,0.23086665203402174,0.008625742684785179,0.22428665376065587,0.23769017192915903,0.6767546799171595,0.07822796272963775,-0.03598332668834203,-0.004972356689200444
all,record,suppression_success_medium,B,random_forest,5,36000,0.037388888888888895,0.6554042571923315,0.03370874786747324,0.6294926634670628,0.6813158509176002,0.07114029612812375,0.015233690940598704,0.05922013427572054,0.0818740739075436,0.5022306369220038,0.0046993098379976925,0.49879276882526813,0.5060931527102596,0.01379015856090674,0.016739238145450842,0.0012084592145015106,0.02728758169934641,0.04732274660885243,0.0028691407521480717,0.045122966210024165,0.049522527007680714,0.6973775658782211,0.08342343727612903,-0.041973308685889554,-0.012283141148005272
all,record,suppression_success_medium,B+M,logistic,5,36000,0.037388888888888895,0.6767546799171595,0.03348637336270153,0.6507054257816706,0.7020249978876307,0.07822796272963775,0.017231308353915408,0.0633394177621526,0.09000508168293428,0.6151850068011614,0.03268404158350726,0.5899799662149201,0.6383930486570784,0.10515917748173689,0.020478770937639276,0.08927083953705357,0.1198072978143152,0.2237229176440146,0.012452137628258498,0.21293376593253913,0.23231655187430628,0.6767546799171595,0.07822796272963775,0.0,0.0
all,record,suppression_success_medium,B+M,random_forest,5,36000,0.037388888888888895,0.6973775658782211,0.028291325056203537,0.6757884505321956,0.7189666812242465,0.08342343727612903,0.014839046578191685,0.07045386329451978,0.09255080318334886,0.5027526249151768,0.004655357212818257,0.4992562472692727,0.5062490025610811,0.014165315223754587,0.016747543118947425,0.0012461059190031153,0.02708452452850606,0.04408363945151952,0.003515199786231156,0.04140336719714477,0.046763911705894265,0.6973775658782211,0.08342343727612903,0.0,0.0
all,record,suppression_success_medium,B+M+L,logistic,5,36000,0.037388888888888895,0.6773410205460718,0.034845334494031585,0.6506054065470516,0.703330234737755,0.07923198973768748,0.017898279425453502,0.06442439412256043,0.09127473779771694,0.6170255728625422,0.03859660493226891,0.586419944514101,0.6437234034214148,0.10615037527799709,0.022730034963523566,0.08881253517372115,0.1231171531541269,0.2233541173044093,0.01232046124479228,0.21273834129765246,0.2318297336579606,0.6767546799171595,0.07822796272963775,0.0005863406289122741,0.001004027008049732
all,record,suppression_success_medium,B+M+L,random_forest,5,36000,0.037388888888888895,0.6878637690246665,0.022087979507127233,0.6709273811827463,0.7048001568665863,0.07872563081058309,0.012217971517088644,0.06825918990643878,0.0866943322433126,0.5026428216283738,0.004185491941169111,0.4995583525157506,0.5060137721148937,0.012999966679994668,0.015326655564426651,0.00125,0.024758096761295485,0.04180954146871949,0.0037325582800599357,0.03893243230914899,0.04468665062828999,0.6973775658782211,0.08342343727612903,-0.00951379685355458,-0.004697806465545934
all,record,suppression_success_medium,B+M+L+R,logistic,5,36000,0.037388888888888895,0.8410025207132605,0.024988529995030328,0.8181974246932802,0.8552569621636424,0.24811163675096526,0.07007173908123138,0.18574337531837776,0.2928182110567258,0.7668899549636106,0.021482913069810105,0.7488817814015641,0.780685534353313,0.20465141163555362,0.028386573959787113,0.18264949683380266,0.22505292466637003,0.1540366478418616,0.006986927650745136,0.14922542816927858,0.16006423194037095,0.6767546799171595,0.07822796272963775,0.164247840796101,0.1698836740213275
all,record,suppression_success_medium,B+M+L+R,random_forest,5,36000,0.037388888888888895,0.8495085036203196,0.017903912395802662,0.8330983070820054,0.8590723554357951,0.19390573469116598,0.04324834291684564,0.16058438605184994,0.22663133984098288,0.5099389384081111,0.0032529665529612618,0.5074410542774612,0.512436822538761,0.040955777847000545,0.012164023259422903,0.031566818534608757,0.05034473715939234,0.03564540587199198,0.002412000585207284,0.03362666374087485,0.037389719620680564,0.6973775658782211,0.08342343727612903,0.15213093774209852,0.11048229741503696
learned,dataset,clean_enhancement_medium,B,logistic,5,24000,0.03546730809161293,0.5694218085602059,0.06585952530841815,0.5204687281326592,0.6237379034328249,0.052126371222176816,0.027288085756929766,0.030147548988489592,0.07296906362116254,0.5499723472952633,0.04098764076548298,0.5216249668117312,0.584710386227519,0.08227442594385079,0.03523297214941149,0.053694391114337416,0.10672235563240522,0.23057595699219702,0.02725864349896644,0.21010675292174552,0.2529572695929024,0.5584476207750638,0.04900886559106046,0.010974187785142031,0.003117505631116353
learned,dataset,clean_enhancement_medium,B,random_forest,5,24000,0.03546730809161293,0.6100873426955253,0.080871315320227,0.5647602259236706,0.6830785033942456,0.06311386021811341,0.0375511446946102,0.036483752539478595,0.0946823609847908,0.5019921479460663,0.003953446672415953,0.5,0.5056030376645947,0.01067459258976997,0.016275485814775142,0.0,0.02539851897013807,0.04299786643725847,0.013072786361294749,0.03280694916424399,0.05319727182807325,0.5950931099733904,0.06145083004939911,0.01499423272213496,0.0016630301687143023
learned,dataset,clean_enhancement_medium,B+M,logistic,5,24000,0.03546730809161293,0.5584476207750638,0.049651248590641024,0.5239665854881089,0.6015539250999267,0.04900886559106046,0.021028373964760427,0.031822803362330725,0.06449738409969054,0.5414343972973799,0.024550352148594,0.5229105180734553,0.5616394191390178,0.08328910221016429,0.03388352700796323,0.05622188905547226,0.10855299167458879,0.1805191106871728,0.027172194535414824,0.1581871495085782,0.20127189652349364,0.5584476207750638,0.04900886559106046,0.0,0.0
learned,dataset,clean_enhancement_medium,B+M,random_forest,5,24000,0.03546730809161293,0.5950931099733904,0.07779606748461297,0.5424457781243854,0.664644721007025,0.06145083004939911,0.03635646974169657,0.035590345263178176,0.09225518780440427,0.5001189499051059,0.0002659800737337992,0.5,0.5003568497153175,0.0017817371937639197,0.003984085483295839,0.0,0.0053452115812917585,0.04123019342208016,0.01256028306369448,0.03171289135102937,0.05135187682490947,0.5950931099733904,0.06145083004939911,0.0,0.0
learned,dataset,clean_enhancement_medium,B+M+L,logistic,5,24000,0.03546730809161293,0.5620575598114013,0.05599507737532952,0.5221365452632056,0.6110625709927915,0.05087957725500477,0.023132756659500618,0.03257712596816005,0.06773715071372548,0.5406607153253751,0.016317775970186285,0.5284950720975756,0.5535936450477752,0.08516090893350307,0.0354961463691546,0.05623071377072819,0.11070822715722577,0.18017838292282615,0.02761480625470619,0.1573750571542048,0.201459851378462,0.5584476207750638,0.04900886559106046,0.0036099390363374395,0.0018707116639443064
learned,dataset,clean_enhancement_medium,B+M+L,random_forest,5,24000,0.03546730809161293,0.587916868660484,0.09321848842294898,0.5230079481969645,0.6720745079828118,0.060033235260623055,0.033378709340141345,0.03674061817533987,0.0872969901313555,0.4997696147446563,0.0005151570919620636,0.49930884423396904,0.5,0.0,0.0,0.0,0.0,0.040030831951240665,0.01220422295679489,0.030700281938473385,0.0499026310102289,0.5950931099733904,0.06145083004939911,-0.007176241312906395,-0.0014175947887760526
learned,dataset,clean_enhancement_medium,B+M+L+R,logistic,5,24000,0.03546730809161293,0.810618208007868,0.02029660861004447,0.7951770989412413,0.8282164358693945,0.19342027529142647,0.05827510267003936,0.14930740419831995,0.24020674856387947,0.7365239642749131,0.029842439635648983,0.7156976550350832,0.7598941175998712,0.1922704304442722,0.05680233497944345,0.13986777436548695,0.22560722005158168,0.14270686594490906,0.01653108831761664,0.13031209419054154,0.1563796994667827,0.5584476207750638,0.04900886559106046,0.25217058723280417,0.144411409700366
learned,dataset,clean_enhancement_medium,B+M+L+R,random_forest,5,24000,0.03546730809161293,0.8317985352001246,0.027221389401658417,0.8104599245746196,0.8523716273455577,0.18609290378833715,0.021385010135481965,0.16921660077813666,0.20296920679853764,0.5136323046767918,0.010533649191399546,0.5051222670362897,0.5217847007984922,0.05256056045423733,0.0390408629962102,0.02,0.0824514376505561,0.03475133428495279,0.011921438700894113,0.025290549595311664,0.043234329815363765,0.5950931099733904,0.06145083004939911,0.2367054252267342,0.12464207373893804
learned,dataset,clean_suppression_medium,B,logistic,5,24000,0.03379792982491971,0.5935246906622392,0.09005033883093741,0.5231350295340738,0.6639143517904049,0.05645072638063595,0.032498549458988696,0.030944353019753578,0.0819595649046973,0.5659532116433805,0.053882972036229035,0.5231942759738081,0.6087816064151443,0.08838505988350842,0.040791649943372754,0.053655060583445435,0.11662908714750461,0.22520000281954347,0.02678066972275101,0.20421111566099914,0.24618888997808783,0.570377763986236,0.05087804205237482,0.023146926676003265,0.005572684328261135
learned,dataset,clean_suppression_medium,B,random_forest,5,24000,0.03379792982491971,0.6345755513584626,0.07196378190610879,0.5786596612429289,0.6904914414739961,0.05776324844932714,0.026506819974868874,0.03607577425180645,0.0770938862832875,0.5028179325416181,0.005854107369135385,0.49966652484106283,0.5082450867877534,0.016276357577269373,0.02253603443324883,0.0018433179723502304,0.03617217003970175,0.042537782118372176,0.014429976366768734,0.030980850784251196,0.05323747984859314,0.6559581492185502,0.06308417893433274,-0.02138259786008767,-0.0053209304850056
learned,dataset,clean_suppression_medium,B+M,logistic,5,24000,0.03379792982491971,0.570377763986236,0.08184130913258003,0.5084990481195234,0.6345810772064268,0.05087804205237482,0.029055878037373598,0.027610576107622402,0.07327026639614284,0.5270642307955088,0.03200232398584297,0.5027487103586508,0.5514000639601464,0.07858475817158608,0.0454056331656176,0.045040043116951284,0.11592126345266332,0.16638845145422926,0.022777777407653906,0.14847486613839425,0.1829845984526754,0.570377763986236,0.05087804205237482,0.0,0.0
learned,dataset,clean_suppression_medium,B+M,random_forest,5,24000,0.03379792982491971,0.6559581492185502,0.06490481003212262,0.6016874044291463,0.7041228976556754,0.06308417893433274,0.025921614290077933,0.0413825215437527,0.08214409300282552,0.5004771181538757,0.0014284029965959985,0.4996555683122847,0.5017898453831141,0.004373897707231041,0.006071734355912501,0.0,0.009312169312169312,0.04033785831986262,0.013403212409891542,0.03001221871627858,0.05022965468054221,0.6559581492185502,0.06308417893433274,0.0,0.0
learned,dataset,clean_suppression_medium,B+M+L,logistic,5,24000,0.03379792982491971,0.5758398664185178,0.08231132713092723,0.5135096864529884,0.6408459150188588,0.05131906498532459,0.029526554650494613,0.028041417117108926,0.07403664609727491,0.5257771516072366,0.03636527748118107,0.49833200757225393,0.5560440562710522,0.07840220370067749,0.04750917930713089,0.04286107596803691,0.11694894966784367,0.16644892159571115,0.023718464512407125,0.147878330343869,0.18412743302559517,0.570377763986236,0.05087804205237482,0.005462102432281846,0.00044102293294977224
learned,dataset,clean_suppression_medium,B+M+L,random_forest,5,24000,0.03379792982491971,0.6449814065261888,0.06100502373877698,0.5978650498375565,0.6920977632148211,0.062137037951361475,0.027974340296777415,0.039147937334641156,0.08271275468256424,0.5003096882731564,0.0007657911434229329,0.4999234596249521,0.501005605194517,0.0020512820512820513,0.004586806107691877,0.0,0.006153846153846154,0.03896188934212943,0.013163944889205565,0.02878853472927747,0.04865631690746119,0.6559581492185502,0.06308417893433274,-0.010976742692361374,-0.000947140982971266
learned,dataset,clean_suppression_medium,B+M+L+R,logistic,5,24000,0.03379792982491971,0.8127495768757897,0.02750490814001904,0.7912880113529095,0.8342111423986701,0.20179635858452868,0.04164167024907247,0.17754057924724914,0.23908575562552908,0.7359671272843471,0.02888523194565939,0.7135453271474612,0.758388927421233,0.19749509817523578,0.06142486834813974,0.1429936158680796,0.23371873029220097,0.13332612044827674,0.012830472049281207,0.12423523891812786,0.1441145902941824,0.570377763986236,0.05087804205237482,0.24237181288955378,0.15091831653215387
learned,dataset,clean_suppression_medium,B+M+L+R,random_forest,5,24000,0.03379792982491971,0.8355651376629126,0.031828301212598935,0.8110380056781452,0.8600922696476797,0.16605863406369925,0.030947851450721885,0.13772090328424566,0.18567692658186305,0.5073624390839512,0.004747452701820973,0.5032195870619892,0.5109159123772571,0.030992964315747985,0.019725222561376477,0.013723399098356681,0.04540869565217391,0.03344896504925352,0.012229824303715674,0.02402942277068291,0.04221369038931041,0.6559581492185502,0.06308417893433274,0.1796069884443624,0.10297445512936651
learned,dataset,enhancement_success_medium,B,logistic,5,24000,0.03706309549338875,0.5726464348077555,0.06678242168859361,0.5246360339560512,0.6297423293986718,0.05463922824760936,0.028625109114804,0.03160879505780415,0.07635263823647269,0.5420990289346127,0.036179779328963116,0.5175808231525807,0.5750763861048999,0.08227778570504461,0.03646237725745857,0.05394992584297422,0.10781291131701379,0.2296837479689336,0.028486073616695657,0.2084175733454216,0.2531527062349241,0.5618788769381995,0.05131509838127061,0.010767557869555966,0.003324129866338753
learned,dataset,enhancement_success_medium,B,random_forest,5,24000,0.03706309549338875,0.6195788528143551,0.08451246460613646,0.5636013264342546,0.6965049148379592,0.06686557738214438,0.03674242565597951,0.040229107001251235,0.098161423770431,0.5022981832396165,0.0037416321872276864,0.5,0.5057413345722936,0.01113214328501258,0.016131103617533216,0.0,0.02524979034383611,0.04452790822516781,0.013924985713466129,0.033675594893442934,0.0554538776562008,0.602102038524967,0.06750997054117136,0.017476814289388076,-0.0006443931590269791
learned,dataset,enhancement_success_medium,B+M,logistic,5,24000,0.03706309549338875,0.5618788769381995,0.048953678935456525,0.5293196327048474,0.603074208683727,0.05131509838127061,0.02264184716802079,0.03300652814855047,0.06774964374079953,0.5376704089437906,0.01766424328807278,0.5241590506119,0.5506396499717386,0.08458022257072201,0.035717436047188744,0.05612905371694661,0.11116964742538438,0.17886601919303297,0.0276973849434835,0.15683781384629056,0.2001115745393501,0.5618788769381995,0.05131509838127061,0.0,0.0
learned,dataset,enhancement_success_medium,B+M,random_forest,5,24000,0.03706309549338875,0.602102038524967,0.08118926626655924,0.5510954881110939,0.6744384227422213,0.06750997054117136,0.03768254343945824,0.03949233850639523,0.0991494430137923,0.5003819126759478,0.0008539827048880398,0.5,0.5011457380278432,0.0025586353944562898,0.0057212826716412524,0.0,0.007675906183368869,0.04284836708112218,0.013226852833728158,0.032691814252676483,0.053629319487161174,0.602102038524967,0.06750997054117136,0.0,0.0
learned,dataset,enhancement_success_medium,B+M+L,logistic,5,24000,0.03706309549338875,0.5653820195068938,0.05619415504372363,0.5268370403410432,0.6135379376798233,0.05330659066288081,0.02483512568252308,0.03384946715439635,0.07262729207795705,0.5377377443897504,0.0162797325962851,0.524786969069756,0.5498928483390279,0.08490033081331654,0.03669322714261011,0.055815189705198345,0.1122312662488499,0.17856278347056964,0.028170964724021988,0.15607671722082578,0.20032929400485985,0.5618788769381995,0.05131509838127061,0.0035031425686943285,0.001991492281610198
learned,dataset,enhancement_success_medium,B+M+L,random_forest,5,24000,0.03706309549338875,0.6044420248555193,0.07367373641976767,0.5563240007933674,0.6706269452495397,0.0672441726064995,0.03951511343513531,0.03971484114341881,0.1004379971337396,0.49979458210296573,0.0004593283815636954,0.49938374630889715,0.5,0.0,0.0,0.0,0.0,0.04142180095672537,0.012968103031085431,0.03131901110849841,0.05199314670233063,0.602102038524967,0.06750997054117136,0.002339986330552324,-0.00026579793467186585
learned,dataset,enhancement_success_medium,B+M+L+R,logistic,5,24000,0.03706309549338875,0.8109362310914099,0.018500798120081582,0.7975267650677814,0.8252765100620462,0.2011849080999065,0.06512197170156218,0.15195857111206712,0.25126700009211744,0.7416936064331044,0.025312143332138742,0.722892656286027,0.761266933099992,0.20435502928029708,0.06505789352522194,0.14508675675481802,0.24008263785272752,0.14126448755919938,0.016706352495419585,0.1279965434388497,0.15600310950615076,0.5618788769381995,0.05131509838127061,0.2490573541532104,0.1498698097186359
learned,dataset,enhancement_success_medium,B+M+L+R,random_forest,5,24000,0.03706309549338875,0.8313561387945752,0.024057566450550696,0.813186712324962,0.8496561214879772,0.1914034357230312,0.027694783939029924,0.1706489462107937,0.21364537081828466,0.5164630124732484,0.01145488028229869,0.5077261485402886,0.5247712651753276,0.06252794341281634,0.04244049043204003,0.02929824561403509,0.09321656335840223,0.03601940036488438,0.012396188378169989,0.026116559857922383,0.0447955588104088,0.602102038524967,0.06750997054117136,0.22925410026960813,0.12389346518185984
learned,dataset,later_capability_damage_any_path,B,logistic,5,24000,0.07868551149756876,0.5990993049772821,0.03497695433048984,0.5756306369894909,0.6285723744278425,0.11513084683316518,0.01999813410354409,0.10268892092129175,0.13343414307139292,0.5724244884990247,0.029357167539439878,0.5500358266826193,0.5951424651153863,0.1748883520673818,0.013854284893757953,0.16429754959654655,0.1867663558539182,0.2403032301535621,0.005167819774748037,0.236229812634022,0.24434245467501187,0.6042529223660202,0.11435417105619361,-0.0051536173887380965,0.0007766757769715749
learned,dataset,later_capability_damage_any_path,B,random_forest,5,24000,0.07868551149756876,0.6956212851745276,0.027637030882181404,0.6741171485244476,0.7164154016842837,0.20710836445229708,0.030778848893530907,0.18203067444014015,0.2298288019926375,0.5103355036631461,0.013635338740004522,0.5016005427535234,0.5220307579379311,0.04158934546125023,0.05120165336595368,0.007713498622589532,0.08400639514153277,0.0789036835469061,0.0038563613720953445,0.07589792288055072,0.08187072076876847,0.6634821660726468,0.17829297149823747,0.03213911910188083,0.028815392954059604
learned,dataset,later_capability_damage_any_path,B+M,logistic,5,24000,0.07868551149756876,0.6042529223660202,0.035663761974935954,0.580127917372191,0.6352082426017186,0.11435417105619361,0.021585122652660438,0.102467654498278,0.1341495983563535,0.5740740271001495,0.027895337181953132,0.5558175201208252,0.597171834012679,0.17608004543480285,0.013246729537166229,0.16762249451837805,0.18829058046530864,0.23783593700017355,0.008341349834276719,0.23374274262495157,0.24533423370566135,0.6042529223660202,0.11435417105619361,0.0,0.0
learned,dataset,later_capability_damage_any_path,B+M,random_forest,5,24000,0.07868551149756876,0.6634821660726468,0.02383525724765941,0.6460817529766226,0.680434129394042,0.17829297149823747,0.028354703652052,0.15596868879350317,0.20061725420297177,0.500267664075736,0.0006774488680167728,0.4999180551761814,0.5008849370510268,0.001226993865030675,0.0027436416901837914,0.0,0.003680981595092025,0.07963151781223604,0.0034578783526581364,0.07689565687684682,0.08228716098104652,0.6634821660726468,0.17829297149823747,0.0,0.0
learned,dataset,later_capability_damage_any_path,B+M+L,logistic,5,24000,0.07868551149756876,0.6029348476956112,0.035945838583092304,0.5790651247978051,0.6342173465222486,0.11322970941395025,0.019927563576516844,0.10209075672816444,0.13140494764593763,0.571098556875255,0.028672788337819256,0.5519379453307734,0.5948157255309252,0.17441462761637033,0.013804230915055683,0.16480526931805578,0.1869322679965751,0.23796388298470247,0.008658238862350854,0.2336550488724453,0.24581595657639438,0.6042529223660202,0.11435417105619361,-0.0013180746704090085,-0.0011244616422433629
learned,dataset,later_capability_damage_any_path,B+M+L,random_forest,5,24000,0.07868551149756876,0.6602655352718086,0.022017787372293467,0.6428910924353881,0.677088509207112,0.17481906122065266,0.025338601209193654,0.1553038575133512,0.19433426492795408,0.5000175084985663,0.0005143744681395351,0.4995902758809069,0.500462249614792,0.0006153846153846154,0.0013760418323075629,0.0,0.001846153846153846,0.07852369756468994,0.0032782682327654033,0.07585332693354323,0.08109653178263787,0.6634821660726468,0.17829297149823747,-0.003216630800838116,-0.003473910277584813
learned,dataset,later_capability_damage_any_path,B+M+L+R,logistic,5,24000,0.07868551149756876,0.8590492544762871,0.006720066906029528,0.8536350953929344,0.8641293309262906,0.3975399740049126,0.014197054816571636,0.38572673632283033,0.4080747939898881,0.777749156901723,0.012453468898667485,0.7680292859245267,0.7879942057953082,0.3459070464182158,0.011682166538381404,0.33801853527292935,0.35588870488550706,0.16349375469234367,0.009480521037985249,0.1565170219679347,0.17089193557980753,0.6042529223660202,0.11435417105619361,0.25479633211026687,0.283185802948719
learned,dataset,later_capability_damage_any_path,B+M+L+R,random_forest,5,24000,0.07868551149756876,0.8491522563656042,0.007133344984617389,0.8437715979073701,0.8546989876341629,0.37966383897126316,0.011466602193162506,0.3710805956208313,0.3882578568320942,0.6066850103899071,0.010895361702060215,0.5983224162525136,0.6150476045273007,0.3184251372191571,0.021571806111862477,0.3015423796099127,0.3353078948284014,0.06488714281451854,0.0029812332466361835,0.06275150772765806,0.06737156181430295,0.6634821660726468,0.17829297149823747,0.18567009029295745,0.20137086747302568
learned,dataset,later_clean_any_path,B,logistic,5,24000,0.09860623424626294,0.5918774097773986,0.09488408346972299,0.5192663915438098,0.6686003474018924,0.14656305265992248,0.08123789387876744,0.0781685230993638,0.20915483584403477,0.5555557707960016,0.07503200086680721,0.4956905650127419,0.6172186513800175,0.204486570637409,0.10386292128847559,0.11355513210785298,0.27575594813227255,0.22884180268132276,0.027919686448456778,0.20814896128944635,0.25174701623140583,0.5749454207584141,0.1401035664139838,0.016931989018984406,0.006459486245938673
learned,dataset,later_clean_any_path,B,random_forest,5,24000,0.09860623424626294,0.6564248596251374,0.07145286107841428,0.61085153159785,0.7207687507993621,0.17871018824164459,0.09442546572815634,0.10210012182709774,0.25232869154250936,0.5344730628230969,0.0325012908662358,0.5115633671792198,0.5624398444424683,0.1373864660699478,0.09801547033727873,0.06442251916192769,0.2194746778792937,0.10321589898320079,0.029840435107465847,0.0805638520489896,0.12586794591741196,0.6552360519918723,0.1828889121173564,0.001188807633265121,-0.004178723875711804
learned,dataset,later_clean_any_path,B+M,logistic,5,24000,0.09860623424626294,0.5749454207584141,0.08927556476423491,0.5047788622600862,0.6503520492105949,0.1401035664139838,0.07763873729519871,0.07718281213058978,0.19776683162878395,0.5238615248772083,0.03737079643013909,0.49168336786411204,0.5499598798941788,0.156915286683348,0.08273531915023381,0.09339129278830176,0.22018886859595072,0.1830993152566127,0.02897837349156331,0.1600495625459781,0.20525506580320035,0.5749454207584141,0.1401035664139838,0.0,0.0
learned,dataset,later_clean_any_path,B+M,random_forest,5,24000,0.09860623424626294,0.6552360519918723,0.06313454070648333,0.6152851347166646,0.7114224773608295,0.1828889121173564,0.09283394562430836,0.10524658232146918,0.2556426288721873,0.525881700470574,0.02649598383100935,0.5090069185454902,0.5492773843002252,0.10821793387323682,0.0885245913274545,0.04504443567397346,0.18550862159834008,0.09962125083329212,0.02924163669614388,0.07742133734455878,0.12198536280225418,0.6552360519918723,0.1828889121173564,0.0,0.0
learned,dataset,later_clean_any_path,B+M+L,logistic,5,24000,0.09860623424626294,0.5788835678722577,0.08819533181890042,0.5114166200351217,0.6536054013267357,0.14155272203390126,0.0781402891886222,0.07760925192258113,0.19953183387992776,0.5209194358161741,0.04137651361501395,0.4846465688075221,0.5490286118751897,0.15565666771175402,0.08348781830544401,0.09176972526497383,0.21898320797022786,0.18311433811700323,0.029289710194163165,0.16033614206018368,0.20579102408181763,0.5749454207584141,0.1401035664139838,0.003938147113843549,0.0014491556199174582
learned,dataset,later_clean_any_path,B+M+L,random_forest,5,24000,0.09860623424626294,0.6549017287016689,0.06613740085459999,0.6156974586508068,0.7151151134517246,0.18264481907702113,0.09482418682475753,0.10420835030460725,0.256070395697833,0.5202754890359588,0.023323658607992626,0.5034658314784719,0.5402218369557461,0.08771929982971735,0.08613938359780364,0.021648850450801588,0.15579219746071593,0.09789848369737707,0.02914394538438346,0.07579813736759737,0.12014272173756498,0.6552360519918723,0.1828889121173564,-0.0003343232902034421,-0.0002440930403352637
learned,dataset,later_clean_any_path,B+M+L+R,logistic,5,24000,0.09860623424626294,0.5833963652341249,0.08545766944679627,0.5189377070820635,0.6575547667851662,0.14685232846443363,0.08426348619157223,0.07961916059262525,0.2111282082189816,0.5276280612241037,0.043951307738954906,0.4904693201700422,0.5590996471423206,0.16537205690017934,0.09421530533154363,0.09234394307139938,0.23840017072895936,0.18275275260364854,0.030104655980797562,0.15950967326328844,0.20599583194400864,0.5749454207584141,0.1401035664139838,0.008450944475710709,0.00674876205044983
learned,dataset,later_clean_any_path,B+M+L+R,random_forest,5,24000,0.09860623424626294,0.7940052967869294,0.04148598059103523,0.7609927970659213,0.8270177965079377,0.30460696346326605,0.08262251869508266,0.2423346842711584,0.36886206531495497,0.548421154684819,0.02833228884633328,0.5289074371964791,0.5725991487048911,0.17561035941238837,0.0873453491724717,0.1109693174476237,0.24935797926147812,0.08520662048350934,0.029769639669158476,0.06308794446397892,0.10732529650303976,0.6552360519918723,0.1828889121173564,0.13876924479505715,0.12171805134590966
learned,dataset,later_clean_enhancement_path,B,logistic,5,24000,0.05067197151690299,0.5657866306171636,0.07898231203729535,0.5068496096029125,0.6322411994842717,0.07236279486521505,0.039877704214537776,0.03897593895491486,0.10258659057345328,0.5465085886833545,0.03811775583545567,0.5209105703888884,0.5811204113117636,0.1107743986421248,0.053215477060944365,0.06799215215767121,0.1499634561489878,0.23061582583828305,0.02874929307232019,0.20950877381973027,0.2550652728974986,0.549454842272894,0.07224669550638134,0.016331788344269627,0.00011609935883370726
learned,dataset,later_clean_enhancement_path,B,random_forest,5,24000,0.05067197151690299,0.619191792726249,0.08149795559877461,0.5726105221475969,0.6936631948282238,0.09250042343074123,0.056912826671866514,0.053210686371238256,0.1377689826533284,0.5039635434233671,0.005739007603799512,0.5001887139832458,0.5091317126084975,0.018721181223385938,0.026569374677105583,0.0013698630136986301,0.0425301451052524,0.05751269196917043,0.018903178154046945,0.04371779167667088,0.07114665256284367,0.6018181968003098,0.08799978730568772,0.017373595925939234,0.0045006361250535115
learned,dataset,later_clean_enhancement_path,B+M,logistic,5,24000,0.05067197151690299,0.549454842272894,0.06815090701871412,0.503011108636069,0.6077082921002505,0.07224669550638134,0.03898142415627926,0.04210069307453694,0.1017685567935233,0.5275930041742783,0.021552076455853327,0.5148024460652817,0.5466181943784141,0.10732046566345513,0.05771760109669044,0.061866491717237994,0.1522467883588273,0.18063447511637737,0.03728285305896693,0.14942126707578482,0.20843508510643932,0.549454842272894,0.07224669550638134,0.0,0.0
learned,dataset,later_clean_enhancement_path,B+M,random_forest,5,24000,0.05067197151690299,0.6018181968003098,0.0761010988518656,0.5584087030108871,0.6690269846459713,0.08799978730568772,0.05352417098235755,0.04946568178751695,0.13119384206950624,0.5014172811391985,0.0031691369704761395,0.5,0.5042518434175955,0.008163265306122448,0.018253616142855426,0.0,0.024489795918367346,0.056171428228039846,0.018687563321556088,0.04249209008039002,0.07026213467365225,0.6018181968003098,0.08799978730568772,0.0,0.0
learned,dataset,later_clean_enhancement_path,B+M+L,logistic,5,24000,0.05067197151690299,0.5544968493732856,0.06944625130062326,0.5060505015305612,0.613587486236406,0.07394715145801005,0.03986810148433637,0.04304813877194029,0.10383303289902683,0.5330882955128031,0.023779520855825173,0.5190871281135486,0.5540247021305716,0.11325954983010203,0.06121370461926346,0.06425914407233277,0.16249467858663263,0.18038623757670844,0.037434583608232076,0.1488189197411081,0.20861981721852998,0.549454842272894,0.07224669550638134,0.005042007100391599,0.0017004559516287099
learned,dataset,later_clean_enhancement_path,B+M+L,random_forest,5,24000,0.05067197151690299,0.6120857897643315,0.07008453506368556,0.5738330285935244,0.6751609431565024,0.08838397182722527,0.0507893013245698,0.053514336291564754,0.1297938881799801,0.5013010783965465,0.0030414692316872048,0.49985994397759104,0.5040432912120483,0.007228915662650602,0.016164346825299682,0.0,0.021686746987951804,0.054983949680397236,0.018787918468828557,0.04121789301084942,0.06907150446443483,0.6018181968003098,0.08799978730568772,0.010267592964021688,0.000384184521537545
learned,dataset,later_clean_enhancement_path,B+M+L+R,logistic,5,24000,0.05067197151690299,0.8043300803631179,0.011128040778375177,0.7957141772718129,0.812926188725924,0.25796542767917224,0.08512537041124833,0.19135598966783335,0.32041104353309413,0.7363737082656424,0.021164880785431564,0.7187319656270141,0.7519271750238558,0.2518283046606947,0.0882985795300283,0.173626427953458,0.3068438427519352,0.14374019959787407,0.023268899349195134,0.12632727837116772,0.1626104308306337,0.549454842272894,0.07224669550638134,0.25487523809022394,0.1857187321727909
learned,dataset,later_clean_enhancement_path,B+M+L+R,random_forest,5,24000,0.05067197151690299,0.8370571413809254,0.018667883805369077,0.8229356410487279,0.8509857738540763,0.27342748903658315,0.051882231996585274,0.23214589439915262,0.31470908367401373,0.5512367813200312,0.026053627861876694,0.5272574896306312,0.5661044538612711,0.1714059475268222,0.08475846363695783,0.09460016867556331,0.21985060301297832,0.04592989374401463,0.016491979797474257,0.033082197840935176,0.05786811740543294,0.6018181968003098,0.08799978730568772,0.23523894458061556,0.18542770173089543
learned,dataset,later_clean_suppression_path,B,logistic,5,24000,0.050262873451857606,0.6003008498635869,0.0934633878316612,0.5295428361452806,0.6746476723600906,0.08115935394349887,0.043627425982630974,0.04451192318043631,0.11357876622706935,0.5599833958913332,0.06226377396168448,0.5132533016809795,0.6100301837141189,0.12137959802437992,0.0570629862212755,0.07115026103699505,0.15724953553786272,0.2257841265009687,0.03077786788487478,0.20229343182746984,0.24998864550070551,0.5785400228872413,0.07344117694111504,0.021760826976345626,0.007718177002383822
learned,dataset,later_clean_suppression_path,B,random_forest,5,24000,0.050262873451857606,0.6527940337593681,0.07190908290005182,0.6007033545817417,0.7152398708510406,0.0983135534431466,0.05221452000452533,0.05896682656502546,0.14205352324109333,0.5022860188132899,0.007487783987508041,0.497369464054343,0.5092573990250168,0.0177572269086965,0.02630435972242986,0.0011267605633802818,0.04153319008072478,0.05801245874358594,0.020552667378752262,0.04228158244672607,0.07374333504044579,0.6690046059849877,0.1024865590260688,-0.016210572225619613,-0.004173005582922204
learned,dataset,later_clean_suppression_path,B+M,logistic,5,24000,0.050262873451857606,0.5785400228872413,0.08955668279349939,0.5116023334341836,0.6492495242591452,0.07344117694111504,0.037459746343417415,0.040584178953760444,0.09973138036758891,0.5145406902873858,0.039084712635493714,0.4792915564526896,0.5409683176134665,0.09719129270567478,0.05265008071691432,0.054912833183086394,0.1359926377137602,0.16309647967866908,0.02570138753035598,0.14419899257898322,0.18223874542145785,0.5785400228872413,0.07344117694111504,0.0,0.0
learned,dataset,later_clean_suppression_path,B+M,random_forest,5,24000,0.050262873451857606,0.6690046059849877,0.06945771999915443,0.6169905214540916,0.7269133220975734,0.1024865590260688,0.05427815814057532,0.060050527471446326,0.1473262004433853,0.4993504025331076,0.0007996306020032325,0.49869399254976726,0.499872975547793,0.0012084592145015106,0.002702196951661377,0.0,0.003625377643504532,0.05596973865997551,0.019050087888187427,0.041433111625775745,0.07050636569417526,0.6690046059849877,0.1024865590260688,0.0,0.0
learned,dataset,later_clean_suppression_path,B+M+L,logistic,5,24000,0.050262873451857606,0.583268909432166,0.08933979664075972,0.5162547872510028,0.653484368348513,0.0739361268949884,0.03807953104195168,0.040793204869528324,0.10081418569718363,0.5124915437519191,0.0428173526729922,0.47481130376314057,0.5391694760555874,0.09674975539089989,0.053382152516205914,0.05418075147168494,0.13611735008272136,0.16321523439782407,0.026454996787673837,0.1438569239104058,0.18369180832849774,0.5785400228872413,0.07344117694111504,0.00472888654492476,0.0004949499538733498
learned,dataset,later_clean_suppression_path,B+M+L,random_forest,5,24000,0.050262873451857606,0.6598983483185167,0.07137889377513099,0.6073389753045841,0.718963616877894,0.10222581730411244,0.05074020293067512,0.06234713523269665,0.14203921065640635,0.4996115593719752,0.00046802209754563315,0.4992214984896039,0.49993457210154413,0.0012345679012345679,0.0027605777499997404,0.0,0.0037037037037037034,0.054906126627619754,0.01909301800501819,0.04026383591943358,0.06954841733580593,0.6690046059849877,0.1024865590260688,-0.009106257666470996,-0.0002607417219563646
learned,dataset,later_clean_suppression_path,B+M+L+R,logistic,5,24000,0.050262873451857606,0.8323259854213612,0.021753456433803327,0.8159841481417892,0.850047784384542,0.30086787490603784,0.054979809571021075,0.2550584607604307,0.342318241262898,0.7484784225635301,0.02218271084990427,0.7326570274820818,0.7669414703934377,0.2798054329693941,0.09677275383215785,0.19496217268147703,0.33194872063793035,0.12603831568550897,0.015571547655187042,0.11468729545199714,0.13777679497402973,0.5785400228872413,0.07344117694111504,0.2537859625341199,0.2274266979649228
learned,dataset,later_clean_suppression_path,B+M+L+R,random_forest,5,24000,0.050262873451857606,0.8586026767441796,0.024405843952456978,0.8398181386104586,0.8773872148779006,0.28026262815340647,0.0712270294523078,0.2174883160172348,0.3318338331969285,0.5548353508623368,0.034826270667729836,0.5293822606001146,0.58267996094593,0.17880326981601438,0.10117368838661883,0.1006526847688776,0.2544255908903622,0.04518469153627482,0.017000264729836838,0.032428556928929854,0.057940826143619784,0.6690046059849877,0.1024865590260688,0.18959807075919188,0.17777606912733768
learned,dataset,later_enhancement_path,B,logistic,5,24000,0.0529268748329955,0.5697572413681938,0.07952570058143976,0.5079486040207435,0.6366093117204032,0.07667467986496229,0.04175546233889954,0.04208724182650788,0.1080784894616397,0.5411774569382034,0.04971403587386398,0.5051284032531758,0.5813805262385097,0.11524727414700867,0.0593743024018856,0.06662185994259937,0.15862000383115238,0.2298782827561426,0.02964524702678979,0.2082857569203212,0.25525394002358787,0.5533178883333738,0.07586662100865951,0.016439353034820026,0.0008080588563027791
learned,dataset,later_enhancement_path,B,random_forest,5,24000,0.0529268748329955,0.6182882273849355,0.08793633491926647,0.5635693530624828,0.6975083126860764,0.09617399903339235,0.05641480533855314,0.05734759112754596,0.14079020470393105,0.5041582142274127,0.003951941362287695,0.5010570717080856,0.5072593567467398,0.02066959050341343,0.020929318682091625,0.004615384615384616,0.03822405782137325,0.05985707803069109,0.01951754956000032,0.0458336625095311,0.07420819347059207,0.6057023551310863,0.09534674437547326,0.012585872253849217,0.0008272546579190937
learned,dataset,later_enhancement_path,B+M,logistic,5,24000,0.0529268748329955,0.5533178883333738,0.06801067591086553,0.5033896684075813,0.6122468673343927,0.07586662100865951,0.03917301316137325,0.044350772218419765,0.10559241454684351,0.5302678297322208,0.018810218117220497,0.5160973796583622,0.5459265666187082,0.11329195770530538,0.05572927113341385,0.06808705612829323,0.15352108635533218,0.1788941932828922,0.03724421641936794,0.14755717433637083,0.2068212628637074,0.5533178883333738,0.07586662100865951,0.0,0.0
learned,dataset,later_enhancement_path,B+M,random_forest,5,24000,0.0529268748329955,0.6057023551310863,0.07623388137872299,0.5591434293283891,0.6744708860195232,0.09534674437547326,0.0564951554392726,0.05422384079916359,0.13914869351990847,0.5011693943474012,0.002690040928256103,0.4999199573105656,0.5035882257316378,0.0076712328767123295,0.017153398183560032,0.0,0.023013698630136987,0.05834981717831952,0.01980188907713534,0.04395936613000762,0.07389594113681872,0.6057023551310863,0.09534674437547326,0.0,0.0
learned,dataset,later_enhancement_path,B+M+L,logistic,5,24000,0.0529268748329955,0.557256177019649,0.07014575118988885,0.5060577494428694,0.6181328421257243,0.07702875353416079,0.04053392691956125,0.04395645051440335,0.10821027006187844,0.5320117015526474,0.024932414737283876,0.5138620414469871,0.5534434862113459,0.11700820867657465,0.06191003176875209,0.06753989045010718,0.16310897241037772,0.17864073291610316,0.03737581983309141,0.146996636002055,0.20694220493603574,0.5533178883333738,0.07586662100865951,0.003938288686275215,0.0011621325255012777
learned,dataset,later_enhancement_path,B+M+L,random_forest,5,24000,0.0529268748329955,0.6004079698052984,0.08104656563545562,0.5486791838661373,0.6733552473979983,0.10018181954623906,0.06453032585996105,0.055072222837340555,0.15308157098113662,0.5002378422103029,0.0005318313501559286,0.5,0.5007135266309085,0.003428571428571429,0.007666518779999279,0.0,0.010285714285714287,0.05693457374232663,0.019252677259534064,0.042885270973303316,0.07177918552437643,0.6057023551310863,0.09534674437547326,-0.005294385325787854,0.0048350751707657985
learned,dataset,later_enhancement_path,B+M+L+R,logistic,5,24000,0.0529268748329955,0.801006280070995,0.007919246517304662,0.7958421243789806,0.8075961084163582,0.26630378567035884,0.0924601404174927,0.1934814318859333,0.3341662558478324,0.737555241621388,0.02064487097150243,0.720468968589114,0.7530224231824709,0.2624401548064454,0.09162925922329149,0.18110513215597962,0.31803405713595145,0.14249469410810994,0.022744558868936553,0.1249183415985549,0.16071200349168066,0.5533178883333738,0.07586662100865951,0.24768839173762114,0.19043716466169933
learned,dataset,later_enhancement_path,B+M+L+R,random_forest,5,24000,0.0529268748329955,0.836392390383964,0.01681514657326663,0.8240295572694241,0.8505238293448517,0.2746344931752386,0.06364973759763676,0.22446042502500313,0.32480856132547403,0.5515768288985434,0.024521053538739197,0.529868983690738,0.5672734181220294,0.17398419132554072,0.07910589572120544,0.10437197211390759,0.22606026532311674,0.047469256259677364,0.01682599691395958,0.03448470702760177,0.05966571532405694,0.6057023551310863,0.09534674437547326,0.23069003525287768,0.17928774879976533
learned,dataset,later_neighbor_damage_any_path,B,logistic,5,24000,0.0717747997009662,0.6135014034247512,0.07308279940716265,0.5587454964407563,0.6682573104087461,0.11503531189493896,0.05161247977966204,0.0764522626053456,0.15350703223121065,0.5621804450774847,0.06193583800639922,0.5140851166116418,0.6102757735433275,0.1576294246151942,0.06236614314608914,0.10761706686834309,0.19903241517497933,0.2311503712100503,0.037796515126205014,0.20390874870969897,0.2642844670967187,0.607482035901836,0.11162858013069203,0.006019367522915209,0.003406731764246926
learned,dataset,later_neighbor_damage_any_path,B,random_forest,5,24000,0.0717747997009662,0.6193886726097425,0.04994492424812702,0.5825290913637625,0.662541108467549,0.10431630864596293,0.03055044115954749,0.07876842700207272,0.12456875209592273,0.5019454439164791,0.004027856907502792,0.5,0.5055998965474597,0.016122425521687793,0.03278719687415455,0.0,0.045957638010846506,0.07830691184133617,0.02738457376217563,0.05775363419563666,0.100661221494365,0.6077844010624306,0.10148191155390225,0.011604271547311917,0.002834397092060681
learned,dataset,later_neighbor_damage_any_path,B+M,logistic,5,24000,0.0717747997009662,0.607482035901836,0.07471934229152236,0.5505668645755196,0.6643972072281523,0.11162858013069203,0.049655135452523445,0.07451240389922106,0.147258916707528,0.5500946351857128,0.043211630374566934,0.5157917766682769,0.5843974937031484,0.16028632035818374,0.05835980569121636,0.111688584884281,0.19693822002312,0.19801300610061048,0.05417650076778817,0.15793816388349996,0.2424553408315108,0.607482035901836,0.11162858013069203,0.0,0.0
learned,dataset,later_neighbor_damage_any_path,B+M,random_forest,5,24000,0.0717747997009662,0.6077844010624306,0.03692836275034503,0.5786446336430805,0.635679438933682,0.10148191155390225,0.03992578179634624,0.0703059087650119,0.131695609939318,0.5007734614679362,0.0017295124202820142,0.5,0.5023203844038086,0.010810810810810811,0.024173707864862594,0.0,0.032432432432432434,0.07607760453634413,0.02825392734268504,0.054999404230000784,0.10001526000738906,0.6077844010624306,0.10148191155390225,0.0,0.0
learned,dataset,later_neighbor_damage_any_path,B+M+L,logistic,5,24000,0.0717747997009662,0.6064357728635654,0.07041604318896724,0.5524579336688122,0.6604136120583186,0.11138517655350241,0.04843190161929724,0.0738216109965561,0.1464031553298173,0.5529665900822104,0.045232744026967336,0.5175373917738428,0.5883957883905779,0.1626078931368741,0.06132183900261914,0.11317545928255376,0.20269705248773345,0.19773078626145918,0.054549700091578855,0.15720024022553658,0.24159840662408497,0.607482035901836,0.11162858013069203,-0.0010462630382706006,-0.0002434035771896187
learned,dataset,later_neighbor_damage_any_path,B+M+L,random_forest,5,24000,0.0717747997009662,0.6126617366051187,0.038811911900363066,0.5816527878389767,0.6417768004373842,0.10356912991439926,0.042473989337518,0.0704889558833857,0.1356949845389704,0.5007522296128618,0.0016820365490473077,0.5,0.5022566888385853,0.00909090909090909,0.020327890704543543,0.0,0.02727272727272727,0.07484434948760002,0.02753556613701684,0.05398387704665388,0.09802558754156243,0.6077844010624306,0.10148191155390225,0.004877335542688099,0.002087218360497009
learned,dataset,later_neighbor_damage_any_path,B+M+L+R,logistic,5,24000,0.0717747997009662,0.8321714624155632,0.02883442116971457,0.8105834937893306,0.8559915086524178,0.3488993892509881,0.1243386484129848,0.25150188485073605,0.42475804648643417,0.748930943411277,0.030674487808260785,0.7236440519922847,0.7735085719422479,0.3190090543632005,0.08778484366190316,0.24621272389282223,0.38025270859543053,0.1479864350767934,0.03256715392848613,0.12343274753157077,0.17327321897357764,0.607482035901836,0.11162858013069203,0.22468942651372714,0.23727080912029608
learned,dataset,later_neighbor_damage_any_path,B+M+L+R,random_forest,5,24000,0.0717747997009662,0.8420773633739984,0.02812309021568947,0.8218475133995934,0.8658560318217889,0.34617218790721244,0.07285433643819848,0.284250187153826,0.3951995458860321,0.5812170071901553,0.0321247007170823,0.5566736613700444,0.6061494122129993,0.25645466133905803,0.08327634022944694,0.19201702686961494,0.3191898776816354,0.05958719767099555,0.020515318464762903,0.044200107422540755,0.0756479224717652,0.6077844010624306,0.10148191155390225,0.23429296231156782,0.2446902763533102
learned,dataset,later_suppression_path,B,logistic,5,24000,0.05402196070947768,0.6020887397525325,0.09407145284151072,0.5309694383904087,0.6773639296096453,0.09008560248975614,0.05132096097766378,0.04803621057189621,0.12926249472422485,0.5605810869151895,0.06326235413108161,0.5129197465190751,0.6126180375299715,0.12889983620163709,0.06072683956296993,0.07454920133946256,0.16946799863404405,0.2247721121032617,0.031852997025008024,0.20050734177596707,0.2497642814194859,0.5808053181057334,0.08046227264664245,0.021283421646799083,0.00962332984311369
learned,dataset,later_suppression_path,B,random_forest,5,24000,0.05402196070947768,0.6479402989780917,0.07781371457250792,0.5889489681528547,0.7110049476916436,0.10693864836913333,0.0635545737381183,0.06012510167418862,0.16182773392452302,0.504339450308523,0.012238867655848324,0.4968810059317897,0.5157486724968895,0.0253408226177808,0.04233083808629843,0.0010443864229765013,0.06401274825154188,0.061434684365564284,0.022248154469889796,0.04438474568764021,0.07848462304348836,0.6603528073384113,0.10766233290020939,-0.012412508360319596,-0.0007236845310760603
learned,dataset,later_suppression_path,B+M,logistic,5,24000,0.05402196070947768,0.5808053181057334,0.09109213570884496,0.5133462675454556,0.6534844838582845,0.08046227264664245,0.04279292234980609,0.04357416476948272,0.11073813267023307,0.5161299615058771,0.04055478565672427,0.48205583270101027,0.5412142284748661,0.10406769668847013,0.05602037196558276,0.058856067487849814,0.14460709445695144,0.16022868724127734,0.027207772307967087,0.13964739534858378,0.18080997913397087,0.5808053181057334,0.08046227264664245,0.0,0.0
learned,dataset,later_suppression_path,B+M,random_forest,5,24000,0.05402196070947768,0.6603528073384113,0.0749009820650406,0.6040537616185075,0.7223530935785821,0.10766233290020939,0.06212948928603615,0.060681770146206654,0.15990394518890058,0.4994924928404906,0.0014355760077788221,0.4981868497916899,0.5003439620631152,0.002317213646930697,0.0031768563167347778,0.0,0.004723228684524682,0.059337450361677854,0.02104081991680973,0.04323013538080818,0.07544476534254752,0.6603528073384113,0.10766233290020939,0.0,0.0
learned,dataset,later_suppression_path,B+M+L,logistic,5,24000,0.05402196070947768,0.5844741637923384,0.090773400084296,0.5169935835883287,0.6570616608451516,0.0801875003087575,0.0423038871581111,0.04401637231072218,0.1090226246436837,0.5123789155551401,0.04317765057798394,0.4734240911838401,0.5382809826684664,0.10094220566950021,0.054279702652283615,0.05871044823374129,0.13876578971298142,0.16036942156239792,0.0277563142904869,0.13949479657550654,0.18124404654928927,0.5808053181057334,0.08046227264664245,0.0036688456866049712,-0.0002747723378849487
learned,dataset,later_suppression_path,B+M+L,random_forest,5,24000,0.05402196070947768,0.6654194440050442,0.07563129223294317,0.6079549522662437,0.7269546240941516,0.10949387919129336,0.05490840522703926,0.06706035064199375,0.1538644674847756,0.49937289790678996,0.0009321053057329847,0.4985406902916476,0.5,0.0011396011396011397,0.002548225615384376,0.0,0.0034188034188034192,0.057827584171596266,0.020920295642117573,0.04186573279602628,0.07378943554716626,0.6603528073384113,0.10766233290020939,0.005066636666632873,0.0018315462910839658
learned,dataset,later_suppression_path,B+M+L+R,logistic,5,24000,0.05402196070947768,0.8339135002168823,0.021938619748399203,0.8193125002127518,0.8527608095283622,0.31893114582006854,0.06811007278405862,0.2605482582856591,0.36555373054817103,0.7521509350551072,0.017809478111234126,0.7387572425967031,0.7666841426794668,0.2986978604331914,0.10720639288670095,0.20553585637841973,0.35740078461422964,0.1234671441834539,0.016483483088201644,0.11098200187490263,0.13569346167067833,0.5808053181057334,0.08046227264664245,0.2531081821111488,0.23846887317342608
learned,dataset,later_suppression_path,B+M+L+R,random_forest,5,24000,0.05402196070947768,0.857938148670977,0.025009981572926533,0.8375283390703439,0.8768681666513801,0.30451936430591087,0.07396800209305159,0.2402491105149457,0.3562188363280261,0.5733369816200201,0.03729685737650509,0.5466803614732945,0.6056658596603463,0.22940395080792655,0.09940887380421527,0.15595850131001532,0.3074105507660696,0.04740803742703127,0.018309643075591298,0.0336518719386157,0.06116420291544683,0.6603528073384113,0.10766233290020939,0.19758534133256567,0.1968570314057015
learned,dataset,later_target_any_path,B,logistic,5,24000,0.10438406828080245,0.5942636154264938,0.09858663384847403,0.5172805291411282,0.6738113305520894,0.15834291565357456,0.0902331944170869,0.08283767566180789,0.2276302477904661,0.5557420672469539,0.08031949915819593,0.4877016171728494,0.6203803249606014,0.2149535023183633,0.11190960785559495,0.11810472392747413,0.2914963327247545,0.22776223512409435,0.028710846211847444,0.20629225825928285,0.25098233410460213,0.578441710489958,0.14995885189487534,0.01582190493653579,0.008384063758699212
learned,dataset,later_target_any_path,B,random_forest,5,24000,0.10438406828080245,0.6601453848824204,0.07880718352627697,0.6071216365248688,0.731732057780724,0.20136625766036437,0.11704885917971841,0.11271707548591628,0.29637225977373644,0.5338354482674207,0.03342587671653776,0.5123133750819185,0.5634924666894181,0.1388762210845674,0.10113771866072555,0.06773679747732128,0.22474884640738296,0.10608437376580952,0.03196199876097166,0.08186156231406054,0.13030718521755852,0.6558682997774852,0.19705080806338082,0.0042770851049351855,0.004315449596983545
learned,dataset,later_target_any_path,B+M,logistic,5,24000,0.10438406828080245,0.578441710489958,0.09239043995695531,0.5048269330645005,0.6563325526151542,0.14995885189487534,0.08420018407423173,0.08085172571569185,0.2121553303411753,0.5235449263891905,0.03809448178691889,0.49009753868671585,0.5493202707347737,0.16150114181737626,0.08359081872063276,0.09440275374115299,0.22421779040132628,0.18138682867350125,0.030145445012212543,0.15710527141264868,0.20435932259733555,0.578441710489958,0.14995885189487534,0.0,0.0
learned,dataset,later_target_any_path,B+M,random_forest,5,24000,0.10438406828080245,0.6558682997774852,0.06494439677252976,0.6186499757893775,0.7151404301224111,0.19705080806338082,0.10338137707038574,0.11288457437054933,0.279220696627248,0.527549625625727,0.030500659546754533,0.5068971585458739,0.5536195466217742,0.11372769694181625,0.10304182724875695,0.03728543258634709,0.20045750191849257,0.10287175279889609,0.03098306974420172,0.07964062118329285,0.12728776063930253,0.6558682997774852,0.19705080806338082,0.0,0.0
learned,dataset,later_target_any_path,B+M+L,logistic,5,24000,0.10438406828080245,0.5812022478228787,0.0918771874876909,0.510148746734675,0.6592909565128229,0.15118595437857438,0.08514939143553994,0.08074075421056148,0.21451086694078575,0.5248415066493983,0.042219986887671,0.48861648441053773,0.5530803583457679,0.1662126992146027,0.08874229424657261,0.09605318124811066,0.23311035929835752,0.18145170751781667,0.030406662891101364,0.15742318323800433,0.2048789570126452,0.578441710489958,0.14995885189487534,0.0027605373329206984,0.001227102483699033
learned,dataset,later_target_any_path,B+M+L,random_forest,5,24000,0.10438406828080245,0.6490268644408397,0.07115589936786325,0.609976257462147,0.714747528160965,0.1965403937726887,0.10900591155720094,0.11225996317137465,0.2838530058136275,0.5254813487071873,0.030804066468646602,0.5072160830733221,0.5525846446488571,0.107345466169491,0.10079769556807565,0.03799008932234953,0.19225061884294714,0.10140984442590857,0.03106517455589072,0.07793369673069703,0.12569108563472012,0.6558682997774852,0.19705080806338082,-0.006841435336645496,-0.0005104142906921239
learned,dataset,later_target_any_path,B+M+L+R,logistic,5,24000,0.10438406828080245,0.5809338825395874,0.08982912174510585,0.5119870050823112,0.6583593970452742,0.15409000396793168,0.08894259179487934,0.08108286667239055,0.22211149349190654,0.529423019655297,0.04065383687229779,0.4955112600743627,0.5588012130847553,0.1711968478077206,0.09417510620880082,0.09860443552075494,0.24378926009468627,0.1814603835908318,0.030992458659597603,0.1569633831656979,0.20524436358678141,0.578441710489958,0.14995885189487534,0.002492172049629482,0.004131152073056338
learned,dataset,later_target_any_path,B+M+L+R,random_forest,5,24000,0.10438406828080245,0.7939017836409132,0.03700942015324913,0.7661074010983887,0.8246584299130572,0.32038772957784,0.09911794389516883,0.238317047056355,0.39616885728150325,0.5580183789211725,0.03401512187916927,0.5338799867425469,0.587012639935959,0.20368849213029216,0.10042390299339982,0.12775833215305,0.28374462780092513,0.08797803210179397,0.030768106447973165,0.06511026273009761,0.11098801976166703,0.6558682997774852,0.19705080806338082,0.13803348386342806,0.12333692151445919
learned,dataset,suppression_success_medium,B,logistic,5,24000,0.036807002275516164,0.5976680008342815,0.0931467144816624,0.5250119363264538,0.6703240653421093,0.06368717187255077,0.036988554493264124,0.03354097269771132,0.09304131194987537,0.5655035600149031,0.06055992529105753,0.5213618482898253,0.6145329752665538,0.09558289130554423,0.046340880445875865,0.05580281303708878,0.12786411957965568,0.22351766500320766,0.028933119468401575,0.200932853328319,0.24610247667809637,0.5762546505128286,0.057382234849332726,0.021413350321452862,0.006304937023218042
learned,dataset,suppression_success_medium,B,random_forest,5,24000,0.036807002275516164,0.6340813346447733,0.07278530967769477,0.5793717221642144,0.6906908362735514,0.06615636697479038,0.032689560504793116,0.039492082276368724,0.09138120371584003,0.5013253533732065,0.00488280759795049,0.49855986585410605,0.5056859077569794,0.010938574655483048,0.017765284321310356,0.0008438818565400843,0.026936798062100857,0.045744218863294286,0.01605102661573627,0.03297335943356776,0.057670503121892217,0.6498983937587218,0.06849694002569387,-0.015817059113948484,-0.0023405730509034883
learned,dataset,suppression_success_medium,B+M,logistic,5,24000,0.036807002275516164,0.5762546505128286,0.08210701314220228,0.514514226857035,0.6405532175491448,0.057382234849332726,0.03379629229495909,0.030878793350081347,0.0842420221138604,0.5309848661033661,0.031648504171446254,0.5067511941076526,0.5543439420887408,0.0879753740658568,0.05076897862793601,0.0493077961009442,0.12922937100491344,0.16232812246314388,0.023651713058519708,0.14376616669836384,0.1798174360847659,0.5762546505128286,0.057382234849332726,0.0,0.0
learned,dataset,suppression_success_medium,B+M,random_forest,5,24000,0.036807002275516164,0.6498983937587218,0.06740229954184625,0.5985212651922984,0.7012755223251452,0.06849694002569387,0.03232461612973781,0.04297378090750646,0.0931831675409294,0.4999147163716092,0.00011770656953308167,0.4998210919206752,0.5,0.0017857142857142857,0.0039929785312496245,0.0,0.005357142857142857,0.043372095273457194,0.015100950210963152,0.03189449830130371,0.054513177943034494,0.6498983937587218,0.06849694002569387,0.0,0.0
learned,dataset,suppression_success_medium,B+M+L,logistic,5,24000,0.036807002275516164,0.5803827413937921,0.08214625174557572,0.5187739378762214,0.6455756910593309,0.057218052307382194,0.03362142174090565,0.031140157860831363,0.08458180906345888,0.5287696907028547,0.04136473072899408,0.4983185265924968,0.5613202981151628,0.08863689667078076,0.05648727945901938,0.046683482522393474,0.1347571056286846,0.16243194338474928,0.024389957822455573,0.14330987941714968,0.1804402287568133,0.5762546505128286,0.057382234849332726,0.004128090880963442,-0.0001641825419505319
learned,dataset,suppression_success_medium,B+M+L,random_forest,5,24000,0.036807002275516164,0.6420040833366387,0.07627993210519786,0.5861042923442465,0.6976374815052203,0.06657617070563102,0.030528348981699437,0.03954698183045431,0.08833434960388534,0.500019094303964,0.0001271494971901931,0.4999230571941524,0.5001342257177395,0.0018181818181818182,0.0040655781409087086,0.0,0.005454545454545454,0.042296798520597534,0.014549783355278848,0.031056226540873633,0.05299580172929197,0.6498983937587218,0.06849694002569387,-0.007894310422083106,-0.001920769320062854
learned,dataset,suppression_success_medium,B+M+L+R,logistic,5,24000,0.036807002275516164,0.8188992201967056,0.024442746683668276,0.8006262555049887,0.8387288236305583,0.21980028727014336,0.043436203198210545,0.18849770223221657,0.2565627356506258,0.7430256571603279,0.028892550569107063,0.7212528802666494,0.7647984340540062,0.21719530340990262,0.07069822044363853,0.15334793346452888,0.2576289279944107,0.12943926549899537,0.013073513841622126,0.12041659141137351,0.14086049862766664,0.5762546505128286,0.057382234849332726,0.24264456968387693,0.16241805242081064
learned,dataset,suppression_success_medium,B+M+L+R,random_forest,5,24000,0.036807002275516164,0.8414207472729789,0.02625641887846959,0.8195536643208514,0.8612896054125481,0.19507810450802396,0.030933385735231134,0.1665578889148613,0.2159072485623632,0.5166099426911606,0.0076943173929748705,0.5104472398835697,0.5221113181414488,0.06536416218751215,0.027192291125728307,0.04326166793047563,0.08439340821394806,0.035721261918096645,0.013310524185227489,0.02555353216072604,0.04512546851513278,0.6498983937587218,0.06849694002569387,0.19152235351425706,0.1265811644823301
learned,domain,clean_enhancement_medium,B,logistic,5,24000,0.03632256810228104,0.5706399059838503,0.04431169698000432,0.5385279938300599,0.6021976968827489,0.050120637299161476,0.016615973183064688,0.034970676554362215,0.060587593700998456,0.5512256632351725,0.02395870118370097,0.5297504131761938,0.5637759930014055,0.08426809899449153,0.02773207804039326,0.05893310218955096,0.10284893287517594,0.2319450801002536,0.03222196584531729,0.20778503526624617,0.2561022451854466,0.5420618444508506,0.04577260988860523,0.028578061532999688,0.004348027410556246
learned,domain,clean_enhancement_medium,B,random_forest,5,24000,0.03632256810228104,0.6198941679964635,0.04257451129956952,0.5874592415563378,0.6532049853974268,0.06169662282875645,0.01720469279676178,0.0459360367833251,0.07179981246563191,0.5020936532646456,0.0041792943669406914,0.5,0.5059075536203326,0.011004937091893614,0.016941698389777424,0.0,0.026389552476509,0.043817863702836725,0.010914796993014664,0.03468775868430181,0.05296931687255085,0.6133138946299962,0.061480811369448586,0.006580273366467271,0.00021581145930786583
learned,domain,clean_enhancement_medium,B+M,logistic,5,24000,0.03632256810228104,0.5420618444508506,0.04867872611076791,0.49752557119006136,0.5754395875042532,0.04577260988860523,0.015510746182106332,0.032876480686316795,0.057361039542646576,0.5320564589481495,0.024820656821748048,0.5094454976388658,0.5468857568586896,0.08309898109507272,0.02412161639018568,0.06488754592029926,0.10124902903209101,0.1902255294692629,0.028051288522220448,0.16881136496209687,0.21221178669994287,0.5420618444508506,0.04577260988860523,0.0,0.0
learned,domain,clean_enhancement_medium,B+M,random_forest,5,24000,0.03632256810228104,0.6133138946299962,0.057776292195868745,0.5736561091673178,0.6604267471591797,0.061480811369448586,0.022389314362546698,0.04429753442757235,0.07866408831132483,0.5001189499051059,0.0002659800737337992,0.5,0.5003568497153175,0.0017817371937639197,0.003984085483295839,0.0,0.0053452115812917585,0.042062860625642316,0.01048639612272431,0.03366630908917563,0.05125867279346537,0.6133138946299962,0.061480811369448586,0.0,0.0
learned,domain,clean_enhancement_medium,B+M+L,logistic,5,24000,0.03632256810228104,0.5466727354303874,0.049094070886507184,0.5020898608843526,0.5808047441211969,0.046723676736412326,0.015787223900698748,0.03381747474391568,0.058502137725726364,0.5310947741134352,0.025433313956835266,0.5083847672601898,0.5454414679951118,0.08248187459944713,0.02485369270491314,0.06310024715927903,0.10186350203961522,0.18989227024951033,0.02864627517934156,0.1680065701252461,0.21255552535351835,0.5420618444508506,0.04577260988860523,0.004610890979536819,0.0009510668478070958
learned,domain,clean_enhancement_medium,B+M+L,random_forest,5,24000,0.03632256810228104,0.6033978263308668,0.0536272997744939,0.5657001487694384,0.6497254982094546,0.06252991191715038,0.018564855523829315,0.047388322545583006,0.07664538284703779,0.4997696147446563,0.0005151570919620636,0.49930884423396904,0.5,0.0,0.0,0.0,0.0,0.04084076238745806,0.010370056538300943,0.03244605023645489,0.04979313750245676,0.6133138946299962,0.061480811369448586,-0.009916068299129388,0.001049100547701791
learned,domain,clean_enhancement_medium,B+M+L+R,logistic,5,24000,0.03632256810228104,0.803394160498922,0.014491315963096565,0.7901653117637422,0.8121510214180365,0.19155953527072847,0.07609905527377196,0.13493038131731278,0.2467509558332049,0.727873967057229,0.0093845730534624,0.7215148176524955,0.7358194174504116,0.19063892027301582,0.04967439927706187,0.15148454878493472,0.22796343237832306,0.1498145004229973,0.01693541918108191,0.137263605542148,0.1624253015874813,0.5420618444508506,0.04577260988860523,0.2613323160480714,0.14578692538212323
learned,domain,clean_enhancement_medium,B+M+L+R,random_forest,5,24000,0.03632256810228104,0.829558779779809,0.017780801445219974,0.8165437329096873,0.8448611288044237,0.18642829675074618,0.06644658589478294,0.13434066520208365,0.2397259270422941,0.5099782048053918,0.00907936679022402,0.5028842972140813,0.5170721123967021,0.039156431269946314,0.03460770529204627,0.011968644445860686,0.06634421809403195,0.03538254692715821,0.009086664148807164,0.02778964210384425,0.042192894875815276,0.6133138946299962,0.061480811369448586,0.21624488514981277,0.1249474853812976
learned,domain,clean_suppression_medium,B,logistic,5,24000,0.03453103898151264,0.610087740025051,0.038182097764628074,0.5780197002874636,0.6393731227054531,0.05876004817934879,0.01046724433214358,0.05050149222676896,0.0669719525926008,0.5727142140819892,0.02614819882353698,0.5493372924050783,0.5928238024375961,0.090065837261917,0.021005955507801585,0.0734131781325689,0.10546867022394547,0.22618310501743116,0.033656954494225726,0.20071678593426062,0.2518167820074487,0.5755656317145218,0.051459510573925026,0.034522108310529154,0.0073005376054237625
learned,domain,clean_suppression_medium,B,random_forest,5,24000,0.03453103898151264,0.6454404060353166,0.037146563263485345,0.6170355440650335,0.6742196154259554,0.05823963101884736,0.011857908229288266,0.04920007705123194,0.06727918498646279,0.5032187486820974,0.005912267660966286,0.49968476953120905,0.5085147953184196,0.019657985755462685,0.02083743845321721,0.005749266737254616,0.038072533345956824,0.04339188483986428,0.010199739432959048,0.03489387020489045,0.05104574535877663,0.6450851464970485,0.05802924183397956,0.0003552595382680934,0.00021038918486779995
learned,domain,clean_suppression_medium,B+M,logistic,5,24000,0.03453103898151264,0.5755656317145218,0.05784949039442157,0.5243881419158767,0.6162186703009089,0.051459510573925026,0.007895130589550698,0.04547308614372743,0.057356734961502266,0.5348146662999562,0.033426160728554616,0.5068628995401707,0.5620824373516979,0.07930960356255545,0.01892043670431139,0.06561558324590275,0.09289233491706579,0.1876794400768197,0.028426601702645198,0.16995889887089538,0.21356062356417507,0.5755656317145218,0.051459510573925026,0.0,0.0
learned,domain,clean_suppression_medium,B+M,random_forest,5,24000,0.03453103898151264,0.6450851464970485,0.034043100139354895,0.6187456132238462,0.6714246797702508,0.05802924183397956,0.009713958038300516,0.05051627616911454,0.06552800663374105,0.49950071143745295,0.0004824129315306727,0.4991162334374777,0.4998851894374282,0.0,0.0,0.0,0.0,0.04140327534355813,0.009520445188715863,0.033608899375189225,0.048925475029429316,0.6450851464970485,0.05802924183397956,0.0,0.0
learned,domain,clean_suppression_medium,B+M+L,logistic,5,24000,0.03453103898151264,0.5805359539117072,0.06064828490959627,0.5266062012129626,0.6245979822149799,0.05030959207614105,0.00819977147701709,0.044235968954758655,0.057043546372092115,0.5418812586132195,0.042483905777774396,0.5110768397570027,0.5780899783307579,0.08210936994203004,0.019580646107694125,0.06725835045102767,0.09655265206467878,0.1878074941663796,0.028867524581311258,0.16934257881610332,0.21412212268419406,0.5755656317145218,0.051459510573925026,0.004970322197185406,-0.0011499184977839735
learned,domain,clean_suppression_medium,B+M+L,random_forest,5,24000,0.03453103898151264,0.6541646485687805,0.03595715372578639,0.6266736725787316,0.6816556245588296,0.059632970036553656,0.010597784193409955,0.05129208726559187,0.06769374604308481,0.49982061364864505,0.00011645794559259922,0.4997402273490331,0.49992634017670123,0.0,0.0,0.0,0.0,0.03979304387626821,0.009207257876064896,0.03213275081920934,0.047172958730734973,0.6450851464970485,0.05802924183397956,0.009079502071732026,0.001603728202574095
learned,domain,clean_suppression_medium,B+M+L+R,logistic,5,24000,0.03453103898151264,0.8129355935701013,0.035939489575507515,0.7884093234268246,0.842558548470272,0.20440137734859354,0.04558932007599993,0.17304614017509062,0.24129695149244396,0.7469216342787239,0.038880550761997576,0.7192801944475656,0.7794864827902435,0.1984662082505759,0.0322484842909531,0.17358142436513438,0.2229827756751051,0.14369659233996374,0.0203615845528443,0.12953379501637463,0.1620207134953171,0.5755656317145218,0.051459510573925026,0.23736996185557946,0.1529418667746685
learned,domain,clean_suppression_medium,B+M+L+R,random_forest,5,24000,0.03453103898151264,0.8357295187880857,0.037743828775825196,0.8098074214761363,0.8697316729528698,0.17423231555468827,0.017667373921538776,0.15817574079572544,0.1861090755848199,0.5072731061661988,0.003176043968763387,0.504805679244287,0.5095432390354558,0.030686193840485924,0.012531774108414804,0.020753742901393906,0.03984727525164873,0.03410850906965156,0.008876974156329558,0.026630922703308274,0.041375811320494636,0.6450851464970485,0.05802924183397956,0.19064437229103715,0.1162030737207087
learned,domain,enhancement_success_medium,B,logistic,5,24000,0.037955431716682,0.5702479609440272,0.0487091192239278,0.5330818024607945,0.6053440356370979,0.05258005385212459,0.018814774059636573,0.03581643024966657,0.06508216426660768,0.5533614651939215,0.015419553810559513,0.5400076993150287,0.562764937838972,0.088282330009641,0.027102053740797435,0.06350305156624556,0.1064623278925197,0.23112042583358905,0.0338956193297322,0.20603901228094973,0.2567552558136587,0.539229419058252,0.04801228607110508,0.03101854188577524,0.004567767781019506
learned,domain,enhancement_success_medium,B,random_forest,5,24000,0.037955431716682,0.6266564155226733,0.060237491561001034,0.584022027470854,0.6757228155548997,0.06781782691028244,0.024232951937280412,0.04689060628343021,0.08670298718739956,0.50246992469906,0.004105651918800375,0.5,0.5062565589506243,0.011716631857511641,0.017240261979899887,0.0,0.027003256061333296,0.04525201602059869,0.011692490501242608,0.03548557629742674,0.05505003628277621,0.6108617792914772,0.0652190204504388,0.015794636231196035,0.0025988064598436444
learned,domain,enhancement_success_medium,B+M,logistic,5,24000,0.037955431716682,0.539229419058252,0.04828744097072361,0.49479385947414717,0.5709773134433395,0.04801228607110508,0.01782478490277608,0.03296149109332498,0.061184331292308526,0.5301301849225954,0.024406827152157473,0.5082297847287985,0.5471521431675651,0.08702625086518362,0.03126907058746177,0.06173736802413273,0.11101923820948618,0.1880055835281333,0.029076087402511264,0.16591792053787993,0.2111314374441955,0.539229419058252,0.04801228607110508,0.0,0.0
learned,domain,enhancement_success_medium,B+M,random_forest,5,24000,0.037955431716682,0.6108617792914772,0.05957471816797996,0.5721035517479219,0.6606949683251596,0.0652190204504388,0.02678941281778522,0.04508809075474621,0.08536055291084543,0.5003819126759478,0.0008539827048880398,0.5,0.5011457380278432,0.0025586353944562898,0.0057212826716412524,0.0,0.007675906183368869,0.04368074530818007,0.01129453159219594,0.034549844839416886,0.05358533497560008,0.6108617792914772,0.0652190204504388,0.0,0.0
learned,domain,enhancement_success_medium,B+M+L,logistic,5,24000,0.037955431716682,0.5442071153453758,0.048409458158305205,0.5000211756058122,0.5768896772350155,0.048843379226270765,0.018052497038217156,0.03380533727610091,0.062159825910483614,0.5313642641132141,0.028241485038831577,0.5059031054643255,0.546540237577948,0.08738488675413573,0.03003988068024379,0.06479997709626827,0.10990402188240664,0.18772529195408047,0.029708815190179608,0.16515419268049347,0.2115611827482083,0.539229419058252,0.04801228607110508,0.004977696287123856,0.0008310931551656839
learned,domain,enhancement_success_medium,B+M+L,random_forest,5,24000,0.037955431716682,0.6129290800980829,0.05599216905129974,0.5766197838578251,0.6607134604621148,0.06358049670166067,0.022991416796050414,0.04440921737191659,0.08041083042667879,0.49979458210296573,0.0004593283815636954,0.49938374630889715,0.5,0.0,0.0,0.0,0.0,0.0425157547941425,0.010914500526444597,0.03363342663806737,0.051989198044389576,0.6108617792914772,0.0652190204504388,0.0020673008066056653,-0.0016385237487781257
learned,domain,enhancement_success_medium,B+M+L+R,logistic,5,24000,0.037955431716682,0.8027608475393206,0.010868348636714221,0.7930366646316642,0.8094036668550169,0.19820772849239118,0.07769629379669386,0.13528906118014386,0.25371645987184566,0.7311068134342612,0.011736825960687793,0.7226545350564239,0.739576321600875,0.20068041106297355,0.05223986797709862,0.15673094187354114,0.23943568476106214,0.1481063945814003,0.017637233743651726,0.13479229157461042,0.16142049758819016,0.539229419058252,0.04801228607110508,0.2635314284810687,0.1501954424212861
learned,domain,enhancement_success_medium,B+M+L+R,random_forest,5,24000,0.037955431716682,0.8314625693467127,0.015973884307680257,0.8198771443257901,0.8448094836370992,0.19459275435269377,0.06460488293894945,0.13999974995184186,0.2401313367390899,0.5104892907109407,0.008401597763722336,0.503906739944574,0.5167305843048983,0.04156629164143479,0.03280436742658837,0.015,0.06595992648230582,0.03665108374464738,0.009669183957078047,0.028636858858716807,0.044142791984024994,0.6108617792914772,0.0652190204504388,0.22060079005523547,0.12937373390225498
learned,domain,later_capability_damage_any_path,B,logistic,5,24000,0.07847911988741214,0.5921823510215487,0.0253289921895941,0.5725176218644259,0.6122790705777799,0.11077604637778982,0.018900360214511965,0.09923507674895156,0.12750833930761307,0.5639773980736427,0.01711559452846306,0.5507094503390013,0.5772453458082843,0.1695228166277286,0.009471902635264828,0.16266333055323884,0.1777680080462553,0.2388332628835521,0.004592977576620399,0.23539922968858748,0.24218569541379703,0.5943311460434244,0.10914101055074785,-0.0021487950218757046,0.0016350358270419696
learned,domain,later_capability_damage_any_path,B,random_forest,5,24000,0.07847911988741214,0.6887674008404013,0.034302721942731575,0.6625388215254421,0.7159284977568784,0.20263129049364506,0.048592136334344144,0.16945223351301567,0.24433899511414475,0.509009295221628,0.0077265095005338074,0.5032355713679604,0.5152846943767609,0.038991767524801,0.02840385010102399,0.015942028985507246,0.06206525280859081,0.07919820470258594,0.003974582245837526,0.07599012799251573,0.0819013383884204,0.6549910659257041,0.17786000769652827,0.033776334914697226,0.024771282797116795
learned,domain,later_capability_damage_any_path,B+M,logistic,5,24000,0.07847911988741214,0.5943311460434244,0.022254881809717065,0.5772498169552209,0.6113884988944157,0.10914101055074785,0.01660820261828465,0.09956244198572076,0.12393957911003055,0.5660947394665848,0.019170966999637214,0.5516431716200174,0.5807276717574086,0.17139836587588425,0.010413067327943266,0.1622452708163875,0.17860884273573002,0.23463842606018112,0.009653633470330871,0.22722293814398314,0.24303887190755774,0.5943311460434244,0.10914101055074785,0.0,0.0
learned,domain,later_capability_damage_any_path,B+M,random_forest,5,24000,0.07847911988741214,0.6549910659257041,0.03725863101458512,0.6280531529750795,0.6871795279419846,0.17786000769652827,0.0637907217665818,0.13960344625242302,0.23440696293399094,0.5000923447718215,0.0008887060341504547,0.4993920972644377,0.5008849370510268,0.001226993865030675,0.0027436416901837914,0.0,0.003680981595092025,0.07951409675208915,0.004121552407883441,0.07602756869225716,0.08235881071617399,0.6549910659257041,0.17786000769652827,0.0,0.0
learned,domain,later_capability_damage_any_path,B+M+L,logistic,5,24000,0.07847911988741214,0.5933741354319695,0.021607818156434314,0.5767103483999134,0.6098422626909094,0.10883489409944622,0.01643422539434678,0.09951864134538176,0.12356214242484473,0.5666273061483438,0.016755776672685307,0.5542062929895585,0.5803849567346232,0.1717141111872144,0.010007517844884357,0.1630651611328032,0.17830920592692445,0.23475166807642717,0.009714362607951704,0.22733584170751658,0.24330932919493412,0.5943311460434244,0.10914101055074785,-0.0009570106114549226,-0.0003061164513016301
learned,domain,later_capability_damage_any_path,B+M+L,random_forest,5,24000,0.07847911988741214,0.6463672463844978,0.03407191472646011,0.6209717762777192,0.6749247151745809,0.16946466280621403,0.050445927788524185,0.13816140768162274,0.21424497911957255,0.5000021075210401,0.0005410484856203324,0.4995440729483283,0.500462249614792,0.0006153846153846154,0.0013760418323075629,0.0,0.001846153846153846,0.0787954414030686,0.0038882009173399935,0.07540012065488108,0.08137257249483691,0.6549910659257041,0.17786000769652827,-0.008623819541206279,-0.008395344890314238
learned,domain,later_capability_damage_any_path,B+M+L+R,logistic,5,24000,0.07847911988741214,0.8579228746673675,0.01354358371659952,0.845586595962958,0.8671907994501972,0.3954035979500631,0.03313598389725943,0.36716699359075033,0.41793017256670895,0.775475453857112,0.010439446911416845,0.7665316984981907,0.7830077860261409,0.34753760334181555,0.015636996005306936,0.33574093821276074,0.3593410928457958,0.15961404281108302,0.006172610320866725,0.15406265544524406,0.16388710997641817,0.5943311460434244,0.10914101055074785,0.2635917286239431,0.2862625873993152
learned,domain,later_capability_damage_any_path,B+M+L+R,random_forest,5,24000,0.07847911988741214,0.850101262890651,0.012779176166907852,0.8385895381443902,0.8579662094101982,0.3753947034433723,0.033473133147371714,0.34695388026305696,0.4008745961871993,0.6081338024342132,0.017108909976348452,0.5942570173189292,0.6210880738370841,0.319438868089487,0.03821159337424844,0.28775932691063855,0.34813382155404937,0.06475484067353966,0.003131134155227481,0.06211032257465267,0.06670090301574802,0.6549910659257041,0.17786000769652827,0.1951101969649469,0.197534695746844
learned,domain,later_clean_any_path,B,logistic,5,24000,0.10093098161488438,0.6052921327702909,0.045364830669049096,0.5714164712232174,0.6452163568769208,0.1496225077336444,0.04965002991292751,0.11375053406832913,0.18547421690231544,0.5647567530723375,0.045229724720778526,0.5338945803595669,0.6031487083574065,0.21047910164298428,0.0734871771528588,0.1538412400041769,0.2646475918099868,0.22982065036117497,0.03496465381009001,0.20374210904550596,0.2563590054871936,0.5750797840082289,0.13504297401888532,0.030212348762062025,0.014579533714759091
learned,domain,later_clean_any_path,B,random_forest,5,24000,0.10093098161488438,0.6718562785172485,0.034037425985408945,0.6464907097268576,0.7002356610080451,0.19437978904987768,0.05894251994294716,0.15148559124868086,0.2390439023878205,0.5349647630658243,0.030688860027625452,0.5131837090556121,0.5591660296871589,0.13914361458760063,0.09753484694212937,0.06659045587230097,0.20795094445535495,0.10424163310535892,0.023644577849587074,0.08491650727441477,0.12320501400483841,0.6429806701487772,0.18318105548275626,0.02887560836847125,0.011198733567121422
learned,domain,later_clean_any_path,B+M,logistic,5,24000,0.10093098161488438,0.5750797840082289,0.0688326903535975,0.5119209725450601,0.6175394132010418,0.13504297401888532,0.03953106582610541,0.10452268882351293,0.1648192233969231,0.5309261929358632,0.030645239839535213,0.5036976811298219,0.551429077477619,0.17421924954306506,0.04515289570854052,0.14044731497895735,0.20928545141544244,0.19779146639776374,0.03303075514434426,0.1732182336496618,0.22509882135111972,0.5750797840082289,0.13504297401888532,0.0,0.0
learned,domain,later_clean_any_path,B+M,random_forest,5,24000,0.10093098161488438,0.6429806701487772,0.04485924090470952,0.6115059674923495,0.6802698368119777,0.18318105548275626,0.05971770240981731,0.14093973442072744,0.2312232800614721,0.5229728940018257,0.023607878145009243,0.5075345588013669,0.5424985130467244,0.099923417468423,0.08192678036106266,0.04029238824003222,0.16759676858304645,0.1028905723702759,0.02261427165271995,0.08585715297205558,0.12148145404817244,0.6429806701487772,0.18318105548275626,0.0,0.0
learned,domain,later_clean_any_path,B+M+L,logistic,5,24000,0.10093098161488438,0.5780466033605832,0.072203774423952,0.5122859443016891,0.6231544626825449,0.13592045190213317,0.04032623390961967,0.10454500119661374,0.1660015512954464,0.5308137039533412,0.038365000660131085,0.4958392134747439,0.55423355656342,0.17616144054431757,0.04677383781743306,0.14011222283856944,0.21221065825006571,0.19769546829082338,0.03336844248635785,0.17313910130125248,0.2257090381607772,0.5750797840082289,0.13504297401888532,0.002966819352354322,0.0008774778832478514
learned,domain,later_clean_any_path,B+M+L,random_forest,5,24000,0.10093098161488438,0.6492136012277505,0.04754295367837799,0.6155276279277601,0.6872786616325379,0.1851947622264676,0.06596527841614132,0.1371844172100579,0.2391986400106237,0.5198273642514917,0.020520205017086825,0.5049360339306984,0.535854818325788,0.08785958888485898,0.07744321067332416,0.02909960571391636,0.1466195720558016,0.10089405560835034,0.02245573868881729,0.08408730267506609,0.119361851616248,0.6429806701487772,0.18318105548275626,0.0062329310789732695,0.0020137067437113465
learned,domain,later_clean_any_path,B+M+L+R,logistic,5,24000,0.10093098161488438,0.5815832250981346,0.07001270033244925,0.5183740018407612,0.6270682447763393,0.1399131605578931,0.04200043900672384,0.10721642962848707,0.17214667220050836,0.5378621284867053,0.040540973716313815,0.5007771700294327,0.5635095780615108,0.18544416910541833,0.055826777128196385,0.14251034200845675,0.22837799620237983,0.19726943645916653,0.03337292533134116,0.17259898507596358,0.22503438866303016,0.5750797840082289,0.13504297401888532,0.006503441089905748,0.004870186539007781
learned,domain,later_clean_any_path,B+M+L+R,random_forest,5,24000,0.10093098161488438,0.7878277396420301,0.0241514133135731,0.7669649290802468,0.8054008650252167,0.3033020549548199,0.05902399449902228,0.25883818174728546,0.3462058517286358,0.549693452557919,0.03414989853360236,0.5259369109126517,0.5774600046430632,0.1767007726654398,0.09982040081203064,0.10263453626574563,0.25730065955035075,0.08787904304675444,0.021520681155218775,0.07030354043107692,0.10553033172897934,0.6429806701487772,0.18318105548275626,0.14484706949325288,0.12012099947206362
learned,domain,later_clean_enhancement_path,B,logistic,5,24000,0.051764390251029635,0.5712551065474794,0.053250961701221046,0.5308916070236238,0.6132737522137371,0.07323912230041388,0.031517594964532124,0.04747783790359862,0.09760504215037794,0.5579022584804634,0.008444468288979295,0.5518532845542303,0.5650157417306546,0.11808730697828063,0.03474001691835411,0.08942560636370371,0.14326519988661032,0.23183415946880478,0.03461532444094297,0.2056474600458842,0.2580525244048285,0.5461029549848454,0.0660530878893085,0.02515215156263395,0.00718603441110538
learned,domain,later_clean_enhancement_path,B,random_forest,5,24000,0.051764390251029635,0.6350791611179479,0.04320880794584786,0.6051789706643964,0.6701262791621957,0.0930542419040947,0.03452208495928011,0.06732175376701241,0.1184318044260753,0.5064135978840667,0.007733848568824336,0.5003585223796756,0.5124686733884576,0.029390488716599755,0.03167041344329945,0.004301075268817204,0.054479902164382296,0.05864318812723322,0.015584053144997966,0.04578600314423437,0.07047141083247419,0.6152483475808943,0.09490748464783358,0.019830813537053626,-0.001853242743738881
learned,domain,later_clean_enhancement_path,B+M,logistic,5,24000,0.051764390251029635,0.5461029549848454,0.06780875888621084,0.4866434222913306,0.5918990376010804,0.0660530878893085,0.026492451785680316,0.04553465268235994,0.08657152309625707,0.5244712011791794,0.034671535944717356,0.49347195006633193,0.551018957578722,0.10808980291766117,0.0428167876755095,0.07481035833673223,0.1413692474985901,0.19136116784925625,0.036470925009058075,0.16411203246565023,0.21867140407358,0.5461029549848454,0.0660530878893085,0.0,0.0
learned,domain,later_clean_enhancement_path,B+M,random_forest,5,24000,0.051764390251029635,0.6152483475808943,0.06358158573742098,0.5709197297651014,0.6663306723570563,0.09490748464783358,0.03748581625811497,0.06673971934350534,0.12700237672117792,0.5030182018317844,0.0036842742577726257,0.500207345943748,0.5058290577198208,0.015273082883171456,0.018354808984772434,0.0014760147601476014,0.030123598735268754,0.05714724196492316,0.015562081695365215,0.0445459728117139,0.06960935564054999,0.6152483475808943,0.09490748464783358,0.0,0.0
learned,domain,later_clean_enhancement_path,B+M+L,logistic,5,24000,0.051764390251029635,0.5508411806333371,0.06906567322031304,0.48948786065642363,0.5958258332690622,0.06715600746383613,0.02671940085762696,0.04629152883443712,0.08802048609323512,0.5275485978799062,0.0370793687719754,0.49357782634402286,0.5525969619952684,0.11051287943488441,0.04205480190331956,0.07748538189195989,0.14354037697780891,0.1909607396824252,0.03661240292585402,0.16372497101856912,0.2189398747877554,0.5461029549848454,0.0660530878893085,0.00473822564849169,0.0011029195745276277
learned,domain,later_clean_enhancement_path,B+M+L,random_forest,5,24000,0.051764390251029635,0.6269741336595613,0.0639042671622834,0.5823992673127694,0.6816543664175241,0.096670619559347,0.04011678621219744,0.0674540493864257,0.13210710727393188,0.5012983688250254,0.003043183600193642,0.4998518152630279,0.5040432912120483,0.007228915662650602,0.016164346825299682,0.0,0.021686746987951804,0.05596310055483746,0.015597932262428891,0.04336476005580181,0.06865144284306683,0.6152483475808943,0.09490748464783358,0.011725786078667033,0.0017631349115134198
learned,domain,later_clean_enhancement_path,B+M+L+R,logistic,5,24000,0.051764390251029635,0.7998663536863135,0.015876218669569283,0.7880049013884128,0.8118126711541869,0.25422562708789787,0.0867569667040224,0.1805918810420916,0.31486162107986376,0.7303311959364622,0.011879674970153981,0.7221495670438873,0.7404335741381929,0.2511931589943785,0.06540285347693969,0.19319978784242756,0.2970422461978402,0.1499629641296626,0.022764606410415597,0.1330410114010164,0.16770040316634252,0.5461029549848454,0.0660530878893085,0.25376339870146813,0.18817253919858937
learned,domain,later_clean_enhancement_path,B+M+L+R,random_forest,5,24000,0.051764390251029635,0.8354653629295195,0.015677984663927672,0.8232128835549979,0.8477178423040412,0.25547437511577736,0.0759990968373,0.190967573799887,0.3072638193657776,0.5411770685980882,0.02759349139441867,0.5191787598176038,0.5630072782843838,0.14074961201585778,0.08674334867968662,0.07198964624676446,0.20658192865651603,0.04707690922865014,0.012578755063019519,0.03734833006512986,0.05607257763590427,0.6152483475808943,0.09490748464783358,0.22021701534862514,0.16056689046794378
learned,domain,later_clean_suppression_path,B,logistic,5,24000,0.051512198109398444,0.6135156066405596,0.0542901490298021,0.5680435478392425,0.6536209135960342,0.08575382407547409,0.017190195939202287,0.0723436201315488,0.0983092868474228,0.5738157930555443,0.040661368757264414,0.5438213334542116,0.6077289781757578,0.12819580014374726,0.03582897699267373,0.09736347612464841,0.1549646559106269,0.2262616785098527,0.038729054646696834,0.1975305079472929,0.25570155875809025,0.5803504793150676,0.07217885555397735,0.03316512732549204,0.013574968521496741
learned,domain,later_clean_suppression_path,B,random_forest,5,24000,0.051512198109398444,0.6565682764513796,0.02827037197358362,0.6336623811096531,0.6775619041001606,0.09527134984882506,0.02375867464217089,0.07812092078981499,0.11258720910987205,0.5021989336290242,0.005799314901731904,0.4989300173982311,0.5073145057325819,0.01962587294873234,0.019965723734925993,0.006169154228855721,0.036499400050067764,0.059428632546259776,0.014315481815982892,0.0476012010775015,0.0703861335244517,0.6601817555501036,0.09489918847054887,-0.003613479098724004,0.000372161378276184
learned,domain,later_clean_suppression_path,B+M,logistic,5,24000,0.051512198109398444,0.5803504793150676,0.07422234316567596,0.5155559197861267,0.6327372220135912,0.07217885555397735,0.013889238352877475,0.061609557915089055,0.0826422881950505,0.5364368921168826,0.04272676961613518,0.5016346801114527,0.5667267163607017,0.11222740317640945,0.026644429855414396,0.0917077445503341,0.13213340504502394,0.18668586839888093,0.03473888834195091,0.16555936977676294,0.2190582198498149,0.5803504793150676,0.07217885555397735,0.0,0.0
learned,domain,later_clean_suppression_path,B+M,random_forest,5,24000,0.051512198109398444,0.6601817555501036,0.036786912097100104,0.6320871821215428,0.6882715291748736,0.09489918847054887,0.025791571470181542,0.07571788464430784,0.1141584890309165,0.49925511387734767,0.0011642182391604788,0.4982649782649783,0.5000605861199684,0.002061855670103093,0.004610449438143897,0.0,0.006185567010309279,0.05795861109928311,0.013636783872843894,0.047216142277416204,0.06886342241284252,0.6601817555501036,0.09489918847054887,0.0,0.0
learned,domain,later_clean_suppression_path,B+M+L,logistic,5,24000,0.051512198109398444,0.5840238130482608,0.07765504242117831,0.5156529555240734,0.6380313489497593,0.07117030154217455,0.014783589846474387,0.060434988232476575,0.08263027667602137,0.5353929262157109,0.05036988320440135,0.49254971283988896,0.5730016938814223,0.11126133526173607,0.028135996084230033,0.0900545271602703,0.13243403835594383,0.18678591005497416,0.03500130397662992,0.16566671381601267,0.2192178250750351,0.5803504793150676,0.07217885555397735,0.003673333733193229,-0.0010085540118028036
learned,domain,later_clean_suppression_path,B+M+L,random_forest,5,24000,0.051512198109398444,0.6593881957780707,0.03681785815850047,0.6303999685201435,0.6868218625927494,0.09557137107836018,0.022868895989826353,0.0784364812686524,0.11356172772275737,0.5017232430394062,0.004055254823783003,0.4994772460906622,0.5054611540500444,0.009827270879902459,0.01672320349718843,0.0,0.025271286323917903,0.05686758240306752,0.013410583112361504,0.046178536979968765,0.06754436646789855,0.6601817555501036,0.09489918847054887,-0.0007935597720328813,0.0006721826078113086
learned,domain,later_clean_suppression_path,B+M+L+R,logistic,5,24000,0.051512198109398444,0.8321291804538259,0.03877514060971998,0.8015990232251105,0.863709819587539,0.3040121832523887,0.04493632087532825,0.2734782619396615,0.34223035576188854,0.7581588030365337,0.03482848396068109,0.7327176336664836,0.7871032292090161,0.28124657883999915,0.049097129287262495,0.24162701446834292,0.31930469498249003,0.1371710150358934,0.023245054523199967,0.12120479685877442,0.15779328273081394,0.5803504793150676,0.07217885555397735,0.25177870113875833,0.23183332769841136
learned,domain,later_clean_suppression_path,B+M+L+R,random_forest,5,24000,0.051512198109398444,0.8575152354534998,0.027673644603752472,0.8376404162037778,0.8805414948531665,0.29644132570958454,0.0459591555470119,0.26422168711043326,0.33478867698845727,0.5610609450742206,0.030640744334743206,0.5393289788149213,0.5864288185212648,0.19878803923244676,0.08191658968188606,0.14031507876969243,0.2650607541555896,0.0463514193447901,0.012457203786396209,0.036184520607778596,0.0566093297155868,0.6601817555501036,0.09489918847054887,0.19733347990339623,0.20154213723903566
learned,domain,later_enhancement_path,B,logistic,5,24000,0.05405302006619078,0.5742038457536142,0.0600990282897043,0.5290951103663498,0.6209212024741773,0.0792830752193884,0.039016542594148176,0.04960749240296482,0.11059503044388837,0.5501543766741671,0.01982313204842546,0.5360999398111823,0.5645185635241466,0.11890721792058467,0.04320729255730838,0.08635688225885092,0.1507305906455499,0.2310404035681503,0.03618648055381392,0.20359534530570866,0.258485461830592,0.5474179007594393,0.07147584294209079,0.02678594499417486,0.007807232277297613
learned,domain,later_enhancement_path,B,random_forest,5,24000,0.05405302006619078,0.6345642883313036,0.057263559518158126,0.5991136664810546,0.6812288513932214,0.09979734692575272,0.036118127649443374,0.07476303505456036,0.12908925880068473,0.5059097928927224,0.00650653207572531,0.5011206729669324,0.5112534316122476,0.027422937577953315,0.027986824723436294,0.005369127516778523,0.04947674763912811,0.060592732975949894,0.017062800504765458,0.04652280094650046,0.0737063676479521,0.6147786460829779,0.09985723572061145,0.019785642248325686,-5.9888794858728445e-05
learned,domain,later_enhancement_path,B+M,logistic,5,24000,0.05405302006619078,0.5474179007594393,0.06917294150338689,0.48809081948273464,0.5974866359754474,0.07147584294209079,0.03241598802675913,0.0463812614288258,0.09657042445535578,0.5286155966324355,0.03465154382340582,0.4977533951251064,0.5530566412999681,0.11472873717342744,0.04616021008224133,0.07871604296604297,0.15074143138081192,0.18930250067492113,0.03735521344281757,0.16113695433561975,0.21748850776367062,0.5474179007594393,0.07147584294209079,0.0,0.0
learned,domain,later_enhancement_path,B+M,random_forest,5,24000,0.05405302006619078,0.6147786460829779,0.06911928287094683,0.5717035358411607,0.6777016395760811,0.09985723572061145,0.046496199250265595,0.06641911484263587,0.13982101262556718,0.5019011883259603,0.003126135837751438,0.4996029776674938,0.5044918499799718,0.011409550633721673,0.017100304158192584,0.0,0.026752016387146332,0.05950196440917862,0.01666687915613874,0.04640385229354781,0.07304977868912413,0.6147786460829779,0.09985723572061145,0.0,0.0
learned,domain,later_enhancement_path,B+M+L,logistic,5,24000,0.05405302006619078,0.5515331314325309,0.07005345275175576,0.4907330692534931,0.5997536744026447,0.07225951545751003,0.03251289661526716,0.04690198176260606,0.09761704915241401,0.5282438345470076,0.03657643839844339,0.49459808492924184,0.5540314777654377,0.1150365095445252,0.04605181506681832,0.07878036324192157,0.1512926558471288,0.18892755545001547,0.03753031591034924,0.1607425085795659,0.21775245826637968,0.5474179007594393,0.07147584294209079,0.004115230673091608,0.0007836725154192342
learned,domain,later_enhancement_path,B+M+L,random_forest,5,24000,0.05405302006619078,0.6241825238255226,0.06683580330791973,0.5812055054220971,0.6826049085469588,0.09928437674755032,0.0474469686265828,0.06402546866644043,0.13947964936072166,0.5009930186277054,0.002012179011332595,0.4997518610421836,0.502875579899235,0.007149501661129568,0.009803490780036788,0.0,0.014591362126245847,0.057997461362594295,0.01644664188429117,0.044774621048679485,0.07117799886100698,0.6147786460829779,0.09985723572061145,0.009403877742544697,-0.0005728589730611272
learned,domain,later_enhancement_path,B+M+L+R,logistic,5,24000,0.05405302006619078,0.7973458317048225,0.015840588883784888,0.7848772018737351,0.80981446153591,0.2616576692342022,0.09238431515863633,0.1819671202236913,0.32585713519303483,0.7313428910628401,0.013134667489171695,0.7210672279104247,0.7416185542152556,0.26070531774438643,0.0679979259127789,0.2023141984104364,0.3097829750770297,0.14881134918668523,0.02301446990588336,0.13136087130244847,0.16628519150883275,0.5474179007594393,0.07147584294209079,0.24992793094538324,0.1901818262921114
learned,domain,later_enhancement_path,B+M+L+R,random_forest,5,24000,0.05405302006619078,0.8358228649685845,0.01131812923327646,0.8268762371855647,0.8447694927516043,0.2631016477721197,0.08364249271181767,0.19157079981374694,0.3225048829203519,0.5406741339501486,0.02640454768275448,0.5200123020011209,0.5609045381252041,0.14077778851972403,0.08572402547562152,0.07418803418803419,0.20426097200290752,0.048599748024819145,0.013051516559505415,0.03858211456841463,0.05799784476791625,0.6147786460829779,0.09985723572061145,0.22104421888560655,0.16324441205150825
learned,domain,later_neighbor_damage_any_path,B,logistic,5,24000,0.0723470294335814,0.6142683264710784,0.07037850293276392,0.5618429150144142,0.6688458054805645,0.11528925041729923,0.03854523194036644,0.08264813631184627,0.1438620512029672,0.5884848371977585,0.05197557454446156,0.548903932129681,0.6268542002611545,0.17098561906851792,0.05601788725547195,0.11968019602292763,0.21044109670920824,0.2308773326720194,0.04538417364002136,0.19662099099230285,0.2669139457104941,0.5945897819401467,0.1139449661590933,0.019678544530931763,0.00134428425820593
learned,domain,later_neighbor_damage_any_path,B,random_forest,5,24000,0.0723470294335814,0.6217453834418908,0.05808903051099678,0.5765903673473101,0.6654456354137002,0.10531967735628385,0.037930420132323464,0.07550613142955453,0.13386177800453247,0.5018272263154904,0.004085802251712897,0.5,0.5054816789464711,0.01491760624457936,0.0333567816244548,0.0,0.04475281873373808,0.07870795601759147,0.026645212999966097,0.058171623506553416,0.09834057952896372,0.6033144730651123,0.10502502838573542,0.018430910376778464,0.00029464897054842787
learned,domain,later_neighbor_damage_any_path,B+M,logistic,5,24000,0.0723470294335814,0.5945897819401467,0.06666661417552835,0.544070577377539,0.6481979918268062,0.1139449661590933,0.03423633137078635,0.08670416830086596,0.13975631414628908,0.549377664312917,0.028289677316491887,0.5273198871695026,0.571561289571332,0.1577809506997418,0.05322132810696371,0.10975083426445295,0.19461012169770386,0.19866612468968878,0.049043426875718436,0.16481169521417507,0.2413602469000346,0.5945897819401467,0.1139449661590933,0.0,0.0
learned,domain,later_neighbor_damage_any_path,B+M,random_forest,5,24000,0.0723470294335814,0.6033144730651123,0.051305644487267314,0.5626757356285517,0.6420193522541943,0.10502502838573542,0.05187410492338159,0.0694630053626901,0.14584352789587554,0.5007734614679362,0.0017295124202820142,0.5,0.5023203844038086,0.010810810810810811,0.024173707864862594,0.0,0.032432432432432434,0.0770314504417415,0.026668896799252436,0.056804816600994734,0.09652602642323153,0.6033144730651123,0.10502502838573542,0.0,0.0
learned,domain,later_neighbor_damage_any_path,B+M+L,logistic,5,24000,0.0723470294335814,0.594635396385763,0.06381022526247164,0.545422006573505,0.6438487861980209,0.11535359383767259,0.034620385629426466,0.08881400090260716,0.1414567759078611,0.551222336295484,0.02938818960353427,0.5293863708774994,0.5738306868726459,0.15982734187990907,0.05557311083153733,0.1104046541823011,0.1988818029820532,0.1982392662161649,0.04937102744159265,0.1640147064672978,0.24088938546169464,0.5945897819401467,0.1139449661590933,4.561444561634875e-05,0.0014086276785792856
learned,domain,later_neighbor_damage_any_path,B+M+L,random_forest,5,24000,0.0723470294335814,0.6010427004337069,0.04412360932132074,0.5683669209326593,0.6344936729559131,0.10592462482614809,0.05515490427114393,0.06871915384708738,0.1494539851377025,0.5007522296128618,0.0016820365490473077,0.5,0.5022566888385853,0.00909090909090909,0.020327890704543543,0.0,0.02727272727272727,0.07586627596841913,0.025796663140805257,0.056303539498493156,0.09447551284586166,0.6033144730651123,0.10502502838573542,-0.002271772631405433,0.0008995964404126672
learned,domain,later_neighbor_damage_any_path,B+M+L+R,logistic,5,24000,0.0723470294335814,0.8320195570012701,0.017781414650696513,0.81905243084199,0.8453424647819636,0.356954804480312,0.1031371785863066,0.26431180307017216,0.4171422861261047,0.7440559274393493,0.025227090661271833,0.7228344262521735,0.7639847824492403,0.31934762943542727,0.08492026162935454,0.24814148964363766,0.38208295440772727,0.1463351602452578,0.03280524361987276,0.1223656614461341,0.1745241751430359,0.5945897819401467,0.1139449661590933,0.2374297750611234,0.24300983832121872
learned,domain,later_neighbor_damage_any_path,B+M+L+R,random_forest,5,24000,0.0723470294335814,0.8381465517582939,0.023181258911413486,0.8214765860208937,0.8580863105415422,0.33290371029430804,0.09533967585861804,0.2479906550545749,0.39187208592558714,0.5784257473615007,0.02648088119940498,0.5577493243923565,0.5981855757785743,0.25060470009457053,0.07437653284217985,0.18807521592331722,0.3042968893525797,0.06048844697979781,0.018434378355824663,0.04599616707013608,0.07419864339212827,0.6033144730651123,0.10502502838573542,0.23483207869318157,0.22787868190857263
learned,domain,later_suppression_path,B,logistic,5,24000,0.055331412483459755,0.6158071490342586,0.05656220880437795,0.5674419763882441,0.6569412421021709,0.09290762785074061,0.023732446304772163,0.07522994462552689,0.11058531107595433,0.5667816005051304,0.05662453397365966,0.5257713940359804,0.6155068357114799,0.1332403787173561,0.04548420921428886,0.09625289306061735,0.16731490576696612,0.22523885233131474,0.039470220046933346,0.19601543551928852,0.2553523470910622,0.5829043251009411,0.07854452111139495,0.03290282393331745,0.014363106739345655
learned,domain,later_suppression_path,B,random_forest,5,24000,0.055331412483459755,0.6671049209286012,0.03971509401607092,0.6369348478748591,0.6972749939823435,0.1044962116574661,0.0322398583925223,0.08193855021046904,0.13065029450867593,0.5044438396444573,0.009499752947921923,0.49942214830791504,0.5127517010880671,0.02720061586994768,0.03270557014987858,0.007888978668390435,0.05609566903684551,0.06269298680224875,0.016521038395791103,0.04918655697415738,0.07517385943221117,0.6611524299762194,0.10500343272867155,0.005952490952381817,-0.0005072210712054465
learned,domain,later_suppression_path,B+M,logistic,5,24000,0.055331412483459755,0.5829043251009411,0.07294814918856879,0.5184375500688645,0.6344502157892367,0.07854452111139495,0.017074776474065374,0.06463223969171407,0.0917565915745586,0.5400318501902357,0.039719761471834696,0.5075054306004972,0.5683020821640866,0.12027431331196636,0.02759679641322682,0.09890032067388696,0.14142580588760664,0.18251431512708066,0.034045113318972815,0.16069124085979097,0.21388728884652403,0.5829043251009411,0.07854452111139495,0.0,0.0
learned,domain,later_suppression_path,B+M,random_forest,5,24000,0.055331412483459755,0.6611524299762194,0.037776464370860845,0.6302425798548342,0.6896321586006053,0.10500343272867155,0.030129697399470256,0.08444058241591132,0.12974002498241355,0.49938582441770674,0.0017161368915356479,0.49788916644901776,0.5005168132058633,0.0031734508685506866,0.00455227690409538,0.0,0.007114337568058076,0.060985803398060624,0.015628584112143802,0.04869679815378151,0.07355488083434918,0.6611524299762194,0.10500343272867155,0.0,0.0
learned,domain,later_suppression_path,B+M+L,logistic,5,24000,0.055331412483459755,0.5853747438160274,0.07549869847333569,0.517840916962977,0.6378345091620627,0.0775441560827442,0.018436534659716553,0.06351256529171295,0.09205405813199065,0.5365564160253065,0.046250613166130244,0.4974615344111088,0.573090355045509,0.11714263404400467,0.028439001000791966,0.09603797261977982,0.13823412155116108,0.1826844064225854,0.034164283099069555,0.1612257699883373,0.21435332905981852,0.5829043251009411,0.07854452111139495,0.0024704187150862422,-0.0010003650286507515
learned,domain,later_suppression_path,B+M+L,random_forest,5,24000,0.055331412483459755,0.6583572802002219,0.045553359536443454,0.6223242036245543,0.6927068896775833,0.10612681811231443,0.030367723911548326,0.08448036218819013,0.13140217171486626,0.49918845149151014,0.001117374402986194,0.49831841347906697,0.4999787677818323,0.001951219512195122,0.004363059468292272,0.0,0.005853658536585366,0.05968326500522162,0.015200423838500707,0.04772058913359577,0.07169128920240819,0.6611524299762194,0.10500343272867155,-0.0027951497759974853,0.0011233853836428859
learned,domain,later_suppression_path,B+M+L+R,logistic,5,24000,0.055331412483459755,0.834944187180454,0.0361996505952765,0.8056068031392012,0.8629173353013648,0.3209943973625119,0.048386945626934304,0.28726327729512746,0.36090693951916747,0.7608798561456638,0.030683397799412752,0.7384751018860243,0.7862590297725667,0.29974476511953424,0.05675171551974342,0.2550539179888339,0.34443561225023456,0.13370846933580585,0.023571936458229283,0.11726742379913821,0.15436970586011584,0.5829043251009411,0.07854452111139495,0.2520398620795129,0.24244987625111694
learned,domain,later_suppression_path,B+M+L+R,random_forest,5,24000,0.055331412483459755,0.8607462111564047,0.02825673292166077,0.8389529252838022,0.8820840709934534,0.31478551613550837,0.05341708593881034,0.27720192719852405,0.36106615441985773,0.5703021836388714,0.041328770064994795,0.5390898932076995,0.601643853707777,0.21792849449772503,0.10692652724073595,0.1354916656290069,0.30036532336644317,0.048527518167530766,0.013618528955428668,0.03754100022639078,0.05983285035560652,0.6611524299762194,0.10500343272867155,0.19959378118018534,0.20978208340683682
learned,domain,later_target_any_path,B,logistic,5,24000,0.10679528480004288,0.6080979347452866,0.05212634331581559,0.5716956566678606,0.6533299256401148,0.16039021094308809,0.06143295254252025,0.11547007413020764,0.20531034775596851,0.5716749801886,0.05222392060272192,0.5362972370182754,0.6153596235086598,0.22514163057085942,0.08404387497284685,0.15923141290923426,0.2872449577999892,0.2287308130089404,0.03595982003708873,0.20193109711853635,0.2562358625840355,0.5776911260313875,0.14335481270297865,0.030406808713899114,0.01703539824010944
learned,domain,later_target_any_path,B,random_forest,5,24000,0.10679528480004288,0.6715588497415269,0.03952150230900932,0.6411646084710114,0.7035960952854537,0.20672352762504748,0.07113675646356972,0.15484966843500056,0.26334261829082917,0.5331976692860371,0.022269531762320147,0.519307712272461,0.5515184277653344,0.14047562569749378,0.0727922019935038,0.08858427841459038,0.19595644974499987,0.10755360493678008,0.025813529905244315,0.08628087494671634,0.12873340692494034,0.6464809289942397,0.19263550558395529,0.025077920747287208,0.01408802204109219
learned,domain,later_target_any_path,B+M,logistic,5,24000,0.10679528480004288,0.5776911260313875,0.07006819533140791,0.512791238217755,0.623453710280806,0.14335481270297865,0.04824600488620792,0.1059336687670888,0.18023832755217156,0.5288255007616149,0.029068752173416007,0.5018925834172412,0.546540029093503,0.17719262160098795,0.049311520705400055,0.1398459681273341,0.21453927507464177,0.19534967546228768,0.03374540161296517,0.17005963728730328,0.22261614341125827,0.5776911260313875,0.14335481270297865,0.0,0.0
learned,domain,later_target_any_path,B+M,random_forest,5,24000,0.10679528480004288,0.6464809289942397,0.05271197589670618,0.6058938623498719,0.6887543717819448,0.19263550558395529,0.08252770065375134,0.13468813790825102,0.2595752030399169,0.5244592789867099,0.029054436134669945,0.5044436498252289,0.5486939918353746,0.10552743783514681,0.10060084880980932,0.032413156850654164,0.1816364709780115,0.10639246100047664,0.024365316923133144,0.08834179279523618,0.1264372598127663,0.6464809289942397,0.19263550558395529,0.0,0.0
learned,domain,later_target_any_path,B+M+L,logistic,5,24000,0.10679528480004288,0.5795407885509132,0.07290401027144533,0.5121598174180622,0.6250507166699205,0.14375323924875844,0.04864536994597209,0.10584111486843044,0.18029932690889194,0.5284928921515595,0.035781876908074745,0.49558425143809137,0.5502742339155829,0.17799954468564727,0.05314092059086738,0.13827157853784186,0.22078668582634714,0.19535004841636489,0.03403080475364921,0.17006471718611055,0.22323923933016113,0.5776911260313875,0.14335481270297865,0.0018496625195256744,0.00039842654577978975
learned,domain,later_target_any_path,B+M+L,random_forest,5,24000,0.10679528480004288,0.6472743372273937,0.05166089919329807,0.6095988599784572,0.6899367728850201,0.1955000136931932,0.0848768032353028,0.13721795566705897,0.2643214563167934,0.5223983241556689,0.024170653370021424,0.5071303641366602,0.5417371653013349,0.09800014587520975,0.08504321867099011,0.03666666372236664,0.16781594130850697,0.10471573959933367,0.024080931250055733,0.08675098698715879,0.12476243511650588,0.6464809289942397,0.19263550558395529,0.0007934082331539916,0.002864508109237912
learned,domain,later_target_any_path,B+M+L+R,logistic,5,24000,0.10679528480004288,0.5799224486841817,0.07207274817437286,0.5137045356229994,0.6265980779223932,0.1458100046972452,0.04958703758435016,0.10705397570892197,0.1840273225563394,0.5337147346185993,0.04227672777074211,0.4945681892688554,0.5598382610308402,0.18648021896542594,0.06017653654486943,0.14020702603277374,0.23275341189807808,0.19528771099812353,0.03418727980937447,0.1697670869125314,0.2230166549208748,0.5776911260313875,0.14335481270297865,0.002231322652794243,0.0024551919942665534
learned,domain,later_target_any_path,B+M+L+R,random_forest,5,24000,0.10679528480004288,0.7914990424072739,0.026003986346387904,0.7714443543998108,0.8104920504180306,0.31818856032242665,0.07295649463154556,0.2607810973029135,0.37073912316140806,0.5598798242746126,0.042213185514552096,0.5302277410697777,0.5933094539799021,0.20484308721777195,0.11706092659477922,0.11730850743448877,0.29658333749114496,0.09067710662267695,0.02284565684242837,0.07220505688804978,0.10950007282647115,0.6464809289942397,0.19263550558395529,0.14501811341303417,0.12555305473847136
learned,domain,suppression_success_medium,B,logistic,5,24000,0.03760710301102055,0.6160150923434459,0.038967066663282326,0.5851328721336106,0.6456339878375633,0.06540469219957175,0.015177550655815414,0.053479679921507595,0.07652381288223863,0.5774226520136916,0.0415667971127447,0.5436281554233698,0.6127204175962553,0.09944541091211145,0.02800513806657107,0.07745703254805182,0.12143378927617107,0.22444580769830105,0.035205373357757655,0.19785332819998785,0.25103828719661425,0.5830708897658865,0.05642675051103716,0.03294420257755937,0.008977941688534587
learned,domain,suppression_success_medium,B,random_forest,5,24000,0.03760710301102055,0.6392801132391775,0.024133459809527094,0.6212762321549969,0.658646424793708,0.06431859799747616,0.016036099688900296,0.051973494275062995,0.07602935415048322,0.5053355228865059,0.008914274346029915,0.49976640508862935,0.5129080414060093,0.025572224750770412,0.03214422977599551,0.004336770335596725,0.05258865363912178,0.04676564164409366,0.011821055766644151,0.03632483994804405,0.05551089006466821,0.6470887186721035,0.06512830846908768,-0.007808605432925941,-0.0008097104716115189
learned,domain,suppression_success_medium,B+M,logistic,5,24000,0.03760710301102055,0.5830708897658865,0.055783657158534374,0.5322051724352361,0.6208084625148531,0.05642675051103716,0.011387573672374626,0.04678705245535893,0.06493772441174428,0.5389644869389647,0.02779526727486626,0.5174447954512961,0.559972494689174,0.08790189382996176,0.023552836501055916,0.06959769334363716,0.10587540006926952,0.18248673777000904,0.027187303470562713,0.16520569118206754,0.20735569450023913,0.5830708897658865,0.05642675051103716,0.0,0.0
learned,domain,suppression_success_medium,B+M,random_forest,5,24000,0.03760710301102055,0.6470887186721035,0.031324832479032706,0.622714535748125,0.671462901596082,0.06512830846908768,0.01721963828424039,0.05098106358131711,0.07789602291055646,0.5011863809185464,0.0021234690855253136,0.4996341790044557,0.502993836122451,0.007075277663512958,0.010035673011584964,0.0,0.015631427396133275,0.04449954345481533,0.011024933868449879,0.03536252359021544,0.05331649115371915,0.6470887186721035,0.06512830846908768,0.0,0.0
learned,domain,suppression_success_medium,B+M+L,logistic,5,24000,0.03760710301102055,0.5863968857597298,0.05728428007538336,0.5353211396547458,0.6274866502934527,0.05573646849817997,0.012373779830823774,0.04583563408342365,0.06528540909947812,0.5408740929782254,0.037302575557193365,0.5118610214700043,0.5691778961537804,0.08831289137164543,0.025164372782198987,0.06947689430578954,0.10752918489250776,0.18267225023149064,0.027443511928733462,0.16479564298691868,0.20782343562843927,0.5830708897658865,0.05642675051103716,0.0033259959938433115,-0.0006902820128571949
learned,domain,suppression_success_medium,B+M+L,random_forest,5,24000,0.03760710301102055,0.6437629489263497,0.02811930891247323,0.6218372664433806,0.6656886314093188,0.06673826532874831,0.01703612726496237,0.053546147248324114,0.07993038340917251,0.5001730699137207,0.0007540328876309612,0.49968547420835413,0.5008593831347573,0.002173913043478261,0.004861017342390847,0.0,0.006521739130434782,0.04300031751414763,0.010687642234564835,0.0338985350971538,0.05154609288305547,0.6470887186721035,0.06512830846908768,-0.003325769745753826,0.00160995685966063
learned,domain,suppression_success_medium,B+M+L+R,logistic,5,24000,0.03760710301102055,0.8202626966109104,0.02941742211179842,0.80000727141894,0.8437900500984771,0.22260207834164306,0.041387777191048296,0.19573686086439318,0.2567935447197609,0.747524883413668,0.02840327536332291,0.7270714737068436,0.7721533038062292,0.21555433318715375,0.03878563462550507,0.18522424351018502,0.24588442286412246,0.13895467497290137,0.019682546868507896,0.12499704192905055,0.1564765632368435,0.5830708897658865,0.05642675051103716,0.23719180684502394,0.1661753278306059
learned,domain,suppression_success_medium,B+M+L+R,random_forest,5,24000,0.03760710301102055,0.8428826522029279,0.030934937241699913,0.8216967499461824,0.8679720744421792,0.19311894627273538,0.01917362962868476,0.17869877861019354,0.2082187683686852,0.5119667003663922,0.008055846323281088,0.5057538489142084,0.5181636212875962,0.048920639128834986,0.02850019780134953,0.026989995998399362,0.07085128225927062,0.036477500452564135,0.009867710372131647,0.028205267809590068,0.04461462817361445,0.6470887186721035,0.06512830846908768,0.19579393353082442,0.1279906378036477
learned,record,clean_enhancement_medium,B,logistic,5,24000,0.039125,0.5938369559587986,0.040001708073903894,0.5630007714023109,0.6263692302050361,0.05729892481690372,0.009267397317658257,0.05020943373912967,0.06464015533749266,0.5632761370119674,0.036000796541396415,0.5356301008707498,0.5909221731531851,0.09254599936835266,0.012972823624703499,0.08258168096625874,0.10245134756699341,0.239351672062082,0.00994257897969378,0.23170682297403902,0.2469965211501249,0.6340844537328454,0.06209321927671054,-0.04024749777404679,-0.004794294459806822
learned,record,clean_enhancement_medium,B,random_forest,5,24000,0.039125,0.6198506110021347,0.026363822823533608,0.597039389336651,0.637502945100368,0.0627290988595693,0.005395320970403616,0.05826610599860382,0.06676192873335253,0.5046826459911814,0.007587549082025511,0.49965141612200437,0.5114218581619975,0.019392591159686622,0.029407326532928487,0.0,0.0459328755198762,0.0473709125254151,0.0024289344392542387,0.04561333306874549,0.049512827640538305,0.6273208084066143,0.059356484254412055,-0.007470197404479628,0.0033726146051572467
learned,record,clean_enhancement_medium,B+M,logistic,5,24000,0.039125,0.6340844537328454,0.03665145531743528,0.6031445422914945,0.6603492484943145,0.06209321927671054,0.010042096935358513,0.05414889367337496,0.06967787273627474,0.5927049274443148,0.02938005722788433,0.5683162691522493,0.613642942335469,0.09938041232476544,0.009215708772647765,0.09202838226303671,0.10690451841035721,0.23200131766863027,0.011563576402095786,0.22351251751948698,0.24092438116685208,0.6340844537328454,0.06209321927671054,0.0,0.0
learned,record,clean_enhancement_medium,B+M,random_forest,5,24000,0.039125,0.6273208084066143,0.03830000149689918,0.594656490676886,0.6541963231145381,0.059356484254412055,0.006483303346051292,0.054215252513864456,0.06428061777855806,0.5005099241375841,0.002092091886560908,0.4993253462124949,0.5023562041707694,0.004123711340206186,0.009220898876287794,0.0,0.012371134020618558,0.046458091108444864,0.002765091822153735,0.044641393360299,0.049006831514350334,0.6273208084066143,0.059356484254412055,0.0,0.0
learned,record,clean_enhancement_medium,B+M+L,logistic,5,24000,0.039125,0.6349586530686474,0.03537530429150761,0.6064795089438464,0.6611657692897192,0.06233629288107635,0.011076741558133284,0.053965761823824135,0.07108340785493598,0.5919744221003886,0.028982462649426007,0.5672547302432802,0.6131925744502567,0.09950922892719319,0.009501401611878166,0.0911957905913265,0.10624675796073255,0.23158515379823305,0.011459936231048415,0.22305053691403423,0.24046766096420175,0.6340844537328454,0.06209321927671054,0.0008741993358020173,0.00024307360436581077
learned,record,clean_enhancement_medium,B+M+L,random_forest,5,24000,0.039125,0.6332062860484196,0.035150404819614595,0.6039064388763067,0.6562414040075402,0.060353846728672646,0.005324449762195462,0.056310122445224785,0.06415210834807825,0.499972531786288,0.0009584949850780322,0.4992156862745098,0.5007886393532179,0.002072538860103627,0.004634337777201636,0.0,0.0062176165803108805,0.0450065118515162,0.002807849562099417,0.04315012890191945,0.04759563598880666,0.6273208084066143,0.059356484254412055,0.005885477641805248,0.0009973624742605908
learned,record,clean_enhancement_medium,B+M+L+R,logistic,5,24000,0.039125,0.8205825006348085,0.019225680447938,0.8037951601790347,0.8322249164806829,0.23269913979064602,0.052270071918717145,0.1881274183175909,0.26779591218260523,0.7430575803092705,0.01709432029681369,0.7284645545393725,0.7538429235687234,0.1947320931403632,0.019035056120410485,0.18003334001974505,0.2089436921231048,0.16290552421135115,0.011744749210858413,0.15324160700296935,0.17183680778621452,0.6340844537328454,0.06209321927671054,0.18649804690196314,0.17060592051393547
learned,record,clean_enhancement_medium,B+M+L+R,random_forest,5,24000,0.039125,0.8313953653464082,0.02469688490602614,0.8102730581780169,0.8469916134683734,0.2098712072652747,0.056405174970927584,0.16235389288896424,0.2555925204513151,0.5255268702635734,0.012090240135982472,0.5164229613994327,0.5357264793377596,0.0953398010440264,0.041679477787065884,0.06368131868131868,0.13039835751103357,0.03788093225748144,0.001951458687589428,0.036435692113230715,0.03950518218324718,0.6273208084066143,0.059356484254412055,0.20407455693979393,0.15051472301086263
learned,record,clean_suppression_medium,B,logistic,5,24000,0.037125,0.633155102607732,0.036538622276545564,0.604338895445818,0.6596586883224284,0.06854355101839323,0.014072595336641758,0.0577379408256673,0.07934916121111915,0.5881411085569148,0.03754950847622642,0.555943267448692,0.6139691889600802,0.0983614774560577,0.016785049052734164,0.08403558272927199,0.11058850018747357,0.23339317308001095,0.007825035402105234,0.22732752240245468,0.23951636358727008,0.6622804609476455,0.07213456373993477,-0.029125358339913476,-0.0035910127215415394
learned,record,clean_suppression_medium,B,random_forest,5,24000,0.037125,0.6551491388345576,0.032676366321873526,0.6306834702433873,0.6783011574179616,0.0676980843549884,0.012007457328357082,0.058335743974980495,0.07624948946100053,0.5012001172864171,0.0020617818839019147,0.4998275862068965,0.5029954138034367,0.008078879086663207,0.00839662707215368,0.001951219512195122,0.014420965230928697,0.045770102501269345,0.00153638654324084,0.044842733580234974,0.04712448478431407,0.679854054892628,0.07340508413059718,-0.024704916058070348,-0.005706999775608776
learned,record,clean_suppression_medium,B+M,logistic,5,24000,0.037125,0.6622804609476455,0.03921049205739914,0.6332503887974922,0.6913105330977986,0.07213456373993477,0.017231140876198734,0.05987590722927659,0.08523295624616348,0.6163637950760117,0.03158059784760211,0.5920442725814391,0.6387016519953288,0.10350368845540703,0.014272324077840471,0.09190149959773838,0.11316031857265399,0.22790924688155328,0.012317256907372749,0.2173964243130126,0.23648391979120448,0.6622804609476455,0.07213456373993477,0.0,0.0
learned,record,clean_suppression_medium,B+M,random_forest,5,24000,0.037125,0.679854054892628,0.02977713563669287,0.6575069991570673,0.7022011106281885,0.07340508413059718,0.010303334507097967,0.06442340736696953,0.08066742512718811,0.5019718052872751,0.003709161506250135,0.49957650482053345,0.5052127236291201,0.0106587025053924,0.013623290142288882,0.001951219512195122,0.022040816326530613,0.04383220693399105,0.001942987007785891,0.0424530833403194,0.04555199556555807,0.679854054892628,0.07340508413059718,0.0,0.0
learned,record,clean_suppression_medium,B+M+L,logistic,5,24000,0.037125,0.6635982023571587,0.042086807897421016,0.6318160142372807,0.6953803904770365,0.07303335710171716,0.018716415077869378,0.05970661714310247,0.08729058337539163,0.6130209265055605,0.039357883672889504,0.5832497508662163,0.6396577631239959,0.10299689531908954,0.01680266805074544,0.08947447109364483,0.11481114361589569,0.22729183939961076,0.0123093401320629,0.2169620775481115,0.23586455514442073,0.6622804609476455,0.07213456373993477,0.00131774140951324,0.0008987933617823907
learned,record,clean_suppression_medium,B+M+L,random_forest,5,24000,0.037125,0.6757764241586622,0.02783376820836961,0.6546165428507761,0.6969363054665484,0.07409613543418117,0.009902119006059059,0.06562981595895957,0.08175312357647838,0.5022307373251386,0.003633628974739024,0.5000528324643134,0.5054287326671065,0.010759859036751132,0.013858678328987737,0.0019801980198019802,0.022338983050847458,0.042511813373000244,0.0022460961763109285,0.04083419538477749,0.044479359455674494,0.679854054892628,0.07340508413059718,-0.00407763073396572,0.0006910513035839894
learned,record,clean_suppression_medium,B+M+L+R,logistic,5,24000,0.037125,0.8273417302562416,0.029068338644817945,0.8025098969895483,0.845289918870624,0.22171053795935594,0.05616652663091489,0.17383525604173541,0.2597081518425482,0.7563119558411516,0.022073669764099312,0.7390962943508625,0.7723886899879155,0.19290987612574925,0.02195845816431825,0.1755615648541906,0.20989073366516653,0.16164806472911403,0.007500143660475995,0.15595177115309852,0.16734435830512953,0.6622804609476455,0.07213456373993477,0.1650612693085961,0.14957597421942118
learned,record,clean_suppression_medium,B+M+L+R,random_forest,5,24000,0.037125,0.832974587612496,0.021813008939331992,0.8155552913143863,0.8484871461208563,0.18015727848804147,0.032007212777002976,0.15397837570479633,0.20310990989974878,0.5062267103341179,0.0032389003547847912,0.5037019602205476,0.5086366832604162,0.027301097167056664,0.012486777143756718,0.018186343068696008,0.03674355074369536,0.03646687319019284,0.0010229037437114415,0.03571371659827782,0.03731768580282792,0.679854054892628,0.07340508413059718,0.15312053271986803,0.10675219435744429
learned,record,enhancement_success_medium,B,logistic,5,24000,0.041,0.6010352743527173,0.03676124867414397,0.5717087168679529,0.6296542205118185,0.06105385788034865,0.008281505089910475,0.05450888880897566,0.06748226344050924,0.5707882431417917,0.03408491979242176,0.5438991379303354,0.5993581140199952,0.09875216421089411,0.010971423916303204,0.09059116737614567,0.1078116794609298,0.23867469028987393,0.010500520186523131,0.23055551677922556,0.24679386380052235,0.6392831661145788,0.06795491604788019,-0.0382478917618615,-0.006901058167531539
learned,record,enhancement_success_medium,B,random_forest,5,24000,0.041,0.6299953824328582,0.024317695820793347,0.6083207081271761,0.6439401377873646,0.0688187753667008,0.005856379905919319,0.06433842640220297,0.07329912433119862,0.5032489836127682,0.005103245958611973,0.499650502402796,0.5077267475287176,0.014874046885582573,0.021230862090666776,0.0,0.03313888706823097,0.049350253208363594,0.002656410575412319,0.04752755055000322,0.05155899858586023,0.6424087905886215,0.06669232520050186,-0.012413408155763306,0.0021264501661989316
learned,record,enhancement_success_medium,B+M,logistic,5,24000,0.041,0.6392831661145788,0.03522767679090554,0.6094603067809128,0.6633223359842824,0.06795491604788019,0.011001109743186235,0.059341286273293756,0.07644354181965181,0.5963226508089746,0.031517638010092504,0.569522413393722,0.6194719424249883,0.1047613086516019,0.010113107977267803,0.09662983391312777,0.11178380526640792,0.2312264444177742,0.011910186684641373,0.22228829251714485,0.2403544449954874,0.6392831661145788,0.06795491604788019,0.0,0.0
learned,record,enhancement_success_medium,B+M,random_forest,5,24000,0.041,0.6424087905886215,0.0318665965718326,0.6168180976192945,0.6662845887691374,0.06669232520050186,0.005538175503287201,0.0626701029888897,0.07113514940851587,0.5013971795597263,0.0023670598238495297,0.499652702409377,0.5033560998650799,0.008633917325088744,0.011987754886197367,0.0,0.018390014886064353,0.04813808227675091,0.002721495611044544,0.04632639988360158,0.05039369286359664,0.6424087905886215,0.06669232520050186,0.0,0.0
learned,record,enhancement_success_medium,B+M+L,logistic,5,24000,0.041,0.6407083540646447,0.03429107042194533,0.6117579761104315,0.6641277559055077,0.06786610966933532,0.011346204991138474,0.0589632612966479,0.07656603293696049,0.5954073483315618,0.03057248382615798,0.5696405517230623,0.6174818929381615,0.10487905719769892,0.010424471022815863,0.0958228128799867,0.11147726032783714,0.23081466525051023,0.011803467833834055,0.22181938189763767,0.2398905974644297,0.6392831661145788,0.06795491604788019,0.0014251879500658537,-8.880637854487283e-05
learned,record,enhancement_success_medium,B+M+L,random_forest,5,24000,0.041,0.6438591483029864,0.0346567605321213,0.6142960294478189,0.6688646028694092,0.06749200151630416,0.004723745548211903,0.06447549381940658,0.07182929043468401,0.500269898154195,0.0018424422072889444,0.4991098048171514,0.5019388642108755,0.0034188034188034192,0.007644676846153128,0.0,0.010256410256410258,0.0466019471784645,0.002867040210277208,0.044489330741319895,0.049043357335807454,0.6424087905886215,0.06669232520050186,0.0014503577143648583,0.0007996763158023001
learned,record,enhancement_success_medium,B+M+L+R,logistic,5,24000,0.041,0.8221847918651465,0.014893924614603024,0.808605124336671,0.8315166087592587,0.24472264188655402,0.05232507086436959,0.19907060125063067,0.2801234314226673,0.7457553390225133,0.011312906550660393,0.7369467166916793,0.7541674721070792,0.20332314337020913,0.017039353015832388,0.18906344462813707,0.21562334794704013,0.16244300916994284,0.01190490316541451,0.15270532649358676,0.17150544642811427,0.6392831661145788,0.06795491604788019,0.18290162575056768,0.17676772583867384
learned,record,enhancement_success_medium,B+M+L+R,random_forest,5,24000,0.041,0.834939828860773,0.020535404718452215,0.8173329435805675,0.847427512721689,0.21567782953355516,0.04574567786182306,0.1738513021601715,0.24569764874155106,0.5307362822487033,0.011021177943335616,0.5211767355020178,0.5381708436571171,0.11209322176481525,0.036794970895793935,0.08016688538932634,0.13661538461538464,0.03938303454800572,0.0018830280222067533,0.03808774653664933,0.0410852445925279,0.6424087905886215,0.06669232520050186,0.19253103827215146,0.1489855043330533
learned,record,later_capability_damage_any_path,B,logistic,5,24000,0.07879166666666668,0.5910269515830913,0.02022958892152743,0.5755475554579871,0.6080570821671355,0.11892996463653198,0.034016890129120014,0.09361095529691259,0.14563102825393023,0.5591777617323072,0.021723164194714657,0.5412724976839618,0.5761684903540673,0.1673815068487079,0.026216865124371217,0.14523502744502068,0.1874396743825554,0.24153803008306945,0.005137970067085036,0.2376778259745013,0.24539823419163764,0.5861234588932316,0.10772949871931856,0.004903492689859679,0.011200465917213423
learned,record,later_capability_damage_any_path,B,random_forest,5,24000,0.07879166666666668,0.66876069859827,0.0360805605149518,0.6401926095063211,0.6973287876902189,0.16213891137692546,0.021673434620211828,0.14694371515978477,0.17981853964805747,0.5019095033293633,0.0036347896939949442,0.49963428571428575,0.5051160353005482,0.008883223845475047,0.014087607064760116,0.0,0.021786449651926658,0.08122313313399088,0.004899648168553984,0.07752306654092814,0.08492319972705363,0.6340441592142676,0.12717005902854187,0.03471653938400243,0.034968852348383594
learned,record,later_capability_damage_any_path,B+M,logistic,5,24000,0.07879166666666668,0.5861234588932316,0.023395265176300913,0.5725286523446635,0.6070058228188678,0.10772949871931856,0.02255936247356267,0.08945472007762142,0.12458987834957717,0.5604628784236805,0.021729520228797587,0.5453417090535042,0.579352986904128,0.16792294288290482,0.025621487735713523,0.1485676961075917,0.18971773983728518,0.24055719351765092,0.00512299321859637,0.23643342802423173,0.24408620439219259,0.5861234588932316,0.10772949871931856,0.0,0.0
learned,record,later_capability_damage_any_path,B+M,random_forest,5,24000,0.07879166666666668,0.6340441592142676,0.030836792118399115,0.6109405398174597,0.6571477786110759,0.12717005902854187,0.0189299998224352,0.11582927984433718,0.14378895058421937,0.5,0.0,0.5,0.5,0.0,0.0,0.0,0.0,0.0822452658827044,0.005373751638872462,0.07824573835865185,0.0864850332990263,0.6340441592142676,0.12717005902854187,0.0,0.0
learned,record,later_capability_damage_any_path,B+M+L,logistic,5,24000,0.07879166666666668,0.586215408394408,0.02344874570079481,0.5725159866493763,0.6071248521909544,0.10788667589731196,0.02257822126848676,0.08949956345896157,0.12474685884987084,0.55968325701896,0.022275246355264944,0.5447824009206819,0.5791275518683603,0.16749532977446913,0.026099410379872276,0.14827349851854094,0.1896961080358511,0.24056573007679566,0.005131977950591894,0.23645293200280051,0.24411534091790416,0.5861234588932316,0.10772949871931856,9.194950117641376e-05,0.00015717717799340614
learned,record,later_capability_damage_any_path,B+M+L,random_forest,5,24000,0.07879166666666668,0.6267770852776003,0.020580223016884752,0.6113911488491048,0.6438388643312931,0.12036539534121801,0.011838421866320703,0.11126818375813667,0.1294626069242994,0.5,0.0,0.5,0.5,0.0,0.0,0.0,0.0,0.08144806526353202,0.005294534844715602,0.07756225344389514,0.08567243499889603,0.6340441592142676,0.12717005902854187,-0.0072670739366672565,-0.006804663687323853
learned,record,later_capability_damage_any_path,B+M+L+R,logistic,5,24000,0.07879166666666668,0.858918109466283,0.011053641704810617,0.851251035600415,0.8684734450834719,0.3939708767991788,0.04361329220921293,0.35652931907399754,0.42475861963029293,0.777175267763895,0.009887405770205008,0.7686863204085153,0.7843726401079217,0.3566587510495571,0.02562858708463167,0.33340082338041077,0.37506613128391114,0.15262347816010183,0.004040849179186083,0.1494835194277911,0.15576343689241257,0.5861234588932316,0.10772949871931856,0.2727946505730514,0.2862413780798603
learned,record,later_capability_damage_any_path,B+M+L+R,random_forest,5,24000,0.07879166666666668,0.8490835987118904,0.010573750778206147,0.8410928334000959,0.8570431740124591,0.3653917899526699,0.04581433984070859,0.33141105444443036,0.3993725254609094,0.5932066439246727,0.02540861727297374,0.5755964207629385,0.6138980780380265,0.2854422399237566,0.05859976741234979,0.24503108586868114,0.3372853251923019,0.06552954768378913,0.004100984208089517,0.06236751387573621,0.06869158149184207,0.6340441592142676,0.12717005902854187,0.21503943949762283,0.23822173092412804
learned,record,later_clean_any_path,B,logistic,5,24000,0.10920833333333332,0.6333955032253695,0.02503439273377798,0.6135060733368074,0.6516164607604287,0.1683879272875867,0.022406844442015596,0.15242193821525296,0.1863151733498352,0.5923178693409772,0.03234284965880341,0.5670834664761901,0.6175522722057644,0.2409058814550955,0.030184986794675017,0.21855092609431934,0.2643857392524517,0.23649376773190509,0.0074491525710447095,0.23044501793011624,0.24211941431046072,0.678042689598447,0.1908322157867238,-0.04464718637307752,-0.0224442884991371
learned,record,later_clean_any_path,B,random_forest,5,24000,0.10920833333333332,0.6869390919071157,0.019263007633147068,0.6722046566609953,0.7006372012368353,0.20740237992233773,0.026607775898798362,0.1867313278020425,0.22807343204263297,0.5382300150912914,0.008425035866467841,0.5314355037187962,0.5446493078944166,0.15620882041713396,0.02495898497158752,0.13619540566641708,0.175048573179253,0.11095382342516347,0.0042725506756368745,0.10775885546474491,0.11452589224840559,0.703925932760727,0.21344403245725116,-0.01698684085361135,-0.006041652534913428
learned,record,later_clean_any_path,B+M,logistic,5,24000,0.10920833333333332,0.678042689598447,0.025374969288846135,0.6590682332643816,0.6970171459325126,0.1908322157867238,0.022429769859392865,0.17319562814623404,0.20771655684208185,0.6311990403423455,0.012347468969402335,0.6212965618075328,0.6400794362110556,0.26325810259475,0.01276442037231152,0.2538468657145283,0.27391288226677135,0.22767288574584543,0.011675880018165961,0.21771039225515568,0.235337528218699,0.678042689598447,0.1908322157867238,0.0,0.0
learned,record,later_clean_any_path,B+M,random_forest,5,24000,0.10920833333333332,0.703925932760727,0.016463649372218087,0.6900014806110027,0.7157090198225449,0.21344403245725116,0.02053706288795445,0.19839987407611331,0.22966861995839652,0.5293054509160201,0.009521836014706596,0.5210351251650471,0.5362477064810245,0.12795004890042483,0.03063957353686264,0.10146409905643831,0.15097537911449227,0.10898573181365782,0.0047748791344152846,0.10549458797600113,0.11307915112502046,0.703925932760727,0.21344403245725116,0.0,0.0
learned,record,later_clean_any_path,B+M+L,logistic,5,24000,0.10920833333333332,0.6787149480429857,0.0288423629000102,0.6570983785009212,0.7003230868138132,0.1925627695948366,0.025063847666068992,0.1726454160427935,0.2112377207166148,0.6248794629545054,0.01727816117123484,0.6112573240046744,0.6378609284648855,0.25968963622707947,0.015211448299227659,0.2479836197664147,0.27139565268774424,0.2272890064880811,0.011685680637569902,0.21726256600616764,0.23484702413794434,0.678042689598447,0.1908322157867238,0.0006722584445386648,0.0017305538081127947
learned,record,later_clean_any_path,B+M+L,random_forest,5,24000,0.10920833333333332,0.7038792595371725,0.01674984196830054,0.6898283740817455,0.716254498701588,0.21749121722885434,0.02161128286016104,0.20075931725376123,0.23422311720394742,0.5288581656597999,0.00959174974018381,0.5213713339333028,0.5356683956186203,0.12323386498726963,0.030206470899133725,0.10025433259227623,0.14575061494370203,0.10643316059998291,0.00477014592042597,0.10310570805941748,0.11064456003276091,0.703925932760727,0.21344403245725116,-4.667322355456083e-05,0.0040471847716031795
learned,record,later_clean_any_path,B+M+L+R,logistic,5,24000,0.10920833333333332,0.678081107545567,0.027843882876329537,0.6563440604543098,0.6989748987018685,0.19646010976349124,0.027336088790598834,0.17481882432499046,0.21633698595437068,0.6250705332567323,0.018078290166668638,0.6115985229303803,0.638442785125957,0.2603068473342707,0.01473999685464357,0.24873251052115206,0.27188118414738927,0.2266138543169279,0.011278164040371316,0.2169954269207323,0.2337757217941498,0.678042689598447,0.1908322157867238,3.8417947120006346e-05,0.00562789397676744
learned,record,later_clean_any_path,B+M+L+R,random_forest,5,24000,0.10920833333333332,0.8021474656459755,0.010871304162497104,0.7940744155215512,0.810919307678072,0.3284323796146582,0.03123383767525252,0.3058881038488402,0.3560836707476443,0.5729287744259627,0.012300416531884607,0.564014273230003,0.5839871253694761,0.2473965740534864,0.03181217992755047,0.22452679617257357,0.2765246432311102,0.09324945442587336,0.0025667059580281875,0.09143300578748145,0.09552479923460432,0.703925932760727,0.21344403245725116,0.09822153288524849,0.11498834715740705
learned,record,later_clean_enhancement_path,B,logistic,5,24000,0.056124999999999994,0.6033240131483188,0.029847366729039156,0.5806952374879761,0.6281096160030557,0.08325940625888276,0.009576260430656536,0.07666176346574424,0.09175729319221167,0.5742686331724999,0.04015655573980862,0.5431551652978465,0.6053821010471533,0.13239958603118887,0.020243171471705616,0.11682558989188996,0.14831851252446668,0.23939426965573612,0.00912322704316035,0.23259155815997384,0.24679043710885287,0.6469641833194887,0.09255920759342182,-0.043640170171169834,-0.00929980133453906
learned,record,later_clean_enhancement_path,B,random_forest,5,24000,0.056124999999999994,0.6309544517238053,0.02139329094599069,0.6119439957455783,0.6461343192635416,0.09553612646056157,0.008741376396500638,0.08850355556322251,0.1019938416481209,0.5045560611219403,0.0024519776287705245,0.5026830359223078,0.5063354152447767,0.024708704028761897,0.010174810959484278,0.017321815807714885,0.032316310261903805,0.06380683051557993,0.0029255599727685527,0.0615245015500529,0.06608915948110697,0.6505253876349673,0.0965979277402769,-0.01957093591116199,-0.0010618012797153215
learned,record,later_clean_enhancement_path,B+M,logistic,5,24000,0.056124999999999994,0.6469641833194887,0.02607720981580438,0.6262429311013887,0.6667658802975074,0.09255920759342182,0.008172263581185585,0.08619122024838538,0.09887230780200529,0.6077040783868514,0.0200579750909022,0.5917268302409435,0.6236813265327591,0.14282007136178948,0.011116180629017449,0.1326940870407011,0.1488839575197775,0.23086857629304544,0.01205409414931388,0.22194813158906537,0.23956147809124334,0.6469641833194887,0.09255920759342182,0.0,0.0
learned,record,later_clean_enhancement_path,B+M,random_forest,5,24000,0.056124999999999994,0.6505253876349673,0.030951306076632032,0.6235334505511991,0.6712907053693348,0.0965979277402769,0.011461985665153971,0.08770571448911771,0.10512157767734161,0.5039170368242647,0.004381660820312621,0.5005092852515909,0.5072110297345981,0.02046617231706075,0.019046244328428504,0.006130268199233716,0.034802076434887794,0.06275825138953928,0.003445371520074476,0.060271523682366136,0.06575737751527366,0.6505253876349673,0.0965979277402769,0.0,0.0
learned,record,later_clean_enhancement_path,B+M+L,logistic,5,24000,0.056124999999999994,0.6472446296110512,0.02591228722952136,0.6262641961780708,0.6666028095844247,0.09279911669710117,0.008759081402201396,0.08624628007308988,0.09998222372937052,0.6052300033931546,0.025290468624220443,0.5833382072351994,0.6235717760754096,0.14205953525747655,0.011371888074759182,0.13235029421811964,0.14990733808347337,0.2304694365542427,0.011989698205817407,0.22165677674007153,0.2392301369069023,0.6469641833194887,0.09255920759342182,0.00028044629156254164,0.00023990910367935325
learned,record,later_clean_enhancement_path,B+M+L,random_forest,5,24000,0.056124999999999994,0.6567638946233469,0.029648892393764986,0.6302233133946556,0.6750102345722443,0.09645380722240275,0.00894143155644563,0.08961238576796274,0.10329522867684275,0.5033239748160309,0.003648637834584682,0.5004974506254378,0.506150499006624,0.017745073986624234,0.01669045779996614,0.004633204633204633,0.030856943340043835,0.06130174682603495,0.003261444197345226,0.0588307067469557,0.06388204067976849,0.6505253876349673,0.0965979277402769,0.006238506988379688,-0.00014412051787414393
learned,record,later_clean_enhancement_path,B+M+L+R,logistic,5,24000,0.056124999999999994,0.8255446193726621,0.01992637840021192,0.8072243837829556,0.8389552725453939,0.3125878657026472,0.05992968260506002,0.2618584496213253,0.3554500928160342,0.7476310399582687,0.024314056116850582,0.7264921326952588,0.7610604773345271,0.2590112159596903,0.02718892385858895,0.2359040240548842,0.27610772380767196,0.161952196961418,0.012124364747165873,0.15162810605837435,0.1700578541200036,0.6469641833194887,0.09255920759342182,0.17858043605317342,0.22002865810922537
learned,record,later_clean_enhancement_path,B+M+L+R,random_forest,5,24000,0.056124999999999994,0.8426881998893403,0.02035594593265479,0.8250105414516596,0.8558124264869817,0.2904529349806817,0.05458230157154429,0.2430877314830658,0.3291305252284519,0.5685133954779786,0.012120182114337314,0.5580476866395493,0.5783121896101089,0.2238668527118847,0.03420342341262537,0.19351026739542623,0.24985128830060915,0.05052514688853197,0.0022155157575502286,0.04873117437668875,0.05207821896487526,0.6505253876349673,0.0965979277402769,0.19216281225437304,0.1938550072404048
learned,record,later_clean_suppression_path,B,logistic,5,24000,0.05554166666666667,0.6389558457630752,0.03311318832219925,0.615033500284311,0.6628781912418393,0.0970814143932933,0.02234076556730102,0.08079375981696535,0.11507063446468913,0.5893971242614107,0.02386427278229541,0.571009326973763,0.6077849215490584,0.13900995154463486,0.01619112569841312,0.1259249386491165,0.15107969732695498,0.23385033829013477,0.007880058687110138,0.22758244546390016,0.2401091992424159,0.6754456068467098,0.10461915597519215,-0.036489761083634664,-0.007537741581898849
learned,record,later_clean_suppression_path,B,random_forest,5,24000,0.05554166666666667,0.6770473840430485,0.024561935319698344,0.6555616105816554,0.6945480570152116,0.10925255472773672,0.020431028358385072,0.09382879754025028,0.1247038179274961,0.505956605576009,0.007770673740207014,0.5007101409180457,0.5129988441462601,0.029805777920086797,0.027637538881815107,0.010354370711779186,0.054830943135194675,0.06260887884774435,0.002663881314125383,0.06110194739849515,0.06504496076796511,0.7011798647012497,0.12031480002870762,-0.024132480658201172,-0.0110622453009709
learned,record,later_clean_suppression_path,B+M,logistic,5,24000,0.05554166666666667,0.6754456068467098,0.03213943037415151,0.6518899496006589,0.6985423316342206,0.10461915597519215,0.02264033732840955,0.08683845728341,0.12055278638997953,0.6284442592918467,0.030156533739022575,0.6067372710576219,0.6501512475260715,0.15101840760281546,0.018063399890423885,0.13537289543369868,0.16335813323736803,0.22731325648304912,0.012483388292395214,0.2163425575577213,0.23550307368313197,0.6754456068467098,0.10461915597519215,0.0,0.0
learned,record,later_clean_suppression_path,B+M,random_forest,5,24000,0.05554166666666667,0.7011798647012497,0.02617934578712535,0.6811072329991672,0.7212524964033321,0.12031480002870762,0.014337021524476612,0.10837568297579465,0.13059314237199843,0.505645176449257,0.007485958885643321,0.5004447899930863,0.512092184767582,0.028315416331200754,0.02627397165760581,0.010561056105610561,0.05100691625042345,0.06117242021277626,0.003499449585206321,0.05858354912964606,0.06430745345087929,0.7011798647012497,0.12031480002870762,0.0,0.0
learned,record,later_clean_suppression_path,B+M+L,logistic,5,24000,0.05554166666666667,0.6760170764688864,0.03496949487850819,0.6501814089629203,0.7018527439748524,0.10484450980245694,0.023335801715871112,0.08807683380564517,0.12102834134561025,0.6247755885664413,0.030752190472173986,0.602284998428179,0.6472661787047038,0.15025723257190093,0.018805807620754917,0.13392193667776786,0.16323594429079485,0.22682537577309364,0.012479410892259537,0.215983364900275,0.23497763030370913,0.6754456068467098,0.10461915597519215,0.0005714696221765792,0.00022535382726478204
learned,record,later_clean_suppression_path,B+M+L,random_forest,5,24000,0.05554166666666667,0.7021358455325001,0.02034526476994722,0.6863668436089485,0.7179048474560517,0.12030341002860889,0.015803633006409,0.10724025927149247,0.1308745406376218,0.5043129620710405,0.005495592778358919,0.5004839787656691,0.5092156744290912,0.02102350355489354,0.019181114112716453,0.00803671787186212,0.03859514759712581,0.05952952090920558,0.003611215106358836,0.05700069949115646,0.0628430999233988,0.7011798647012497,0.12031480002870762,0.0009559808312503693,-1.1390000098726594e-05
learned,record,later_clean_suppression_path,B+M+L+R,logistic,5,24000,0.05554166666666667,0.8477813751292971,0.024890171357799255,0.8279808064910961,0.8654050302638051,0.3256809970734508,0.07016300492947491,0.271906872654321,0.37586769577866924,0.7702462272885859,0.018701999195306115,0.7551056845977616,0.7835090382432515,0.2779834467575517,0.0313702138271701,0.25239584193605147,0.30233520817913506,0.15364178285134633,0.006744868447897683,0.14827739440486254,0.15900617129783012,0.6754456068467098,0.10461915597519215,0.17233576828258723,0.2210618410982586
learned,record,later_clean_suppression_path,B+M+L+R,random_forest,5,24000,0.05554166666666667,0.8565535316321513,0.02017599638945113,0.8411045808698662,0.8720024823944363,0.2985579083309544,0.05520090971607722,0.25786443157864664,0.34530101544013875,0.5724958750745381,0.02726130799031669,0.5510056207275843,0.5934431324367241,0.22899224421902317,0.07407477761926544,0.17105093064896507,0.28693355778908136,0.0495797012224012,0.0013675194436216101,0.04854852287139168,0.05080720242451133,0.7011798647012497,0.12031480002870762,0.1553736669309016,0.1782431083022468
learned,record,later_enhancement_path,B,logistic,5,24000,0.05887499999999999,0.610054779199651,0.02746807559494231,0.5888919053426598,0.6314466005414856,0.08904709416170331,0.008034523399828955,0.08315111889503292,0.09568174300018,0.5800961531742528,0.03263375180651036,0.5545845140086051,0.604590694374793,0.1405623915364613,0.017354402130972602,0.12645997044239557,0.15341188195226563,0.23860407625606359,0.009642282387409482,0.23135991605227613,0.2462980617490112,0.6535167478034482,0.10050941549685281,-0.04346196860379714,-0.011462321335149503
learned,record,later_enhancement_path,B,random_forest,5,24000,0.05887499999999999,0.6405525399247247,0.02170426652642092,0.6210153272644636,0.6530312032965617,0.10597357099362828,0.0041815414759769215,0.10273552794818826,0.10931579677282884,0.5060522321245082,0.003731997461544655,0.5029150638082049,0.5088033843034085,0.03195425589875119,0.015069202026202566,0.01953740425660743,0.04328555240757072,0.06617250247390048,0.0031780928610086,0.06369520817497472,0.06864979677282626,0.6610976941986435,0.10818732007254177,-0.020545154273918786,-0.002213749078913488
learned,record,later_enhancement_path,B+M,logistic,5,24000,0.05887499999999999,0.6535167478034482,0.02579718691429381,0.633496223482905,0.6735372721239912,0.10050941549685281,0.009303259898913122,0.09366084150000283,0.10735798949370279,0.6114085761485117,0.026159951957307588,0.5915995917814552,0.6322154864004333,0.15074254122454475,0.015365333900406857,0.13750061586037698,0.15982678116576146,0.22985269182364276,0.01244916109206725,0.22072820125993245,0.23896392864241583,0.6535167478034482,0.10050941549685281,0.0,0.0
learned,record,later_enhancement_path,B+M,random_forest,5,24000,0.05887499999999999,0.6610976941986435,0.028784258540840556,0.6373591988104478,0.6815346433501516,0.10818732007254177,0.011030965120610605,0.10001580611057785,0.11693147863392861,0.5060161340591273,0.002496279591464367,0.5040888739387331,0.5079433941795213,0.02864839224659769,0.011970016674594595,0.019328865991803182,0.03772179646533341,0.06496612070260746,0.0036246156822471905,0.06229470448824355,0.06771886916350306,0.6610976941986435,0.10818732007254177,0.0,0.0
learned,record,later_enhancement_path,B+M+L,logistic,5,24000,0.05887499999999999,0.6535251995325838,0.025700735926297232,0.6337374488354857,0.6733129502296821,0.10060686685670814,0.00911214872821739,0.09368564341321026,0.10752809030020602,0.609959320920664,0.02594862214065475,0.5901825964168476,0.6297360454244803,0.15040579852391942,0.014098018775855264,0.13813356047389472,0.15976016684909916,0.2295312246212497,0.01240017176558402,0.22049464690009427,0.23871472098797888,0.6535167478034482,0.10050941549685281,8.451729135661168e-06,9.745135985532449e-05
learned,record,later_enhancement_path,B+M+L,random_forest,5,24000,0.05887499999999999,0.6605040814337202,0.02639754119854285,0.6380043640754687,0.6774479131518959,0.10770168508302906,0.009133928986406243,0.10048944223686825,0.11464604990926046,0.504923791573532,0.004126573881391443,0.5014384729498856,0.5079873598862701,0.024647595990760697,0.017586179711363465,0.009932345194443009,0.03776635043829472,0.06376120751396756,0.0034775831517854755,0.061164716757597035,0.0664087606071273,0.6610976941986435,0.10818732007254177,-0.0005936127649233125,-0.00048563498951270656
learned,record,later_enhancement_path,B+M+L+R,logistic,5,24000,0.05887499999999999,0.8265323838920835,0.019126551825949738,0.809204821897301,0.8380977683272024,0.32682583690153166,0.060402760657013554,0.2738378697126879,0.3652572144719911,0.7490769445048497,0.025266016903090563,0.7274794941130758,0.7643590317157096,0.2698628081475098,0.030813497992270233,0.24516216956204592,0.28844060278986255,0.16163356203716345,0.012608425326738825,0.15103135677152135,0.1703150946684931,0.6535167478034482,0.10050941549685281,0.17301563608863535,0.22631642140467884
learned,record,later_enhancement_path,B+M+L+R,random_forest,5,24000,0.05887499999999999,0.8462171544561252,0.01694473853876,0.8311219752620103,0.8552025751754208,0.30631779786930396,0.05308890873142709,0.2597265049198798,0.338251778143711,0.5733283036836835,0.013087323454704142,0.5616941938751756,0.583205193418699,0.23652357690876907,0.03708653026943419,0.20262013174662688,0.2617541665922366,0.05223410891772147,0.0021616679796458713,0.05054681636348982,0.053751350126390984,0.6610976941986435,0.10818732007254177,0.18511946025748172,0.19813047779676218
learned,record,later_neighbor_damage_any_path,B,logistic,5,24000,0.07983333333333334,0.629008745517949,0.018807624733405418,0.6138439609436528,0.6429522202895096,0.11885974802829687,0.013556515640102585,0.1103863519918978,0.13121379085849413,0.589058767563075,0.015865412619721932,0.5744164783743047,0.5982659826434796,0.18550583611648003,0.013889960563840086,0.17476935523971346,0.19623910355559582,0.2358048357508023,0.008650959657927776,0.22856211442284208,0.24209537660197702,0.6634799902683454,0.13147057308162666,-0.03447124475039631,-0.012610825053329791
learned,record,later_neighbor_damage_any_path,B,random_forest,5,24000,0.07983333333333334,0.6537152590925942,0.01461014628845836,0.6418224633733465,0.6647440109348811,0.12827657134881534,0.011292402108214966,0.12004810388357105,0.13716287826533408,0.49927743983930445,0.0007564955696007825,0.49873286728413274,0.4998204264870932,0.0,0.0,0.0,0.0,0.08341657026938987,0.002631577174048371,0.08122209215880269,0.08521027855337568,0.6702768933201996,0.1369832413125049,-0.01656163422760537,-0.008706669963689545
learned,record,later_neighbor_damage_any_path,B+M,logistic,5,24000,0.07983333333333334,0.6634799902683454,0.022181103861602745,0.6461894698897866,0.6801460372118993,0.13147057308162666,0.017351207508716996,0.11873114669321198,0.14567655925550899,0.6250813509129237,0.022675128548909056,0.6059133844600533,0.641376290415766,0.20415616972902373,0.018057359137855007,0.1904790415876237,0.21783329787042377,0.22870813493458267,0.010402366640384044,0.22022032930586394,0.2364595181851355,0.6634799902683454,0.13147057308162666,0.0,0.0
learned,record,later_neighbor_damage_any_path,B+M,random_forest,5,24000,0.07983333333333334,0.6702768933201996,0.03194558246378257,0.6421119677218401,0.6943385822056953,0.1369832413125049,0.009499058050614772,0.12935927471106287,0.14407401886687246,0.5019312630433248,0.001564068609951695,0.5008695652173912,0.5032627847824553,0.00945946931706374,0.0061498144512664495,0.0041025641025641026,0.014309985235575074,0.08245812887307422,0.0035604687280922417,0.07940107331005067,0.08484094319757021,0.6702768933201996,0.1369832413125049,0.0,0.0
learned,record,later_neighbor_damage_any_path,B+M+L,logistic,5,24000,0.07983333333333334,0.6664036266315697,0.02280665425840773,0.6488944863822952,0.6838318848580801,0.13351423687670763,0.01717500480737992,0.1213195446316527,0.147919644059952,0.6269364431596465,0.018681368768229723,0.6110950907345215,0.6406964689399512,0.2054959163476004,0.016251595981611508,0.1932004198594534,0.21779141283574743,0.22807224289135597,0.010299000570938641,0.21941102578786845,0.23565407120856857,0.6634799902683454,0.13147057308162666,0.0029236363632243467,0.0020436637950809744
learned,record,later_neighbor_damage_any_path,B+M+L,random_forest,5,24000,0.07983333333333334,0.6662463857968066,0.031182934929791094,0.6378856015834773,0.6875922021107569,0.13312808382066713,0.010814318634797196,0.1250469599737756,0.14119617518877808,0.5002875692439848,0.0007124289595598107,0.4998190970704258,0.5009218954464871,0.00305379375146817,0.004530726220809469,0.0,0.007094197791872212,0.08172862307898253,0.003206274435290054,0.07886067143228274,0.08374936939634517,0.6702768933201996,0.1369832413125049,-0.004030507523392957,-0.003855157491837763
learned,record,later_neighbor_damage_any_path,B+M+L+R,logistic,5,24000,0.07983333333333334,0.8466266669665338,0.015296358301070262,0.8327886124919521,0.8551809663337505,0.4105811420160972,0.0463743845272209,0.37430377628816836,0.4447502219268147,0.7697045334068107,0.01915986243517052,0.7525403663491189,0.7814737360826662,0.3549090795841058,0.034369886706262245,0.32526785740478087,0.37997555342730227,0.15440568017005735,0.011130934521860477,0.14575869406485537,0.1641245226323486,0.6634799902683454,0.13147057308162666,0.1831466766981884,0.2791105689344705
learned,record,later_neighbor_damage_any_path,B+M+L+R,random_forest,5,24000,0.07983333333333334,0.8547035686124532,0.013018745368861755,0.8432322294986837,0.8625257877104546,0.39398393326413733,0.03370075883531202,0.36814381209146696,0.4198240544368076,0.619077223869492,0.017206257765158474,0.6057962765237634,0.6322582308797898,0.3447272715583508,0.035725748834968665,0.3213537511094876,0.37552247100573005,0.0649630136015846,0.0032602761781963447,0.0625159574792616,0.06764828542097868,0.6702768933201996,0.1369832413125049,0.18442667529225365,0.25700069195163244
learned,record,later_suppression_path,B,logistic,5,24000,0.060041666666666674,0.6433589932493812,0.0303836759049135,0.6188360468594094,0.6630894033451579,0.10616417888819604,0.022105561167795114,0.08822371943369138,0.12208271972000523,0.598652083835171,0.02867795677420781,0.5765081499429241,0.6202707214169502,0.15369425458091096,0.023690182715158763,0.13515148532214213,0.17166600579763153,0.23320725464998687,0.008322403845834908,0.22654310514050194,0.23965550967543306,0.6817654380920859,0.1158135887896135,-0.03840644484270472,-0.009649409901417452
learned,record,later_suppression_path,B,random_forest,5,24000,0.060041666666666674,0.672003450160086,0.02058203084654801,0.654759850723636,0.6860981066787801,0.12061216921729931,0.018734677083432957,0.1066469835866128,0.13578288794660462,0.5080857613182551,0.01217642244663351,0.49929497055617755,0.5184130579113195,0.03664810054586413,0.04347628716564824,0.004804804804804805,0.07273786443115517,0.06650813082816205,0.0028717287643231196,0.06478512341602605,0.06916700851151268,0.710399568937987,0.13638085765531355,-0.038396118777900945,-0.01576868843801424
learned,record,later_suppression_path,B+M,logistic,5,24000,0.060041666666666674,0.6817654380920859,0.030295319144502297,0.658397450226871,0.7031182803806663,0.1158135887896135,0.02273204009752999,0.0972869595521307,0.13125088662235987,0.6307265271604251,0.030872421522612225,0.6083247270373638,0.652894566059628,0.16273716660414847,0.02245877894556357,0.14346228551687076,0.17860750117279667,0.2263620097686052,0.012681362620148863,0.21522875838825067,0.23456768150110544,0.6817654380920859,0.1158135887896135,0.0,0.0
learned,record,later_suppression_path,B+M,random_forest,5,24000,0.060041666666666674,0.710399568937987,0.020204712145052893,0.6956725710438431,0.7262081172261377,0.13638085765531355,0.01804296012598018,0.12037384652053369,0.14900033123612774,0.5063576579099238,0.011246991270797542,0.49909590982221685,0.5161944002542621,0.03015391259990268,0.03979831074849776,0.004819277108433735,0.06416958694777963,0.06469558609145971,0.003933434525343611,0.06202870714427779,0.06828395538803159,0.710399568937987,0.13638085765531355,0.0,0.0
learned,record,later_suppression_path,B+M+L,logistic,5,24000,0.060041666666666674,0.6826337264247229,0.032345005678739124,0.6585872333141115,0.7059446688354372,0.11609630815640663,0.023898982874003282,0.09728004358423867,0.1326352552029968,0.6289605671285396,0.028401704954814533,0.6077983037369847,0.6501228305200947,0.16256718671549744,0.020932382753216117,0.14452750809667686,0.17714414233748252,0.2259899951766821,0.012713615758082891,0.21492532355394892,0.23416655881303963,0.6817654380920859,0.1158135887896135,0.0008682883326369684,0.00028271936679313825
learned,record,later_suppression_path,B+M+L,random_forest,5,24000,0.060041666666666674,0.701068401239185,0.022302336257260864,0.6846222832157177,0.7191871173422555,0.12875059754146714,0.01998043497264998,0.11248916996383844,0.14349047670427104,0.5053198558407214,0.009644669899585798,0.4994760189588708,0.5141730542450464,0.0256084533098593,0.03445223598296517,0.005158878504672898,0.057214602127590775,0.06359620127165085,0.0038811036236825955,0.06100564052394438,0.06703598864947849,0.710399568937987,0.13638085765531355,-0.009331167698801934,-0.007630260113846404
learned,record,later_suppression_path,B+M+L+R,logistic,5,24000,0.060041666666666674,0.8529351373450643,0.023719897715298106,0.8334506667065771,0.8686362601873151,0.35205573377281685,0.07183142564477955,0.29210602197371743,0.40066952878938855,0.7714617635673999,0.017614179493784708,0.7560008085097001,0.7821705049551104,0.29573656988661967,0.03282972985256064,0.26934394639195175,0.3183222836628735,0.151702955762296,0.0067995728754202504,0.14628077730549255,0.15712513421909943,0.6817654380920859,0.1158135887896135,0.17116969925297842,0.23624214498320334
learned,record,later_suppression_path,B+M+L+R,random_forest,5,24000,0.060041666666666674,0.8625076554354623,0.018789747608828827,0.8472910733148231,0.8762278576328641,0.32726082280019464,0.057168864361719675,0.28517742043904937,0.37608906299451905,0.5900513657942444,0.027773163258344537,0.5687164114726566,0.6113863201158323,0.2718198457344553,0.06843298413437568,0.2182781510309312,0.32536154043797927,0.05205011275658713,0.001596357958624228,0.05081365869133412,0.053253091742089066,0.710399568937987,0.13638085765531355,0.15210808649747531,0.1908799651448811
learned,record,later_target_any_path,B,logistic,5,24000,0.11620833333333333,0.6400606453467572,0.02161433536326064,0.622827367625897,0.6562563646049744,0.18273159581054835,0.020105490984801393,0.16840374584964057,0.20018932359581143,0.5962394454059362,0.027245295461059457,0.5751540781108793,0.617324812700993,0.2555813524978386,0.027044513449671417,0.23545530154084168,0.2781284796941409,0.2354652187501974,0.008058696522650451,0.22893603331807708,0.24159708212210335,0.6855207910912477,0.20864892354454864,-0.04546014574449053,-0.025917327734000295
learned,record,later_target_any_path,B,random_forest,5,24000,0.11620833333333333,0.6930258209191559,0.016260395141349006,0.6788814982902269,0.704658164264421,0.2314849631840541,0.02334126120220346,0.21335589271292724,0.24954204357454532,0.543069110692324,0.011719131150439164,0.5343806879208055,0.5520507683705452,0.17227462852989134,0.0340749556511105,0.14733445571017806,0.19955242981199964,0.11473788352036633,0.0044116223258400585,0.111700465000986,0.11863376961868417,0.7131739995949369,0.2385250182339182,-0.020148178675781003,-0.007040055049864102
learned,record,later_target_any_path,B+M,logistic,5,24000,0.11620833333333333,0.6855207910912477,0.023143433054617232,0.6683262626602037,0.7027153195222917,0.20864892354454864,0.021695763066955497,0.19270177345788914,0.22470200937691756,0.6353637058134932,0.01041566221962518,0.6272537649330822,0.6434736466939042,0.2790180999802772,0.012170061704461764,0.26935578845629615,0.2886804115042582,0.22621028809330088,0.01200819411196772,0.2160952989877492,0.23412826220395194,0.6855207910912477,0.20864892354454864,0.0,0.0
learned,record,later_target_any_path,B+M,random_forest,5,24000,0.11620833333333333,0.7131739995949369,0.014107988995933563,0.7021442354424624,0.7237130238425338,0.2385250182339182,0.018705349956725403,0.22491307982341233,0.25399189132600025,0.5374005527344373,0.013189992964580895,0.527231348600049,0.5475697568688256,0.1535578904864999,0.0397651766985443,0.12309943732022324,0.18493287420187937,0.1125041152780812,0.004441761404757403,0.10945668413422889,0.116477458105503,0.7131739995949369,0.2385250182339182,0.0,0.0
learned,record,later_target_any_path,B+M+L,logistic,5,24000,0.11620833333333333,0.6855420240223169,0.02583573161518991,0.6664146910939789,0.7046686169487992,0.20971288533903615,0.02398883185910031,0.1919255673251622,0.22750020335291016,0.6309439238928883,0.017803039743499612,0.617691729474845,0.6441961183109319,0.27649579803809515,0.01538363369273001,0.26530428398294165,0.28941590281848245,0.2259593914333621,0.012028204302925538,0.2157742171541937,0.2337798313604126,0.6855207910912477,0.20864892354454864,2.1232931069148364e-05,0.0010639617944875057
learned,record,later_target_any_path,B+M+L,random_forest,5,24000,0.11620833333333333,0.7117609285153815,0.015410983996820246,0.6996656225291717,0.723406258178613,0.23967784155465804,0.015131575767616885,0.22858260743502684,0.25077307567428925,0.5370722224637225,0.007889421452644175,0.5314167499477703,0.5436241488244467,0.151054927161801,0.025093091422551294,0.13333160944709127,0.1731818181818182,0.11047982008728066,0.0046199146603500526,0.10736410054868588,0.11461972241498712,0.7131739995949369,0.2385250182339182,-0.0014130710795553503,0.0011528233207398486
learned,record,later_target_any_path,B+M+L+R,logistic,5,24000,0.11620833333333333,0.6826776089820041,0.026162588154084197,0.6630983036811704,0.702256914282838,0.21103556061790782,0.02529130990718846,0.1917670241561123,0.2303040970797033,0.6276385472656416,0.02153985792306878,0.6120428073704426,0.6430760485802359,0.27472436793581284,0.018190533547979976,0.2613185695566485,0.2901902316301525,0.2257608444859896,0.01172508463788134,0.21587368939381424,0.23329679108268878,0.6855207910912477,0.20864892354454864,-0.002843182109243614,0.002386637073359177
learned,record,later_target_any_path,B+M+L+R,random_forest,5,24000,0.11620833333333333,0.8084035745777222,0.01070383682334234,0.8003589047594462,0.8169127730216271,0.3570205100356288,0.028869943255116617,0.33690204575135146,0.38148333139855467,0.5859353829623755,0.01288336287287953,0.5768414290354228,0.5970972912318102,0.2809114536917476,0.03128359801108323,0.25976100835659055,0.30696173991466924,0.09651393852044221,0.0022036729484272866,0.09500263909799833,0.09836536457434669,0.7131739995949369,0.2385250182339182,0.09522957498278528,0.1184954918017106
learned,record,suppression_success_medium,B,logistic,5,24000,0.04058333333333334,0.6401276565073135,0.03532236801528938,0.612432159972101,0.6673524642835179,0.0761409816756348,0.014016082879312898,0.06475749703150308,0.08585729918409502,0.5961200853848095,0.025799146897216248,0.5761830046094796,0.6146820992022247,0.10994185147424677,0.01574356014210914,0.09793435508595756,0.12180240869105177,0.23196837844323287,0.008298037880301588,0.2256302796389975,0.2384719539530419,0.6725622938754484,0.08170774725399914,-0.0324346373681349,-0.005566765578364344
learned,record,suppression_success_medium,B,random_forest,5,24000,0.04058333333333334,0.6523336657655991,0.02025072250160892,0.6355844076221366,0.6670711855782715,0.07662213411949571,0.015124186461691424,0.06438104150427323,0.08840073660615574,0.5038087963527336,0.0075833372321948336,0.4992627038786718,0.5107123018899424,0.0186550497182313,0.02755273352639899,0.0017777777777777779,0.04329236628007617,0.049338355761461665,0.00200784605077883,0.04806723787903565,0.05116975486843518,0.6918020576949317,0.08811536788839522,-0.0394683919293326,-0.011493233768899505
learned,record,suppression_success_medium,B+M,logistic,5,24000,0.04058333333333334,0.6725622938754484,0.039856398935007385,0.6431992121616968,0.7010010304366896,0.08170774725399914,0.016818486183897297,0.06860383953246152,0.09338952344790061,0.6229602604640426,0.036665950396122846,0.5963597762945693,0.6495567840881468,0.11451149046465167,0.018741757199180926,0.09962216808021812,0.1274974840189766,0.22636960174046344,0.012375644532747743,0.2157829214936239,0.23487195613010944,0.6725622938754484,0.08170774725399914,0.0,0.0
learned,record,suppression_success_medium,B+M,random_forest,5,24000,0.04058333333333334,0.6918020576949317,0.029619376425550178,0.6689681762432077,0.7140839442967113,0.08811536788839522,0.015363706287211907,0.07551037457718908,0.09871355609667641,0.5025369884181999,0.004898291481481211,0.49924389717001516,0.506923324752244,0.013663872341884268,0.01717513230131492,0.0017467248908296941,0.028411992811879318,0.047211798781545466,0.002463602841130368,0.04554859836014626,0.04932834124591936,0.6918020576949317,0.08811536788839522,0.0,0.0
learned,record,suppression_success_medium,B+M+L,logistic,5,24000,0.04058333333333334,0.673959869771797,0.042397404210935956,0.6423086645397982,0.7045434866810484,0.082654574553541,0.018084173972126364,0.06959641624847161,0.09571273285861034,0.6236731486404151,0.04305002948419001,0.5921318504263215,0.6549378191426578,0.11527144358206654,0.02074049248767631,0.09873264815850201,0.1297660605526795,0.22586566854286266,0.012399452371661,0.2154017122256414,0.23437191369368854,0.6725622938754484,0.08170774725399914,0.0013975758963485907,0.0009468272995418608
learned,record,suppression_success_medium,B+M+L,random_forest,5,24000,0.04058333333333334,0.6874463778827918,0.030583215766744658,0.6641905563262114,0.7107021994393723,0.08359163593846125,0.010883515607849404,0.07443652817994495,0.09124208944105265,0.5019724613673735,0.0025601209727371065,0.5,0.5039666959702833,0.009663257362498349,0.009859203609519935,0.0018099547511312218,0.017516559973865475,0.045578020092851515,0.0026549634637599183,0.04365509447238973,0.04775449279617852,0.6918020576949317,0.08811536788839522,-0.004355679812139912,-0.004523731949933968
learned,record,suppression_success_medium,B+M+L+R,logistic,5,24000,0.04058333333333334,0.8368254699714701,0.027881520434154733,0.8126231972189275,0.8539076529935334,0.247627945208166,0.06376317774466511,0.19154016490226908,0.28903560103953996,0.7619928045374931,0.018596940510542222,0.7464169266725794,0.7741643305076613,0.21305181661383835,0.02416875343157598,0.19297238722900106,0.22970648298778168,0.15776294209437008,0.007188211166390084,0.15228142861784327,0.1632444555708968,0.6725622938754484,0.08170774725399914,0.1642631760960217,0.16592019795416685
learned,record,suppression_success_medium,B+M+L+R,random_forest,5,24000,0.04058333333333334,0.8411021710569383,0.02241609281265821,0.8215983965825371,0.854799196969713,0.20599580532756295,0.04201400274942839,0.1738680679837426,0.23575948000920804,0.5168947859316296,0.00727001696685476,0.5122563483314627,0.5232543185186406,0.06565715447447903,0.023618352091168984,0.050201637173468164,0.08598636262939138,0.039060617175386766,0.0014470255055575125,0.03796243674672493,0.0401434263341177,0.6918020576949317,0.08811536788839522,0.14930011336200655,0.11788043743916773
rfm,dataset,clean_enhancement_medium,B,logistic,5,6000,0.03491831577764957,0.5708435908302113,0.03867170808531622,0.5442128884053574,0.6030460902862113,0.05856390152425613,0.032686560129114625,0.035589991286838873,0.08752279150908746,0.5519681346413645,0.0392640177844001,0.522344116268167,0.5835209666729548,0.07986572812061231,0.036711300432973965,0.05235771424354123,0.10737374199768339,0.22847748096472448,0.029656186120856052,0.20685880266722928,0.25343919536187254,0.5552071032817201,0.05807567577207977,0.01563648754849123,0.0004882257521763647
rfm,dataset,clean_enhancement_medium,B,random_forest,5,6000,0.03491831577764957,0.5833949460100826,0.051701239585392515,0.5412101163965847,0.6218558846035854,0.05131882122842908,0.025635476404806734,0.03317546992147892,0.07181229992303542,0.5005202694574763,0.0011633578735338363,0.5,0.5015608083724288,0.0035714285714285713,0.007985957062499249,0.0,0.010714285714285714,0.040644567829159,0.01357648321730827,0.030546492162448896,0.05142645310243171,0.5946301988406539,0.058786826757243026,-0.011235252830571363,-0.007468005528813944
rfm,dataset,clean_enhancement_medium,B+M,logistic,5,6000,0.03491831577764957,0.5552071032817201,0.0517209949225422,0.5164908379568708,0.5958845816816969,0.05807567577207977,0.02313409483320327,0.04158610538039818,0.07730996236655802,0.5408155357425445,0.04295283569823002,0.5084207783205469,0.57581816225706,0.07787432236968117,0.039498537368775885,0.048352918595437,0.10994518906444166,0.19307195594114032,0.03593401479897776,0.16540561847581617,0.22073829340646448,0.5552071032817201,0.05807567577207977,0.0,0.0
rfm,dataset,clean_enhancement_medium,B+M,random_forest,5,6000,0.03491831577764957,0.5946301988406539,0.044359821031941526,0.5635357947893527,0.629036945362047,0.058786826757243026,0.029261447289286202,0.035748122768399816,0.08413874958184588,0.4995910020449898,0.0009145472300612667,0.49877300613496933,0.5,0.0,0.0,0.0,0.0,0.04017421633396656,0.012912187858669084,0.03050546481120605,0.05063277113760337,0.5946301988406539,0.058786826757243026,0.0,0.0
rfm,dataset,clean_enhancement_medium,B+M+L,logistic,5,6000,0.03491831577764957,0.5648008931208339,0.05449181197928901,0.5208068437569647,0.6060116672078795,0.05740149405227857,0.01874847892883883,0.045838860423763325,0.07407919599658241,0.5466684547503763,0.049339104997975225,0.5095029087241725,0.58383400077658,0.08235376855795942,0.042146020026373875,0.05262490705866579,0.11996492324370231,0.19181378453200315,0.03663813627195539,0.16333323657672147,0.22029433248728486,0.5552071032817201,0.05807567577207977,0.009593789839113853,-0.0006741817198012007
rfm,dataset,clean_enhancement_medium,B+M+L,random_forest,5,6000,0.03491831577764957,0.6007742223176996,0.051052978825303054,0.5656731980005634,0.6452125468462313,0.07152118297365637,0.03608623622156377,0.04522900143584598,0.10235937133639579,0.5007247684349814,0.0016206314885644322,0.5,0.5021743053049441,0.0037037037037037034,0.00828173324999922,0.0,0.01111111111111111,0.03917681543858624,0.012634307431515213,0.029770785402500756,0.049275160406316736,0.5946301988406539,0.058786826757243026,0.006144023477045679,0.012734356216413341
rfm,dataset,clean_enhancement_medium,B+M+L+G,logistic,5,6000,0.03491831577764957,0.5870078023684796,0.05972840673024586,0.5381143644748123,0.631989206403294,0.05567368803237112,0.0360629285082749,0.030768252408933015,0.08611204706650931,0.582097383654059,0.03978375765856158,0.5511119986282169,0.6130827686799011,0.09979085581214284,0.04580652493808911,0.06526961164173413,0.13711617772935958,0.18929755652175856,0.03776069365113991,0.15965193425317506,0.21727611346598225,0.5552071032817201,0.05807567577207977,0.03180069908675953,-0.0024019877397086498
rfm,dataset,clean_enhancement_medium,B+M+L+G,random_forest,5,6000,0.03491831577764957,0.6403070183459711,0.042113147339805264,0.6045026597967009,0.6712518988891049,0.0667910547371062,0.0299127517433714,0.04499226423682682,0.09148062973969004,0.5,0.0,0.5,0.5,0.0,0.0,0.0,0.0,0.038885718557526046,0.011695523186195343,0.030105745727634366,0.04823541259012627,0.5946301988406539,0.058786826757243026,0.04567681950531721,0.008004227979863172
rfm,dataset,clean_enhancement_medium,B+M+L+G+R,logistic,5,6000,0.03491831577764957,0.8106235825236764,0.06857429629330487,0.7566323831900558,0.8646147818572972,0.17508912001663682,0.04672150398610448,0.14025484057692822,0.20994676915247795,0.7520208843477884,0.0648689050501959,0.7020984067329881,0.8030343441951429,0.1854613383362947,0.057488876664229804,0.1347292334255154,0.22340621442699402,0.1494237658576389,0.028630347677298704,0.12754656657101296,0.1713009651442648,0.5552071032817201,0.05807567577207977,0.2554164792419563,0.11701344424455705
rfm,dataset,clean_enhancement_medium,B+M+L+G+R,random_forest,5,6000,0.03491831577764957,0.8435537053852091,0.059033714092647224,0.7968848433953043,0.8880117668034397,0.1877130192540992,0.04660315743832713,0.15134544153687388,0.2202870597825597,0.5019857561073151,0.004738709044697855,0.49968553459119497,0.5062717337307502,0.00851063829787234,0.019030365765955657,0.0,0.02553191489361702,0.034296332596841304,0.011839816282087547,0.02467209511901169,0.04281772371754434,0.5946301988406539,0.058786826757243026,0.2489235065445552,0.12892619249685616
rfm,dataset,clean_suppression_medium,B,logistic,5,6000,0.033577033285167965,0.57583588995687,0.14002930469475966,0.4693514120936465,0.6745686090166129,0.05402121640119608,0.02400269670040537,0.03319711631502228,0.06947573611346022,0.5795885541927834,0.10269196301202668,0.504054071066778,0.6547620135918,0.08969383488858354,0.0438049586466531,0.05010099218330828,0.12013283585621544,0.22607262266692452,0.021601745410769313,0.20944859945889166,0.24283175594724007,0.5729433401729771,0.052839349911438835,0.0028925497838928615,0.0011818664897572453
rfm,dataset,clean_suppression_medium,B,random_forest,5,6000,0.033577033285167965,0.6018889854551641,0.05443403205331421,0.5604848929369317,0.6480227619784267,0.05186449658707472,0.020868881477000587,0.03631002044166361,0.06856037646222016,0.5041088848868681,0.005750901983926532,0.5,0.5088912373327721,0.017448405253283304,0.024169152353238608,0.0,0.03696060037523452,0.03936246080735163,0.011401893245063978,0.03069396955039188,0.048030952064311364,0.6000247482224961,0.05981614487204377,0.0018642372326680423,-0.007951648284969054
rfm,dataset,clean_suppression_medium,B+M,logistic,5,6000,0.033577033285167965,0.5729433401729771,0.13016326205654585,0.4741052148826694,0.6648830773296627,0.052839349911438835,0.02459282829144281,0.032703840506186896,0.06961588123005966,0.539797752667342,0.08824499912853455,0.46179363066493223,0.6076298860126379,0.08093633911393025,0.04416605289334294,0.04139231674878995,0.1106123151014792,0.17400300151173978,0.030119513313610673,0.15165569378810037,0.19589864867906429,0.5729433401729771,0.052839349911438835,0.0,0.0
rfm,dataset,clean_suppression_medium,B+M,random_forest,5,6000,0.033577033285167965,0.6000247482224961,0.054880695226979956,0.56000702208552,0.6454562898526751,0.05981614487204377,0.022536692957861117,0.039069936122672136,0.07406432974573621,0.5019001904157411,0.0042489549397905346,0.5,0.5057005712472231,0.008,0.01788854381999832,0.0,0.024,0.03947285313867961,0.010975585089294962,0.031221297012560222,0.047724409264799005,0.6000247482224961,0.05981614487204377,0.0,0.0
rfm,dataset,clean_suppression_medium,B+M+L,logistic,5,6000,0.033577033285167965,0.5857983821350526,0.1296777663369062,0.4905344754409989,0.6822224741078664,0.050959688549226625,0.022082816027119867,0.03307488389058215,0.06574225120520835,0.5529847253399721,0.07041005162251122,0.4943513300193902,0.6058594249778668,0.08896471301939853,0.043459558882594555,0.05265750735991679,0.12047443200793899,0.17379000987835785,0.030921823475139443,0.15051151393087783,0.1958530236259412,0.5729433401729771,0.052839349911438835,0.012855041962075542,-0.0018796613622122094
rfm,dataset,clean_suppression_medium,B+M+L,random_forest,5,6000,0.033577033285167965,0.6024590681063575,0.06763004644224874,0.55094233025712,0.653975805955595,0.05893006885102161,0.022659601870567408,0.03897344634581494,0.07510321065937167,0.49972627737226283,0.0006120624026003097,0.4991788321167883,0.5,0.0,0.0,0.0,0.0,0.03873167629399856,0.010801480149177362,0.030543922010171594,0.046919430577825535,0.6000247482224961,0.05981614487204377,0.0024343198838614466,-0.0008860760210221627
rfm,dataset,clean_suppression_medium,B+M+L+G,logistic,5,6000,0.033577033285167965,0.5885450704650492,0.10114609589923357,0.5100791727536141,0.6662504512107932,0.0527812733348022,0.023465871584511397,0.032680797454801916,0.06930101352681181,0.571202636440434,0.07619326473483166,0.5119406660533066,0.6304646068275614,0.09272651566054972,0.05257725993796761,0.05286318700275229,0.13428069117942534,0.17406890920490886,0.03049984328709949,0.15207265418025742,0.19730213799146523,0.5729433401729771,0.052839349911438835,0.015601730292072125,-5.807657663663146e-05
rfm,dataset,clean_suppression_medium,B+M+L+G,random_forest,5,6000,0.033577033285167965,0.5770326765026998,0.07004476974272013,0.5202863987387538,0.635206254455556,0.05163469417871021,0.0185784985943384,0.03440198250596712,0.06170685035909966,0.49989615784008307,0.0002321981285046428,0.49968847352024925,0.5,0.0,0.0,0.0,0.0,0.03829060353267323,0.010333019496308068,0.030658477293361696,0.04592272977198478,0.6000247482224961,0.05981614487204377,-0.022992071719796225,-0.008181450693333564
rfm,dataset,clean_suppression_medium,B+M+L+G+R,logistic,5,6000,0.033577033285167965,0.7843062844701778,0.035731998107941726,0.7582754330905258,0.8133965142454229,0.18338216898213003,0.06938710462761613,0.12507122306281254,0.22621312849345845,0.678842105744882,0.03650150446484326,0.6510081862974069,0.7067325203709606,0.1602820679956431,0.05480469822145183,0.11996512226413354,0.20059901372715264,0.13592866820503544,0.02644700264856965,0.11736873049076782,0.1584871527453412,0.5729433401729771,0.052839349911438835,0.2113629442972007,0.1305428190706912
rfm,dataset,clean_suppression_medium,B+M+L+G+R,random_forest,5,6000,0.033577033285167965,0.7818891831835527,0.038506656437411295,0.7515215229607755,0.8124673769477349,0.16848157489548388,0.021448328227454214,0.15184346947163957,0.18685783792839056,0.49989615784008307,0.0002321981285046428,0.49968847352024925,0.5,0.0,0.0,0.0,0.0,0.03378703273316419,0.010272309673925279,0.026299979131097766,0.04125998980084636,0.6000247482224961,0.05981614487204377,0.18186443496105664,0.1086654300234401
rfm,dataset,enhancement_success_medium,B,logistic,5,6000,0.03667653750516969,0.5831860894806049,0.034781992298058846,0.5625676992509246,0.6140645208128717,0.06227866868530039,0.03605367487182773,0.03706497841495047,0.09433002499750318,0.5525609515789529,0.041679288087791484,0.5231841239678359,0.5889357162822801,0.08372246614684689,0.04132050131782152,0.05226655254116702,0.11517837975252676,0.22752310743933757,0.03137236798391444,0.20478630925847457,0.2540064237816542,0.5712731554605787,0.060520480036682325,0.011912934020026245,0.0017581886486180628
rfm,dataset,enhancement_success_medium,B,random_forest,5,6000,0.03667653750516969,0.5848201930344672,0.0552684155243622,0.5417477985750782,0.6259526610381084,0.05485308399167034,0.02705426063105822,0.03532399256589869,0.0781209044380623,0.5004643874643875,0.0010384019382691262,0.5,0.5013931623931623,0.003389830508474576,0.0075798914491518295,0.0,0.01016949152542373,0.04238331093220705,0.01462075867214666,0.03149097838948934,0.05391936758675906,0.6009754065175972,0.06310514574874394,-0.016155213483129982,-0.008252061757073603
rfm,dataset,enhancement_success_medium,B+M,logistic,5,6000,0.03667653750516969,0.5712731554605787,0.04058124061753574,0.5423678249409406,0.6059638054830513,0.060520480036682325,0.02543019685979114,0.042392803873934896,0.08142149597182233,0.5461723351750759,0.039321695557378404,0.5164104130921598,0.5768806657664811,0.08498853133467746,0.04247000188836849,0.054140636042909904,0.12127270871639943,0.19126952030889482,0.0356467400431187,0.16305653310779317,0.21784287568536506,0.5712731554605787,0.060520480036682325,0.0,0.0
rfm,dataset,enhancement_success_medium,B+M,random_forest,5,6000,0.03667653750516969,0.6009754065175972,0.046267719874989864,0.562169890430689,0.6388274763299034,0.06310514574874394,0.02843645731215293,0.04109896291768254,0.0875182648327679,0.5004643874643875,0.0010384019382691262,0.5,0.5013931623931623,0.003389830508474576,0.0075798914491518295,0.0,0.01016949152542373,0.042121336449235505,0.013827042017807094,0.03170774227712567,0.05334911959818443,0.6009754065175972,0.06310514574874394,0.0,0.0
rfm,dataset,enhancement_success_medium,B+M+L,logistic,5,6000,0.03667653750516969,0.5805449033602488,0.04046922149227876,0.5491620004937676,0.61192780622673,0.06139151629612295,0.024982831332934385,0.04576854087450247,0.08372345164403242,0.5478573196505458,0.03950159224919269,0.5189991093335264,0.5783692571695302,0.08509290274567946,0.038632711593270225,0.05669649998095746,0.11795404048483556,0.19004151851264256,0.03588866395182646,0.16285112284074615,0.2170369102040106,0.5712731554605787,0.060520480036682325,0.009271747899670113,0.0008710362594406273
rfm,dataset,enhancement_success_medium,B+M+L,random_forest,5,6000,0.03667653750516969,0.5966566266047172,0.04074095191523125,0.5656893314322667,0.6293593532846975,0.06658044283948497,0.030438408700112503,0.045643620580054,0.09238683197624194,0.5005156695156695,0.0011530720909614027,0.5,0.5015470085470086,0.0034188034188034192,0.007644676846153128,0.0,0.010256410256410258,0.0413568606656336,0.013935849105342738,0.03097663026870836,0.052725549753370606,0.6009754065175972,0.06310514574874394,-0.004318779912879989,0.003475297090741028
rfm,dataset,enhancement_success_medium,B+M+L+G,logistic,5,6000,0.03667653750516969,0.5990024545881519,0.05557804035003617,0.5547588617462768,0.6408994904833654,0.05969214252776263,0.03840457933365952,0.032728494742392304,0.0918065476860042,0.5876253340286068,0.061126887125799785,0.5442206596870394,0.6379245878895207,0.1031148334286214,0.04838028054923303,0.069917760792545,0.14220708868596194,0.18762396156182648,0.03735423663688141,0.1586140107904071,0.2155397751233432,0.5712731554605787,0.060520480036682325,0.02772929912757327,-0.0008283375089196965
rfm,dataset,enhancement_success_medium,B+M+L+G,random_forest,5,6000,0.03667653750516969,0.6497102474298014,0.06510425293693121,0.5983989904851799,0.6977715449169347,0.0707208142873606,0.030450388991481055,0.0474869558259268,0.09693884534588951,0.4998974358974359,0.00022934030538460294,0.49969230769230766,0.5,0.0,0.0,0.0,0.0,0.040692715528962566,0.013060057645413986,0.030911971335519206,0.05136321920900615,0.6009754065175972,0.06310514574874394,0.04873484091220426,0.007615668538616657
rfm,dataset,enhancement_success_medium,B+M+L+G+R,logistic,5,6000,0.03667653750516969,0.8132014111832344,0.06283977541096612,0.7639723299682092,0.8624304923982595,0.1897895818652739,0.05402755726420271,0.147805445613581,0.23177371811696684,0.7509471164485757,0.057158467988856126,0.7087578581240809,0.7954156408729982,0.19314154470745107,0.06215521354416695,0.13903562178477794,0.23258643295349007,0.14719326564620966,0.028513719878512936,0.1254010113769458,0.16880323362467844,0.5712731554605787,0.060520480036682325,0.24192825572265575,0.12926910182859158
rfm,dataset,enhancement_success_medium,B+M+L+G+R,random_forest,5,6000,0.03667653750516969,0.8457821699524901,0.05954424582433301,0.7985875035186716,0.8905568720384188,0.20111244453025945,0.037658960536364014,0.17194022612665522,0.2283930379526268,0.5061977928942402,0.00943067175252737,0.5,0.5147220509718256,0.024169667867146857,0.03633488637574797,0.0,0.056822729091636645,0.03554948057684516,0.012513092044880408,0.02553927556296854,0.04466177616483042,0.6009754065175972,0.06310514574874394,0.24480676343489294,0.13800729878151552
rfm,dataset,later_capability_damage_any_path,B,logistic,5,6000,0.08131424180380183,0.5978753923523753,0.017034454768368415,0.5846943927964159,0.6110563919083347,0.12084589656111247,0.020821747750541537,0.10792296625125812,0.1378806883100495,0.5675524868503391,0.01745367093653244,0.5518942067261678,0.5778936925107296,0.17558032755586855,0.002611887152808448,0.17368173328910452,0.17757761384016915,0.2397162991895617,0.004668490710511879,0.2363229878126225,0.24371599344130807,0.6053028104667104,0.12035612078960915,-0.007427418114335116,0.0004897757715033174
rfm,dataset,later_capability_damage_any_path,B,random_forest,5,6000,0.08131424180380183,0.6595338098093595,0.023725730810770937,0.6446051887732562,0.6803791220108095,0.17021469230019412,0.03976485975832286,0.1427286896368126,0.20349107004859485,0.5007445080674799,0.0016647706486821534,0.5,0.5022335242024398,0.004123711340206186,0.009220898876287794,0.0,0.012371134020618558,0.08188417340171558,0.004698938836509851,0.07850520888325462,0.08560282718891096,0.6425474192809482,0.1466714954452154,0.016986390528411333,0.023543196854978715
rfm,dataset,later_capability_damage_any_path,B+M,logistic,5,6000,0.08131424180380183,0.6053028104667104,0.02111397052202638,0.5888930118329846,0.6204069526917599,0.12035612078960915,0.020580088893587922,0.10893552274909775,0.13844575215793728,0.5735451367389763,0.025674673512505925,0.5542006725072751,0.5928896009706777,0.17831268864537803,0.007413910216222185,0.17358427770289384,0.18495125977140367,0.24194099102987673,0.0057958032654694715,0.23731062394517663,0.24625516729019717,0.6053028104667104,0.12035612078960915,0.0,0.0
rfm,dataset,later_capability_damage_any_path,B+M,random_forest,5,6000,0.08131424180380183,0.6425474192809482,0.019795591689253773,0.6274240865098629,0.6583992154821856,0.1466714954452154,0.0305176260693472,0.12505318876894322,0.17121613110127706,0.5,0.0,0.5,0.5,0.0,0.0,0.0,0.0,0.08492208313580536,0.003855149944195942,0.08261659331513141,0.08827582140226656,0.6425474192809482,0.1466714954452154,0.0,0.0
rfm,dataset,later_capability_damage_any_path,B+M+L,logistic,5,6000,0.08131424180380183,0.6009873330183131,0.019490799537450223,0.5868266751929495,0.6154985967335984,0.12019947890617286,0.019834553771267926,0.10938739466283887,0.13799341373864446,0.570709306274488,0.027056249400245383,0.5498564644481566,0.591064278686896,0.176515205166907,0.006391995822919598,0.17142046832480173,0.1810470806302132,0.24234383511827007,0.006161806270663721,0.23766562996403312,0.24707895477832814,0.6053028104667104,0.12035612078960915,-0.004315477448397331,-0.00015664188343629537
rfm,dataset,later_capability_damage_any_path,B+M+L,random_forest,5,6000,0.08131424180380183,0.6464926615984402,0.02869878503063633,0.6218945644370535,0.6694910271110152,0.14641453878698335,0.03165322365510893,0.12286989509042698,0.16995918248353972,0.5007593418033932,0.0019754784735793287,0.4997137404580153,0.5025642849521643,0.004166666666666667,0.009316949906249124,0.0,0.0125,0.08380131832882462,0.004482879860845886,0.08037435805733638,0.08729853219437478,0.6425474192809482,0.1466714954452154,0.003945242317492048,-0.0002569566582320548
rfm,dataset,later_capability_damage_any_path,B+M+L+G,logistic,5,6000,0.08131424180380183,0.58738576067123,0.012325738264981265,0.5779425726230326,0.5968270792265357,0.10575705170411634,0.0058949233290456395,0.10030536527255936,0.1090954332532795,0.5626034834851055,0.004508005170288746,0.5585992343281599,0.5654359022762386,0.17270585489223633,0.012372480362090502,0.16540416189266322,0.18402802198616425,0.24512841212765824,0.008732095220919086,0.23817200761506774,0.25159095149834493,0.6053028104667104,0.12035612078960915,-0.017917049795480366,-0.014599069085492813
rfm,dataset,later_capability_damage_any_path,B+M+L+G,random_forest,5,6000,0.08131424180380183,0.6020808296654094,0.029048266299131792,0.5814711293529722,0.6274052272895392,0.12027068462144905,0.014736272602906293,0.10808805277461551,0.129800415521372,0.5,0.0,0.5,0.5,0.0,0.0,0.0,0.0,0.0847246940182749,0.004294160354982661,0.08147385129928095,0.08842750100953883,0.6425474192809482,0.1466714954452154,-0.04046658961553873,-0.026400810823766357
rfm,dataset,later_capability_damage_any_path,B+M+L+G+R,logistic,5,6000,0.08131424180380183,0.8499640985882028,0.010713228456624924,0.8416692287723164,0.8585213004044379,0.3844170805143864,0.025075504203171083,0.3666937229545051,0.406217593315956,0.7670082456148399,0.026044594848223808,0.743397940412421,0.7842271210338707,0.3408760330933386,0.03465182969265641,0.31290297642056436,0.36677645553267446,0.1672111950750345,0.01220556761765115,0.15769989195844658,0.17672249819162245,0.6053028104667104,0.12035612078960915,0.24466128812149235,0.2640609597247772
rfm,dataset,later_capability_damage_any_path,B+M+L+G+R,random_forest,5,6000,0.08131424180380183,0.8420937771707726,0.007559244920669399,0.8369363676472682,0.8487519078877706,0.358525092718751,0.035322237208671316,0.3314591005415453,0.38563013868329843,0.5664221150944846,0.00925304278663542,0.5591327216407869,0.573711508548182,0.22603756649295043,0.02573214074633749,0.205643849051557,0.24643128393434388,0.06827141876436822,0.003905277431505476,0.06543830549612642,0.07164798224351551,0.6425474192809482,0.1466714954452154,0.19954635788982444,0.2118535972735356
rfm,dataset,later_clean_any_path,B,logistic,5,6000,0.09925472641896389,0.5922840851472474,0.08101574501544671,0.527897109217083,0.6518986160705741,0.15171222911741217,0.07619176613301126,0.09000440998299153,0.20578914571266296,0.5660952345810119,0.06422461841353842,0.5130086149290295,0.6208468497139371,0.21176458613863086,0.09945973240755937,0.12934375893858036,0.2803771680599911,0.22774531791128577,0.029015658703933304,0.20620874345177276,0.25164759751484383,0.5817245453830165,0.14992095284167792,0.010559539764230852,0.0017912762757342493
rfm,dataset,later_clean_any_path,B,random_forest,5,6000,0.09925472641896389,0.642739048395035,0.06686522966648391,0.5971385883885117,0.703557330250596,0.1800657805799625,0.09064659783976398,0.10439926212989925,0.24875206000524983,0.5215144051398303,0.020081532416877497,0.5065741212296085,0.5385929239487504,0.09566683882499029,0.07530668727573775,0.039659535311709224,0.1560198092450748,0.09968875083843645,0.029654893948414626,0.07663623063377126,0.12274127104310165,0.6404782645723424,0.1810726392818074,0.00226078382269268,-0.0010068587018448871
rfm,dataset,later_clean_any_path,B+M,logistic,5,6000,0.09925472641896389,0.5817245453830165,0.07993971328104345,0.5186821822121684,0.6430226055189225,0.14992095284167792,0.07128655531012774,0.09032376644323196,0.1983615364477765,0.5393978636479762,0.04744287252797277,0.500022129056271,0.569870495348088,0.18822409797730105,0.09606709410387394,0.10825471845532444,0.2573336688719784,0.18911041437771234,0.03157025849421028,0.1650583878599602,0.21217245874161095,0.5817245453830165,0.14992095284167792,0.0,0.0
rfm,dataset,later_clean_any_path,B+M,random_forest,5,6000,0.09925472641896389,0.6404782645723424,0.07166008942365132,0.5920833694728291,0.7049762929820258,0.1810726392818074,0.09615348286931259,0.10340928006434218,0.2562026114621888,0.513077173593094,0.015527908270371362,0.5011978056040985,0.5249565415820898,0.06484925929233736,0.06616287593608654,0.012269938650306749,0.11742857993436798,0.09929561896089292,0.02810821953785645,0.07730672494230725,0.12128451297947859,0.6404782645723424,0.1810726392818074,0.0,0.0
rfm,dataset,later_clean_any_path,B+M+L,logistic,5,6000,0.09925472641896389,0.5902328962355077,0.08997139243762574,0.5204372395761483,0.6584311171759223,0.15004771400171943,0.06873144841537554,0.09019172203356693,0.19663789951019947,0.5395907947426333,0.048881811822869714,0.4982754367975467,0.5741933732022605,0.18591402885605698,0.09442713515276069,0.1101278772378517,0.255992833513827,0.18882042355160045,0.03235058856007522,0.16501384922406742,0.21225478398412861,0.5817245453830165,0.14992095284167792,0.008508350852491131,0.00012676116004151083
rfm,dataset,later_clean_any_path,B+M+L,random_forest,5,6000,0.09925472641896389,0.6456781451329607,0.08102825708521862,0.5874328961039833,0.7167568104343405,0.18659050778746306,0.09576974484382623,0.10873396157821993,0.26121865868995126,0.5131836235588552,0.015851370166272145,0.5010010172749743,0.5256382695561351,0.0625460958794292,0.06632984231071097,0.009876543209876543,0.11521564854898188,0.09793261236100305,0.028270218870373932,0.07611768779923767,0.12009724400695532,0.6404782645723424,0.1810726392818074,0.005199880560618375,0.005517868505655665
rfm,dataset,later_clean_any_path,B+M+L+G,logistic,5,6000,0.09925472641896389,0.6156764839460924,0.0857953522538181,0.5494113911699565,0.6808604969996498,0.16176872959466615,0.0824763643662043,0.09110272069967647,0.2227062747878305,0.5689433005235153,0.04459233109881612,0.5303072698728446,0.6023807373550534,0.21975719222235926,0.09908493032251828,0.13807325539564957,0.28883726218682104,0.1861615071461814,0.033410952811469864,0.16138984668202971,0.21041378231030441,0.5817245453830165,0.14992095284167792,0.03395193856307588,0.011847776752988232
rfm,dataset,later_clean_any_path,B+M+L+G,random_forest,5,6000,0.09925472641896389,0.6665308536588207,0.08225801355444978,0.6078691162264727,0.7348706931687502,0.20370774446843848,0.10741818051634035,0.1163866345588653,0.28491872537535723,0.5161994649125118,0.013834177052188014,0.5059674803188889,0.5269125507296427,0.07330543215332372,0.054894071766191675,0.03268581081081081,0.1184000965250965,0.09652549821169747,0.027348841438307025,0.07616339282651777,0.11810323685336646,0.6404782645723424,0.1810726392818074,0.02605258908647834,0.022635105186631088
rfm,dataset,later_clean_any_path,B+M+L+G+R,logistic,5,6000,0.09925472641896389,0.6172783121106225,0.0845826055701815,0.5528915578869237,0.6844188317006432,0.16892051586740842,0.08803574549891997,0.09464838729416028,0.2367908118862382,0.5770932458970863,0.04324491167239525,0.5442249515947593,0.6115829563339877,0.22824691578900339,0.10126067505691604,0.14174991131651737,0.2978087024272002,0.18504540980789003,0.03414034208224636,0.1598460339259287,0.20988475766121512,0.5817245453830165,0.14992095284167792,0.03555376672760591,0.018999563025730498
rfm,dataset,later_clean_any_path,B+M+L+G+R,random_forest,5,6000,0.09925472641896389,0.7903175300877059,0.04763905101771907,0.7533299229361428,0.8273051372392691,0.3174662809063662,0.10362736794561539,0.23419124643342673,0.3985023036871417,0.5232338402303383,0.02440061916140092,0.5058813854266642,0.5447890252697356,0.09446389309227714,0.08501868348061453,0.03345594114824884,0.16896050881744845,0.08585192412351461,0.02848969261950503,0.06357501515535036,0.10812883309167887,0.6404782645723424,0.1810726392818074,0.14983926551536353,0.1363936416245588
rfm,dataset,later_clean_enhancement_path,B,logistic,5,6000,0.05026774715390284,0.5922901865842752,0.02921562041605364,0.5756893792962234,0.6192690761733203,0.08680373288718037,0.04186848191909259,0.0530625250435476,0.11999168900515209,0.5443621267712992,0.04535126918128769,0.5028171401494533,0.5745673573542293,0.10597603701247955,0.059456921439784545,0.06011866833276787,0.1503231296210148,0.2258911305079066,0.030551132578633143,0.20324981977581297,0.25162002895891966,0.580551908174691,0.09423082234806306,0.01173827840958419,-0.007427089460882691
rfm,dataset,later_clean_enhancement_path,B,random_forest,5,6000,0.05026774715390284,0.6244514520345483,0.06095508242476851,0.5842454459396593,0.6744559136754242,0.09317262533264434,0.05033177326400624,0.054237492053198645,0.13210775861209006,0.4993618225555398,0.001427008147520048,0.4980854676666195,0.5,0.00425531914893617,0.009515182882977829,0.0,0.01276595744680851,0.05624314811670457,0.01970959909018132,0.041692058667091234,0.0707942375663179,0.6267836348727324,0.1012239656203181,-0.002332182838184038,-0.008051340287673764
rfm,dataset,later_clean_enhancement_path,B+M,logistic,5,6000,0.05026774715390284,0.580551908174691,0.049830399333144426,0.5445494163143761,0.6232605219970524,0.09423082234806306,0.044785373427658134,0.06140063366209282,0.1333825614814223,0.5570906855437661,0.03564076017773136,0.5308936410815779,0.5860955061566143,0.12666891291639198,0.06584482582543323,0.07763713080168776,0.1796339695105224,0.18486141930676878,0.052260951480064204,0.1432515509382744,0.2244498411661185,0.580551908174691,0.09423082234806306,0.0,0.0
rfm,dataset,later_clean_enhancement_path,B+M,random_forest,5,6000,0.05026774715390284,0.6267836348727324,0.061195016779407085,0.5859567064012023,0.6793575674084936,0.1012239656203181,0.060833148174650936,0.05775073655173123,0.15273534516073523,0.4998280741474459,0.0003844378934006233,0.4994842224423376,0.5,0.0062176165803108805,0.013903013331604909,0.0,0.01865284974093264,0.055827571059279026,0.019996927506634624,0.040673733355880724,0.07098140876267733,0.6267836348727324,0.1012239656203181,0.0,0.0
rfm,dataset,later_clean_enhancement_path,B+M+L,logistic,5,6000,0.05026774715390284,0.5949897174587022,0.04202366155977852,0.5633631216519991,0.6266163132654053,0.10403903147089663,0.025817141002598142,0.08510337868132636,0.12613109763807479,0.5603687385850358,0.03376440960931183,0.5335883441897422,0.5871491329803292,0.12496075984746287,0.06546378455238827,0.07709026644459957,0.17663180636148262,0.18318388544420366,0.05286996351327417,0.14233121084928674,0.22355676546372033,0.580551908174691,0.09423082234806306,0.014437809284011172,0.009808209122833575
rfm,dataset,later_clean_enhancement_path,B+M+L,random_forest,5,6000,0.05026774715390284,0.6412607902905323,0.06140679574675617,0.6041595534869336,0.6983034479784666,0.11418384110802755,0.048996351867986995,0.07668961048710479,0.1559953046459464,0.4996236026602519,0.0008416500382268902,0.4988708079807556,0.5,0.004371584699453552,0.00977516055737613,0.0,0.013114754098360656,0.0546023155469634,0.019689500716455775,0.039661115223110485,0.06954351587081632,0.6267836348727324,0.1012239656203181,0.014477155417799925,0.012959875487709452
rfm,dataset,later_clean_enhancement_path,B+M+L+G,logistic,5,6000,0.05026774715390284,0.6151507380419308,0.06385437571515686,0.5628867327710613,0.6623117972656736,0.09075592129544797,0.05121896268821329,0.0535462866707098,0.13411418826961258,0.5842094652115055,0.03618569778100035,0.5608815648629166,0.6144959054180198,0.14909070625378748,0.07851497389599317,0.08650786521287138,0.21351210864527084,0.1804026220886941,0.05154985788016834,0.138471310712263,0.21924412100567814,0.580551908174691,0.09423082234806306,0.03459882986723972,-0.0034749010526150814
rfm,dataset,later_clean_enhancement_path,B+M+L+G,random_forest,5,6000,0.05026774715390284,0.6811218475435675,0.05554531207956111,0.6385348371506265,0.7265073267187789,0.10039265656969767,0.046935139843656146,0.06348566844822538,0.1387384657568008,0.4996285552568275,0.0008305756956186357,0.4988856657704825,0.5,0.002366863905325444,0.005292468585798319,0.0,0.007100591715976332,0.05443349680539431,0.018386799474060713,0.040199663439567906,0.06866733017122072,0.6267836348727324,0.1012239656203181,0.05433821267083516,-0.0008313090506204268
rfm,dataset,later_clean_enhancement_path,B+M+L+G+R,logistic,5,6000,0.05026774715390284,0.8293418167987772,0.05707174322355503,0.7876675029763304,0.8719624523016002,0.29876718706635125,0.055977070944677736,0.2557155832837946,0.3418187908489078,0.7635049986244339,0.05675625566597306,0.7263959220517963,0.8126820029640698,0.26543714272911745,0.09089178251654134,0.18456781825514182,0.3271428571428571,0.13839012737980366,0.035886236080213914,0.11083775140255284,0.16594250335705446,0.580551908174691,0.09423082234806306,0.24878990862408612,0.20453636471828818
rfm,dataset,later_clean_enhancement_path,B+M+L+G+R,random_forest,5,6000,0.05026774715390284,0.8601519861788687,0.04615950258182759,0.8219447042496999,0.8925802979525181,0.278322365498754,0.036936362587297836,0.2496522588224137,0.3069924721750943,0.5131294313118786,0.01564474990243254,0.502291783817557,0.5260703218518625,0.05086607011489641,0.05798348856915738,0.009876543209876543,0.09732755507403394,0.04587369354010144,0.01700807356245764,0.032584018901528275,0.05869809283836671,0.6267836348727324,0.1012239656203181,0.2333683513061363,0.1770983998784359
rfm,dataset,later_clean_suppression_path,B,logistic,5,6000,0.05117904984861095,0.5808818220889969,0.12553309681208688,0.48450278029225907,0.6748900911591694,0.07579657412779951,0.03598266975387878,0.046208940140148,0.10110128437832926,0.5640397910273405,0.08771229622434884,0.4962616124381659,0.6302642988812591,0.1246143801895431,0.06005175885062052,0.07253789263479467,0.16445114976544312,0.22636594278145533,0.031372760209923606,0.20252282634869734,0.25146556210234006,0.5754988749540175,0.07030413543084967,0.005382947134979332,0.005492438696949847
rfm,dataset,later_clean_suppression_path,B,random_forest,5,6000,0.05117904984861095,0.6232098660383244,0.10710618787410447,0.5402874062278507,0.7063754179434701,0.10472477305351231,0.07188473425632215,0.055079487658480454,0.16810631038671817,0.5056762830245993,0.011333681553524537,0.49979002624671914,0.5159905097366606,0.024323293938238656,0.042595593492052615,0.0,0.06366755623332063,0.05709759940816913,0.020222963967879207,0.0414652567345687,0.07310370498243575,0.6293173365903064,0.10355026008363795,-0.006107470551982019,0.001174512969874364
rfm,dataset,later_clean_suppression_path,B+M,logistic,5,6000,0.05117904984861095,0.5754988749540175,0.12554018811802833,0.479720994852169,0.6685368480698965,0.07030413543084967,0.03211216330070634,0.04361170013414212,0.0915779004559602,0.5120528485290836,0.06014432384561666,0.4621902739872484,0.5554935058273014,0.09042860232590086,0.05255121987297303,0.04663771712158808,0.1310193301417224,0.16648240578002102,0.026001423340231988,0.14592055087115935,0.186410479896609,0.5754988749540175,0.07030413543084967,0.0,0.0
rfm,dataset,later_clean_suppression_path,B+M,random_forest,5,6000,0.05117904984861095,0.6293173365903064,0.09536336344483745,0.5582567751943824,0.7062764151281178,0.10355026008363795,0.0658631225784465,0.056942846694337766,0.16137856143622678,0.5004627136659805,0.0018339673864074643,0.4994891443167305,0.5021544245228456,0.004705882352941176,0.010522672835293128,0.0,0.01411764705882353,0.057576657476751156,0.018848926439105556,0.0429838209771755,0.07247628730134133,0.6293173365903064,0.10355026008363795,0.0,0.0
rfm,dataset,later_clean_suppression_path,B+M+L,logistic,5,6000,0.05117904984861095,0.5779477706551114,0.12578624865365065,0.48264456665428745,0.6732509746559352,0.06955233308865597,0.032486861638764616,0.043406884736077914,0.09217573639972343,0.5069238557514746,0.07732340245695889,0.44495950692630226,0.5685053774214838,0.08348580408595878,0.05908376521268561,0.039592854175321976,0.13130160271976687,0.1668318832948601,0.026182065098173952,0.1461872987555941,0.18700406594407376,0.5754988749540175,0.07030413543084967,0.002448895701093856,-0.0007518023421936998
rfm,dataset,later_clean_suppression_path,B+M+L,random_forest,5,6000,0.05117904984861095,0.6266222693316938,0.09422718282715373,0.5564524886106967,0.6994704703853646,0.10927180450269687,0.06901671662190204,0.061257444292193895,0.16912212889514894,0.5024802900382019,0.0040984804453701295,0.499692078720045,0.5060415554063468,0.011715828832571665,0.016457469520851274,0.0,0.02550893228084753,0.056377953195711795,0.01863324591260774,0.04168962420941366,0.07106628218200993,0.6293173365903064,0.10355026008363795,-0.0026950672586125712,0.0057215444190589215
rfm,dataset,later_clean_suppression_path,B+M+L+G,logistic,5,6000,0.05117904984861095,0.591086977723789,0.09981251370058374,0.509448260318682,0.6638556352230433,0.0731639466786034,0.0351843062776006,0.04396215464662447,0.09852408469437131,0.5207235860932602,0.05702000106815585,0.47132790057644086,0.5619776845508958,0.09601199108477756,0.057265997883023036,0.051961560452126486,0.140005568226455,0.16475580744534582,0.021344912446224676,0.14838210946127833,0.1811295054294133,0.5754988749540175,0.07030413543084967,0.015588102769771517,0.002859811247753738
rfm,dataset,later_clean_suppression_path,B+M+L+G,random_forest,5,6000,0.05117904984861095,0.6141513879542428,0.10316382773370555,0.5368226718317207,0.695612146493403,0.10245190901176678,0.05665883589358936,0.058766059727946,0.1449282808608578,0.4996843161543706,0.0004451985520958021,0.49930837630474656,0.5,0.0,0.0,0.0,0.0,0.05604706709602734,0.018681567524546375,0.041481331464130036,0.07080117910552952,0.6293173365903064,0.10355026008363795,-0.015165948636063575,-0.001098351071871173
rfm,dataset,later_clean_suppression_path,B+M+L+G+R,logistic,5,6000,0.05117904984861095,0.8094938449249266,0.044693090517706625,0.781015205058756,0.8484342211103246,0.293383086263585,0.09110197196862163,0.2113797333260697,0.35498606759815116,0.7099680244246043,0.04704301451267769,0.6801937002294299,0.753090471825925,0.2503321895435504,0.08046959265953169,0.1833616940820571,0.30543197188712495,0.1251642323202501,0.014971560752855126,0.11372894237205225,0.1366854164740095,0.5754988749540175,0.07030413543084967,0.23399496997090907,0.22307895083273532
rfm,dataset,later_clean_suppression_path,B+M+L+G+R,random_forest,5,6000,0.05117904984861095,0.8280430556039168,0.025976670257963526,0.8130070195085045,0.8521888454706519,0.3070880169287021,0.06344925487974445,0.26034594074753004,0.3609951221287494,0.535104943286215,0.027657371917145894,0.5139284825048215,0.5562814040676085,0.1247547500928082,0.09334822759760812,0.0525530694205393,0.19545098039215686,0.04651679399944852,0.01695743391600479,0.033380567576600226,0.05965302042229681,0.6293173365903064,0.10355026008363795,0.19872571901361036,0.20353775684506414
rfm,dataset,later_enhancement_path,B,logistic,5,6000,0.053176494275468514,0.5969837709978905,0.039518323882717636,0.5678455698089205,0.6291077254906338,0.09409601868109532,0.043876601510077266,0.05689300696332513,0.12629790071717586,0.5439852919172069,0.0460061667460485,0.503448547687851,0.574420899266405,0.11229962523108808,0.06523188133026707,0.06262521791933556,0.16028058600303757,0.22536145045820125,0.031669007735365066,0.20230987912147028,0.25261754162329486,0.5841318190225097,0.09790026546448535,0.012851951975380804,-0.0038042467833900306
rfm,dataset,later_enhancement_path,B,random_forest,5,6000,0.053176494275468514,0.6297069780827766,0.05796433216427658,0.5877943715402456,0.6735062016868563,0.10086327593183401,0.05505649481196051,0.058545959038920146,0.14318059282474788,0.4994079449961803,0.0013238752349597773,0.49822383498854084,0.5,0.004166666666666667,0.009316949906249124,0.0,0.0125,0.05878130892444228,0.020369704883571406,0.04381899170170479,0.07374362614717977,0.629391163727075,0.10175818699989936,0.00031581435570160465,-0.0008949110680653433
rfm,dataset,later_enhancement_path,B+M,logistic,5,6000,0.053176494275468514,0.5841318190225097,0.042154063796222024,0.5611634717149236,0.621239279247562,0.09790026546448535,0.04483448264757254,0.06265555932927924,0.13515782797802364,0.5571831642909547,0.02653149851463726,0.5407869707968909,0.5800838319339464,0.13460357198443013,0.06935310981377173,0.08317689286009393,0.18872248319056828,0.18602849241615674,0.048430897420556056,0.14755403857357555,0.2226211636469181,0.5841318190225097,0.09790026546448535,0.0,0.0
rfm,dataset,later_enhancement_path,B+M,random_forest,5,6000,0.053176494275468514,0.629391163727075,0.06511879415173706,0.5845861103454535,0.6854620110895847,0.10175818699989936,0.05671567252229779,0.06282539599713068,0.15023604158123066,0.4998472116119174,0.00034164522192512065,0.4995416348357525,0.5,0.006091370558375634,0.013620718644668772,0.0,0.0182741116751269,0.058822105443912955,0.020571548685415393,0.04316713771625159,0.07447707317157433,0.629391163727075,0.10175818699989936,0.0,0.0
rfm,dataset,later_enhancement_path,B+M+L,logistic,5,6000,0.053176494275468514,0.6003130965898797,0.04084324385941251,0.5711246246195703,0.6360974226140019,0.10881832807629606,0.022456024718536957,0.09410497985475944,0.1280553108224779,0.5629644056608659,0.010301239153560317,0.5561728343941227,0.5722508285668797,0.1362076229550686,0.05843519115925984,0.08676293222683265,0.17522605789061946,0.1842936585379275,0.048867825859928035,0.14668385232212983,0.22145120565871176,0.5841318190225097,0.09790026546448535,0.01618127756737009,0.010918062611810705
rfm,dataset,later_enhancement_path,B+M+L,random_forest,5,6000,0.053176494275468514,0.6361329562538249,0.05405004504485561,0.6042854885469526,0.6845262015806123,0.11152174889067001,0.05532562739201289,0.07012449194814876,0.15543321846490518,0.5003199006875477,0.0007153196834056833,0.5,0.5009597020626433,0.006382978723404255,0.01427277432446674,0.0,0.019148936170212766,0.05785001085235406,0.020351871368562077,0.04245721846202706,0.07324280324268106,0.629391163727075,0.10175818699989936,0.00674179252674989,0.009763561890770656
rfm,dataset,later_enhancement_path,B+M+L+G,logistic,5,6000,0.053176494275468514,0.6189782935023571,0.055534391350613874,0.5801411780900743,0.6688673364779814,0.0959218102617565,0.05342123664882391,0.056747911902130264,0.13987401701270671,0.5882228547235537,0.018667025150050757,0.5749245516137986,0.6046663274187811,0.15653901114048302,0.07321818620165621,0.09618339427303726,0.20892316057474894,0.18177342239291025,0.04863979210399127,0.1431787730892807,0.21848370835957898,0.5841318190225097,0.09790026546448535,0.034846474479847456,-0.0019784552027288516
rfm,dataset,later_enhancement_path,B+M+L+G,random_forest,5,6000,0.053176494275468514,0.6779227245466368,0.06258777774651123,0.6400850126263318,0.734196800386359,0.10822211823836161,0.0550344543090672,0.06625947849009885,0.15195729552377907,0.5000907181054239,0.00020285185051801478,0.5,0.5002721543162719,0.00446927374301676,0.009993599899440403,0.0,0.013407821229050279,0.0570263468218891,0.019213468253078188,0.04219469962070979,0.07185799402306839,0.629391163727075,0.10175818699989936,0.04853156081956178,0.006463931238462256
rfm,dataset,later_enhancement_path,B+M+L+G+R,logistic,5,6000,0.053176494275468514,0.817302847400752,0.03474454713546056,0.7908727896022227,0.843732905199281,0.29410051911043944,0.07045062314505696,0.24139270903550428,0.3513917436419763,0.7406954123541014,0.026854710071786927,0.7196644163631565,0.7604048947769181,0.2600181332929902,0.09654584242399625,0.17524975024975026,0.3219060095676589,0.14115139755914208,0.03388311783565388,0.11532167615653852,0.16698111896174567,0.5841318190225097,0.09790026546448535,0.23317102837824233,0.1962002536459541
rfm,dataset,later_enhancement_path,B+M+L+G+R,random_forest,5,6000,0.053176494275468514,0.8619259497954488,0.03871905905773072,0.8305695604537824,0.8900343603440571,0.2955524392638328,0.03106723748529156,0.2690198729683349,0.31833181814024447,0.516995155657008,0.01685026638009371,0.5037390901182521,0.5302512211957638,0.06669559956863673,0.06293791775748449,0.017391304347826087,0.11599989478944736,0.047997846408954215,0.017795566768652613,0.03418020770971185,0.06142780021197003,0.629391163727075,0.10175818699989936,0.23253478606837374,0.19379425226393343
rfm,dataset,later_neighbor_damage_any_path,B,logistic,5,6000,0.07071113505196926,0.6114629350112812,0.08665423093417168,0.5451277909038423,0.6789200852499955,0.10114499084457991,0.04805270208482592,0.06003641954659067,0.1350611285035426,0.5598545651824433,0.0818688932607433,0.4961764041456685,0.6210640766021681,0.15333370763528664,0.07129688709651578,0.09173884077281813,0.20099539094431843,0.23021955434737876,0.04208233153819448,0.20026214791627184,0.26750796564930984,0.6109678117152735,0.10429169531727082,0.0004951232960077601,-0.0031467044726909144
rfm,dataset,later_neighbor_damage_any_path,B,random_forest,5,6000,0.07071113505196926,0.6310616877400332,0.08192045962340438,0.5755088230671155,0.7002782481132523,0.10416886937018703,0.041453743906523496,0.0712720143701834,0.1336657192200525,0.5002540013411181,0.002147589661705733,0.4989481692465068,0.5021230654298672,0.010540474443629249,0.015805372275324005,0.0,0.024724871606749816,0.07665684670158233,0.03078477001172315,0.05262447804689986,0.10084217093094272,0.6135552921151677,0.0971141932385278,0.017506395624865556,0.007054676131659235
rfm,dataset,later_neighbor_damage_any_path,B+M,logistic,5,6000,0.07071113505196926,0.6109678117152735,0.10179528494741967,0.5311954023616254,0.6907402210689215,0.10429169531727082,0.05152717395930429,0.062374559493093805,0.14111390288133493,0.5201662468773535,0.04666360358518724,0.48154402493250126,0.5531607525855168,0.14098651843191573,0.06779422243471857,0.08158263305322129,0.18765787490161068,0.18722863407995055,0.06396819349583825,0.13965703060517287,0.2367780218508811,0.6109678117152735,0.10429169531727082,0.0,0.0
rfm,dataset,later_neighbor_damage_any_path,B+M,random_forest,5,6000,0.07071113505196926,0.6135552921151677,0.06985219357572499,0.5597038201306482,0.6688301613494494,0.0971141932385278,0.045369772254092146,0.06134651617490457,0.1305030122764404,0.4999716735279677,6.33399170270255e-05,0.499915020583903,0.5,0.005970149253731343,0.013349659567162924,0.0,0.017910447761194027,0.07588800562095817,0.032255726960786456,0.0507361498410497,0.10103986140086665,0.6135552921151677,0.0971141932385278,0.0,0.0
rfm,dataset,later_neighbor_damage_any_path,B+M+L,logistic,5,6000,0.07071113505196926,0.6131950380511116,0.09754488809825537,0.5366924479912403,0.6896976281109831,0.10384578414986403,0.04946582609751139,0.06230414428805854,0.13901441099721795,0.5207170798615565,0.045299835556330055,0.4838878995294003,0.5511986750439106,0.13997559124585268,0.0678805104480246,0.08107388688960289,0.18719640104127175,0.18703145144202096,0.06313116933642277,0.13982751651451156,0.2353401617510653,0.6109678117152735,0.10429169531727082,0.0022272263358381617,-0.00044591116740679004
rfm,dataset,later_neighbor_damage_any_path,B+M+L,random_forest,5,6000,0.07071113505196926,0.6085362386452283,0.0694620926118999,0.5538552919829638,0.6632171853074931,0.0986346135964069,0.043007111950035676,0.06338352665621767,0.13067769865522577,0.49943229668334554,0.0009946517701327627,0.4985135747737637,0.5,0.00449438202247191,0.010049743719100177,0.0,0.01348314606741573,0.0756305219539051,0.03272921487382819,0.05012634808607132,0.10113469582173892,0.6135552921151677,0.0971141932385278,-0.005019053469939361,0.0015204203578791098
rfm,dataset,later_neighbor_damage_any_path,B+M+L+G,logistic,5,6000,0.07071113505196926,0.6221269184777317,0.06722465624185778,0.5692294420559935,0.67502439489947,0.1092049382478609,0.04965884949035798,0.06842522167707077,0.14470370320833678,0.5613972042043424,0.03984515096254418,0.5303277398281812,0.5894810209921235,0.17258921087413753,0.0806600931180305,0.10417023503663528,0.2303193056536347,0.18659400051619723,0.06975900418583021,0.13481747413788928,0.24310105490080697,0.6109678117152735,0.10429169531727082,0.011159106762458237,0.0049132429305900754
rfm,dataset,later_neighbor_damage_any_path,B+M+L+G,random_forest,5,6000,0.07071113505196926,0.617041184143194,0.07667713923246089,0.559154110456622,0.677807074697279,0.102279019792288,0.04340262283968811,0.06394061740149061,0.13155992170360534,0.498952392642671,0.0023425212647165696,0.496857177928013,0.5,0.0015384615384615385,0.0034401045807689067,0.0,0.004615384615384616,0.07534449396230285,0.031707274451272235,0.05052319337028888,0.10016579455431682,0.6135552921151677,0.0971141932385278,0.003485892028026294,0.005164826553760202
rfm,dataset,later_neighbor_damage_any_path,B+M+L+G+R,logistic,5,6000,0.07071113505196926,0.8406003479761622,0.051925235414111794,0.8006352474697328,0.8805654484825916,0.37038087863472346,0.07622384691112029,0.3028033279648646,0.41774512904723543,0.7673638427701895,0.06446489343356465,0.7189895070065526,0.8164973601803925,0.33551651968539964,0.05540855850347609,0.2853141721292406,0.3734351081890946,0.13767883533539213,0.051763437182133755,0.0999625978933731,0.18228037806048344,0.6109678117152735,0.10429169531727082,0.22963253626088875,0.2660891833174526
rfm,dataset,later_neighbor_damage_any_path,B+M+L+G+R,random_forest,5,6000,0.07071113505196926,0.8436280426629859,0.04545480849312402,0.8068675910785643,0.8765585656841566,0.33312698825671905,0.0532648585276017,0.2860743517871219,0.36658757795719094,0.559478485162722,0.023083569832123157,0.5393585203726688,0.5721436540651073,0.201725764126187,0.07429356759818774,0.1357551020408163,0.24302657403386882,0.06084415502660771,0.025777355616514376,0.0404734923420742,0.08134002974497082,0.6135552921151677,0.0971141932385278,0.23007275054781817,0.23601279501819125
rfm,dataset,later_suppression_path,B,logistic,5,6000,0.05456780638199739,0.5817165035646663,0.12202615060428428,0.4890285299687995,0.6740076842275313,0.08278724105659672,0.040411579836875246,0.050671619112686285,0.11085941217669563,0.5606005617504997,0.08623867303078607,0.4933408411964687,0.6263868862160892,0.13020844915554164,0.06367535306231777,0.07506272652062088,0.17142137575792135,0.22545240129348762,0.03207197078421537,0.20097232451917812,0.2505572549852224,0.5768526439254507,0.0770481533140204,0.004863859639215651,0.005739087742576324
rfm,dataset,later_suppression_path,B,random_forest,5,6000,0.05456780638199739,0.6200537441826609,0.11077950042786529,0.5337973464210884,0.7063101419442332,0.10485834545224963,0.06942578562685556,0.054865276070947364,0.1662701800537374,0.5066530603017316,0.014932269575270746,0.4995635606540924,0.52,0.029301075268817207,0.05430174065386007,0.0,0.0793010752688172,0.06094069209284257,0.02122849203292554,0.044237740926646445,0.07764364325903872,0.6271717802697737,0.11535841983378162,-0.007118036087112811,-0.010500074381531985
rfm,dataset,later_suppression_path,B+M,logistic,5,6000,0.05456780638199739,0.5768526439254507,0.11788118167254825,0.487840096699391,0.6653856696296228,0.0770481533140204,0.03645282249534868,0.04615189749807207,0.10286593072929406,0.5150462250399046,0.05801794742642791,0.4660145113943953,0.5563920891496353,0.09891137077070855,0.056477118781047456,0.05110915879639799,0.1411790133463014,0.1637375641017868,0.025585498548113126,0.1433729480024654,0.18333976960473328,0.5768526439254507,0.0770481533140204,0.0,0.0
rfm,dataset,later_suppression_path,B+M,random_forest,5,6000,0.05456780638199739,0.6271717802697737,0.10315529109240995,0.5474436508551529,0.7068999096843946,0.11535841983378162,0.07397332360432353,0.05996600933868358,0.17812343008704748,0.5035196859205218,0.007386620962185761,0.4997885835095137,0.5101863525871885,0.017251051893408136,0.028048737673120695,0.0,0.04305750350631136,0.06104011132058027,0.020283789465288422,0.04511249548980566,0.07696772715135489,0.6271717802697737,0.11535841983378162,0.0,0.0
rfm,dataset,later_suppression_path,B+M+L,logistic,5,6000,0.05456780638199739,0.5767012932128173,0.11746153680148447,0.4869119305584976,0.6664906558671373,0.07566288874125984,0.03666491050978357,0.04548441248977917,0.10273148807423657,0.5175619745538764,0.06442866975823415,0.46645633446464396,0.569021412219884,0.09865612803781024,0.05987192197988924,0.053227710469089785,0.14445547010667328,0.16411676479773107,0.025672030719745987,0.1437191753152403,0.1838251315892328,0.5768526439254507,0.0770481533140204,-0.00015135071263339128,-0.0013852645727605584
rfm,dataset,later_suppression_path,B+M+L,random_forest,5,6000,0.05456780638199739,0.6203522041449151,0.10288318278218177,0.5393925314827697,0.7019785389421028,0.11281795156159555,0.07349880539803544,0.0614896207866167,0.1764149544964187,0.5019745942397416,0.0039702307016702435,0.4993834360714874,0.505413635818318,0.011102831594634873,0.01561365125982425,0.0,0.02421758569299553,0.05993991876261877,0.020021136417043076,0.0442523238882498,0.07562751363698772,0.6271717802697737,0.11535841983378162,-0.006819576124858617,-0.0025404682721860694
rfm,dataset,later_suppression_path,B+M+L+G,logistic,5,6000,0.05456780638199739,0.5898508305652554,0.09104240822730958,0.5167906894027615,0.6575391419429234,0.08026110998025116,0.03996536204532176,0.04836459078049253,0.11044102471443021,0.525891040859528,0.05481537032621479,0.4765212780623459,0.5640742105663443,0.10804874541838119,0.057553098890084406,0.058912734959666826,0.14904274131660605,0.1624029197931582,0.020637332450329362,0.14668560969949312,0.17812022988682333,0.5768526439254507,0.0770481533140204,0.012998186639804787,0.003212956666230754
rfm,dataset,later_suppression_path,B+M+L+G,random_forest,5,6000,0.05456780638199739,0.6057719084123272,0.10027476048245318,0.5273523789065434,0.6849748323565054,0.096349536271306,0.046874705589771096,0.05832664223435266,0.12856393843404074,0.5008241018597763,0.002217029756651242,0.4997445721583652,0.502855447341781,0.004705882352941176,0.010522672835293128,0.0,0.01411764705882353,0.05956261163482429,0.019882432942556854,0.044028522488544455,0.07509670078110411,0.6271717802697737,0.11535841983378162,-0.021399871857446517,-0.019008883562475612
rfm,dataset,later_suppression_path,B+M+L+G+R,logistic,5,6000,0.05456780638199739,0.8115766342072199,0.04595291385673248,0.7806656834523293,0.8523649232582686,0.29451194674405484,0.09450311970280852,0.20804769299136816,0.3503961366463898,0.7183103105567961,0.05618291860729576,0.6760518620971154,0.7651709177653597,0.27326341532811504,0.10068857213331767,0.19501242658649573,0.3451020543069729,0.12369197672328613,0.014534650544522281,0.11244402387887761,0.1349399295676946,0.5768526439254507,0.0770481533140204,0.23472399028176927,0.21746379343003444
rfm,dataset,later_suppression_path,B+M+L+G+R,random_forest,5,6000,0.05456780638199739,0.8293934880835918,0.03200674523903457,0.8098884256942813,0.8580172657052957,0.3029941485045431,0.08502078105397051,0.23533642365907498,0.3657220383014722,0.544475566225556,0.03584137187651571,0.5175760114497155,0.5720567375886525,0.15346345288205754,0.11804001024685115,0.05945945945945946,0.24063609063609065,0.049085436433395524,0.01783143444696588,0.03537983588744684,0.06279103697934421,0.6271717802697737,0.11535841983378162,0.2022217078138181,0.18763572867076148
rfm,dataset,later_target_any_path,B,logistic,5,6000,0.1050799169955698,0.593967654028973,0.08775871530051822,0.5230174473434269,0.6562690421388396,0.16096514463831818,0.08127537032412764,0.09325630038347635,0.21818738119727796,0.5540778192024071,0.06989068042010033,0.4938176242940428,0.6107608200366584,0.21373911940103846,0.10452018027826186,0.12831235665939475,0.2853201245825359,0.22738000569294442,0.029863712401378386,0.20525057908812347,0.2518337537900526,0.5848804030981458,0.1580076563242937,0.009087250930827184,0.002957488314024481
rfm,dataset,later_target_any_path,B,random_forest,5,6000,0.1050799169955698,0.6480569548011277,0.0690188108145555,0.5961961805834785,0.7047394263133729,0.18646450767709108,0.09425750075247873,0.10760123439752727,0.25924608360594065,0.5269788759651609,0.02096218219497943,0.5091014054470169,0.5433379788144194,0.11577814366685484,0.07873952112247158,0.051510153592413156,0.1742891615635031,0.1041067933402116,0.03155267175709597,0.07957044006947725,0.12864314661094595,0.632069898735962,0.19212445878214374,0.015987056065165706,-0.005659951105052657
rfm,dataset,later_target_any_path,B+M,logistic,5,6000,0.1050799169955698,0.5848804030981458,0.08397793202991267,0.5160459637238467,0.6460435294980396,0.1580076563242937,0.0758634407153083,0.09285138121886728,0.2098543694421117,0.5384342395573778,0.048394010841320084,0.49588115423277895,0.5683476274406086,0.19357734029984414,0.0954309903459625,0.11551819891348747,0.2612634750919002,0.18882376429492598,0.030896931822269973,0.16549493111845165,0.21159868047579816,0.5848804030981458,0.1580076563242937,0.0,0.0
rfm,dataset,later_target_any_path,B+M,random_forest,5,6000,0.1050799169955698,0.632069898735962,0.07572096835313209,0.5774378859071655,0.6972179937071503,0.19212445878214374,0.10475121026669588,0.11164549754760884,0.273378160970827,0.52102164707662,0.028275523677940197,0.5001851571599873,0.5445863115426316,0.09070357275101501,0.10236751362703324,0.011627906976744186,0.1697792385252858,0.10406045639986199,0.029848029421453898,0.08087128811405382,0.12724962468567017,0.632069898735962,0.19212445878214374,0.0,0.0
rfm,dataset,later_target_any_path,B+M+L,logistic,5,6000,0.1050799169955698,0.5917993696898944,0.09257032912540715,0.5203974399860668,0.6623975712267353,0.15794811881549428,0.0736871620909441,0.09462626529830417,0.2079670912389937,0.5381247485956099,0.0494827604143752,0.4943514053774683,0.5713520209761377,0.19136841908200278,0.09538913427089821,0.11664919479497485,0.26196054052070245,0.18862302315626647,0.031584502987680244,0.16547973176438366,0.21176631454814926,0.5848804030981458,0.1580076563242937,0.006918966591748621,-5.953750879941766e-05
rfm,dataset,later_target_any_path,B+M+L,random_forest,5,6000,0.1050799169955698,0.6419914577461594,0.08296955525623585,0.5812984344931607,0.7107202583603645,0.19524278545141094,0.10870719382872204,0.11203906008552529,0.2819253111269244,0.5179916639765165,0.022616373295388972,0.5003831804796002,0.5356001474734328,0.07833511153544136,0.08763379955216045,0.009580838323353293,0.14708938474752944,0.10274118494419104,0.02955822522757221,0.07972454698367648,0.12575782290470564,0.632069898735962,0.19212445878214374,0.009921559010197423,0.003118326669267202
rfm,dataset,later_target_any_path,B+M+L+G,logistic,5,6000,0.1050799169955698,0.6181450611373891,0.08607715973877564,0.551081552060815,0.6836580305280553,0.17089745820242902,0.08635999981208999,0.09707190107348797,0.23132459920226353,0.5636236591259045,0.03916134027280343,0.5309364324123481,0.5911132213640226,0.21994162871413298,0.09565118747661987,0.13997020694704557,0.285053037608486,0.1859902302392818,0.032840876407463575,0.16198606707790955,0.209994393400654,0.5848804030981458,0.1580076563242937,0.03326465803924328,0.01288980187813532
rfm,dataset,later_target_any_path,B+M+L+G,random_forest,5,6000,0.1050799169955698,0.6667003687851678,0.08082786085198146,0.6064858342341966,0.7331055604305986,0.21121317959669356,0.10614517839810633,0.12421303890588631,0.2912931878488799,0.5146767303010462,0.012678577527397993,0.5049313499343491,0.5244221106677431,0.06742509087336673,0.05330479839283097,0.02634836427939876,0.10850368405540818,0.10092759321372294,0.028831469177303316,0.07925441822594202,0.12364388393791508,0.632069898735962,0.19212445878214374,0.03463047004920583,0.01908872081454982
rfm,dataset,later_target_any_path,B+M+L+G+R,logistic,5,6000,0.1050799169955698,0.6158338907821431,0.08439581874528602,0.5515552943577342,0.6803304357202631,0.174927172144683,0.0896333483858883,0.0982825263942583,0.2412522998686084,0.5784525598195334,0.03951951271101381,0.546822308690013,0.608371712456019,0.23688673869304408,0.10227416925166319,0.14864741888466698,0.3072734343374331,0.18546989480785397,0.033222480176890966,0.1612242570707923,0.2097155325449156,0.5848804030981458,0.1580076563242937,0.030953487683997305,0.016919515820389308
rfm,dataset,later_target_any_path,B+M+L+G+R,random_forest,5,6000,0.1050799169955698,0.7908800596558447,0.04221221696673434,0.7579994076617155,0.823760711649974,0.3202133079272226,0.10311290712514357,0.23107115412695464,0.394755809002051,0.5335986867343779,0.03270739088396092,0.5100632442169594,0.5622075480434849,0.1280181770505954,0.10963158964174485,0.04669344042838018,0.21933130836372666,0.08934763239794248,0.02872052905991693,0.06704353916037967,0.1116517256355053,0.632069898735962,0.19212445878214374,0.15881016091988276,0.12808884914507884
rfm,dataset,suppression_success_medium,B,logistic,5,6000,0.036771426358884814,0.5793477409831855,0.13432794436722617,0.4746534124245691,0.6758146951158103,0.06269020901480901,0.029643116657687936,0.037803519133351116,0.0830992961869113,0.5609172983441099,0.0906421876592725,0.4918770402434188,0.6290857511641319,0.09233194767874271,0.0458200580760057,0.052492435101130754,0.12279690808210406,0.22391636075636612,0.02351263598820059,0.20590466304585947,0.2421370014593752,0.5776872115613704,0.06079702788530761,0.00166052942181516,0.0018931811295014034
rfm,dataset,suppression_success_medium,B,random_forest,5,6000,0.036771426358884814,0.6205631403888203,0.05543707371682237,0.5815849411872792,0.6701686635974922,0.058077670189099616,0.02469125393194558,0.038870283612750064,0.07625840801575692,0.5035625264515687,0.004928114471621085,0.5,0.507520859784902,0.015968379446640316,0.022009813192467798,0.0,0.0333596837944664,0.042680862658525165,0.012657162287074695,0.03298207151316059,0.052036176428300815,0.5962564238936519,0.0584285869321564,0.024306716495168468,-0.0003509167430567825
rfm,dataset,suppression_success_medium,B+M,logistic,5,6000,0.036771426358884814,0.5776872115613704,0.12127960051018505,0.48485377695550586,0.6648981146284176,0.06079702788530761,0.028993686264916125,0.03707330404561361,0.08082860933811266,0.5443273905723581,0.06690948287171367,0.48781617932583854,0.5936818088452286,0.09009570021158306,0.05097915995385325,0.047657100198198854,0.12798985045368008,0.16945065639615847,0.028638159468289588,0.1465654463032363,0.19076118589223762,0.5776872115613704,0.06079702788530761,0.0,0.0
rfm,dataset,suppression_success_medium,B+M,random_forest,5,6000,0.036771426358884814,0.5962564238936519,0.060284091629786415,0.5505690421466449,0.6440564571850401,0.0584285869321564,0.02513334954390718,0.037803748014572106,0.07658559234229145,0.5015833597849021,0.0035405001118804778,0.5,0.5047500793547062,0.007272727272727273,0.016262312563634834,0.0,0.021818181818181816,0.043002721909487444,0.012015964720113806,0.03410553339859225,0.05189991042038263,0.5962564238936519,0.0584285869321564,0.0,0.0
rfm,dataset,suppression_success_medium,B+M+L,logistic,5,6000,0.036771426358884814,0.5871677066065251,0.1192812504063637,0.49653571332313334,0.677172248901105,0.06146074221861977,0.029354833323495737,0.037754952993829326,0.0814820807112355,0.5488678224205557,0.07080466821094972,0.4908168457926042,0.6059514604810997,0.0923337055901662,0.04836231560008114,0.05163269720607257,0.12780141256737848,0.1695484418192501,0.029154724306214075,0.1454462525350511,0.19098441490102977,0.5776872115613704,0.06079702788530761,0.009480495045154691,0.0006637143333121584
rfm,dataset,suppression_success_medium,B+M+L,random_forest,5,6000,0.036771426358884814,0.5910354247075799,0.07192318791653868,0.5371369126545094,0.6449339367606504,0.0612492207492773,0.023609662330450178,0.04121027017737061,0.07602513582979922,0.5019493250182049,0.004358823250947185,0.5,0.5058479750546148,0.00784313725490196,0.01753778805882188,0.0,0.023529411764705882,0.04205497671137774,0.01175070814899432,0.03339878317354033,0.050711170249215155,0.5962564238936519,0.0584285869321564,-0.005220999186071995,0.0028206338171209017
rfm,dataset,suppression_success_medium,B+M+L+G,logistic,5,6000,0.036771426358884814,0.5877452242999295,0.08414776074439712,0.5227789616636086,0.6512672077169428,0.06513828029330371,0.03220236825360668,0.038949263328088034,0.08865055026763706,0.5599598031390888,0.053138096183140915,0.5223165134946725,0.6017805562298112,0.0988483430216575,0.049757630859315755,0.061629414930474816,0.13698575737780785,0.17001927822274437,0.028879276778329747,0.14867946296252332,0.19161722059729297,0.5776872115613704,0.06079702788530761,0.010058012738559108,0.004341252407996099
rfm,dataset,suppression_success_medium,B+M+L+G,random_forest,5,6000,0.036771426358884814,0.581723740080407,0.058767754867338935,0.5288720648038134,0.6224174580566135,0.0572377770143556,0.024430701211877102,0.03603142742005454,0.07570329802177653,0.5,0.0,0.5,0.5,0.0,0.0,0.0,0.0,0.041713924031029456,0.011270137267458962,0.033240855352272884,0.04986678501583241,0.5962564238936519,0.0584285869321564,-0.014532683813244907,-0.0011908099178008016
rfm,dataset,suppression_success_medium,B+M+L+G+R,logistic,5,6000,0.036771426358884814,0.798416162618995,0.03540368060702651,0.771813670534819,0.8273623092628023,0.20454304830245057,0.07392273872113178,0.13826121576124312,0.24340138616884227,0.6962242915004675,0.04491303601465665,0.6611222224831848,0.73132636051775,0.18738097289831815,0.06531746660578602,0.14131184433067265,0.23496957224157605,0.13042308356777016,0.025714744837905257,0.11147367934980068,0.15186475128731375,0.5776872115613704,0.06079702788530761,0.22072895105762458,0.14374602041714296
rfm,dataset,suppression_success_medium,B+M+L+G+R,random_forest,5,6000,0.036771426358884814,0.7911749469556031,0.03853557847770762,0.765422357928945,0.8261253497144875,0.18043647611422411,0.04575029512753554,0.14548318656722148,0.213788686489585,0.4997916666666667,0.00046584749531245454,0.499375,0.5,0.0,0.0,0.0,0.0,0.03648769115745272,0.011192449953525077,0.02834231110157446,0.04448512517478265,0.5962564238936519,0.0584285869321564,0.19491852306195123,0.12200788918206772
rfm,domain,clean_enhancement_medium,B,logistic,5,6000,0.035455514231812674,0.5694652788960622,0.060846659220949444,0.5240327183599253,0.6156029308794773,0.05438325315892768,0.021225824811277185,0.035733889558951105,0.06901767447465919,0.5493172161827015,0.043847675634621386,0.5142344635901482,0.5825466742325492,0.08256013994173839,0.030665444241525407,0.054465981373339176,0.10084614010406198,0.23001677943046978,0.03958771049364518,0.20061901832680581,0.2602046128979452,0.5399170232132511,0.05195225894546155,0.029548255682811164,0.0024309942134661325
rfm,domain,clean_enhancement_medium,B,random_forest,5,6000,0.035455514231812674,0.5922877925231737,0.08110211592484236,0.5257201361025503,0.6523309572275919,0.057081027313263775,0.02389636991851032,0.03620955180061175,0.07382809568463108,0.5005202694574763,0.0011633578735338363,0.5,0.5015608083724288,0.0035714285714285713,0.007985957062499249,0.0,0.010714285714285714,0.04066389598728026,0.011443727872360417,0.03177661693738935,0.049789220268394226,0.5944047962683653,0.057785835189900395,-0.002117003745191637,-0.0007048078766366192
rfm,domain,clean_enhancement_medium,B+M,logistic,5,6000,0.035455514231812674,0.5399170232132511,0.07679975855017909,0.48110398553602884,0.5965805829435771,0.05195225894546155,0.02311057028779539,0.0328737889316422,0.06921266334110146,0.5200950046486343,0.05585069197569798,0.47598125585465656,0.564208753442612,0.08472003188915891,0.046764782814439895,0.0474142583322478,0.11996864384635483,0.19271980480309386,0.039961637860923854,0.16244491081591153,0.22299469879027617,0.5399170232132511,0.05195225894546155,0.0,0.0
rfm,domain,clean_enhancement_medium,B+M,random_forest,5,6000,0.035455514231812674,0.5944047962683653,0.08050477307898157,0.5385406898328945,0.6650551128021095,0.057785835189900395,0.02562987428082156,0.03746944474508589,0.0772717006491401,0.4995910020449898,0.0009145472300612667,0.49877300613496933,0.5,0.0,0.0,0.0,0.0,0.04074666217367111,0.011117644541814126,0.03213119275619013,0.0495943300951435,0.5944047962683653,0.057785835189900395,0.0,0.0
rfm,domain,clean_enhancement_medium,B+M+L,logistic,5,6000,0.035455514231812674,0.5530025067903586,0.07770306446149541,0.4918473358313476,0.6090754646443296,0.05170020409273264,0.02219625217016376,0.03383377277649602,0.06915715297772587,0.5381923466196084,0.049476811371035434,0.4981808395916371,0.5814131164944092,0.0912775700273422,0.04552596443274031,0.05866454320741884,0.12799787654075218,0.19164144066575417,0.04000586430083636,0.16085927012456763,0.22242361120694065,0.5399170232132511,0.05195225894546155,0.013085483577107482,-0.00025205485272890987
rfm,domain,clean_enhancement_medium,B+M+L,random_forest,5,6000,0.035455514231812674,0.6123409748634489,0.09481768388781228,0.5419771391724512,0.6886816384755917,0.07047527945358589,0.03921055493065521,0.039429447068617875,0.1015211118385539,0.5007247684349814,0.0016206314885644322,0.5,0.5021743053049441,0.0037037037037037034,0.00828173324999922,0.0,0.01111111111111111,0.03976593770683549,0.010764484110377701,0.031435745545657624,0.04832466315522566,0.5944047962683653,0.057785835189900395,0.017936178595083563,0.012689444263685498
rfm,domain,clean_enhancement_medium,B+M+L+G,logistic,5,6000,0.035455514231812674,0.5872204993352735,0.062106686473339945,0.5386477941403424,0.6357932045302047,0.05427848006437299,0.021108860980166174,0.03777205813831428,0.0698101582854562,0.5726950575798623,0.03576153820645809,0.5429039082881685,0.5994039785980667,0.10286495958723796,0.03194939250968016,0.07765888434092635,0.12658636242321075,0.18903787962665725,0.04648207374112006,0.15450874218684246,0.2293669616305951,0.5399170232132511,0.05195225894546155,0.04730347612202246,0.0023262211189114396
rfm,domain,clean_enhancement_medium,B+M+L+G,random_forest,5,6000,0.035455514231812674,0.6586066858222599,0.05520605028427316,0.6187963055678775,0.7026569314916135,0.06216607537302267,0.0182198927415972,0.046217617753353604,0.07529938519087388,0.5,0.0,0.5,0.5,0.0,0.0,0.0,0.0,0.0391776977424345,0.010024631223332851,0.03116571299943758,0.04692893145861975,0.5944047962683653,0.057785835189900395,0.06420188955389461,0.004380240183122275
rfm,domain,clean_enhancement_medium,B+M+L+G+R,logistic,5,6000,0.035455514231812674,0.8026730088432285,0.04603436158187947,0.7691918330384357,0.8394847528719508,0.18100015752145485,0.0645881030526582,0.12916551381135843,0.22912106811811883,0.7371483026446829,0.022384964791553472,0.7198664879480623,0.7544675607199383,0.1904811797736426,0.043450900641048035,0.154469478648153,0.22284039920310264,0.14951918040593606,0.03672455895582145,0.12151423870653048,0.17816366347711737,0.5399170232132511,0.05195225894546155,0.2627559856299774,0.1290478985759933
rfm,domain,clean_enhancement_medium,B+M+L+G+R,random_forest,5,6000,0.035455514231812674,0.83642381351917,0.03068008384262208,0.8133475911514865,0.861276996477821,0.18895967096996208,0.06111963391663252,0.14241896317985753,0.23679124909989974,0.5021879021879021,0.004892298020269817,0.5,0.5065637065637066,0.008888888888888889,0.01987615979999813,0.0,0.026666666666666665,0.03456466809713042,0.008881414131061893,0.027317461868194098,0.0406118455294794,0.5944047962683653,0.057785835189900395,0.24201901725080466,0.1311738357800617
rfm,domain,clean_suppression_medium,B,logistic,5,6000,0.03429045301178986,0.5900600266833079,0.034333438001573235,0.5638521261063023,0.6162679272603135,0.05621165964545547,0.010220896702503323,0.04828871704242156,0.06413460224848938,0.5611460741912053,0.021324915395183962,0.5449948354452137,0.5780749739776158,0.08376591170334387,0.013241721258465546,0.07486793656230531,0.09537768048605584,0.22612201034541232,0.0294045865867434,0.20445180067919005,0.24973226767366957,0.5771786206455802,0.05312089525111509,0.012881406037727694,0.0030907643943403826
rfm,domain,clean_suppression_medium,B,random_forest,5,6000,0.03429045301178986,0.611967506591911,0.025216207962744545,0.5928535082398267,0.6344174038091082,0.05838705130758141,0.007753581940556742,0.05232698157755863,0.06444712103760417,0.5026068600003076,0.007030339977910999,0.4991166328016751,0.508857778370091,0.011764705882352941,0.026306682088232818,0.0,0.03529411764705882,0.039867991810316236,0.007343694700073315,0.03458386918928512,0.045846494127405595,0.6288974213799989,0.06322326536797548,-0.01692991478808792,-0.004836214060394077
rfm,domain,clean_suppression_medium,B+M,logistic,5,6000,0.03429045301178986,0.5771786206455802,0.033124226045802424,0.5510871974752027,0.603030275685428,0.05312089525111509,0.019284748663514577,0.03922778819799246,0.0696573327659205,0.5599903367224428,0.02226348875800511,0.5447918959707061,0.5789997040779963,0.08692863584344324,0.022560619190492924,0.07248571546018825,0.10755998978632238,0.19940574454114773,0.028314604593300045,0.18020076530630583,0.22441572716086874,0.5771786206455802,0.05312089525111509,0.0,0.0
rfm,domain,clean_suppression_medium,B+M,random_forest,5,6000,0.03429045301178986,0.6288974213799989,0.03396809350345398,0.602143592994724,0.6536134307408208,0.06322326536797548,0.0069445311046857925,0.05825424819098522,0.06905652737893145,0.5030293977055449,0.006773939200480364,0.5,0.5090881931166348,0.011764705882352941,0.026306682088232818,0.0,0.03529411764705882,0.03971321850186864,0.007316144789517118,0.03471247603422813,0.045979246814534115,0.6288974213799989,0.06322326536797548,0.0,0.0
rfm,domain,clean_suppression_medium,B+M+L,logistic,5,6000,0.03429045301178986,0.5901098346193743,0.03370594881679255,0.5649580888701784,0.6152615803685704,0.04863569137830387,0.0115599091656516,0.04042388921170962,0.05847012324093739,0.5585658543079035,0.04674212256254087,0.5217083709578153,0.5954233376579918,0.08535389847720604,0.023792184016034595,0.06774363756157484,0.10412040463853936,0.19861303821305873,0.027302434293944883,0.17953691748922546,0.22202435092186906,0.5771786206455802,0.05312089525111509,0.012931213973794042,-0.004485203872811219
rfm,domain,clean_suppression_medium,B+M+L,random_forest,5,6000,0.03429045301178986,0.6109136015488379,0.017831598071709417,0.597456498241507,0.6270082683367271,0.06396663806804836,0.010873238028467912,0.055347346777763116,0.07258592935833359,0.5,0.0,0.5,0.5,0.0,0.0,0.0,0.0,0.03897723882734693,0.007075180299760776,0.03436254271496571,0.0448383722050927,0.6288974213799989,0.06322326536797548,-0.01798381983116104,0.0007433727000728807
rfm,domain,clean_suppression_medium,B+M+L+G,logistic,5,6000,0.03429045301178986,0.608046609331532,0.03479547209378816,0.5807531343119844,0.6353400843510795,0.05493274563682281,0.01245507442235365,0.0458039936295746,0.0647426721602837,0.5678907263908746,0.012271845121695924,0.5590377487344238,0.5782480442544278,0.09031513655549364,0.024270562690200975,0.07677731333497255,0.11175584997730352,0.19452122650419254,0.029174253571083865,0.17300164616642175,0.21825696495611546,0.5771786206455802,0.05312089525111509,0.030867988685951753,0.0018118503857077195
rfm,domain,clean_suppression_medium,B+M+L+G,random_forest,5,6000,0.03429045301178986,0.60520919979987,0.019812372221699487,0.587050813780909,0.6178527248121858,0.06869456077838529,0.01711855570777822,0.057017861390570926,0.08270200624907709,0.49980833622619814,0.0002624476862368575,0.4996162132675046,0.5,0.0,0.0,0.0,0.0,0.038573389157670335,0.006989816841933401,0.03403102290921617,0.044325963548272715,0.6288974213799989,0.06322326536797548,-0.023688221580128954,0.005471295410409804
rfm,domain,clean_suppression_medium,B+M+L+G+R,logistic,5,6000,0.03429045301178986,0.7898381551312013,0.032471111510211835,0.7628979386065943,0.8146842169841448,0.20070554265955204,0.04807943353752991,0.16441649694911903,0.24264847049869168,0.7036865596958475,0.062022014307459704,0.6614975023165508,0.7581904809759813,0.16607077768576178,0.031766112562014774,0.14323325899239436,0.19129466073708307,0.14840619043315306,0.017137410683245476,0.1353781436463737,0.16184691607340176,0.5771786206455802,0.05312089525111509,0.21265953448562103,0.14758464740843696
rfm,domain,clean_suppression_medium,B+M+L+G+R,random_forest,5,6000,0.03429045301178986,0.789873511887748,0.01909802071211158,0.7738807409171834,0.8041163378532051,0.17031135492744343,0.0241809803868442,0.15162128628588695,0.1913547037957231,0.5026071004082476,0.006100382769837349,0.4997131931166348,0.5081081081081081,0.010526315789473684,0.02353755765789252,0.0,0.031578947368421054,0.034339322415437905,0.006543644951091997,0.03012933639473171,0.03986640425113647,0.6288974213799989,0.06322326536797548,0.16097609050774908,0.10708808955946794
rfm,domain,enhancement_success_medium,B,logistic,5,6000,0.0372271482100793,0.5772785459928718,0.06707781271315902,0.5253247461936258,0.6277561072338143,0.05641313685166335,0.022900576974275465,0.03668999856952572,0.0723731769548599,0.5432848205192556,0.04378398307486004,0.5097473187508195,0.5777526113298833,0.08545594386904212,0.03547465368601193,0.05431488276770946,0.11069803582991582,0.2288590017147328,0.04241190000369631,0.1969767583994327,0.26074124503003293,0.5476937202114731,0.054637898817207375,0.02958482578139865,0.0017752380344559712
rfm,domain,enhancement_success_medium,B,random_forest,5,6000,0.0372271482100793,0.6095990865918107,0.06116807486591475,0.5666833369190349,0.6588687289604412,0.06063057763784054,0.02259330858508908,0.040999561471392866,0.07607369222480223,0.5004643874643875,0.0010384019382691262,0.5,0.5013931623931623,0.003389830508474576,0.0075798914491518295,0.0,0.01016949152542373,0.042508832076508525,0.012502782706897033,0.03213352024973677,0.05207876072445761,0.609712981809663,0.06343120350302262,-0.00011389521785232226,-0.002800625865182073
rfm,domain,enhancement_success_medium,B+M,logistic,5,6000,0.0372271482100793,0.5476937202114731,0.07918512450971305,0.48332129056790096,0.6064816543980529,0.054637898817207375,0.025320948163432708,0.03355072248005112,0.07351547167305228,0.5142727744440839,0.04977108697454504,0.4736125245971524,0.5532749189109991,0.08328237207418758,0.04440530905867176,0.04705871669131574,0.11666666666666667,0.19083074588792873,0.04176558687748366,0.15916172568198156,0.22251901621890607,0.5476937202114731,0.054637898817207375,0.0,0.0
rfm,domain,enhancement_success_medium,B+M,random_forest,5,6000,0.0372271482100793,0.609712981809663,0.08786724540042129,0.5439714685414777,0.679249841394797,0.06343120350302262,0.02908837339798043,0.0404596675024816,0.08578610679884915,0.5004643874643875,0.0010384019382691262,0.5,0.5013931623931623,0.003389830508474576,0.0075798914491518295,0.0,0.01016949152542373,0.042195614379757614,0.012326474473935117,0.032661108811786896,0.052029135802364054,0.609712981809663,0.06343120350302262,0.0,0.0
rfm,domain,enhancement_success_medium,B+M+L,logistic,5,6000,0.0372271482100793,0.5611556177205035,0.08086631115138584,0.498883293902224,0.6223931383794763,0.05572064253856488,0.025644662995617483,0.03441197991950554,0.0744766525343468,0.5287486204936497,0.0501217484434228,0.48932197392094084,0.5690157519064755,0.09045250173159938,0.049244190701507394,0.053222197506617455,0.12899747840549386,0.18970619214809295,0.0415381167095627,0.1577911378846218,0.22162124641156403,0.5476937202114731,0.054637898817207375,0.013461897509030374,0.0010827437213575056
rfm,domain,enhancement_success_medium,B+M+L,random_forest,5,6000,0.0372271482100793,0.6136527123320249,0.07961092131481146,0.556165818174042,0.6829716916173959,0.0649790320895226,0.030146291076368365,0.04198196901708896,0.08797609516195623,0.5005156695156695,0.0011530720909614027,0.5,0.5015470085470086,0.0034188034188034192,0.007644676846153128,0.0,0.010256410256410258,0.041697958243805386,0.012069118019361223,0.0323303530577525,0.05149371260665307,0.609712981809663,0.06343120350302262,0.003939730522361851,0.0015478285864999886
rfm,domain,enhancement_success_medium,B+M+L+G,logistic,5,6000,0.0372271482100793,0.5937481375044112,0.06377391191017023,0.5458278449073247,0.6448261447149771,0.05832490304141413,0.0247284791424915,0.038737545134499424,0.07718186992815398,0.569678002207076,0.03503561108351762,0.5398511663764503,0.5965126529604922,0.10755045517224342,0.04106703342678055,0.07557232235055232,0.13842654535723842,0.18686703245486774,0.04740780718435108,0.15182696355511568,0.22748279113798375,0.5476937202114731,0.054637898817207375,0.04605441729293813,0.003687004224206758
rfm,domain,enhancement_success_medium,B+M+L+G,random_forest,5,6000,0.0372271482100793,0.6656165944184889,0.057738774399950836,0.622018876145891,0.7105062878109141,0.0683035740060101,0.021186305720907576,0.05139053360266162,0.08458119866871838,0.4998974358974359,0.00022934030538460294,0.49969230769230766,0.5,0.0,0.0,0.0,0.0,0.04090149370366074,0.01149880211483646,0.031656802692818925,0.05014032980169344,0.609712981809663,0.06343120350302262,0.055903612608825815,0.004872370502987486
rfm,domain,enhancement_success_medium,B+M+L+G+R,logistic,5,6000,0.0372271482100793,0.8046783741170465,0.04338496896502048,0.7725732586432128,0.8377392214355531,0.19427867192832057,0.0606505750369356,0.14182040364229495,0.23624457148000336,0.7387925420662961,0.030241162370832086,0.714721440882766,0.7628636432498259,0.20220400526099044,0.057845616455648605,0.1565835282906874,0.2449681836789473,0.14670814871560942,0.036818523586393204,0.1186026248759964,0.1753778523785337,0.5476937202114731,0.054637898817207375,0.25698465390557335,0.1396407731111132
rfm,domain,enhancement_success_medium,B+M+L+G+R,random_forest,5,6000,0.0372271482100793,0.8422001211129132,0.029425245432955188,0.821124119273118,0.8678548046289432,0.18899456172381288,0.05548595217669218,0.1461303130487242,0.2295728576182729,0.49980620155038763,0.00043334650726740184,0.4994186046511627,0.5,0.0,0.0,0.0,0.0,0.03587663823390288,0.009751033840987263,0.02817449440101923,0.04267188667628556,0.609712981809663,0.06343120350302262,0.23248713930325016,0.12556335822079026
rfm,domain,later_capability_damage_any_path,B,logistic,5,6000,0.08124622912056986,0.586480371276083,0.04743026964216322,0.5523192131271002,0.6265349077842456,0.1133912626838873,0.007962651306514497,0.10744766006709727,0.12004837114642435,0.5631661936462085,0.035934947952097875,0.537955847820399,0.5910721959639754,0.17281612045003486,0.012833612007277093,0.16168152305491362,0.1819679307284546,0.2385763390959918,0.005335514831602915,0.23446429583918174,0.24268838235280193,0.5885575455491943,0.11231786700384147,-0.002077174273111271,0.00107339568004583
rfm,domain,later_capability_damage_any_path,B,random_forest,5,6000,0.08124622912056986,0.6512873721253973,0.040186687532295484,0.6161224290055044,0.6809341523004283,0.16999669283248497,0.05983095324643527,0.13338974882640375,0.2217179025288783,0.5007142857142857,0.0015971914124998442,0.5,0.5021428571428571,0.00392156862745098,0.00876889402941094,0.0,0.011764705882352941,0.0821880043162823,0.006111318254861482,0.0767715598683718,0.0860549587636604,0.6243602813581852,0.15597859028514013,0.026927090767212114,0.01401810254734484
rfm,domain,later_capability_damage_any_path,B+M,logistic,5,6000,0.08124622912056986,0.5885575455491943,0.040338216197506695,0.5576038921947586,0.6195111989036299,0.11231786700384147,0.007736865735184403,0.1062949683375453,0.11834076567013767,0.561258018025247,0.03520314568300224,0.5361346690990654,0.5908825091938559,0.17255705062998888,0.013089320817586335,0.16257330871918524,0.18254079254079256,0.23992305648630716,0.011449728931122734,0.2312572907534809,0.24966841203203885,0.5885575455491943,0.11231786700384147,0.0,0.0
rfm,domain,later_capability_damage_any_path,B+M,random_forest,5,6000,0.08124622912056986,0.6243602813581852,0.0451891282671574,0.5872051021727998,0.6620164218628167,0.15597859028514013,0.06797259573389158,0.11638199650010565,0.2151792793283543,0.5007142857142857,0.0015971914124998442,0.5,0.5021428571428571,0.00392156862745098,0.00876889402941094,0.0,0.011764705882352941,0.08473165828118134,0.0062338177028075405,0.07953910729068979,0.08877036483860117,0.6243602813581852,0.15597859028514013,0.0,0.0
rfm,domain,later_capability_damage_any_path,B+M+L,logistic,5,6000,0.08124622912056986,0.5862814030754417,0.033253843370708185,0.5602810771183309,0.6122817290325526,0.11175057243001016,0.0061944952355088515,0.106814557667548,0.11646270211991032,0.5566063144898669,0.026401008513653186,0.536900070565484,0.5763125584142499,0.16953215269389016,0.010030059869889946,0.16046023952495286,0.1764468623408585,0.2396851448366683,0.010997154440447058,0.23080563247995295,0.24909650619862914,0.5885575455491943,0.11231786700384147,-0.002276142473752518,-0.0005672945738313118
rfm,domain,later_capability_damage_any_path,B+M+L,random_forest,5,6000,0.08124622912056986,0.6271914870585305,0.03711903730794206,0.5963607141855712,0.6553312713695935,0.15472994714751945,0.06330014055652589,0.11604985179982368,0.20939837859754484,0.5006122448979592,0.0013690212107141237,0.5,0.5018367346938775,0.003883495145631068,0.008683759135921513,0.0,0.011650485436893203,0.08400001018504981,0.00546255800062706,0.07908770065104484,0.08739376640153917,0.6243602813581852,0.15597859028514013,0.0028312057003452296,-0.0012486431376206863
rfm,domain,later_capability_damage_any_path,B+M+L+G,logistic,5,6000,0.08124622912056986,0.57551761530132,0.025299374008388463,0.5548082502737652,0.5945109582733913,0.10190424808854315,0.007320967535106737,0.09612183350401612,0.1073927926950706,0.552413532489881,0.03137029417500387,0.5284154104677928,0.5758855020322283,0.16697647765886045,0.015182892461988997,0.15549050809204795,0.17864122893084217,0.2416900839056244,0.011695117326234586,0.23305221071437585,0.25129581751035646,0.5885575455491943,0.11231786700384147,-0.01303993024787431,-0.010413618915298323
rfm,domain,later_capability_damage_any_path,B+M+L+G,random_forest,5,6000,0.08124622912056986,0.5951421060842936,0.02808112492763187,0.5720624033094117,0.616540723269714,0.12929053054158726,0.02029976047643544,0.1123961809993945,0.14270635013566926,0.49989795918367347,0.00022817020178569558,0.49969387755102035,0.5,0.0,0.0,0.0,0.0,0.0846306550926086,0.004548864038356337,0.08065365029302976,0.08731034776645799,0.6243602813581852,0.15597859028514013,-0.02921817527389159,-0.026688059743552872
rfm,domain,later_capability_damage_any_path,B+M+L+G+R,logistic,5,6000,0.08124622912056986,0.8448331474261161,0.0146798148341164,0.8318547438678522,0.8529516697477415,0.38156903150378885,0.043893212065986745,0.35136554070081216,0.41604272430512046,0.7579764525957879,0.019870476637271532,0.7423126064355057,0.7728400628007848,0.33830494881265144,0.035160518650867154,0.3089037457084589,0.36347419569645484,0.16392364360351447,0.009447999912406739,0.15614648596046324,0.17207109147748983,0.5885575455491943,0.11231786700384147,0.2562756018769219,0.26925116449994735
rfm,domain,later_capability_damage_any_path,B+M+L+G+R,random_forest,5,6000,0.08124622912056986,0.839412894737924,0.02163797409532467,0.8202634750787967,0.8542265209259223,0.3622929732067174,0.057006349140882984,0.31869487496507665,0.40589107144835807,0.5705469543376476,0.029282682241161553,0.5499322476546114,0.5931674522069739,0.23629859572088135,0.08140556692594633,0.17879074343684143,0.2989467657693841,0.06854870689957411,0.0043500756842371575,0.06467743200092968,0.07112435509150376,0.6243602813581852,0.15597859028514013,0.2150526133797388,0.20631438292157725
rfm,domain,later_clean_any_path,B,logistic,5,6000,0.10150756694768963,0.6072129531716652,0.05832838044924424,0.5584757797025997,0.6523385478819989,0.15668076828715052,0.053593676485755505,0.11452078401480743,0.19884075255949357,0.5660656625673586,0.039375338974617466,0.5348758386994334,0.5975425560175018,0.2135610856025579,0.06059595957191943,0.16506129128046515,0.258087486090987,0.2284444579481931,0.03932106592931187,0.19899955659280089,0.259071080507154,0.591701530835125,0.14884536674992505,0.015511422336540237,0.007835401537225478
rfm,domain,later_clean_any_path,B,random_forest,5,6000,0.10150756694768963,0.667137960288738,0.04354335401068911,0.6352564982918534,0.7041270011515645,0.19707545881458416,0.06192730408614454,0.1494795927281562,0.24727404872192324,0.5254751690034867,0.017991365631343487,0.5123027669141105,0.5387291300109666,0.11175718029098188,0.06317145856486427,0.06261773085302498,0.16089662972893876,0.10054594601767133,0.023526394912490384,0.08094117192192775,0.11871221907496371,0.6581354786784862,0.19841281426222745,0.009002481610251745,-0.0013373554476432958
rfm,domain,later_clean_any_path,B+M,logistic,5,6000,0.10150756694768963,0.591701530835125,0.0832885868289462,0.5147798825697169,0.6429453395913323,0.14884536674992505,0.052660541082790474,0.10874998707818372,0.1880957914733798,0.550527764908086,0.055231674271453916,0.499491625339751,0.5870428819694273,0.20471600670779747,0.06765027213171115,0.1509489357240222,0.2576040002418321,0.20359155719972452,0.0388098906565104,0.17382919126739513,0.2339398257051606,0.591701530835125,0.14884536674992505,0.0,0.0
rfm,domain,later_clean_any_path,B+M,random_forest,5,6000,0.10150756694768963,0.6581354786784862,0.05501705945668935,0.6163584641784137,0.7025964674517218,0.19841281426222745,0.0749007747259897,0.14364915581791396,0.2601863569645785,0.5162719415071015,0.02051432116702713,0.5023616577748606,0.5330299423470903,0.07604396541121691,0.07451200714918309,0.021825291033502177,0.13406968124536695,0.1014483946107602,0.022133824684628645,0.08429805510453754,0.11844475593746416,0.6581354786784862,0.19841281426222745,0.0,0.0
rfm,domain,later_clean_any_path,B+M+L,logistic,5,6000,0.10150756694768963,0.5980648471279693,0.0816818576307034,0.52166064376413,0.6482862232086808,0.14845690657848465,0.052247432242897664,0.10835733745124052,0.1885564757057288,0.554989669339478,0.05931991792337853,0.5000522757164672,0.5916487920852521,0.2100152025685976,0.07646784501742276,0.1522659407374395,0.2672563404991658,0.2035318626689983,0.03786510758317549,0.1746260117432271,0.23340003703727738,0.591701530835125,0.14884536674992505,0.006363316292844257,-0.0003884601714403968
rfm,domain,later_clean_any_path,B+M+L,random_forest,5,6000,0.10150756694768963,0.657819134516127,0.06518855391882142,0.6087493792222533,0.711637154587916,0.1921338566318393,0.07363341459675139,0.1365117491263219,0.2471119621660486,0.5131317888562905,0.013425838739081746,0.5026719651336717,0.5235916125789093,0.06457269624360998,0.05595440376189301,0.021799338872509604,0.10734605361471032,0.1008195853045235,0.02146653294779008,0.08433679085284844,0.11742892629870438,0.6581354786784862,0.19841281426222745,-0.0003163441623592611,-0.00627895763038816
rfm,domain,later_clean_any_path,B+M+L+G,logistic,5,6000,0.10150756694768963,0.6252707363784131,0.059939466026544166,0.5723787941166257,0.6643865863352888,0.1616982543370661,0.054313356549232174,0.11782267822019862,0.20187958799323474,0.5842629032854492,0.04632579905324554,0.5434635042445172,0.6176351834124794,0.23566876185941732,0.06816116091669133,0.18259208524210782,0.28874543847672685,0.19965932891186913,0.039829547703314865,0.1691690384901078,0.23051618470190025,0.591701530835125,0.14884536674992505,0.03356920554328813,0.012852887587141065
rfm,domain,later_clean_any_path,B+M+L+G,random_forest,5,6000,0.10150756694768963,0.686367510513836,0.04901621227864097,0.6531494827192104,0.7314731161959959,0.2094930319930291,0.07432233598892449,0.1526137201478311,0.26638101085033106,0.5135821504140101,0.012980732432205835,0.5041077575157195,0.5248037739131074,0.0626736821272438,0.05180990841085809,0.026899353236954852,0.10875576036866359,0.09872716715073078,0.0208013164188593,0.08288986254903442,0.11529293233241722,0.6581354786784862,0.19841281426222745,0.028232031835349836,0.011080217730801645
rfm,domain,later_clean_any_path,B+M+L+G+R,logistic,5,6000,0.10150756694768963,0.6266009383585136,0.05558535807257559,0.5770208811522213,0.6671297586026629,0.16729602825453674,0.05438867341906474,0.12181456987486639,0.20877523574774318,0.5830545051350491,0.04279663003748557,0.5442862539846924,0.6156719085552637,0.23319867563105703,0.06208488401214452,0.18382780054304848,0.28256955071906564,0.1986451606620939,0.03952123888770374,0.16835077396918613,0.22902983893367138,0.591701530835125,0.14884536674992505,0.034899407523388604,0.018450661504611693
rfm,domain,later_clean_any_path,B+M+L+G+R,random_forest,5,6000,0.10150756694768963,0.7903598917534954,0.031420295979621274,0.7661625113661943,0.8146840337606598,0.3082415765197581,0.0678425130039647,0.24911023006937075,0.355559939715265,0.5294147029630576,0.02601541883680088,0.5105195542069756,0.5506599980454446,0.11369193897716659,0.08830287409110261,0.04816549025089105,0.18170597018870488,0.08820268574300393,0.020039048992258064,0.07294059685750942,0.1047593965643203,0.6581354786784862,0.19841281426222745,0.1322244130750092,0.10982876225753063
rfm,domain,later_clean_enhancement_path,B,logistic,5,6000,0.05136939567159127,0.5910265548789195,0.06331467723727832,0.5420930769473278,0.6399600328105113,0.08447903163812218,0.038366749725292255,0.051622257650877724,0.1121755661841757,0.5447334949721899,0.04469418836631127,0.5134364822997308,0.5853358109416658,0.1138368690340629,0.04855252925771878,0.07597244763450446,0.1499076273423067,0.2275845164011862,0.039019205453723796,0.19837148106045993,0.2567975517419125,0.5804764275880294,0.08431991391851092,0.01055012729089011,0.00015911771961125976
rfm,domain,later_clean_enhancement_path,B,random_forest,5,6000,0.05136939567159127,0.6392201838487915,0.05807905235885249,0.598924489324793,0.6909746008061535,0.0949381572402729,0.0347691398151759,0.06694305166624326,0.12186878882885499,0.4993618225555398,0.001427008147520048,0.4980854676666195,0.5,0.00425531914893617,0.009515182882977829,0.0,0.01276595744680851,0.05697719498870326,0.017086559085296014,0.04235084898479751,0.06996418369824584,0.6278584360319102,0.09943387086814591,0.011361747816881373,-0.004495713627873016
rfm,domain,later_clean_enhancement_path,B+M,logistic,5,6000,0.05136939567159127,0.5804764275880294,0.08010769906602203,0.5110972003203826,0.6379086276207012,0.08431991391851092,0.039611642693251355,0.05335461844029064,0.11528520939673119,0.5571743877342211,0.07087711281164122,0.49597163171840164,0.6075482374532912,0.13787268424404647,0.06794316261876812,0.08359983383394755,0.19067009933076215,0.1931774457967545,0.049202654738407195,0.15603619231694169,0.23031869927656728,0.5804764275880294,0.08431991391851092,0.0,0.0
rfm,domain,later_clean_enhancement_path,B+M,random_forest,5,6000,0.05136939567159127,0.6278584360319102,0.08208120951384067,0.5695671023955298,0.6973387049032066,0.09943387086814591,0.04928370410506461,0.06536607175922947,0.14053907380083222,0.4998280741474459,0.0003844378934006233,0.4994842224423376,0.5,0.0062176165803108805,0.013903013331604909,0.0,0.01865284974093264,0.05732733268414377,0.017122409012240058,0.043807142417134244,0.07087292373051006,0.6278584360319102,0.09943387086814591,0.0,0.0
rfm,domain,later_clean_enhancement_path,B+M+L,logistic,5,6000,0.05136939567159127,0.5961426883541184,0.0817960046564571,0.5245613017303954,0.6560864406460932,0.08747215738699968,0.03579152949508174,0.059453614595871104,0.11443942122786162,0.5656900144927496,0.052497889589524525,0.5171805859956472,0.6000312348931129,0.1373139627929734,0.0572166302722862,0.09253151799010258,0.18171199336868268,0.19184054399623068,0.04870300942486693,0.1555976118891002,0.2300918663112963,0.5804764275880294,0.08431991391851092,0.015666260766089013,0.0031522434684887607
rfm,domain,later_clean_enhancement_path,B+M+L,random_forest,5,6000,0.05136939567159127,0.6285761192645867,0.07584786312040552,0.5762814997993754,0.6974527154237139,0.10192473296075255,0.04787993213576633,0.06682443279360739,0.1400734452397777,0.4996236026602519,0.0008416500382268902,0.4988708079807556,0.5,0.004371584699453552,0.00977516055737613,0.0,0.013114754098360656,0.05654956783962524,0.016090721842391287,0.04372794099790494,0.06919447260475109,0.6278584360319102,0.09943387086814591,0.0007176832326765137,0.002490862092606641
rfm,domain,later_clean_enhancement_path,B+M+L+G,logistic,5,6000,0.05136939567159127,0.619736353351743,0.0713698714899205,0.5562762212674806,0.673759102617978,0.09113816019425346,0.04059938469252057,0.059281811489714495,0.12204864029704361,0.5794129702273272,0.04235926289075783,0.5476604989011996,0.6115882729677595,0.14450316828859186,0.05953786619258542,0.09824874689486292,0.19075758968232084,0.1896936661029956,0.05116486790920146,0.15034461733137222,0.22904271487461894,0.5804764275880294,0.08431991391851092,0.03925992576371362,0.00681824627574254
rfm,domain,later_clean_enhancement_path,B+M+L+G,random_forest,5,6000,0.05136939567159127,0.6689432625152589,0.07147610701188803,0.6154107928303676,0.7284238015918888,0.10684315550722652,0.044560062892385205,0.07190060526939035,0.1417857057450627,0.4996285552568275,0.0008305756956186357,0.4988856657704825,0.5,0.002366863905325444,0.005292468585798319,0.0,0.007100591715976332,0.055404533802255705,0.015111625477376498,0.04356665012239806,0.06717405927792122,0.6278584360319102,0.09943387086814591,0.04108482648334877,0.00740928463908061
rfm,domain,later_clean_enhancement_path,B+M+L+G+R,logistic,5,6000,0.05136939567159127,0.8249363068605013,0.02758706198776841,0.8042401320944791,0.8467026608601985,0.2836346074703369,0.08178139547146035,0.21291956507966395,0.33450490405837224,0.7574085798392223,0.04008871908884572,0.7296390296562132,0.7905691226246406,0.26595668745544393,0.06689780926463056,0.2141073456458072,0.31649876368232316,0.14488433818935903,0.03607209077390525,0.11709818712053015,0.17267048925818793,0.5804764275880294,0.08431991391851092,0.24445987927247192,0.19931469355182602
rfm,domain,later_clean_enhancement_path,B+M+L+G+R,random_forest,5,6000,0.05136939567159127,0.8457149694778476,0.012383055580381613,0.8370346833758144,0.8567266874860893,0.2619536897034888,0.0766027407015971,0.1975475301442748,0.3196498556728873,0.5139827443149093,0.0131098648547436,0.5047287304796877,0.5248124980127765,0.054400599400599395,0.04805384594905788,0.02009324009324009,0.09352813852813853,0.04725268295052195,0.01256366768777718,0.03723762569458496,0.05585455051996986,0.6278584360319102,0.09943387086814591,0.21785653344593747,0.1625198188353429
rfm,domain,later_clean_suppression_path,B,logistic,5,6000,0.05243725096561316,0.5956147791049577,0.06320538717376323,0.5380713104246911,0.6370210443292825,0.0822117096117768,0.020232663731775093,0.06434999869515484,0.09838487176334024,0.5640436631209181,0.046868477784288404,0.5216474601097474,0.5912778436607774,0.12493789285724113,0.02816584880127809,0.10136944356456552,0.14564443979386296,0.225866571993753,0.04147541150745426,0.1943512813052172,0.25738186268228885,0.5769550501078815,0.07336275839011766,0.01865972899707624,0.008848951221659143
rfm,domain,later_clean_suppression_path,B,random_forest,5,6000,0.05243725096561316,0.6444703420510773,0.05893507589579787,0.598750207394588,0.6901904767075668,0.10701141077976035,0.04492395831998753,0.07922248419909461,0.14587840286435194,0.5043299399569283,0.009605359214452904,0.4974367649440489,0.5127779855450326,0.022545726017170586,0.0323798451198179,0.0,0.050615901455767075,0.05785373958090413,0.01385556870172661,0.047539934104993804,0.06910467465908147,0.643239779445538,0.11002938729927188,0.0012305626055393315,-0.0030179765195115227
rfm,domain,later_clean_suppression_path,B+M,logistic,5,6000,0.05243725096561316,0.5769550501078815,0.07499546969096588,0.5143624974937365,0.6282039930631816,0.07336275839011766,0.02419137267972745,0.05515705293802249,0.09179181390757246,0.541385935060667,0.06698345849274849,0.4829174254104081,0.586994970654053,0.11877721452992869,0.03848550581048902,0.09021437771648032,0.14846825777953437,0.1936642690668857,0.035651545304829654,0.17237256077587354,0.22580926991199343,0.5769550501078815,0.07336275839011766,0.0,0.0
rfm,domain,later_clean_suppression_path,B+M,random_forest,5,6000,0.05243725096561316,0.643239779445538,0.05435272495032802,0.5985279999605724,0.6838120390808916,0.11002938729927188,0.04600588602186462,0.08047380413997118,0.15039215550909302,0.5026183515042677,0.008846222984940746,0.4976493633692458,0.5106746243205798,0.014035087719298244,0.03138341021052336,0.0,0.042105263157894736,0.05848674664354199,0.013336769153382149,0.04819621130836107,0.06891328874042606,0.643239779445538,0.11002938729927188,0.0,0.0
rfm,domain,later_clean_suppression_path,B+M+L,logistic,5,6000,0.05243725096561316,0.5774187128888337,0.07327191495849246,0.5182372660297143,0.6260987450965052,0.07248019497639173,0.024151725408566648,0.054426860683849054,0.09184564732627472,0.5310657123658784,0.06037000447523419,0.48015152699318325,0.5728681947142169,0.11000345544583197,0.03528711105351325,0.08253385439953423,0.13841676178649462,0.194252480604441,0.03493718238454931,0.1725554235833105,0.22525910542582356,0.5769550501078815,0.07336275839011766,0.00046366278095222313,-0.0008825634137259314
rfm,domain,later_clean_suppression_path,B+M+L,random_forest,5,6000,0.05243725096561316,0.64018143448677,0.04107313436676043,0.6094474766467785,0.6730122415161809,0.1112805034060171,0.037955563557805855,0.08696221080494763,0.14408977456474378,0.5016661386980326,0.005340982464967386,0.4984783586674585,0.5065725508649596,0.008888888888888889,0.01987615979999813,0.0,0.026666666666666665,0.05745610329928867,0.012662804871194772,0.048149752946498585,0.06764794430166785,0.643239779445538,0.11002938729927188,-0.003058344958768,0.0012511161067452203
rfm,domain,later_clean_suppression_path,B+M+L+G,logistic,5,6000,0.05243725096561316,0.6024114177218396,0.05075750268106162,0.5556263423363621,0.6335316034153854,0.07721164136501116,0.022247599855615762,0.06050509319668176,0.09391818953334054,0.5696396513424389,0.03849287413557326,0.5351889878387351,0.5967420312384272,0.1325738276342731,0.02632313608349242,0.11050915898599509,0.15244006830700937,0.1885453743283927,0.03169995557637051,0.16762561174966015,0.21666102803315512,0.5769550501078815,0.07336275839011766,0.025456367613958086,0.003848882974893497
rfm,domain,later_clean_suppression_path,B+M+L+G,random_forest,5,6000,0.05243725096561316,0.6475876650306583,0.05153823584991921,0.6081361523541845,0.6870391777071319,0.1106685164457534,0.045286798584479065,0.08014570374293577,0.150507522102099,0.5015243522393374,0.004277405021926288,0.4991185112634672,0.5054545454545455,0.007142857142857143,0.015971914124998498,0.0,0.02142857142857143,0.056669201093619205,0.01326297243749727,0.04701117812760908,0.06758203555281503,0.643239779445538,0.11002938729927188,0.004347885585120337,0.0006391291464815235
rfm,domain,later_clean_suppression_path,B+M+L+G+R,logistic,5,6000,0.05243725096561316,0.8130536953979279,0.04485543599725532,0.7730578540798374,0.847625293975122,0.30793318811358417,0.07809054499875487,0.24653594951347496,0.3693304267136933,0.7207950348831387,0.046049501707294244,0.6855968333800837,0.7559932363861939,0.25516026048107493,0.04393916081518869,0.22052353320438428,0.2897969877577656,0.13836537351412206,0.01589220529352139,0.12630496687350343,0.15124608623671473,0.5769550501078815,0.07336275839011766,0.23609864529004643,0.2345704297234665
rfm,domain,later_clean_suppression_path,B+M+L+G+R,random_forest,5,6000,0.05243725096561316,0.8346329327135574,0.03006918848374725,0.8108909517012352,0.8583749137258797,0.330912977357323,0.07840804884722646,0.27006210452488866,0.3917638501897574,0.5338235895545063,0.02946911577232738,0.5129861785932922,0.5593571878535946,0.12126550477426531,0.09700558790771753,0.05014285714285714,0.20358533419857236,0.04691553655085508,0.011987349905473734,0.03811835210779666,0.05667172536388336,0.643239779445538,0.11002938729927188,0.19139315326801942,0.22088359005805114
rfm,domain,later_enhancement_path,B,logistic,5,6000,0.054293392535768134,0.598017867070733,0.07040701673287279,0.5432740851771444,0.6527616489643215,0.0932285325470561,0.0477980408623638,0.05370963987343176,0.12966140391040024,0.5497947281285276,0.04547976404038018,0.5207391622481239,0.5868678179298581,0.12145451815209507,0.05601669980999213,0.08040974896696401,0.16249928733722613,0.2266249493292452,0.04113917374890797,0.19584899560922583,0.25740090304926455,0.5809465318313058,0.09544645880619182,0.017071335239427166,-0.002217926259135722
rfm,domain,later_enhancement_path,B,random_forest,5,6000,0.054293392535768134,0.6244470205312894,0.058850671139551815,0.5876804459987139,0.6790179290179508,0.09528218732484643,0.03950896227536518,0.061810448720779565,0.1258917044532973,0.4994079449961803,0.0013238752349597773,0.49822383498854084,0.5,0.004166666666666667,0.009316949906249124,0.0,0.0125,0.060010564433270706,0.01774506463642413,0.045157114920339525,0.07282113180762376,0.6259856842119793,0.09963489951320353,-0.001538663680689889,-0.004352712188357102
rfm,domain,later_enhancement_path,B+M,logistic,5,6000,0.054293392535768134,0.5809465318313058,0.08443748920928135,0.5125045676571711,0.6485314215665043,0.09544645880619182,0.05200575024858012,0.05538403519439071,0.13550888241799292,0.5611178549127491,0.0652557685354231,0.5074375606256761,0.6089822866036461,0.14774615899508295,0.07532729098162165,0.0875521082571539,0.20640573864061273,0.19420569159208037,0.04809962439155812,0.15753066278512623,0.23088072039903446,0.5809465318313058,0.09544645880619182,0.0,0.0
rfm,domain,later_enhancement_path,B+M,random_forest,5,6000,0.054293392535768134,0.6259856842119793,0.07187389232688171,0.5761257385587831,0.6882262904803969,0.09963489951320353,0.04719056117743696,0.0632704952144285,0.13738518278346679,0.4998472116119174,0.00034164522192512065,0.4995416348357525,0.5,0.006091370558375634,0.013620718644668772,0.0,0.0182741116751269,0.06032236618278393,0.01752999249740696,0.04582739037925887,0.07344670360905522,0.6259856842119793,0.09963489951320353,0.0,0.0
rfm,domain,later_enhancement_path,B+M+L,logistic,5,6000,0.054293392535768134,0.5974793385135944,0.08401286756535396,0.5321670718410321,0.658304063762951,0.0963254706967083,0.043208654619222554,0.062333717914168515,0.12938503863140677,0.5636518258639425,0.06352380336322351,0.5112304669673127,0.6072690372279388,0.14856045585144934,0.07706849296455635,0.08787481840617506,0.20661887678111027,0.19277588557015646,0.047447022454895134,0.15704016808621704,0.22904134125123746,0.5809465318313058,0.09544645880619182,0.016532806682288514,0.000879011890516479
rfm,domain,later_enhancement_path,B+M+L,random_forest,5,6000,0.054293392535768134,0.6386780025790636,0.07433181624159083,0.5855560861843291,0.7019528707705864,0.10004837339718745,0.05014883859963293,0.06300261577564407,0.14192943453836845,0.5003199006875477,0.0007153196834056833,0.5,0.5009597020626433,0.006382978723404255,0.01427277432446674,0.0,0.019148936170212766,0.059534949247347556,0.01730548661482999,0.04503318315310273,0.07257622960692045,0.6259856842119793,0.09963489951320353,0.012692318367084288,0.0004134738839839114
rfm,domain,later_enhancement_path,B+M+L+G,logistic,5,6000,0.054293392535768134,0.6219773705190835,0.0741687336014989,0.5604270401947724,0.6764839472582037,0.09867578404839264,0.0489914492679122,0.06164885986399186,0.13570270823279346,0.5810117989346254,0.05580967540062426,0.5344527405781789,0.6214943661749516,0.15382295937372062,0.07251144190763832,0.09771686147927162,0.2096863158717137,0.19116102447682676,0.050863269134100345,0.15205792095045517,0.23026412800319837,0.5809465318313058,0.09544645880619182,0.04103083868777768,0.00322932524220082
rfm,domain,later_enhancement_path,B+M+L+G,random_forest,5,6000,0.054293392535768134,0.6682580930473547,0.06033428236900434,0.6287319416960471,0.7225254037197923,0.1098691489765345,0.05078363260372532,0.07147448465660038,0.15005796758266607,0.4999757755766884,0.0003650701561592397,0.4996551724137931,0.5002721543162719,0.00446927374301676,0.009993599899440403,0.0,0.013407821229050279,0.05854661377818957,0.015958818418967978,0.04531399204404492,0.0704640873125277,0.6259856842119793,0.09963489951320353,0.04227240883537542,0.010234249463330972
rfm,domain,later_enhancement_path,B+M+L+G+R,logistic,5,6000,0.054293392535768134,0.8162440063567651,0.024754078755356953,0.7947786734972766,0.833879929131261,0.2932782888063397,0.08704997169160315,0.2205362714659774,0.3506093211736053,0.7554458678454108,0.0496431000401077,0.7165891394478714,0.7928198519695199,0.2714914765269009,0.0795134693289961,0.21150951977971405,0.33147343327408774,0.14749659847024724,0.0360933836698569,0.11975365907807115,0.1752395378624233,0.5809465318313058,0.09544645880619182,0.23529747452545924,0.1978318300001479
rfm,domain,later_enhancement_path,B+M+L+G+R,random_forest,5,6000,0.054293392535768134,0.8420567504917251,0.013347809631556004,0.8322797183217938,0.852956737883833,0.26234999872845605,0.06903392469764023,0.2010493381888579,0.30554690212932617,0.5191259708267417,0.015667802725828697,0.5070642138746374,0.5311877277788459,0.07380662609871534,0.057545702101743666,0.02823529411764706,0.11813387423935091,0.049554943063052775,0.01325869805107522,0.039011322690496654,0.0586748501744022,0.6259856842119793,0.09963489951320353,0.21607106627974582,0.1627150992152525
rfm,domain,later_neighbor_damage_any_path,B,logistic,5,6000,0.07134155332934283,0.6158306365825157,0.06760659508980488,0.5683058244547252,0.6738622401568914,0.10280676460989827,0.04620490305179931,0.06507648460441513,0.1376970088446819,0.575204470688073,0.05803744693149311,0.5332369992194526,0.6213531518491714,0.1601668915069061,0.06498867062095391,0.10470575345467492,0.2069315300084531,0.2297809687725371,0.05221337104836288,0.1896847303768881,0.26987720716818603,0.605178595818447,0.10260140885390298,0.010652040764068671,0.00020535575599528455
rfm,domain,later_neighbor_damage_any_path,B,random_forest,5,6000,0.07134155332934283,0.6232816651344116,0.06606556966023093,0.575752266117793,0.6812993127602872,0.10034097043019241,0.044096552591978505,0.06719137852198534,0.13349056233839948,0.4994925532914799,0.0007220317212020895,0.49887409198544075,0.5,0.007092198581560284,0.015858638138296383,0.0,0.021276595744680854,0.07725449514748242,0.029704772752371822,0.054521252100373604,0.09998773819459122,0.623579055078439,0.10062843737087615,-0.00029738994402739305,-0.00028746694068373935
rfm,domain,later_neighbor_damage_any_path,B+M,logistic,5,6000,0.07134155332934283,0.605178595818447,0.0636388258044025,0.557061423681545,0.6541350030237048,0.10260140885390298,0.04078743064178756,0.0708532896378598,0.13434952806994613,0.5371342392378642,0.024328956477823366,0.517512124812548,0.555480838544787,0.14116185462702283,0.04918870040252268,0.10356437714928282,0.1786432082100713,0.1918122488851282,0.05788511925747676,0.14943647667475352,0.24054737688201877,0.605178595818447,0.10260140885390298,0.0,0.0
rfm,domain,later_neighbor_damage_any_path,B+M,random_forest,5,6000,0.07134155332934283,0.623579055078439,0.0550586478177943,0.5767123720109089,0.6638717818624488,0.10062843737087615,0.04448933766807519,0.0692012718912983,0.1368412227563589,0.4997646341904935,0.000451305491204386,0.49937888198757757,0.5,0.005970149253731343,0.013349659567162924,0.0,0.017910447761194027,0.07660572755452956,0.03034108616748007,0.053707565538430924,0.09950388957062821,0.623579055078439,0.10062843737087615,0.0,0.0
rfm,domain,later_neighbor_damage_any_path,B+M+L,logistic,5,6000,0.07134155332934283,0.6083451596985825,0.06067419789760688,0.5620835694185603,0.6553515018550757,0.10445578241701596,0.039165647156981974,0.0737343879444407,0.13517717688959122,0.5317946162972322,0.014142559619359146,0.5195313158611361,0.5415875080896122,0.13798632999679042,0.05601833183275766,0.0919831223628692,0.17955847931484614,0.1912962486592501,0.05810331252991001,0.14822677171375945,0.2395081824625347,0.605178595818447,0.10260140885390298,0.0031665638801354756,0.0018543735631129793
rfm,domain,later_neighbor_damage_any_path,B+M+L,random_forest,5,6000,0.07134155332934283,0.6193708618224842,0.047928915805274364,0.5792051440573994,0.6551496186561196,0.09953040840359058,0.04529000011254899,0.06697357356740045,0.13444266901319504,0.4995406390452091,0.0010271623211217582,0.49862191713562715,0.5,0.00449438202247191,0.010049743719100177,0.0,0.01348314606741573,0.07616963850765283,0.03083105096486464,0.05298048304609711,0.09935879396920858,0.623579055078439,0.10062843737087615,-0.004208193255954784,-0.001098028967285572
rfm,domain,later_neighbor_damage_any_path,B+M+L+G,logistic,5,6000,0.07134155332934283,0.6193368568312365,0.04008650347084345,0.5882195695809253,0.6504541440815477,0.10681549308732714,0.04340255626046263,0.07317518847272672,0.14045579770192754,0.5526090944025419,0.02363953276985905,0.5339844757170097,0.5712337130880742,0.15818660933954481,0.06844867815049248,0.10606566304214168,0.21030755563694795,0.18923433493406572,0.06475209120298951,0.14310528125758543,0.24160200533795395,0.605178595818447,0.10260140885390298,0.014158261012789497,0.004214084233424162
rfm,domain,later_neighbor_damage_any_path,B+M+L+G,random_forest,5,6000,0.07134155332934283,0.6124117308224312,0.03409903909640291,0.5853362512310328,0.6394872104138295,0.1035917959299901,0.03358429412800394,0.07918538260310262,0.13130480814777845,0.498952392642671,0.0023425212647165696,0.496857177928013,0.5,0.0015384615384615385,0.0034401045807689067,0.0,0.004615384615384616,0.0762893075075927,0.03035988632401046,0.053096777388124086,0.09948183762706134,0.623579055078439,0.10062843737087615,-0.01116732425600786,0.002963358559113949
rfm,domain,later_neighbor_damage_any_path,B+M+L+G+R,logistic,5,6000,0.07134155332934283,0.8328739125174472,0.04173812233350021,0.8021856208377903,0.8658845050627889,0.36189628425812953,0.07840271640946392,0.29494291690597907,0.4177977623409418,0.7485163512310296,0.046021411041422614,0.7144328437241187,0.7850859711789276,0.323383914328045,0.05857411404929727,0.2765721443622861,0.36682410994404285,0.1428061392935925,0.05019308114904684,0.10521157078189898,0.18338696602266585,0.605178595818447,0.10260140885390298,0.22769531669900023,0.2592948754042266
rfm,domain,later_neighbor_damage_any_path,B+M+L+G+R,random_forest,5,6000,0.07134155332934283,0.8404062320723542,0.03264780743776172,0.8159005092372041,0.8653648060782275,0.34896379649161957,0.033574262596638524,0.32041026348550555,0.3733896512335043,0.5591665217413615,0.02013114270788214,0.544374269774905,0.5750532820983569,0.20186901931262832,0.05456327525596374,0.16126045883940618,0.24419620479770857,0.0612394895319491,0.025021836852199913,0.04184638012775822,0.0795823159566455,0.623579055078439,0.10062843737087615,0.21682717699391518,0.24833535912074342
rfm,domain,later_suppression_path,B,logistic,5,6000,0.055929857423780836,0.5954413783780361,0.06622271328209668,0.5365116351135188,0.6391881259349839,0.08753643694529409,0.023860491044494524,0.06692125137297948,0.10695683563417657,0.5694835332978999,0.04915809056575232,0.524073082493621,0.5988751422779369,0.13462950232864332,0.03261412750796036,0.10959810744782003,0.1596608972094666,0.22499069538363042,0.041413868793638765,0.193635572790083,0.25634581797717787,0.5771583243158057,0.07852369676458501,0.01828305406223041,0.009012740180709078
rfm,domain,later_suppression_path,B,random_forest,5,6000,0.055929857423780836,0.6455435763099531,0.051112083230246186,0.6070706738023315,0.6840164788175749,0.11377428900862832,0.0456157618265067,0.08337181720955639,0.15295608053847987,0.5038077819620373,0.008893240439377123,0.4976093480641414,0.5118086099908112,0.02096672944130571,0.030700585277940045,0.0,0.048085373509102323,0.06141736633063195,0.015448014594714085,0.04944227503721861,0.07352062998590574,0.6446389436623795,0.11626973616502509,0.0009046326475735667,-0.0024954471563967684
rfm,domain,later_suppression_path,B+M,logistic,5,6000,0.055929857423780836,0.5771583243158057,0.07856527322466723,0.512245356548149,0.6303420986651036,0.07852369676458501,0.02946734112859147,0.05652909133439571,0.10255133632652683,0.541438122026966,0.05964588359861929,0.4907420316460591,0.5826524133213153,0.12406232353991083,0.03940244269121716,0.09464772481430735,0.15532850743282284,0.18916198090294103,0.03316744143317569,0.16892206705803192,0.21913515728964006,0.5771583243158057,0.07852369676458501,0.0,0.0
rfm,domain,later_suppression_path,B+M,random_forest,5,6000,0.055929857423780836,0.6446389436623795,0.047980831678304046,0.6067978721702231,0.6808373836636226,0.11626973616502509,0.04641528909340218,0.08554175773650481,0.15650174277846146,0.5023805872926778,0.008610902558373087,0.49742870150361396,0.5101847584876269,0.013559322033898305,0.030319565796607318,0.0,0.04067796610169492,0.06187079679163791,0.014863435992556014,0.050812693438999364,0.07340162719470077,0.6446389436623795,0.11626973616502509,0.0,0.0
rfm,domain,later_suppression_path,B+M+L,logistic,5,6000,0.055929857423780836,0.576157691990813,0.077258664554766,0.5136167010480117,0.6276523995078804,0.07713443297181678,0.029472883030352916,0.05539326083897883,0.10193255272514064,0.5312355648938055,0.06037085673641314,0.4813264431698479,0.5717864116724587,0.11683905271687198,0.04062832012931281,0.08658240726058491,0.1508258182186645,0.18973031370527144,0.03256711882351777,0.1693525757098952,0.21877151025721223,0.5771583243158057,0.07852369676458501,-0.0010006323249927007,-0.0013892637927682278
rfm,domain,later_suppression_path,B+M+L,random_forest,5,6000,0.055929857423780836,0.6397901014463484,0.04265501592952748,0.6057893170783814,0.6737908858143153,0.11439393383745082,0.04214040196518459,0.08709720479415359,0.15024525658610782,0.5012697300583134,0.004936869144775092,0.4981243802503322,0.5057905181698512,0.008,0.01788854381999832,0.0,0.024,0.06097091517107576,0.014245856305183893,0.05028318841962927,0.0722703291891605,0.6446389436623795,0.11626973616502509,-0.004848842216031102,-0.0018758023275742691
rfm,domain,later_suppression_path,B+M+L+G,logistic,5,6000,0.055929857423780836,0.6020186065588771,0.05192515306853255,0.5534699536653562,0.6341993561365766,0.0852551073341927,0.02926266975036376,0.06298725215021998,0.10754854459950507,0.5663831425024767,0.03986912101497805,0.5342924620233523,0.5959801564291791,0.1371558086323149,0.025500253785314363,0.11826679571592504,0.15732703292973232,0.1847745785711998,0.030375621209589237,0.16427375199473448,0.21194852091910774,0.5771583243158057,0.07852369676458501,0.024860282243071352,0.006731410569607688
rfm,domain,later_suppression_path,B+M+L+G,random_forest,5,6000,0.055929857423780836,0.6436201295524215,0.05782226420158225,0.593324468179139,0.6880629982652465,0.11207866480424362,0.043281347921684296,0.07873266656698907,0.1454246630414982,0.4995083579154375,0.0010993451216813113,0.49852507374631266,0.5,0.0,0.0,0.0,0.0,0.0602023736051181,0.014938501164769637,0.049287383348270535,0.07262210638578652,0.6446389436623795,0.11626973616502509,-0.0010188141099579662,-0.004191071360781465
rfm,domain,later_suppression_path,B+M+L+G+R,logistic,5,6000,0.055929857423780836,0.8152353470621364,0.039606132046235955,0.7836057366746442,0.8461689902456581,0.3176818594400826,0.08047023805194041,0.2555542471387789,0.3798094717413862,0.7185129311717544,0.05370454582226429,0.6774316080389211,0.761105467972208,0.2666480887860928,0.06111670099827745,0.2136701265837428,0.31022537634260916,0.13537714685334953,0.014844440656392328,0.12429285608450646,0.14763999176919715,0.5771583243158057,0.07852369676458501,0.2380770227463307,0.23915816267549758
rfm,domain,later_suppression_path,B+M+L+G+R,random_forest,5,6000,0.055929857423780836,0.8350599381987127,0.037985058525139,0.8013276318611166,0.8637893443292439,0.3319015614951071,0.06757190707959883,0.28445044151563625,0.3906422304138977,0.5500160421030704,0.041376123252592774,0.5243048446286316,0.5840890054013712,0.16898395721925136,0.11847583745490327,0.09221628045157457,0.2639661319073082,0.049539986413085504,0.013102137793858663,0.04005988550375976,0.05994762026473349,0.6446389436623795,0.11626973616502509,0.1904209945363332,0.215631825330082
rfm,domain,later_target_any_path,B,logistic,5,6000,0.10741824549752776,0.6079617049010174,0.06612131744357885,0.5527889588795502,0.6588539768350127,0.1667472581960485,0.0638810715763508,0.11685807578842347,0.21663644060367354,0.572419901613555,0.04175159399762451,0.5403243273048086,0.6076151162748004,0.2277345141545594,0.06168511319950802,0.17833376057421174,0.2752788450838164,0.22788407049726148,0.04057794971238572,0.19755154310385745,0.259754607616656,0.5917042130468959,0.15603932581554783,0.01625749185412151,0.010707932380500662
rfm,domain,later_target_any_path,B,random_forest,5,6000,0.10741824549752776,0.6674207872409663,0.04568865558076173,0.6344466852167865,0.7069988309568891,0.2035675629956383,0.0703569979432872,0.15131330043563115,0.26069839897662617,0.5258498165497356,0.029000084544633382,0.5050805154540892,0.5496503412212982,0.11138248216620142,0.09893992648053762,0.03795148247978437,0.18481348185261845,0.10498263693132837,0.02489384735662343,0.08396127329585254,0.12438057741601889,0.648765132388322,0.19468761533811485,0.01865565485264431,0.008879947657523451
rfm,domain,later_target_any_path,B+M,logistic,5,6000,0.10741824549752776,0.5917042130468959,0.08779283942138767,0.5123623188586107,0.6456644363133976,0.15603932581554783,0.05977318487120447,0.11022678872518649,0.20038050369935462,0.5496122745935195,0.06014539509190091,0.4940109124441364,0.5858366706987477,0.21159777250215836,0.07154995285775669,0.15497482249991645,0.26606397559355477,0.20266422898867859,0.03866060002955604,0.17333801667432377,0.23335966007351278,0.5917042130468959,0.15603932581554783,0.0,0.0
rfm,domain,later_target_any_path,B+M,random_forest,5,6000,0.10741824549752776,0.648765132388322,0.06609564830698883,0.5969351008533976,0.7038191701767283,0.19468761533811485,0.07754610891698897,0.13714971140659823,0.2561281349267788,0.5194693103324081,0.02334454403179896,0.502324316149751,0.5379757286386775,0.08938010761283277,0.08599998630672602,0.02479680803901286,0.15396340718665266,0.10689891403434568,0.024015589126811603,0.08784001719871842,0.12528932861440772,0.648765132388322,0.19468761533811485,0.0,0.0
rfm,domain,later_target_any_path,B+M+L,logistic,5,6000,0.10741824549752776,0.597492432848741,0.08662405729745878,0.5180553851265467,0.6509443303604664,0.1552498866559846,0.05791531667211226,0.11062562405440658,0.1985602656819086,0.543044032251005,0.06269066532740379,0.48514078754487555,0.5805875519830271,0.20521863980174881,0.08012553083512046,0.14450947667713482,0.26592780292636287,0.20264545599697179,0.03781474754710871,0.1740477712938942,0.23280899778852251,0.5917042130468959,0.15603932581554783,0.005788219801845074,-0.0007894391595632266
rfm,domain,later_target_any_path,B+M+L,random_forest,5,6000,0.10741824549752776,0.6501377952108482,0.07044205031134226,0.5993515626038529,0.7120181936617473,0.20474145817592698,0.09252506550575552,0.1376021902309729,0.27883910574060494,0.5189058281621524,0.017967728474868692,0.5055246419561957,0.5322870143681089,0.08473310620819216,0.06821495019487449,0.034904919063334906,0.13957236960748634,0.10575320047122241,0.022520811633092972,0.08862941152694985,0.12313221613404508,0.648765132388322,0.19468761533811485,0.0013726628225262383,0.010053842837812133
rfm,domain,later_target_any_path,B+M+L+G,logistic,5,6000,0.10741824549752776,0.6255737724470899,0.0666972779194683,0.5675510897275938,0.6685126627285767,0.17171895242454183,0.06353368342111902,0.12098052497827272,0.22016168046450185,0.5793728943283428,0.05141435283244875,0.5349406574019915,0.6177043770100845,0.24058799182234858,0.078055482976458,0.17989440049820266,0.30128158314649445,0.19896605658851682,0.04036391361606137,0.1682989137616929,0.23086306024449083,0.5917042130468959,0.15603932581554783,0.03386955940019398,0.015679626608993996
rfm,domain,later_target_any_path,B+M+L+G,random_forest,5,6000,0.10741824549752776,0.6719982567726136,0.06120396446700583,0.6270248407204478,0.7267788981554661,0.20772151554101562,0.08360667728804314,0.1442961820652534,0.27187343281967025,0.5120117574279831,0.010691095905816336,0.5034984435067626,0.5201730720581382,0.05953774612019748,0.042219909782454094,0.02854157336915958,0.0951703127872469,0.10395044443672537,0.022162619034290464,0.08660822651673963,0.12161672211637534,0.648765132388322,0.19468761533811485,0.023233124384291592,0.013033900202900767
rfm,domain,later_target_any_path,B+M+L+G+R,logistic,5,6000,0.10741824549752776,0.6245223143278625,0.06381183557231639,0.5693626775359417,0.6688386947374039,0.1742003136050481,0.06319851634145653,0.12479225660380647,0.22275751302966765,0.5792489230018616,0.044609804213626446,0.5394086628763917,0.6134001546332758,0.2387188182517021,0.07255705458694378,0.18106047232107508,0.29637716418232907,0.1984215249567,0.04005230133966741,0.16793140121442515,0.22983595343525387,0.5917042130468959,0.15603932581554783,0.03281810128096663,0.01816098778950026
rfm,domain,later_target_any_path,B+M+L+G+R,random_forest,5,6000,0.10741824549752776,0.788804333164524,0.03326026330856825,0.7640126092992305,0.8158612421672403,0.3163091642877612,0.0872088424892682,0.24403225249562457,0.37902373320037247,0.5395750610548019,0.03183611746548342,0.517344352479844,0.5650512549606386,0.14714910236891648,0.10087573515125026,0.07433278695414616,0.2227985751960818,0.0919177780991966,0.020829444772459887,0.07564415675764843,0.10880786087435212,0.648765132388322,0.19468761533811485,0.14003920077620202,0.12162154894964633
rfm,domain,suppression_success_medium,B,logistic,5,6000,0.037588696010287956,0.5948866121258108,0.03354827187926637,0.5700983809134852,0.6226481222994589,0.0638229091206425,0.016678691842290594,0.05194557409828404,0.07791309830529146,0.571952728044206,0.02261742866582805,0.5537597739808742,0.5895758452068331,0.09514515263224355,0.01747617275229374,0.08227374894239221,0.10894148690966317,0.22420278809820265,0.030218596478048837,0.20163863819477545,0.24803113885412215,0.5840637417981003,0.060406906073179466,0.010822870327710565,0.0034160030474630274
rfm,domain,suppression_success_medium,B,random_forest,5,6000,0.037588696010287956,0.626290327177157,0.03056651880470238,0.6047005443096092,0.6528748643205426,0.06890161431621825,0.008821335903753311,0.06223065759176327,0.07548628180129853,0.5053352054639506,0.007761011099170284,0.4996142719382835,0.5112188515547593,0.02192192192192192,0.0300225215838494,0.0,0.044144144144144144,0.043240313030626004,0.0087977462780011,0.03653547656205703,0.05028118874409723,0.6135755669399716,0.07594696446259866,0.01271476023718543,-0.007045350146380414
rfm,domain,suppression_success_medium,B+M,logistic,5,6000,0.037588696010287956,0.5840637417981003,0.03158657991331666,0.5580517274024157,0.6092763913618272,0.060406906073179466,0.023786524157132546,0.04296001945613749,0.07873613456562917,0.5468046902134924,0.026440878228330914,0.5260434843088537,0.5675975760312459,0.09087182091990452,0.03423372504507119,0.06996627186445996,0.12205390517410977,0.19292334619502688,0.02556927586065509,0.17533310123551665,0.21544106496795917,0.5840637417981003,0.060406906073179466,0.0,0.0
rfm,domain,suppression_success_medium,B+M,random_forest,5,6000,0.037588696010287956,0.6135755669399716,0.02921150043998175,0.590989201502605,0.6361619323773382,0.07594696446259866,0.016645842606972112,0.06292200071783698,0.08917829164353934,0.5026525269991169,0.006483761809153201,0.49942140790742523,0.5085361730899256,0.01111111111111111,0.02484519974999766,0.0,0.03333333333333333,0.04345906441041286,0.008548092000096208,0.03728622111985878,0.050589112545278134,0.6135755669399716,0.07594696446259866,0.0,0.0
rfm,domain,suppression_success_medium,B+M+L,logistic,5,6000,0.037588696010287956,0.5942916403310142,0.03206000450143711,0.5696292606969197,0.6185778830733504,0.058039520870215064,0.021526820612603196,0.04305647562501069,0.0770211439317287,0.5623363565536807,0.05950520157576285,0.5166925479655827,0.6079801651417791,0.09478730562257577,0.029722887805592825,0.07262359537844805,0.11744587957067491,0.19237030143348627,0.024880730575768967,0.17492132861318307,0.2134733958961715,0.5840637417981003,0.060406906073179466,0.010227898532913948,-0.002367385202964402
rfm,domain,suppression_success_medium,B+M+L,random_forest,5,6000,0.037588696010287956,0.6139254519271267,0.020954718156136715,0.5979594094601278,0.6298914943941254,0.07065769594475005,0.02071820859865806,0.05469123351116456,0.08662415837833555,0.5058756940602782,0.008052263047945473,0.5,0.5119363001208843,0.02287581699346405,0.031345304073939345,0.0,0.046405228758169936,0.04273509780000887,0.008253715266356954,0.03666667383625751,0.04962782064078063,0.6135755669399716,0.07594696446259866,0.0003498849871550469,-0.005289268517848611
rfm,domain,suppression_success_medium,B+M+L+G,logistic,5,6000,0.037588696010287956,0.6095034775630419,0.03560147198718998,0.5801788141450236,0.6355977488267418,0.06381854763128908,0.020660907396268,0.04931552782486628,0.0822194290589798,0.5703571678128929,0.030568329858306327,0.5421475991844459,0.5872741669558186,0.1003438475110517,0.023171822562573233,0.0827492403347744,0.12021176855433675,0.18869610427117747,0.026498510569027564,0.16949623664974034,0.2091485755389532,0.5840637417981003,0.060406906073179466,0.02543973576494163,0.003411641558109614
rfm,domain,suppression_success_medium,B+M+L+G,random_forest,5,6000,0.037588696010287956,0.6187621630847892,0.020758107784984277,0.6034590917771359,0.6360799662747137,0.06942582396946491,0.014437367674156909,0.05815414733882006,0.08069750060010972,0.49990421455938694,0.0002141827564654989,0.4997126436781609,0.5,0.0,0.0,0.0,0.0,0.04194648029126977,0.007989191550592394,0.0360056126931482,0.04829549645126873,0.6135755669399716,0.07594696446259866,0.005186596144817535,-0.006521140493133751
rfm,domain,suppression_success_medium,B+M+L+G+R,logistic,5,6000,0.037588696010287956,0.8043814041471318,0.029587979528557667,0.7819887622556804,0.8270048247789827,0.22896359560289697,0.047524582248117696,0.1929365332217257,0.26456673169826456,0.7121178082568334,0.05129956714773618,0.6739338204085528,0.7543529891252628,0.18647259566701962,0.030503469432121493,0.1622515020554443,0.20904703404703406,0.14193775656453997,0.014974715882268275,0.13093454307627192,0.15353377687881956,0.5840637417981003,0.060406906073179466,0.2203176623490315,0.1685566895297175
rfm,domain,suppression_success_medium,B+M+L+G+R,random_forest,5,6000,0.037588696010287956,0.7963242709822955,0.02665152238318664,0.7760245539033045,0.816851565631383,0.1979003907335798,0.023504633829442373,0.17801829513358564,0.21484514410464667,0.5023432389496308,0.005511273146824062,0.4997126436781609,0.5073170731707317,0.009523809523809523,0.021295885499997995,0.0,0.02857142857142857,0.03682707391502896,0.00790929193098585,0.031278126953758575,0.043467392811859795,0.6135755669399716,0.07594696446259866,0.1827487040423239,0.12195342627098113
rfm,record,clean_enhancement_medium,B,logistic,5,6000,0.03833333333333333,0.5646157809119347,0.06007341877159819,0.5123690692549023,0.6014641246151591,0.059922401853277976,0.018013914155221862,0.044745305261365366,0.07320393438436672,0.539889478745318,0.04385405340221082,0.5036788155441088,0.5723480728059427,0.08360056883729897,0.021173537700639036,0.0674547574559006,0.1009260896171891,0.23879450167855576,0.010770137410898115,0.23044073173430277,0.2471482716228087,0.6092037113199371,0.06193785586691566,-0.04458793040800246,-0.002015454013637681
rfm,record,clean_enhancement_medium,B,random_forest,5,6000,0.03833333333333333,0.5856396629306819,0.04568365028461502,0.548203353039805,0.6201146951269914,0.054774715171967206,0.005000106976801361,0.05027207497692911,0.05752296165360973,0.4994797673971549,0.0007760777634828549,0.4987853229527105,0.5,0.0,0.0,0.0,0.0,0.04450646327811647,0.0023982912492124986,0.04254250529617783,0.04628140626431988,0.6046201761437789,0.05686268875440585,-0.018980513213097017,-0.002087973582438646
rfm,record,clean_enhancement_medium,B+M,logistic,5,6000,0.03833333333333333,0.6092037113199371,0.05785828678215199,0.5596194475599366,0.6479440299596602,0.06193785586691566,0.023676719170306556,0.04613602138727284,0.0826696647618197,0.5768028819111841,0.051758044058545984,0.5360961202618342,0.6152756450757771,0.09354366735762085,0.017174126103301227,0.0806039886039886,0.10694863276258626,0.2320663866983149,0.012511503294217378,0.222457080501898,0.24167569289473184,0.6092037113199371,0.06193785586691566,0.0,0.0
rfm,record,clean_enhancement_medium,B+M,random_forest,5,6000,0.03833333333333333,0.6046201761437789,0.0727541366236568,0.5436026648728686,0.6588919844128547,0.05686268875440585,0.005198621750199979,0.05229504617110707,0.06055745856458722,0.4991318658926871,0.0006871560806758807,0.4986092240993969,0.4996532276732434,0.0,0.0,0.0,0.0,0.045062533491432945,0.0023493635830315477,0.043121938399430106,0.04665982843276239,0.6046201761437789,0.05686268875440585,0.0,0.0
rfm,record,clean_enhancement_medium,B+M+L,logistic,5,6000,0.03833333333333333,0.6170232159628447,0.05757802065354422,0.5721749229781802,0.6587021283522234,0.060538211155812524,0.02371712459563517,0.04611648700101097,0.08232882607848784,0.5789579379816919,0.03702664078065348,0.5489458706543399,0.606969837892034,0.09582129468161456,0.01724677145227402,0.082860913864696,0.11009363435896602,0.23014830612561857,0.0140735471584798,0.21934882252670113,0.24094778972453595,0.6092037113199371,0.06193785586691566,0.007819504642907593,-0.0013996447111031332
rfm,record,clean_enhancement_medium,B+M+L,random_forest,5,6000,0.03833333333333333,0.6187160747976634,0.041072391753936156,0.5839137203091596,0.6487939624630151,0.06108153194714938,0.0035457724628530944,0.05822298853867973,0.06372081394299806,0.501822765700483,0.004322980339816786,0.4997391304347826,0.5057291666666667,0.00784313725490196,0.01753778805882188,0.0,0.023529411764705882,0.04424538024317336,0.0024678084429118727,0.04220582592584199,0.04596881790588699,0.6046201761437789,0.05686268875440585,0.014095898653884498,0.004218843192743529
rfm,record,clean_enhancement_medium,B+M+L+G,logistic,5,6000,0.03833333333333333,0.6201512378203236,0.059694759331751314,0.5734454616086553,0.6644371778238549,0.06055645978056312,0.01716911914343967,0.04891714605704056,0.07548936125040938,0.5858596130329536,0.0500339377206731,0.548010299093821,0.6237089269720866,0.09958911683067707,0.022135650594108807,0.08493544262545186,0.11882180676413692,0.22331243520605887,0.01353629354102857,0.21322779988798368,0.23370521228534874,0.6092037113199371,0.06193785586691566,0.01094752650038644,-0.0013813960863525362
rfm,record,clean_enhancement_medium,B+M+L+G,random_forest,5,6000,0.03833333333333333,0.6447007953270892,0.03310578396633031,0.6276405166655776,0.6746488045299226,0.06620502787484245,0.012181840425922833,0.05685052190154751,0.07555953384813736,0.5,0.0,0.5,0.5,0.0,0.0,0.0,0.0,0.042928589919268074,0.002508659336621699,0.040965369799944085,0.04474310321797033,0.6046201761437789,0.05686268875440585,0.040080619183310295,0.009342339120436596
rfm,record,clean_enhancement_medium,B+M+L+G+R,logistic,5,6000,0.03833333333333333,0.8134955518502235,0.03485609159316156,0.7861895467228053,0.8396871039804129,0.22352851870278562,0.05187401102766341,0.1835436314948336,0.2647786509234555,0.7590520736601314,0.03695610580852088,0.7294464432386145,0.7859635115697948,0.20529717830238425,0.02902475570474938,0.18750884503498705,0.23173332278355815,0.15195777030538163,0.010189258815956845,0.14347443744691316,0.16007743977903993,0.6092037113199371,0.06193785586691566,0.20429184053028637,0.16159066283586995
rfm,record,clean_enhancement_medium,B+M+L+G+R,random_forest,5,6000,0.03833333333333333,0.8355449919584924,0.017833050653059835,0.8197630977070002,0.8480897942752337,0.2108490813246627,0.05265938517553973,0.16938636854693712,0.2506327555092686,0.5064129601261181,0.009946571117414087,0.4998263888888889,0.5154176643919599,0.025021276595744678,0.03779145079021622,0.0,0.05906382978723405,0.03703422187338523,0.0020191808708204576,0.03539528626491871,0.038539714502058654,0.6046201761437789,0.05686268875440585,0.23092481581471347,0.15398639257025687
rfm,record,clean_suppression_medium,B,logistic,5,6000,0.036833333333333336,0.5977676395648265,0.04627073576405904,0.5667135719845003,0.6346314767025203,0.07246962786996329,0.02439189285443381,0.05404786815125828,0.09218312151215809,0.5783122593273787,0.03793592348860916,0.5471165418017617,0.6111393404007053,0.09321130624642568,0.012510633758511372,0.08425588476221388,0.10376655369136571,0.2332414889407283,0.007095879457575251,0.22746998725463144,0.23861701294367826,0.6211518503929977,0.07344823418460812,-0.023384210828171215,-0.000978606314644831
rfm,record,clean_suppression_medium,B,random_forest,5,6000,0.036833333333333336,0.6005911136254832,0.03863447027716142,0.5695710829734693,0.6301005140683567,0.0732708225009962,0.029987541026076144,0.05305956286368167,0.09951276838736296,0.5080047912591042,0.011432276471340536,0.4996524761077324,0.5168936801479932,0.03156673114119922,0.043445540758990625,0.0,0.06560928433268857,0.04219931863521829,0.00328664005459691,0.03962458610962113,0.04477405116081544,0.6190161727682274,0.07876233182856032,-0.01842505914274417,-0.00549150932756412
rfm,record,clean_suppression_medium,B+M,logistic,5,6000,0.036833333333333336,0.6211518503929977,0.060162193057466236,0.5744302341109027,0.6672382130657135,0.07344823418460812,0.02661124349100109,0.053047588649766976,0.09445950809877399,0.577023611948157,0.049621980804414226,0.5396462038503633,0.6144010200459509,0.09172968580610003,0.019877745639188833,0.07668482728298062,0.10663553734784077,0.22793400229147376,0.011705849841140648,0.21785625841233985,0.23527597875756318,0.6211518503929977,0.07344823418460812,0.0,0.0
rfm,record,clean_suppression_medium,B+M,random_forest,5,6000,0.036833333333333336,0.6190161727682274,0.030361594641440923,0.5947846623595062,0.6422577244274882,0.07876233182856032,0.026971424839963964,0.05964663901459366,0.10192666831684905,0.5100459084721217,0.010382496441644367,0.5017801734073299,0.5183116435369135,0.039308176100628936,0.0398081411986546,0.007547169811320755,0.0710691823899371,0.04257764785541414,0.0034775329233411685,0.03985824400921075,0.04529705170161753,0.6190161727682274,0.07876233182856032,0.0,0.0
rfm,record,clean_suppression_medium,B+M+L,logistic,5,6000,0.036833333333333336,0.6311420142412125,0.058736615646286454,0.5884987931861472,0.6748773551886666,0.07386466988950546,0.023015036588871097,0.05593755689684625,0.09179178288216469,0.5928621746429891,0.047948664976481,0.555726239831367,0.628011272650161,0.09715012784611138,0.020290349927343115,0.081312273717118,0.11222688032770815,0.22636679623628925,0.012396433964720304,0.2157063143374785,0.23457149714160633,0.6211518503929977,0.07344823418460812,0.009990163848214828,0.0004164357048973416
rfm,record,clean_suppression_medium,B+M+L,random_forest,5,6000,0.036833333333333336,0.5993870048529052,0.030105204516696828,0.5767597530329027,0.6209467546424202,0.07785376096554895,0.021370557663929136,0.06182063852037101,0.0944531138861964,0.5079102663364796,0.00824025171200641,0.5017801734073299,0.5140514104860014,0.03133716160787531,0.03201656680597333,0.007547169811320755,0.05515586546349451,0.04213844026126575,0.0036837072645107554,0.039238021675036816,0.04503885884749469,0.6190161727682274,0.07876233182856032,-0.01962916791532221,-0.0009085708630113681
rfm,record,clean_suppression_medium,B+M+L+G,logistic,5,6000,0.036833333333333336,0.6341711372761486,0.06454783274684676,0.5834453923576022,0.6813112589177378,0.07043126714637754,0.02400172944911332,0.05183366619992338,0.08930075616360948,0.5971949397126344,0.05252666264103362,0.5590053275970805,0.6391815942678012,0.10027358457491009,0.019397632996811746,0.08579609939287772,0.11441362654319512,0.218063114885695,0.009628610178095765,0.20945504669900988,0.22442760782794452,0.6211518503929977,0.07344823418460812,0.013019286883150905,-0.0030169670382305808
rfm,record,clean_suppression_medium,B+M+L+G,random_forest,5,6000,0.036833333333333336,0.6142258262477553,0.045287599208461274,0.5785574065570984,0.646897047272766,0.07948376833240947,0.02373011895976944,0.06182569236420005,0.09813761260015065,0.5020494352390903,0.004827241707679723,0.49974137931034485,0.5064069264069264,0.00851063829787234,0.019030365765955657,0.0,0.02553191489361702,0.04090431993954148,0.0029288552822088125,0.038604893836913914,0.04320374604216905,0.6190161727682274,0.07876233182856032,-0.004790346520472055,0.0007214365038491488
rfm,record,clean_suppression_medium,B+M+L+G+R,logistic,5,6000,0.036833333333333336,0.7823521084314351,0.07915753155559933,0.7243193626461816,0.8420120909801933,0.20055793196335658,0.0679972684910241,0.1482851379537223,0.2511634497667192,0.7166841021259367,0.06215609938603496,0.6708383733669393,0.7625298308849343,0.17293880099939438,0.03270281102665754,0.1478913154185123,0.1984390084427387,0.1636169165754274,0.00948495864834142,0.15656205781292742,0.17153533246406644,0.6211518503929977,0.07344823418460812,0.1612002580384374,0.12710969777874848
rfm,record,clean_suppression_medium,B+M+L+G+R,random_forest,5,6000,0.036833333333333336,0.793431075515093,0.04241253953783458,0.7599808936756643,0.8256943147157102,0.1807064026105684,0.06670456791669323,0.1346955346178327,0.23528976583694758,0.5,0.0,0.5,0.5,0.0,0.0,0.0,0.0,0.03655042268686757,0.00334937408513558,0.034015143083682704,0.03926853426428914,0.6190161727682274,0.07876233182856032,0.17441490274686555,0.10194407078200807
rfm,record,enhancement_success_medium,B,logistic,5,6000,0.04033333333333333,0.5804604939133925,0.04648528676229406,0.5395946990782121,0.6082244323197037,0.06352653912185106,0.0184661781018673,0.04929994676053935,0.07749305543178951,0.5516948800065451,0.025779597075738944,0.5307554748386389,0.5710307812934718,0.0915112053925752,0.01591656565672995,0.07884733597455897,0.10405249360053977,0.2378398223207852,0.011614078092883904,0.2288148838999658,0.24686476074160463,0.6196344080082115,0.06616611376557824,-0.03917391409481896,-0.0026395746437271744
rfm,record,enhancement_success_medium,B,random_forest,5,6000,0.04033333333333333,0.600577183227347,0.04237598939791718,0.5663998123248017,0.6294166699515085,0.06160346084018642,0.008884548699106407,0.05499123604115871,0.06817921523670276,0.5013136238099122,0.0034440983345546553,0.4994782608695652,0.5044626105601715,0.006896551724137931,0.015421158465515792,0.0,0.020689655172413793,0.046703401167653785,0.0027958523491746147,0.04465286569587827,0.048904687697452445,0.6259580551467344,0.06279540009075998,-0.025380871919387427,-0.0011919392505735649
rfm,record,enhancement_success_medium,B+M,logistic,5,6000,0.04033333333333333,0.6196344080082115,0.04614480007816583,0.5814418643090888,0.6520239150778739,0.06616611376557824,0.023807778793117133,0.05079965042939897,0.08613892259447384,0.5867107975480981,0.04658750529913866,0.5506207843778963,0.6212682297594657,0.10179266801109688,0.016855581274234775,0.08937949268776336,0.11563849542160157,0.23112764949374615,0.012603355516628032,0.22161187310613312,0.24064342588135923,0.6196344080082115,0.06616611376557824,0.0,0.0
rfm,record,enhancement_success_medium,B+M,random_forest,5,6000,0.04033333333333333,0.6259580551467344,0.05333015817194338,0.5825148149969145,0.6629983863612461,0.06279540009075998,0.008939464866070196,0.05641867102383752,0.07025969301920601,0.49921701158843057,0.0008919636106921023,0.4985213594145175,0.4999132697311362,0.0,0.0,0.0,0.0,0.04715363952280379,0.0026695175461136913,0.045035650075290756,0.04913159953642693,0.6259580551467344,0.06279540009075998,0.0,0.0
rfm,record,enhancement_success_medium,B+M+L,logistic,5,6000,0.04033333333333333,0.6274485078258811,0.046620461335838956,0.5916992541872061,0.6597574019849175,0.0660414792969844,0.024520403275829685,0.051196839465562624,0.08730912320907236,0.5757020390452127,0.031198823103512966,0.5530350396547906,0.6021227124637158,0.09967774798512666,0.01697895647757705,0.08703675710567922,0.113386657805651,0.22951903954731842,0.014103305638959285,0.21891190208877503,0.2401261770058618,0.6196344080082115,0.06616611376557824,0.007814099817669673,-0.00012463446859384275
rfm,record,enhancement_success_medium,B+M+L,random_forest,5,6000,0.04033333333333333,0.6245392690016127,0.040729649532973144,0.591934432288044,0.6541212797708109,0.0659107859951343,0.0022780894475214765,0.06416559610802283,0.06765597588224574,0.5014008833160476,0.003902707998471474,0.49921739130434784,0.5049852586437952,0.007142857142857143,0.015971914124998498,0.0,0.02142857142857143,0.04641436840632773,0.0031705347906824215,0.0439840690358133,0.04873731843520063,0.6259580551467344,0.06279540009075998,-0.0014187861451216977,0.00311538590437431
rfm,record,enhancement_success_medium,B+M+L+G,logistic,5,6000,0.04033333333333333,0.6318664101813046,0.04807362648792587,0.5942428209326642,0.6682881054876866,0.06640972915426004,0.018390912285498905,0.05330822390088151,0.08230066018067553,0.5963111390661888,0.03553271993469169,0.5682767018700088,0.6242434985743426,0.10832840043225467,0.01795798942400709,0.09483438669906018,0.12310289195288923,0.22236801568827141,0.013217822711043579,0.21243429192913563,0.2323728185724718,0.6196344080082115,0.06616611376557824,0.01223200217309317,0.00024361538868179766
rfm,record,enhancement_success_medium,B+M+L+G,random_forest,5,6000,0.04033333333333333,0.649264877063225,0.03128008971339297,0.6282253701923836,0.6770912931885695,0.0702522203574937,0.014510700281027987,0.05968657155329306,0.08182608001271797,0.4998259354643236,0.00023834783207816142,0.499651719436449,0.5,0.0,0.0,0.0,0.0,0.04495906781221664,0.003122252842128672,0.04236933014304327,0.04721204412099555,0.6259580551467344,0.06279540009075998,0.023306821916490583,0.007456820266733721
rfm,record,enhancement_success_medium,B+M+L+G+R,logistic,5,6000,0.04033333333333333,0.8191225211148094,0.030431521207307757,0.7960667828257367,0.8421782594038818,0.24053837714235254,0.07147901685934195,0.1820972613900182,0.30226635755771486,0.7597845200706018,0.03481667944396559,0.7314638220760102,0.7856101284412393,0.21509319411371605,0.027644925060559593,0.19505594113195973,0.23888078197021284,0.15143036101025617,0.009445886194330004,0.14371787450022971,0.1589185283788866,0.6196344080082115,0.06616611376557824,0.19948811310659798,0.1743722633767743
rfm,record,enhancement_success_medium,B+M+L+G+R,random_forest,5,6000,0.04033333333333333,0.8475397935195403,0.02325019430522367,0.829371046672391,0.8647642955104519,0.22407392700024312,0.05746875205154661,0.17504314776414653,0.262809005517769,0.5098096264060135,0.013231467039027308,0.5014167657299913,0.5209849050793525,0.03855026455026454,0.04903222876865676,0.007142857142857143,0.0794074074074074,0.038376251894879185,0.0023297384656952727,0.03658670046589117,0.040140316946106834,0.6259580551467344,0.06279540009075998,0.22158173837280593,0.16127852690948313
rfm,record,later_capability_damage_any_path,B,logistic,5,6000,0.08083333333333334,0.5888217812992289,0.021041041745217495,0.5714684445544477,0.6045820402538453,0.1200124500114506,0.04864754105505587,0.08992854123957633,0.16260828404959285,0.5620632334528911,0.03391937643439482,0.5315827660319218,0.5823581628598739,0.1709944824977577,0.022861638054871843,0.1532930300644543,0.18869593493106102,0.24129690650247962,0.005224308812302848,0.23738890251212336,0.24516224635113404,0.582137407217855,0.1080066895851917,0.0066843740813739005,0.012005760426258894
rfm,record,later_capability_damage_any_path,B,random_forest,5,6000,0.08083333333333334,0.6266259511511911,0.021659559279940756,0.6102801787404482,0.643685982117624,0.13556991341310823,0.01348590412283708,0.12580118295713288,0.1460203859409594,0.4994560102974221,0.0004966136653451069,0.49909236150318986,0.49982014388489204,0.0,0.0,0.0,0.0,0.08388523844924746,0.005437524779126468,0.07931832595023706,0.0878418565360788,0.5932072120762586,0.11954315575583283,0.033418739074932535,0.016026757657275403
rfm,record,later_capability_damage_any_path,B+M,logistic,5,6000,0.08083333333333334,0.582137407217855,0.01973113104923353,0.5663024135976347,0.5971665214063263,0.1080066895851917,0.027849106062278355,0.08773019262535067,0.13062374598812226,0.5619299006435872,0.017291492388587053,0.5481517331589274,0.5750558517271793,0.17179200547874157,0.020350006692066484,0.15614222680910686,0.18744178414837626,0.24013721077299216,0.005441634796115252,0.23608258063083332,0.24419184091515103,0.582137407217855,0.1080066895851917,0.0,0.0
rfm,record,later_capability_damage_any_path,B+M,random_forest,5,6000,0.08083333333333334,0.5932072120762586,0.0163980916222329,0.5813976989723202,0.607577410734574,0.11954315575583283,0.01918923597423511,0.10497816781112856,0.13498902776318417,0.5,0.0,0.5,0.5,0.0,0.0,0.0,0.0,0.0866149727270196,0.005052773828184608,0.08219370625016072,0.0901822915330608,0.5932072120762586,0.11954315575583283,0.0,0.0
rfm,record,later_capability_damage_any_path,B+M+L,logistic,5,6000,0.08083333333333334,0.5833025500140974,0.02276445049858413,0.5658683263935641,0.6007367736346307,0.10868767726817605,0.028773447565817005,0.08790109804981042,0.13289659719592345,0.5613877541279204,0.021528078966517403,0.5446932620960556,0.5780822461597853,0.1714883139362531,0.0226613557386976,0.15410913431825576,0.18886749355425045,0.23984917067489162,0.0057935235411157695,0.23563236422691375,0.24406597712286943,0.582137407217855,0.1080066895851917,0.0011651427962423577,0.0006809876829843436
rfm,record,later_capability_damage_any_path,B+M+L,random_forest,5,6000,0.08083333333333334,0.5913187835473303,0.020804053860960264,0.5759284325109223,0.6072699603455006,0.11614995165362377,0.02167326000905423,0.0999071408100665,0.13259199056955256,0.5,0.0,0.5,0.5,0.0,0.0,0.0,0.0,0.0860905550962092,0.0050626152676004794,0.08164592158263308,0.0897045869139048,0.5932072120762586,0.11954315575583283,-0.0018884285289283431,-0.0033932041022090575
rfm,record,later_capability_damage_any_path,B+M+L+G,logistic,5,6000,0.08083333333333334,0.5692872891755496,0.02180220031251191,0.5526844702419883,0.5854052769726698,0.10171325149265516,0.02125839802255766,0.08700163169952593,0.1200751094816973,0.5395083206257917,0.016018594078520125,0.5270159670857243,0.552564883127484,0.1585666776483004,0.01823180543595887,0.14462714505177154,0.17294099321287945,0.23971153332467918,0.004929930132051161,0.2359223993393642,0.2435151408367901,0.582137407217855,0.1080066895851917,-0.012850118042305403,-0.006293438092536546
rfm,record,later_capability_damage_any_path,B+M+L+G,random_forest,5,6000,0.08083333333333334,0.5699675069706812,0.01983284216033799,0.5550162671924956,0.5850640483014136,0.104932517436235,0.013169856098975585,0.09605386110541318,0.11677701389456478,0.5,0.0,0.5,0.5,0.0,0.0,0.0,0.0,0.08583280346516069,0.006001522218788185,0.08065146070697786,0.09018336160999485,0.5932072120762586,0.11954315575583283,-0.02323970510557738,-0.01461063831959783
rfm,record,later_capability_damage_any_path,B+M+L+G+R,logistic,5,6000,0.08083333333333334,0.8485078079681964,0.012098475320930753,0.8394173947619568,0.8584580372954804,0.3724918448379911,0.050626343502261334,0.32823557589805724,0.40901233223499894,0.7560516734024454,0.02099835828772196,0.7393251104270194,0.7717866180779349,0.34329375907551496,0.02774178916748566,0.31789100774775014,0.36130791988825706,0.1546194810687381,0.0021351056132453694,0.1530542884261807,0.15627021967359062,0.582137407217855,0.1080066895851917,0.26637040075034135,0.26448515525279936
rfm,record,later_capability_damage_any_path,B+M+L+G+R,random_forest,5,6000,0.08083333333333334,0.8395383846128276,0.012469757697652269,0.8306120187067672,0.8499199393904343,0.3287191229526808,0.03958440417249452,0.29532214474253526,0.3575084132818275,0.5501616915711338,0.01442415391204902,0.5411062568392923,0.5628824336261141,0.17732410744102756,0.03704194654841339,0.15181727104310205,0.20899102263856353,0.06921044484540625,0.00501178603148391,0.0654249202738963,0.07299596941691622,0.5932072120762586,0.11954315575583283,0.246331172536569,0.20917596719684797
rfm,record,later_clean_any_path,B,logistic,5,6000,0.11016666666666666,0.6313548485222016,0.025520903718153822,0.6114621455665925,0.6497334456962294,0.1753235821110267,0.022090775273935406,0.1597138498205514,0.19320832203099586,0.5904694436656417,0.028165318008501965,0.5692755756972556,0.6122535194504523,0.24076932399496626,0.032455185957858707,0.2182751083889351,0.2679649730913071,0.23562206379246436,0.00662632425853274,0.23024549641128433,0.24058540611685672,0.6767041284622369,0.19845135020812515,-0.04534927994003535,-0.02312776809709846
rfm,record,later_clean_any_path,B,random_forest,5,6000,0.11016666666666666,0.666680674256938,0.02601930555195271,0.6462747269469432,0.6870866215669327,0.1949219763378589,0.03243205865263246,0.1736515513357273,0.22166915186271371,0.524004106881469,0.016100617389432945,0.5142582251477767,0.5385867535367497,0.1132266268158096,0.05127995072078297,0.07945350927848563,0.1583745599764726,0.10873593101869412,0.004825359092204888,0.1053824679172179,0.11293177015453662,0.6932690526007523,0.2086308355946808,-0.026588378343814334,-0.013708859256821887
rfm,record,later_clean_any_path,B+M,logistic,5,6000,0.11016666666666666,0.6767041284622369,0.025998358042213975,0.6567850686477283,0.6965737987404806,0.19845135020812515,0.010709436115190566,0.18869506695999888,0.20424793194976046,0.6244284722959095,0.019110439104646396,0.6085299523557356,0.6385411759676508,0.26267033907481363,0.026300677021775937,0.2440133298880906,0.2853755265659223,0.2266117982702624,0.011819226241448504,0.21660215450008194,0.23442579250385015,0.6767041284622369,0.19845135020812515,0.0,0.0
rfm,record,later_clean_any_path,B+M,random_forest,5,6000,0.11016666666666666,0.6932690526007523,0.01976947064460223,0.6782716745503328,0.7085794922976241,0.2086308355946808,0.032177747499186116,0.18640277243579584,0.23800582274423004,0.5253805467964549,0.009505390779569899,0.5186523265709128,0.5332173042357111,0.11806229882643535,0.031065596367662773,0.09559760327972247,0.14300519992827687,0.10902823800376293,0.004451826228787754,0.10625036908245027,0.11304859166129175,0.6932690526007523,0.2086308355946808,0.0,0.0
rfm,record,later_clean_any_path,B+M+L,logistic,5,6000,0.11016666666666666,0.682712633401976,0.030072061630981965,0.6595092654978782,0.7059160013060736,0.19810262701027065,0.013893234139410451,0.18731369018290325,0.20846877553385537,0.6252108636110675,0.026217560182447433,0.6047994603516906,0.6438196249470561,0.2643258808773518,0.02954676283655209,0.24189134958993316,0.2874610677554636,0.2251238123020085,0.012249594545580158,0.2149581427624258,0.23346405946682874,0.6767041284622369,0.19845135020812515,0.0060085049397390344,-0.0003487231978545058
rfm,record,later_clean_any_path,B+M+L,random_forest,5,6000,0.11016666666666666,0.6935513481654078,0.019447099251944593,0.6779836999104559,0.7077741526556989,0.21793661417216764,0.03445139467712657,0.193282071487478,0.24796272991954882,0.5236391868360919,0.013619065784247061,0.5131148849969815,0.5341634886752022,0.10875853409452378,0.045892075127393094,0.0729346347234546,0.14381561779757024,0.10792012086710845,0.005263361955061265,0.1050930488866372,0.1126099388273764,0.6932690526007523,0.2086308355946808,0.0002822955646554215,0.00930577857748685
rfm,record,later_clean_any_path,B+M+L+G,logistic,5,6000,0.11016666666666666,0.6962167788647537,0.02290925823044348,0.6794128126159968,0.714788207530027,0.21004748654233615,0.015458818014865618,0.19761138010924567,0.22178651181605397,0.6457129220247805,0.022086245313998956,0.6271489131635026,0.6618868884367346,0.28090293025565116,0.02067364146699697,0.2654662479608141,0.2978059742632288,0.21981092124959645,0.00980556595323689,0.21173317631611904,0.22698480352895425,0.6767041284622369,0.19845135020812515,0.019512650402516818,0.011596136334210999
rfm,record,later_clean_any_path,B+M+L+G,random_forest,5,6000,0.11016666666666666,0.718341613682391,0.01170271522349871,0.7090618313955794,0.7270880354772231,0.2370379516123763,0.02775391255647697,0.21488907713851374,0.2567380069722464,0.5300221817624291,0.01124451179680283,0.5213355542818192,0.5387088092430391,0.1250381433450172,0.03570057095288261,0.09789652831002456,0.15217975838000983,0.1044053636579999,0.005639383743372233,0.10134940381052022,0.10959567055437724,0.6932690526007523,0.2086308355946808,0.02507256108163869,0.028407116017695522
rfm,record,later_clean_any_path,B+M+L+G+R,logistic,5,6000,0.11016666666666666,0.6922134313255307,0.024559336348071725,0.6743850313680256,0.71180396067992,0.21316798402482257,0.01925428052303023,0.1982251950072076,0.22811077304243765,0.6377284428036292,0.027698435773165175,0.6148710938364028,0.6568636290067612,0.2761501381306209,0.023944372187139455,0.2587995656031081,0.2948660301347193,0.2190997664632605,0.0089872190445101,0.21194756952092667,0.22534803394779307,0.6767041284622369,0.19845135020812515,0.015509302863293772,0.014716633816697411
rfm,record,later_clean_any_path,B+M+L+G+R,random_forest,5,6000,0.11016666666666666,0.8001056402480915,0.019314049814495155,0.7850215267898075,0.8145668674959543,0.344108369144507,0.03534005500245394,0.3193431755072068,0.3747829324436302,0.549784655605779,0.004416735773677163,0.5462363228522362,0.5531072585669732,0.18542876507017958,0.011049143697309671,0.17612995347837437,0.19355799327034173,0.09422919096338475,0.0038413282662634685,0.09185037826915084,0.09777646680815485,0.6932690526007523,0.2086308355946808,0.10683658764733917,0.1354775335498262
rfm,record,later_clean_enhancement_path,B,logistic,5,6000,0.05566666666666666,0.6037313317490162,0.030722649400218145,0.5757721756984733,0.6209718593315999,0.09110838941758101,0.008661536586597048,0.08335383495295455,0.09578599545890684,0.5565242721631207,0.029103906964038372,0.5337043593952945,0.5800565483756827,0.12406042283032796,0.021503786943875315,0.10754893350897503,0.14059997315187545,0.23571156086869327,0.009639040593280026,0.2284721993531713,0.24341336163131294,0.6441847766501284,0.09996084864248593,-0.040453444901112245,-0.008852459224904921
rfm,record,later_clean_enhancement_path,B,random_forest,5,6000,0.05566666666666666,0.6423085770586192,0.033699703976004684,0.6124938297778815,0.6658731422292781,0.09774073175035893,0.019563371862671357,0.0845542378740157,0.1139141324022607,0.5040868241204924,0.004691087618239403,0.5005457548884779,0.507627893352507,0.021435794769128103,0.021321303369768986,0.005405405405405406,0.0374661841328508,0.06142782732595019,0.002524089186476293,0.059526042190473805,0.06334930188073984,0.6561206524846064,0.0987187889893511,-0.01381207542598717,-0.0009780572389921777
rfm,record,later_clean_enhancement_path,B+M,logistic,5,6000,0.05566666666666666,0.6441847766501284,0.032752338995906044,0.6165163785733986,0.6677988490465777,0.09996084864248593,0.010646917431393066,0.09172846852638246,0.10885896203188608,0.5994146865783174,0.03241119970758712,0.5727827902356164,0.6227745891956824,0.14075506346608452,0.01729137377700429,0.12636776664096355,0.15356374525700522,0.2282899026430128,0.012935926210444157,0.21873927639720772,0.2377281801898105,0.6441847766501284,0.09996084864248593,0.0,0.0
rfm,record,later_clean_enhancement_path,B+M,random_forest,5,6000,0.05566666666666666,0.6561206524846064,0.04563091243240794,0.6146448691515044,0.6836149504033309,0.0987187889893511,0.018526288789965296,0.08447911904862881,0.11394285580625947,0.5026553702060038,0.006160512618362292,0.4984999877108109,0.508147914365557,0.015945165945165946,0.023446553341454634,0.0,0.03672438672438673,0.06248508532321275,0.0025452891625311297,0.06056657159323566,0.06454281068644464,0.6561206524846064,0.0987187889893511,0.0,0.0
rfm,record,later_clean_enhancement_path,B+M+L,logistic,5,6000,0.05566666666666666,0.6541272657676422,0.041605853523867545,0.6217802719449498,0.6864280814938473,0.10025895828282327,0.018827427181360382,0.08793420992806307,0.11640605841305637,0.5903531133297488,0.04009215387130418,0.5571458203782745,0.61754419457333,0.1374585448668364,0.01969815540333311,0.12053723174420279,0.1512141784961914,0.2256381966324989,0.014010813505126557,0.21524418900632586,0.23599147536698156,0.6441847766501284,0.09996084864248593,0.00994248911751383,0.00029810964033734344
rfm,record,later_clean_enhancement_path,B+M+L,random_forest,5,6000,0.05566666666666666,0.6611790059565078,0.02943127402550931,0.6357293196256665,0.6822442714546251,0.10238279735175833,0.006029484057434978,0.09767874189707423,0.1070868528064424,0.5049016527734843,0.0065288941149419955,0.500351152435105,0.5100985894867667,0.02278278934995353,0.024712241323365892,0.005128205128205128,0.041535181236673775,0.06182177784489673,0.0025144047288099473,0.059994157881826424,0.06393679551496922,0.6561206524846064,0.0987187889893511,0.005058353471901422,0.0036640083624072256
rfm,record,later_clean_enhancement_path,B+M+L+G,logistic,5,6000,0.05566666666666666,0.6623327639439749,0.03535141498911506,0.6347884678311674,0.6898770600567824,0.10294201415403789,0.011960823916477242,0.09372034618697554,0.11216368212110021,0.6022894582599914,0.02587909395922717,0.5829488873331041,0.6216300291868787,0.14546535718707354,0.011320833393021996,0.1376466634391457,0.1547920608322621,0.21999792338793864,0.012650927809718257,0.2103998184451871,0.22959602833069023,0.6441847766501284,0.09996084864248593,0.01814798729384648,0.0029811655115519614
rfm,record,later_clean_enhancement_path,B+M+L+G,random_forest,5,6000,0.05566666666666666,0.6909091066383635,0.023183725983457717,0.6739341347543668,0.7108004889901469,0.10660423010287254,0.01805530496138473,0.09356711215482673,0.12073166799420329,0.5012320838611919,0.0032703521612287966,0.4994708994708995,0.504225352112676,0.005555555555555555,0.01242259987499883,0.0,0.016666666666666666,0.060121033286080164,0.002352940383309462,0.05836754116453803,0.06206094154596846,0.6561206524846064,0.0987187889893511,0.03478845415375709,0.007885441113521435
rfm,record,later_clean_enhancement_path,B+M+L+G+R,logistic,5,6000,0.05566666666666666,0.835978469788125,0.022687087894475558,0.8189994294325252,0.8529238785082043,0.34528797701922287,0.040573012946318,0.31421152335001096,0.3770286755279556,0.7620620917198463,0.025448206686745006,0.7429118376883012,0.7822694628420723,0.278556683161067,0.0298464410451166,0.2556947861951023,0.3000322073855039,0.1476682569493913,0.00912788318336202,0.13964931484759407,0.154087292496946,0.6441847766501284,0.09996084864248593,0.19179369313799655,0.24532712837673692
rfm,record,later_clean_enhancement_path,B+M+L+G+R,random_forest,5,6000,0.05566666666666666,0.8549734299020898,0.02412337926632858,0.8372797825612434,0.8739084759740321,0.29259071151299054,0.03795337017129133,0.2607030690496783,0.3203695061987991,0.5320148270276126,0.017260600366851717,0.5208991840840559,0.5475626969680427,0.11863524912398193,0.0551301453630126,0.08213387516870105,0.1679185679185679,0.050046443332368365,0.0028096949922860755,0.04789417446747968,0.05227456021523802,0.6561206524846064,0.0987187889893511,0.19885277741748342,0.19387192252363944
rfm,record,later_clean_suppression_path,B,logistic,5,6000,0.056666666666666664,0.6240077601295744,0.02614581917858934,0.6056060104492005,0.6467544717972676,0.09942708917104523,0.03163697924170896,0.075239302118042,0.12406391656039376,0.5896001885329227,0.024834415870095,0.5714727117252913,0.6095729452470338,0.13959600834886648,0.01246135152633985,0.1303064127024215,0.14972311974059718,0.2344422557652932,0.006884990207032671,0.22890187301593085,0.23982636951502084,0.6678436977386417,0.10573854097829224,-0.043835937609067344,-0.006311451807247015
rfm,record,later_clean_suppression_path,B,random_forest,5,6000,0.056666666666666664,0.6435612433665482,0.022779319197168697,0.6254528665046871,0.6616696202284094,0.11507131163297066,0.03545113713492758,0.09176668400005013,0.14597921724843702,0.5082242075467807,0.009936585559585345,0.5007230491573483,0.5162688249184291,0.034375431331953074,0.03771603219255488,0.005555555555555555,0.06360248447204968,0.061618406057561234,0.004952633723454844,0.05888987864070831,0.0660544943531386,0.6796514008867327,0.1331650730865405,-0.03609015752018452,-0.018093761453569834
rfm,record,later_clean_suppression_path,B+M,logistic,5,6000,0.056666666666666664,0.6678436977386417,0.03393142268061735,0.6400881709854555,0.6922398589065256,0.10573854097829224,0.026964550978528328,0.08597981510451787,0.12813933592632032,0.6232793823643057,0.03821095065728826,0.592003694468392,0.6526736216405038,0.1537176851687287,0.02634537799294592,0.13414417484352564,0.1732520162511491,0.2266630634093297,0.012204433124747251,0.21536524575289118,0.2345571158277199,0.6678436977386417,0.10573854097829224,0.0,0.0
rfm,record,later_clean_suppression_path,B+M,random_forest,5,6000,0.056666666666666664,0.6796514008867327,0.01896585052231901,0.6663210030940647,0.6935474604066498,0.1331650730865405,0.03156470154206944,0.11211082773842602,0.16149907251893875,0.509652385957131,0.011931871977742172,0.5007230491573483,0.5192884289265073,0.0394017094017094,0.04464574727399023,0.005555555555555555,0.07487179487179488,0.061944307810184576,0.00491286679660747,0.05885482244675823,0.06626746008010606,0.6796514008867327,0.1331650730865405,0.0,0.0
rfm,record,later_clean_suppression_path,B+M+L,logistic,5,6000,0.056666666666666664,0.6707263040083025,0.032795341127209006,0.644753090861987,0.6954171343060233,0.10295751931702149,0.02028503210137646,0.08647581125488447,0.11784572424521307,0.6228004894736987,0.03469421795739752,0.5971349891115274,0.64846598983587,0.15419911921221569,0.02520221172125054,0.13459517910764002,0.17279643267873196,0.22606502203065873,0.012444474502465091,0.21478446123218936,0.23434267957564017,0.6678436977386417,0.10573854097829224,0.002882606269660748,-0.002781021661270755
rfm,record,later_clean_suppression_path,B+M+L,random_forest,5,6000,0.056666666666666664,0.6879920974079947,0.011747655651771684,0.678794836210906,0.6971893586050837,0.13698030442308048,0.03347078915083737,0.11508521869063686,0.16751929228074772,0.510900580814673,0.013331748652421642,0.5006356399537553,0.5211655216755908,0.04417143722550356,0.049536328049852266,0.005633802816901409,0.08270907163410572,0.0609304975681884,0.004925864814335579,0.05776676077047753,0.06526959944946566,0.6796514008867327,0.1331650730865405,0.008340696521262014,0.0038152313365399926
rfm,record,later_clean_suppression_path,B+M+L+G,logistic,5,6000,0.056666666666666664,0.6759027905351368,0.041934290787391214,0.6445442922551233,0.7070168901505101,0.10751861216673589,0.026007584486185786,0.08750929436091509,0.1275279299725567,0.6263805547798821,0.03414277970553433,0.5998555002559598,0.6503406225325101,0.15834508332066186,0.022614772942745616,0.14079537647926052,0.1750025767728836,0.21902200029493515,0.010999990415210248,0.209200394380299,0.22664088124252393,0.6678436977386417,0.10573854097829224,0.008059092796495082,0.0017800711884436438
rfm,record,later_clean_suppression_path,B+M+L+G,random_forest,5,6000,0.056666666666666664,0.6860747188953857,0.023165411658501146,0.6706294017797382,0.7056589988082063,0.1345837489431051,0.029443388356369147,0.11269024906998448,0.1566662519207455,0.5054417389246832,0.009716866448831973,0.4998204667863555,0.5133718133718135,0.022698412698412697,0.03722382979572526,0.0,0.05142857142857142,0.05999055366313629,0.0054036210356075845,0.057277560228151295,0.06487472748079812,0.6796514008867327,0.1331650730865405,0.006423318008653034,0.0014186758565646052
rfm,record,later_clean_suppression_path,B+M+L+G+R,logistic,5,6000,0.056666666666666664,0.8252315956528493,0.05229576486688777,0.7875329613088904,0.8628352372651917,0.3186807170153565,0.08419869232087022,0.25347264361591854,0.3838887904147944,0.7495919926507544,0.04480704093371613,0.7161347836837313,0.785429195210276,0.27009486289391693,0.04990928882218389,0.23625387454659347,0.3124928617481805,0.1555458987130494,0.007192208028112551,0.1500437232361354,0.16104807418996336,0.6678436977386417,0.10573854097829224,0.1573878979142076,0.21294217603706425
rfm,record,later_clean_suppression_path,B+M+L+G+R,random_forest,5,6000,0.056666666666666664,0.8375840160522434,0.04155354388122292,0.8046411587652665,0.8705268733392202,0.3201442885138559,0.0720450502667986,0.2619156072508555,0.3717620090982939,0.5466565869709206,0.022701586470853158,0.534824638356629,0.5668799413204197,0.16299250750564567,0.06375720797085667,0.12909774436090227,0.219765906520424,0.05101136060343742,0.004073152362813418,0.04799241576999723,0.054398315455349566,0.6796514008867327,0.1331650730865405,0.15793261516551071,0.1869792154273154
rfm,record,later_enhancement_path,B,logistic,5,6000,0.058666666666666666,0.6167390499667544,0.02363446806359361,0.5951689800102135,0.6304162026723489,0.09772437937356511,0.0065724808076079114,0.09181473791548904,0.1023329450902523,0.5680956190508665,0.030060890639702856,0.5445382223648159,0.5902969467638316,0.13615648930125232,0.024932453583150712,0.11661268678003689,0.15570029182246778,0.23457125067840806,0.010541912130230225,0.22668965866641605,0.24298155147240036,0.6540206913476425,0.10933098133860697,-0.037281641380888075,-0.01160660196504186
rfm,record,later_enhancement_path,B,random_forest,5,6000,0.058666666666666666,0.6415287889982537,0.03070666134611667,0.6138420203884556,0.6613835852482336,0.10028267204422774,0.016754955416801328,0.08859565856920246,0.11528568113127577,0.5036341288447874,0.004791792956684829,0.4999876924504082,0.5072805652391668,0.02066717596129361,0.020443799376233283,0.005194805194805195,0.036139546727782024,0.06469346859964045,0.0036703187883541308,0.06190462926296284,0.06766620989554718,0.6565310580418782,0.10385677503271107,-0.01500226904362445,-0.0035741029884833325
rfm,record,later_enhancement_path,B+M,logistic,5,6000,0.058666666666666666,0.6540206913476425,0.023275664579156623,0.6346744296978944,0.6713706436052574,0.10933098133860697,0.010648749717125513,0.10134824058891763,0.11733427561975387,0.6037228092925073,0.014082538483216816,0.5919226167250068,0.6135248716338764,0.1497387377493906,0.013473526936124625,0.13930946242738396,0.16016801307139725,0.22683881155929178,0.012988449935705292,0.21732535419048965,0.23633273870881108,0.6540206913476425,0.10933098133860697,0.0,0.0
rfm,record,later_enhancement_path,B+M,random_forest,5,6000,0.058666666666666666,0.6565310580418782,0.030186742243735742,0.6304491212467227,0.6760625621633229,0.10385677503271107,0.016551043582664373,0.09117710730722063,0.11691036995247446,0.5024100281751033,0.00586787582660046,0.4983219834191873,0.5075094644330546,0.015194109772423026,0.02202182590168639,0.0,0.034471218206157964,0.06524206369892077,0.0032811705788589407,0.06264354855927434,0.06784057883856721,0.6565310580418782,0.10385677503271107,0.0,0.0
rfm,record,later_enhancement_path,B+M+L,logistic,5,6000,0.058666666666666666,0.6627121191108332,0.03248735980477171,0.6372075904916245,0.6874007928380576,0.10605498672879447,0.01615380856829865,0.09509676004395173,0.11997779098142831,0.5994299347384706,0.03338828056844592,0.5742115918465476,0.6253716285085007,0.14841389268489993,0.015036997543407728,0.13684236630173297,0.15998541906806688,0.22462850072652793,0.014145090319991921,0.21396693834395206,0.2351546692461374,0.6540206913476425,0.10933098133860697,0.008691427763190651,-0.0032759946098124965
rfm,record,later_enhancement_path,B+M+L,random_forest,5,6000,0.058666666666666666,0.6615207156133869,0.030543776589230444,0.6342689239080196,0.683060814470689,0.10827264872382891,0.014581914003430453,0.09718720275276463,0.1198582711287384,0.5060152448394059,0.006486669555460029,0.500876876360521,0.5111536133182906,0.02623126114335792,0.025875087997456612,0.005633802816901409,0.04682871946981443,0.06456084522050745,0.0033527745488474542,0.06197055071760278,0.06715497073364064,0.6565310580418782,0.10385677503271107,0.00498965757150871,0.004415873691117844
rfm,record,later_enhancement_path,B+M+L+G,logistic,5,6000,0.058666666666666666,0.6722883546119318,0.025772288993395634,0.6522047276375613,0.6922185423065317,0.11177815290341661,0.008819080883998326,0.1045933908274909,0.11844014320637097,0.6149976029621467,0.022532891913509386,0.597837478309799,0.6321261453829062,0.1585605409554756,0.008763393278079838,0.15206942410766972,0.16500247986997268,0.218632206752142,0.012878309355553189,0.20891061878154588,0.2283537947227381,0.6540206913476425,0.10933098133860697,0.018267663264289302,0.0024471715648096415
rfm,record,later_enhancement_path,B+M+L+G,random_forest,5,6000,0.058666666666666666,0.6947081911067213,0.014734371310998329,0.6834305707111931,0.7076918598460427,0.11750148856949527,0.021314278117195624,0.10206609964835589,0.1354514015886094,0.5009454122988227,0.0028759314124340487,0.4994704324801412,0.5035412430128182,0.005063291139240506,0.011321863177214125,0.0,0.01518987341772152,0.06248566138063947,0.0032221860433410874,0.05997697381760612,0.06499434894367281,0.6565310580418782,0.10385677503271107,0.03817713306484316,0.013644713536784203
rfm,record,later_enhancement_path,B+M+L+G+R,logistic,5,6000,0.058666666666666666,0.8353272234948703,0.015653082507833427,0.8225018401147611,0.8470846083883534,0.35612466146515825,0.04989848683333207,0.31223784073019,0.38915720320187897,0.7545699656176064,0.024281547590144215,0.7365218721901405,0.7750224719805026,0.2831333137281513,0.029114960284649997,0.2591076160697521,0.3034900698897526,0.1487007118096917,0.009343629646327258,0.1410041874238262,0.15519502485692405,0.6540206913476425,0.10933098133860697,0.1813065321472278,0.24679368012655128
rfm,record,later_enhancement_path,B+M+L+G+R,random_forest,5,6000,0.058666666666666666,0.8567118198486086,0.02228057542602116,0.8400478087360664,0.8733758309611505,0.30742547147344235,0.043450405267897174,0.2726399162070658,0.3380476721729189,0.5390499456776394,0.01807767732762894,0.5282476523908578,0.555396071730401,0.14164670079188876,0.055781354549899305,0.1084118305776958,0.1920787885205973,0.05209182229976872,0.0028743887611888774,0.04987376962466871,0.05431289275884453,0.6565310580418782,0.10385677503271107,0.2001807618067304,0.20356869644073128
rfm,record,later_neighbor_damage_any_path,B,logistic,5,6000,0.08016666666666668,0.6305032818581071,0.012407835489422385,0.6204298105365254,0.6395599722471164,0.11316226272133903,0.015511986742837358,0.10159060036305914,0.12473392507961893,0.5963472966330777,0.01332346011228065,0.5845914080611884,0.6050394308303482,0.18941302797449017,0.02023589129412689,0.1733135807909932,0.20476951268991125,0.23455253820178174,0.009261726427453924,0.22671667671101323,0.241352467821795,0.6754668593710264,0.13443243845889732,-0.04496357751291924,-0.021270175737558294
rfm,record,later_neighbor_damage_any_path,B,random_forest,5,6000,0.08016666666666668,0.6623169889906867,0.01797990265041203,0.6504103348076331,0.6772226252445346,0.13281880195047463,0.016202719341258078,0.12011322530337329,0.14475182587454855,0.49982078853046596,0.0004007290282257601,0.4994623655913979,0.5,0.0,0.0,0.0,0.0,0.0829154654848334,0.005422616063924388,0.07869176367326236,0.0868080195851109,0.6775225690995367,0.13940887655925907,-0.015205580108849981,-0.006590074608784441
rfm,record,later_neighbor_damage_any_path,B+M,logistic,5,6000,0.08016666666666668,0.6754668593710264,0.01697970659503757,0.6626664987184371,0.6889886174549927,0.13443243845889732,0.02337538180075012,0.11732999449507313,0.15395472558492931,0.6325662898907018,0.026593401264598266,0.6118357050458697,0.6532968747355341,0.21000447104735046,0.024904599811068417,0.19278370174921897,0.2313337649271708,0.22409602115978347,0.010847086096131026,0.2152507501510073,0.23216554561844882,0.6754668593710264,0.13443243845889732,0.0,0.0
rfm,record,later_neighbor_damage_any_path,B+M,random_forest,5,6000,0.08016666666666668,0.6775225690995367,0.01746486453108427,0.6655471692927056,0.6930114192378252,0.13940887655925907,0.01731466469572659,0.1266381107840973,0.1521796423344208,0.49998862941219324,0.0028072056313488023,0.4983807880426028,0.5024888321401,0.003883495145631068,0.008683759135921513,0.0,0.011650485436893203,0.08454086188894192,0.005166615567393526,0.08074580980147181,0.08829537181990489,0.6775225690995367,0.13940887655925907,0.0,0.0
rfm,record,later_neighbor_damage_any_path,B+M+L,logistic,5,6000,0.08016666666666668,0.6757893098126135,0.031095802121552087,0.6494301003200134,0.6981279452292972,0.13601382123515116,0.02764501435003586,0.11653187194900641,0.15886090596384153,0.6375295863026529,0.029492641689725627,0.6144133921238867,0.6595556657058121,0.2133781846536818,0.026770324181726052,0.1937018380498722,0.23568199490408906,0.22321272090850716,0.01077369698339246,0.21411475694154514,0.23103655674524481,0.6754668593710264,0.13443243845889732,0.0003224504415871854,0.0015813827762538313
rfm,record,later_neighbor_damage_any_path,B+M+L,random_forest,5,6000,0.08016666666666668,0.6695007229624563,0.024147208779443933,0.6513273481755437,0.6881612446964109,0.13207993470143825,0.011123813443659038,0.12372911377764403,0.1404307556252325,0.4991903826683708,0.000971809063416471,0.49838540000193915,0.49990892531876135,0.0,0.0,0.0,0.0,0.08467883441635682,0.005418586635135923,0.08055795370783972,0.08858245602795267,0.6775225690995367,0.13940887655925907,-0.008021846137080346,-0.00732894185782082
rfm,record,later_neighbor_damage_any_path,B+M+L+G,logistic,5,6000,0.08016666666666668,0.6821496602400633,0.021051657267211834,0.6625749742004924,0.6947805114308319,0.13600534693554414,0.018904505863594802,0.12172793888616176,0.15059072369929427,0.6380384593402203,0.020625139671083207,0.622841184394927,0.6550564542968983,0.21818845671821796,0.019828549479380092,0.20408287135231,0.2343778205046398,0.21857156173385514,0.010187128082511644,0.21068632495856168,0.22597286902420183,0.6754668593710264,0.13443243845889732,0.006682800869036942,0.001572908476646817
rfm,record,later_neighbor_damage_any_path,B+M+L+G,random_forest,5,6000,0.08016666666666668,0.6768620657331451,0.023291579947892427,0.659536702895069,0.6946453556474425,0.1472422704476598,0.01417406179428794,0.1362746440954711,0.15821712643254543,0.5004166501830861,0.002753719618200788,0.49891018657075464,0.5029745766800134,0.004166666666666667,0.009316949906249124,0.0,0.0125,0.08294114984924075,0.004779247132024993,0.07953769898670135,0.08645147453248017,0.6775225690995367,0.13940887655925907,-0.0006605033663915627,0.007833393888400736
rfm,record,later_neighbor_damage_any_path,B+M+L+G+R,logistic,5,6000,0.08016666666666668,0.8514616306315996,0.0233440498776305,0.830800593353259,0.8673196992199165,0.40592842550580244,0.0748949736867925,0.34777032425321036,0.46198311182365737,0.7717483462684523,0.022864005280134374,0.7524900310907516,0.7887579360024853,0.3601155338502619,0.0296424145778679,0.3378696606250547,0.38204307750144023,0.14962068560346128,0.011004575117796038,0.14165241367241352,0.15928779076709376,0.6754668593710264,0.13443243845889732,0.17599477126057328,0.27149598704690514
rfm,record,later_neighbor_damage_any_path,B+M+L+G+R,random_forest,5,6000,0.08016666666666668,0.8544620283624198,0.02515766345366054,0.8325021176807639,0.872444377341272,0.3914476259554761,0.0733356656807188,0.33513007053460947,0.4468269448616608,0.5957956891945184,0.02419619206986955,0.5775159411202555,0.6161544058537434,0.29975223551934216,0.062097712673827306,0.2508290869311001,0.35036916058394163,0.06605045661284717,0.0048473473979053164,0.06229471771452816,0.06980619551116615,0.6775225690995367,0.13940887655925907,0.17693945926288313,0.25203874939621707
rfm,record,later_suppression_path,B,logistic,5,6000,0.06066666666666667,0.6280176342386911,0.02992864570910315,0.6035347032928305,0.648361580209328,0.10717804352124534,0.03761173260025536,0.07778909105354521,0.13690161929451822,0.5944363977275844,0.025820982534781645,0.5766425055808241,0.6138024998547777,0.15057550134706013,0.021004819304398948,0.13461666792838456,0.16753412486823316,0.23409833156736984,0.007674218428722981,0.22784261727618477,0.23996825923983017,0.6726281290248625,0.11521981798875643,-0.044610494786171406,-0.008041774467511087
rfm,record,later_suppression_path,B,random_forest,5,6000,0.06066666666666667,0.6592905441806227,0.026689836194509427,0.6386421622736677,0.6799389260875779,0.1276190565530842,0.03974564810807358,0.10416717406811453,0.16327017018197004,0.507450978957076,0.00894049817741163,0.500613468231889,0.5145409310313875,0.031995293462810076,0.034758057356266955,0.005194805194805195,0.05879578173081497,0.06508498112518296,0.004887978319310725,0.06207068469336817,0.06949727484700152,0.6927361113133422,0.14529443047023774,-0.03344556713271951,-0.017675373917153542
rfm,record,later_suppression_path,B+M,logistic,5,6000,0.06066666666666667,0.6726281290248625,0.041302424264906004,0.6355054022513068,0.6982356396677638,0.11521981798875643,0.03265422900908742,0.090140324166142,0.1405407099920663,0.6317946413298509,0.041692080560597346,0.5947263879410074,0.6588852310031335,0.16657396769751792,0.029997056927416717,0.14268934437846864,0.19010039597513112,0.22618373486694945,0.012303421022397357,0.2150081648574361,0.2340647430341365,0.6726281290248625,0.11521981798875643,0.0,0.0
rfm,record,later_suppression_path,B+M,random_forest,5,6000,0.06066666666666667,0.6927361113133422,0.019543659598414226,0.6776101166320486,0.7076669793110297,0.14529443047023774,0.042054652264054325,0.11512795061042798,0.18141437246664105,0.511142735708689,0.011967771738894696,0.5016682485109829,0.520617222906395,0.045914702581369246,0.04539756859090359,0.01,0.0818294051627385,0.06538301577688004,0.005158528337623592,0.06203621426565374,0.06982797834031731,0.6927361113133422,0.14529443047023774,0.0,0.0
rfm,record,later_suppression_path,B+M+L,logistic,5,6000,0.06066666666666667,0.6737865652168289,0.03968701768085892,0.6384790852606235,0.6968838121620355,0.11245954836600724,0.028529183816354897,0.09017128540864028,0.1347478113233742,0.6325521277827595,0.035942341125875514,0.6002000479433895,0.6543648005048774,0.16753324220292615,0.02945632277806709,0.14412546210720886,0.1909168628925813,0.2258148366441807,0.012522368711177238,0.21464610051090963,0.2340247678798631,0.6726281290248625,0.11521981798875643,0.0011584361919664277,-0.0027602696227491813
rfm,record,later_suppression_path,B+M+L,random_forest,5,6000,0.06066666666666667,0.6917098230156234,0.018881147902995568,0.6771062980771342,0.7063133479541127,0.14990189009692967,0.02911109422083586,0.13121079569561916,0.17683706815971956,0.5114967188397668,0.011870117641007519,0.5021104928953705,0.5208829447841629,0.04630431297097964,0.04544972388300753,0.01038961038961039,0.08221901555234888,0.06454887802121076,0.00536211226674115,0.06113131456659475,0.06915283448739598,0.6927361113133422,0.14529443047023774,-0.0010262882977187804,0.004607459626691929
rfm,record,later_suppression_path,B+M+L+G,logistic,5,6000,0.06066666666666667,0.678276686430723,0.048808330064754005,0.6385867658341546,0.7124938191728996,0.11927642004896252,0.03687631704175236,0.09082511872428455,0.1477277213736405,0.6261613263963496,0.03734912123805614,0.5975236800275631,0.6525539591420819,0.16722716298956242,0.02689764193266181,0.1449941085386091,0.18740222220076622,0.21879661769519837,0.010516997099730878,0.2092134504347885,0.22593597155956924,0.6726281290248625,0.11521981798875643,0.005648557405860566,0.0040566020602060965
rfm,record,later_suppression_path,B+M+L+G,random_forest,5,6000,0.06066666666666667,0.6880103748122016,0.02820399203939597,0.6668551995981791,0.7088057426300897,0.14635367770305052,0.03714047200940585,0.12087472664602653,0.17973942390596445,0.5063176203906676,0.012240532627855358,0.4993741123776635,0.5164194920416281,0.0263859649122807,0.04558055451429608,0.0,0.06315789473684211,0.06370652692940684,0.0052750794124524734,0.06076023230710882,0.068555484264808,0.6927361113133422,0.14529443047023774,-0.004725736501140609,0.0010592472328127822
rfm,record,later_suppression_path,B+M+L+G+R,logistic,5,6000,0.06066666666666667,0.8290393961887379,0.05429053334083387,0.7885969356391737,0.8694818567383018,0.3382084536988066,0.10147621427040376,0.2602003249237947,0.41621658247381854,0.7544946956831625,0.042047742705606225,0.7235980598912368,0.7871261525583448,0.2874955203249616,0.047445733555613157,0.2548888723762891,0.32653049834391923,0.1547703281121638,0.0070559540933723625,0.14937565251929547,0.16010703834290801,0.6726281290248625,0.11521981798875643,0.15641126716387543,0.22298863571005018
rfm,record,later_suppression_path,B+M+L+G+R,random_forest,5,6000,0.06066666666666667,0.8385213582637666,0.04203041792361622,0.8053587348265158,0.8716839817010176,0.3358911553232631,0.08690682056148945,0.27239384566746966,0.3990377144333962,0.5525882972628153,0.031092375059611883,0.532102913391191,0.5814791004943379,0.18069082409507942,0.08542913945710863,0.12194040194040194,0.25980339001615593,0.053643927514740286,0.004533776683854661,0.05020392593501997,0.057400672206978774,0.6927361113133422,0.14529443047023774,0.14578524695042439,0.19059672485302534
rfm,record,later_target_any_path,B,logistic,5,6000,0.11666666666666665,0.6384311015636299,0.017404168171104472,0.6249905703628734,0.6511015831003,0.1861243410617552,0.027958654563885587,0.16654195990396098,0.21070994262043935,0.602116069538442,0.02210915462687222,0.5859897405637253,0.6191529634079697,0.2603315023283489,0.030800721024689493,0.23958710903629526,0.2883895052316105,0.2350155940043519,0.007340912172133719,0.22923587662919767,0.24070095841938471,0.6816795770312771,0.2111332068057427,-0.04324847546764721,-0.0250088657439875
rfm,record,later_target_any_path,B,random_forest,5,6000,0.11666666666666665,0.6788892601210242,0.018348759601397487,0.6645463067462628,0.6930108876328246,0.21419595094204177,0.03585281167758752,0.19344644825717583,0.24607190743209917,0.5272555015749638,0.009630399194415178,0.5203821988207753,0.5356128875239159,0.1268012377201993,0.028439171383434308,0.10711640980905301,0.1520248406602386,0.11243007087343704,0.005554644985806575,0.10896368344507786,0.1173352857949578,0.7012640805421889,0.22943111449981063,-0.022374820421164676,-0.015235163557768855
rfm,record,later_target_any_path,B+M,logistic,5,6000,0.11666666666666665,0.6816795770312771,0.022658041925938094,0.6644403166870143,0.6989188373755401,0.2111332068057427,0.016569845382560816,0.19739508643003917,0.22333514183912384,0.6328406225595956,0.017412459719187368,0.6200173139918909,0.6456639311273005,0.279981683880088,0.022738610677525604,0.26381379814896844,0.2996947119735454,0.2259736940615614,0.011602644838718267,0.2162102412767851,0.23360807252989813,0.6816795770312771,0.2111332068057427,0.0,0.0
rfm,record,later_target_any_path,B+M,random_forest,5,6000,0.11666666666666665,0.7012640805421889,0.01882612738029075,0.6867078679509885,0.7158202931333895,0.22943111449981063,0.0354374798591765,0.2054697166037547,0.26061517162697073,0.5329212881535346,0.009117426975861227,0.5264135867945876,0.5407009495693724,0.14348736193320571,0.02905215539527843,0.12277787729511866,0.16751635619475813,0.11306598008153926,0.0049243728249964164,0.11020228220123648,0.11761123048391872,0.7012640805421889,0.22943111449981063,0.0,0.0
rfm,record,later_target_any_path,B+M+L,logistic,5,6000,0.11666666666666665,0.6862799883815643,0.0249032992527639,0.6675976707759432,0.7047849546871654,0.21036459052828999,0.016912108303310882,0.19765043235374266,0.22382561399086381,0.633136641886,0.018751566932626466,0.6184272340043885,0.6474095969934452,0.28114888770532664,0.02847235434878631,0.2618429050890915,0.307192736848081,0.22478697436585776,0.0120019357239488,0.2148846557166708,0.23279695000032424,0.6816795770312771,0.2111332068057427,0.004600411350287215,-0.0007686162774527272
rfm,record,later_target_any_path,B+M+L,random_forest,5,6000,0.11666666666666665,0.7049753965085961,0.017483518035928916,0.6921865248485085,0.718838349007054,0.23595139839619503,0.035371979658901924,0.2134318740915258,0.2682347824760116,0.5291611304676257,0.013773688648277252,0.518630270950587,0.5406621256198625,0.12836799457072584,0.04355692256419218,0.09605441555177671,0.16562559908522437,0.11173682061992381,0.005035691442857329,0.10893796513099666,0.11639661655917662,0.7012640805421889,0.22943111449981063,0.0037113159664071693,0.006520283896384399
rfm,record,later_target_any_path,B+M+L+G,logistic,5,6000,0.11666666666666665,0.7021151500955142,0.019277877199712544,0.6881723357427955,0.7160579644482331,0.22477450392056125,0.021957095988082584,0.211042244932436,0.24390004601608783,0.6439933539852791,0.016430571696354757,0.6304743418282607,0.6562217738033267,0.291537798396142,0.019786287464729903,0.278636519833643,0.30892053896982524,0.2189814771651156,0.009511641312293831,0.21133221950498154,0.22590496420152117,0.6816795770312771,0.2111332068057427,0.020435573064237045,0.01364129711481854
rfm,record,later_target_any_path,B+M+L+G,random_forest,5,6000,0.11666666666666665,0.7239956069750223,0.014818920983171195,0.7122802833884464,0.734342259912294,0.25813888107393623,0.022581427091953283,0.24221136735823537,0.2782021756140592,0.5344694825728545,0.0047883489276822015,0.5309726882592154,0.5381794474301745,0.1429373284004526,0.014172261537380505,0.1318467753876092,0.15355158014125894,0.10835306109195397,0.006102222345826891,0.10469584720181398,0.11395567659080089,0.7012640805421889,0.22943111449981063,0.022731526432833382,0.028707766574125604
rfm,record,later_target_any_path,B+M+L+G+R,logistic,5,6000,0.11666666666666665,0.6978420569463406,0.02107242323496626,0.6824976044734244,0.7138200419833842,0.22559094541511943,0.02114269137385989,0.21094882750947402,0.24296015502938037,0.6395148165247855,0.026172883025670182,0.6181180866990841,0.6563049035717536,0.2888821725949586,0.023981393741433595,0.27082316112565685,0.3092264617425228,0.2188316730438539,0.008903828613429688,0.21176541155623205,0.22517953986024555,0.6816795770312771,0.2111332068057427,0.016162479915063477,0.014457738609376714
rfm,record,later_target_any_path,B+M+L+G+R,random_forest,5,6000,0.11666666666666665,0.8055109962727922,0.020519695481978743,0.7894234888629784,0.821598503682606,0.3584515975880132,0.03788480659010537,0.3337244855177991,0.3932022712851359,0.5623165608122139,0.010261922639173013,0.5536977436627819,0.5698761609969419,0.22209495450049666,0.025791305565061342,0.2005404077622206,0.24111777275273322,0.0975579601373765,0.004220474781721305,0.09473627338560234,0.10146440019804548,0.7012640805421889,0.22943111449981063,0.1042469157306033,0.12902048308820258
rfm,record,suppression_success_medium,B,logistic,5,6000,0.040499999999999994,0.6033956687935588,0.04525883206460408,0.5697398683036106,0.637051469283507,0.08442729396340895,0.033457079527531755,0.058119034558391326,0.1107355533684266,0.5776929846459334,0.03370027235815217,0.5546754429927653,0.6058849584302651,0.10185509433916531,0.016918254811271148,0.08914433629327834,0.1145658523850523,0.23170122041902727,0.007384124857626744,0.22582279973516614,0.23734140135811144,0.6292589430429261,0.08943655042842179,-0.025863274249367296,-0.005009256465012837
rfm,record,suppression_success_medium,B,random_forest,5,6000,0.040499999999999994,0.6253262312482815,0.052198909499932916,0.5806436556107164,0.6630924111164356,0.08274848000637766,0.027601170691811724,0.062111783597984783,0.104110771697391,0.5069856647307377,0.010007363349066045,0.4996515679442509,0.5146378386437812,0.027929568913175475,0.0383620376416061,0.0,0.0575591985428051,0.04563623690882814,0.0038668516319832614,0.042598086387639615,0.04867438743001667,0.6415158382560147,0.0926486825054442,-0.016189607007733198,-0.009900202499066535
rfm,record,suppression_success_medium,B+M,logistic,5,6000,0.040499999999999994,0.6292589430429261,0.07075673588144979,0.5691683649558167,0.6779377659401599,0.08943655042842179,0.03627807769783291,0.06109170061672324,0.11664518896778127,0.5929265371391323,0.04613305273811574,0.5509712000394311,0.616740881280947,0.10646715637191898,0.024240889237119805,0.08541630829842133,0.12243692752133666,0.22636702489495394,0.011449763339292183,0.21661295056627167,0.23371023369168883,0.6292589430429261,0.08943655042842179,0.0,0.0
rfm,record,suppression_success_medium,B+M,random_forest,5,6000,0.040499999999999994,0.6415158382560147,0.03210333458987601,0.6174128868239135,0.6668282227439615,0.0926486825054442,0.02663791109609754,0.07189395711122387,0.1134034078996645,0.50656129017289,0.007072237474681711,0.5014793130660253,0.5116631342875367,0.027530338513945075,0.027875374153175342,0.007142857142857143,0.04792106663827974,0.045907924044646595,0.003948614664544798,0.04286607573962252,0.048949772349670684,0.6415158382560147,0.0926486825054442,0.0,0.0
rfm,record,suppression_success_medium,B+M+L,logistic,5,6000,0.040499999999999994,0.6368819167662899,0.06838273811879858,0.5804417361902324,0.6840162803556744,0.08650063060120944,0.030749437703099625,0.06293828287130379,0.10991668702138732,0.6057933924313986,0.044980603286069426,0.5692899851839675,0.6363096464106116,0.11126025117116078,0.02555321404059186,0.09106719811083519,0.1295539942943389,0.22522576837071145,0.01202862342546785,0.2149814174079289,0.23327992297144506,0.6292589430429261,0.08943655042842179,0.007622973723363846,-0.0029359198272123493
rfm,record,suppression_success_medium,B+M+L,random_forest,5,6000,0.040499999999999994,0.612556568930952,0.037568973653796606,0.5837798623311428,0.6414284646372168,0.08661997196995816,0.024873648037473113,0.06796334443486275,0.10562062244282508,0.5048116001950612,0.007736579812589386,0.4994773519163763,0.5117405118410542,0.020522161505768063,0.02985743594420995,0.0,0.046751669702489375,0.04593067533263986,0.004121985151321445,0.04275283278709061,0.0491085178781891,0.6415158382560147,0.0926486825054442,-0.028959269325062653,-0.006028710535486037
rfm,record,suppression_success_medium,B+M+L+G,logistic,5,6000,0.040499999999999994,0.6343378172465309,0.06943249192910794,0.5781624063649753,0.6857446148727301,0.0844893960334503,0.03458813489480135,0.05745112904013161,0.11152766302676902,0.6016283555270968,0.05787320403595808,0.5581936534890373,0.6450630575651566,0.1112760064691933,0.025324562065760087,0.09001879251989725,0.12879284932585056,0.21748821450307187,0.009658731309443879,0.20925019834551867,0.22425626142586158,0.6292589430429261,0.08943655042842179,0.005078874203604866,-0.004947154394971481
rfm,record,suppression_success_medium,B+M+L+G,random_forest,5,6000,0.040499999999999994,0.6224732855959336,0.04485097184654779,0.5885829440175164,0.6572724255888296,0.0851340457303164,0.026274952012336247,0.0658604891744948,0.10670838239409405,0.5018266130547518,0.0043300566663919526,0.4997407087294728,0.5057391304347826,0.007692307692307693,0.017200522903844537,0.0,0.023076923076923078,0.04460785945601441,0.0033540314070394047,0.042041651629725965,0.04732426457029478,0.6415158382560147,0.0926486825054442,-0.019042552660081036,-0.0075146367751278
rfm,record,suppression_success_medium,B+M+L+G+R,logistic,5,6000,0.040499999999999994,0.7978522301574549,0.07681338552943726,0.7396949780764979,0.8563852312603967,0.23661196782584745,0.08893066249991868,0.17193695081774835,0.30706208735333385,0.7299850888749464,0.05963849992682193,0.6832822123162898,0.7739389441770396,0.1966490090509197,0.0407749331383426,0.1671791255840423,0.2317235925666839,0.1588578606879922,0.008406667497178185,0.15251965997125355,0.16570212861032946,0.6292589430429261,0.08943655042842179,0.1685932871145288,0.14717541739742568
rfm,record,suppression_success_medium,B+M+L+G+R,random_forest,5,6000,0.040499999999999994,0.7949270269399478,0.05362886558652003,0.7507712441057512,0.8352915326569341,0.19673773761727006,0.08153483969026792,0.14044024933030244,0.265404605402123,0.5040638763036073,0.006196428540323281,0.4994773519163763,0.5088892551221795,0.01693404634581105,0.02329257459068089,0.0,0.035115864527629236,0.0396337075115625,0.003806968450420318,0.03672975664287319,0.0425376583802518,0.6415158382560147,0.0926486825054442,0.1534111886839331,0.10408905511182587
