cohort,split,target,feature_set,model,n_folds,n_test_total,positive_rate_mean,auroc_mean,auroc_std,auroc_ci_low,auroc_ci_high,average_precision_mean,average_precision_std,average_precision_ci_low,average_precision_ci_high,balanced_accuracy_mean,balanced_accuracy_std,balanced_accuracy_ci_low,balanced_accuracy_ci_high,f1_mean,f1_std,f1_ci_low,f1_ci_high,brier_mean,brier_std,brier_ci_low,brier_ci_high,baseline_auroc_mean,baseline_average_precision_mean,delta_auroc_vs_BM,delta_ap_vs_BM
all,dataset,later_capability_damage_any_path,B,logistic,5,4000,0.08751891153408561,0.5761103494291419,0.06609503119333418,0.5205391247408053,0.6236665225389924,0.1406259457512808,0.06351269931565277,0.09022835738486996,0.19102353411769163,0.5552814717086587,0.09407822965210114,0.4808757209177378,0.6338278825064715,0.1804678065182202,0.08079535243896187,0.1190758672407696,0.24185974579567082,0.23402766386348106,0.021836016325796976,0.21816922426530966,0.2503662279152133,0.5708723500683675,0.1435941773511066,0.0052379993607744035,-0.0029682315998258157
all,dataset,later_capability_damage_any_path,B,random_forest,5,4000,0.08751891153408561,0.5238613399459802,0.0444983548578296,0.4899075447151448,0.5578151351768156,0.10981157435397401,0.033632397585060876,0.08664080300532959,0.13790110462967034,0.49743905593357934,0.003507794182290402,0.4948289417410834,0.5,0.0,0.0,0.0,0.0,0.09719986691863902,0.016961339612763072,0.0879529429692986,0.11271573045175168,0.5387183992116542,0.10024543824511203,-0.014857059265674044,0.009566136108861978
all,dataset,later_capability_damage_any_path,B+M,logistic,5,4000,0.08751891153408561,0.5708723500683675,0.07663859904170202,0.5070852204518171,0.6278718512432164,0.1435941773511066,0.065275333533974,0.09307111284512135,0.19411724185709184,0.5568752548252254,0.06767714639961943,0.5054804159426008,0.6153069546487301,0.18148353694246405,0.06938504088604953,0.12861719023392285,0.23434988365100531,0.20674484629600784,0.04077440855198952,0.17022869495991458,0.23538517991509506,0.5708723500683675,0.1435941773511066,0.0,0.0
all,dataset,later_capability_damage_any_path,B+M,random_forest,5,4000,0.08751891153408561,0.5387183992116542,0.037762554320336726,0.5051554876847555,0.5651105172797899,0.10024543824511203,0.03567676639055052,0.07977192075629874,0.13175283234454074,0.49799486228057654,0.002938496666026928,0.49539745968317395,0.5,0.0,0.0,0.0,0.0,0.09535118331027362,0.01542506274648707,0.08611558896677587,0.10926346892657765,0.5387183992116542,0.10024543824511203,0.0,0.0
all,dataset,later_capability_damage_any_path,B+M+L,logistic,5,4000,0.08751891153408561,0.5716554873791819,0.07729297424645477,0.5071180990300663,0.6297834764542521,0.14194703742007186,0.06398870985895005,0.09272381692107809,0.1899992021346506,0.5568578033559043,0.07750547171588565,0.49542754864183436,0.6207394664171286,0.180582088134195,0.0756113113220531,0.12120476275886807,0.23708365283312577,0.206968635597514,0.040269250364845,0.17147973846885947,0.23436052629349763,0.5708723500683675,0.1435941773511066,0.0007831373108144746,-0.0016471399310347412
all,dataset,later_capability_damage_any_path,B+M+L,random_forest,5,4000,0.08751891153408561,0.5320051836458385,0.03188228948204898,0.5042779135947378,0.5530252210552351,0.09836188821407647,0.03350397039370593,0.07805729042210637,0.128080875126697,0.49776473526473525,0.0030614786581323714,0.495492007992008,0.5,0.0,0.0,0.0,0.0,0.09337792038600964,0.016892522422298287,0.08357502732648255,0.10878989807803649,0.5387183992116542,0.10024543824511203,-0.006713215565815722,-0.0018835500310355607
all,dataset,later_capability_damage_any_path,B+M+L+R,logistic,5,4000,0.08751891153408561,0.8400031237207672,0.039184580975359457,0.808203299968006,0.8718982992870885,0.380802379221077,0.12829594565585367,0.287495362015633,0.48055624739899416,0.7610701206827329,0.05006490527485357,0.7229683861548603,0.7992163691929275,0.3804298835537306,0.10309328654821198,0.30210985587200073,0.46416520416520424,0.14938505506420766,0.027503890819199583,0.12572977645678068,0.16866799479315278,0.5708723500683675,0.1435941773511066,0.2691307736523998,0.2372082018699704
all,dataset,later_capability_damage_any_path,B+M+L+R,random_forest,5,4000,0.08751891153408561,0.8172264303816767,0.03229479532536751,0.7933662318733691,0.844416917303769,0.33093805402853194,0.09743935354637613,0.2567048142379331,0.405171293819131,0.5433496383361145,0.03577844775314198,0.5156430674752635,0.5710562091969654,0.1522197772870378,0.11376376162097994,0.06408698433002877,0.23998258052153915,0.07279855896062977,0.011071851913425121,0.06539989201295338,0.08288521374362165,0.5387183992116542,0.10024543824511203,0.27850803117002254,0.2306926157834199
all,dataset,later_clean_any_path,B,logistic,5,4000,0.09622280082274129,0.5970836802953379,0.11676351860462597,0.4951448377616952,0.6665313617790511,0.17626555188106902,0.11098597077121965,0.09346062030931272,0.26189015252267295,0.5383386616125353,0.1059239631639777,0.45297776415701735,0.6092426595381651,0.1942012089765422,0.11590232740204395,0.10173467598248642,0.2757704017185438,0.2265001802203106,0.028082191323558093,0.2049814689072243,0.24877492284561878,0.583262142885296,0.1579826293677662,0.013821537410041884,0.018282922513302824
all,dataset,later_clean_any_path,B,random_forest,5,4000,0.09622280082274129,0.5938651338161907,0.09034523960476383,0.5286277665707642,0.657538694538854,0.16163461400308887,0.09510305546256148,0.08592890509738674,0.24375627244974601,0.5081197412844147,0.02099864145602516,0.4911371761914001,0.5235050242700349,0.06965378167263478,0.06505325215601385,0.020895522388059702,0.11841596868698202,0.10680717737544601,0.018924886880766795,0.09236781061330238,0.12124654413758962,0.5939423297158988,0.16758619963420845,-7.719589970811569e-05,-0.0059515856311195825
all,dataset,later_clean_any_path,B+M,logistic,5,4000,0.09622280082274129,0.583262142885296,0.09458588896069514,0.5014635811828958,0.6355552074868964,0.1579826293677662,0.0924573177000262,0.09138809223810686,0.23202124362709275,0.5461536076414804,0.0759614622053841,0.4832666932188176,0.5939129051233546,0.2003651407783707,0.10462246870438549,0.11824151896202595,0.2715218618603436,0.19368312997910314,0.016849374144107646,0.18050452695530259,0.2065505632881079,0.583262142885296,0.1579826293677662,0.0,0.0
all,dataset,later_clean_any_path,B+M,random_forest,5,4000,0.09622280082274129,0.5939423297158988,0.07756625022149356,0.5391554169979106,0.6499324500604786,0.16758619963420845,0.10614385764641542,0.08925978184115804,0.2578009077396167,0.5098772531692657,0.01705658374858512,0.4967669465845379,0.5229875597539937,0.061351493027187586,0.05729669951658535,0.01694915254237288,0.1057538335120023,0.10518278904344365,0.017971295227401998,0.0913301631447055,0.1190354149421818,0.5939423297158988,0.16758619963420845,0.0,0.0
all,dataset,later_clean_any_path,B+M+L,logistic,5,4000,0.09622280082274129,0.5877563960845926,0.08574699889645813,0.5140365935729969,0.6382686327362742,0.1600907987089994,0.0911540825792335,0.09344371783628372,0.2288779893417761,0.5424031243309674,0.07447763514371998,0.4828061008664688,0.5918825942442068,0.19370139584888485,0.10408189747822742,0.107547893722587,0.26582213050427234,0.19296570733948903,0.01795800283000862,0.17838722403798823,0.2069955656396376,0.583262142885296,0.1579826293677662,0.004494253199296638,0.0021081693412332014
all,dataset,later_clean_any_path,B+M+L,random_forest,5,4000,0.09622280082274129,0.5978062772394293,0.08525644615113738,0.5349319600000375,0.6610831726831465,0.1544993317605859,0.09069225381154067,0.0846152728488873,0.23128826881817416,0.5065306492927004,0.014633036679434561,0.49564836006881186,0.5174301002670056,0.04812639369162654,0.05222812705696251,0.006818181818181818,0.08943460556507125,0.102666039140893,0.017358271175196876,0.0896251855637256,0.11555970247972067,0.5939423297158988,0.16758619963420845,0.0038639475235304754,-0.013086867873622565
all,dataset,later_clean_any_path,B+M+L+R,logistic,5,4000,0.09622280082274129,0.6017376121553499,0.07671425398446499,0.5349073028065299,0.6443766319884434,0.16406604390007914,0.09059561899685781,0.09728662678981138,0.23084546101034692,0.5631669804582604,0.07023602638663279,0.5086523651446773,0.6143648059832121,0.21233434409960034,0.11169717235563718,0.1201475961451643,0.29405276773424577,0.19037888620826893,0.016488947362156524,0.17667123259802936,0.20264344661347064,0.583262142885296,0.1579826293677662,0.018475469270053946,0.006083414532312953
all,dataset,later_clean_any_path,B+M+L+R,random_forest,5,4000,0.09622280082274129,0.789814185716034,0.03999453731937858,0.7565608843042896,0.8186494532496186,0.2849728073651058,0.0970051504997212,0.21359400750183608,0.3564395182529813,0.5261837857750996,0.015603337278517152,0.5120563409484818,0.5354932752693627,0.10283840650332796,0.06065830138400576,0.04733044733044733,0.1403564440213655,0.08544636706889044,0.021275614925353827,0.06831644041797935,0.10074631645753518,0.5939423297158988,0.16758619963420845,0.19587185600013524,0.11738660773089732
all,dataset,later_clean_enhancement_path,B,logistic,5,4000,0.05183480353761769,0.5188004429053322,0.18015550141527056,0.3569546559476787,0.6112441363631043,0.0814256169755224,0.04448645381088349,0.043377036175682,0.1152613570816298,0.5388504367428812,0.09088226254134103,0.4584480306685107,0.5928860665732405,0.11900121866995339,0.07081899835857797,0.05802523812875545,0.1705905205905206,0.2315964341599968,0.028403286774289827,0.21084379170603632,0.2541019676831667,0.49897676314670925,0.06663975535785807,0.01982367975862298,0.014785861617664334
all,dataset,later_clean_enhancement_path,B,random_forest,5,4000,0.05183480353761769,0.49411172987221724,0.12022453020089038,0.3962720970934249,0.5817710029897566,0.08289924921610885,0.06283154909356455,0.041144887005096484,0.1406491029955095,0.4978052126200274,0.00490769377777731,0.49341563786008236,0.5,0.0,0.0,0.0,0.0,0.06459401463197247,0.015159344660380542,0.05234773042301224,0.0761191087268848,0.4904240660379234,0.07451026746650564,0.003687663834293864,0.008388981749603203
all,dataset,later_clean_enhancement_path,B+M,logistic,5,4000,0.05183480353761769,0.49897676314670925,0.14150675206540153,0.3722891129011502,0.5921280560241706,0.06663975535785807,0.03973567209932367,0.03693192541790923,0.09717580803250114,0.5104471160225925,0.05649401759758909,0.46188861410654775,0.5449322983732563,0.10349484518081058,0.06253047181957701,0.04998749687421855,0.1533480979676915,0.17815827451883018,0.020105350178409604,0.16287621013400308,0.19325841866827292,0.49897676314670925,0.06663975535785807,0.0,0.0
all,dataset,later_clean_enhancement_path,B+M,random_forest,5,4000,0.05183480353761769,0.4904240660379234,0.1276813963954614,0.3857666018663272,0.5762052945387005,0.07451026746650564,0.05264347706304256,0.037377833942175774,0.12089187263919379,0.49945130315500685,0.0012269234444443398,0.49835390946502056,0.5,0.0,0.0,0.0,0.0,0.062469495033734536,0.014537822602722725,0.051339614824720256,0.07320469481987733,0.4904240660379234,0.07451026746650564,0.0,0.0
all,dataset,later_clean_enhancement_path,B+M+L,logistic,5,4000,0.05183480353761769,0.5173481456512737,0.14697081366007053,0.38320606705884813,0.6078287916122178,0.07375974209449214,0.039669531789912255,0.04052555099280231,0.10407059357826409,0.5244333802917476,0.05990459901260019,0.4710889320561673,0.5574429988252945,0.11271470651680071,0.06250111890504755,0.057308358246687764,0.15933609414295224,0.17561232267753174,0.022104165742740517,0.1580787380952025,0.192255533301188,0.49897676314670925,0.06663975535785807,0.018371382504564493,0.007119986736634068
all,dataset,later_clean_enhancement_path,B+M+L,random_forest,5,4000,0.05183480353761769,0.4808593711200267,0.12391692439098123,0.3718093538866255,0.5619608636779156,0.06651467956614593,0.04038857418483672,0.035535086757381686,0.10176127993626291,0.4995884773662551,0.0009201925833332426,0.49876543209876545,0.5,0.0,0.0,0.0,0.0,0.06078311070881483,0.014507896184393135,0.04904276103487284,0.0714724626587463,0.4904240660379234,0.07451026746650564,-0.009564694917896688,-0.007995587900359716
all,dataset,later_clean_enhancement_path,B+M+L+R,logistic,5,4000,0.05183480353761769,0.7757341890298187,0.0558595121556019,0.7369781481218948,0.825559397161955,0.2112703138044017,0.09620066862869406,0.13975680970082377,0.28908532868581044,0.7293722885037456,0.030413930920350073,0.706777740897349,0.7540583466679481,0.25156573811623345,0.10450423622090374,0.16078369569970566,0.31936310110239186,0.14081643342736153,0.014307384074955291,0.1304358440863065,0.15166393289150254,0.49897676314670925,0.06663975535785807,0.2767574258831095,0.14463055844654363
all,dataset,later_clean_enhancement_path,B+M+L+R,random_forest,5,4000,0.05183480353761769,0.8207536186014932,0.03274142218585661,0.7914099272250372,0.843236126417527,0.21676935199861572,0.09014210488337865,0.13880210542001517,0.27812210887302835,0.5040382155603605,0.00718704808071714,0.499616122840691,0.5105231779663757,0.017984496124031007,0.029017524114348887,0.0,0.044651162790697675,0.048452932554101484,0.016597324565952098,0.03398723855933986,0.06056697368146759,0.4904240660379234,0.07451026746650564,0.33032955256356983,0.14225908453211006
all,dataset,later_clean_suppression_path,B,logistic,5,4000,0.0466009917046622,0.5911106683349859,0.053807092507199575,0.5539862866054104,0.636687170363641,0.12136523943202807,0.0989406143789731,0.04783224293662962,0.2039579236237489,0.5023422990672186,0.09282179061842047,0.4338811587868191,0.5684667301417051,0.09097294676903192,0.06479832441105884,0.04106793550092519,0.13994644564232694,0.21774137227477675,0.04120566048424878,0.18652680006853287,0.24914072943695179,0.5647546226023561,0.1002460497250198,0.02635604573262984,0.021119189707008268
all,dataset,later_clean_suppression_path,B,random_forest,5,4000,0.0466009917046622,0.6560363890015501,0.06587098408280496,0.6075429953268138,0.7123863351221843,0.09063745789667228,0.029988147522674088,0.06765843413883722,0.11361648165450733,0.5140224267841417,0.0273924154576912,0.5,0.5390962400932491,0.04772632457238214,0.08495368601406865,0.0,0.12615769712140174,0.05559643716233551,0.013442135817916432,0.04470791491841909,0.06542857738330778,0.6404915756677454,0.0807217067463251,0.015544813333804752,0.00991575115034718
all,dataset,later_clean_suppression_path,B+M,logistic,5,4000,0.0466009917046622,0.5647546226023561,0.047693528493646456,0.5284102162467068,0.6010990289580052,0.1002460497250198,0.08212878067464358,0.04248572947271373,0.16684795843726447,0.5403768899812139,0.06718102473632252,0.4889570158102298,0.591796764152198,0.10898170270038318,0.06583176400573275,0.05797232247349622,0.15999108292727013,0.18431336583259295,0.0391032853695704,0.1491882704818442,0.21214719587505923,0.5647546226023561,0.1002460497250198,0.0,0.0
all,dataset,later_clean_suppression_path,B+M,random_forest,5,4000,0.0466009917046622,0.6404915756677454,0.06524217162947255,0.5912992895761572,0.6902710693887165,0.0807217067463251,0.030743593852274473,0.05780163754450646,0.10481113382971649,0.507068443668643,0.016459142488602824,0.499306625577812,0.5218987054281171,0.02608695652173913,0.058332208108690164,0.0,0.07826086956521738,0.05434338703909351,0.013533372410815163,0.04380831401804128,0.06438033626728208,0.6404915756677454,0.0807217067463251,0.0,0.0
all,dataset,later_clean_suppression_path,B+M+L,logistic,5,4000,0.0466009917046622,0.5674619334002299,0.03274065553680745,0.5432106219522274,0.5934877073210512,0.09172825655638109,0.06662361092201831,0.04204928596045691,0.1443728241463834,0.5451789851089592,0.04625403491865249,0.508373008766357,0.5819849614515615,0.10787773280354385,0.05742439390021296,0.06291803093598283,0.1528374346711049,0.18437766477383835,0.03885053062130373,0.14972435205686654,0.21135797950653518,0.5647546226023561,0.1002460497250198,0.0027073107978737854,-0.00851779316863871
all,dataset,later_clean_suppression_path,B+M+L,random_forest,5,4000,0.0466009917046622,0.6375311758742774,0.05806868402534631,0.5936091601115397,0.6845145592020592,0.08469938523637732,0.032448809934754526,0.05853207210413036,0.10776662625747777,0.5018262061831354,0.004302093776029347,0.49976887519260405,0.5057097433568022,0.009523809523809523,0.021295885499997995,0.0,0.02857142857142857,0.05265282285012614,0.013013457762469404,0.04231890426257314,0.06241430572428801,0.6404915756677454,0.0807217067463251,-0.0029603997934679604,0.003977678490052219
all,dataset,later_clean_suppression_path,B+M+L+R,logistic,5,4000,0.0466009917046622,0.8653979234770233,0.04752731684135557,0.8286960820948481,0.9020997648591988,0.3966224076310164,0.15220098701914717,0.3000285048249564,0.5310275825975375,0.7763773040122295,0.048649207729467805,0.7455571140345121,0.817409047663285,0.28737060370968476,0.09545535066378091,0.2149701515383438,0.36201527941733297,0.12232363524592464,0.02630289478760382,0.10140785811797422,0.14466286441274995,0.5647546226023561,0.1002460497250198,0.3006433008746672,0.2963763579059966
all,dataset,later_clean_suppression_path,B+M+L+R,random_forest,5,4000,0.0466009917046622,0.8719486238507242,0.04974326144576446,0.8284155701304255,0.9064443216801708,0.3356692456085036,0.1494385142746726,0.23694329616786605,0.46300475442969685,0.5159106744238848,0.021580513622128754,0.5021871451283216,0.5345568626288966,0.06162862294937767,0.07727876629718583,0.010256410256410256,0.12684391080617496,0.04196376027076933,0.01212914386381459,0.0327949541150598,0.05132811120477286,0.6404915756677454,0.0807217067463251,0.23145704818297885,0.25494753886217847
all,dataset,later_enhancement_path,B,logistic,5,4000,0.05581496838304593,0.5371481206551224,0.17885467513140488,0.37730391315906187,0.6318890175504721,0.09233843785595269,0.04766646595063767,0.05255045126129424,0.12600814569461702,0.5390704965429138,0.08684997913052936,0.46968071945821743,0.5959332125472437,0.1254309901675553,0.07538628946819337,0.060898225672281495,0.17920956061442533,0.22658800942083862,0.03152472493948482,0.20283344491221414,0.2517572420858355,0.5045727695770245,0.07731153469807792,0.03257535107809795,0.015026903157874777
all,dataset,later_enhancement_path,B,random_forest,5,4000,0.05581496838304593,0.5312382159914785,0.12955566846721986,0.4266634656941032,0.6229636704697823,0.09578257405620046,0.061998418839921125,0.049737833266233114,0.14543697326777588,0.5,0.0,0.5,0.5,0.0,0.0,0.0,0.0,0.0665931185934548,0.016354102104842075,0.054020817145177834,0.07916542004173176,0.5125055239097829,0.09396967256319586,0.01873269208169559,0.0018129014930046011
all,dataset,later_enhancement_path,B+M,logistic,5,4000,0.05581496838304593,0.5045727695770245,0.14697273960057217,0.36735378700499666,0.5949645423425117,0.07731153469807792,0.03967860893689663,0.046003092340290146,0.10698016776012745,0.5116218342072628,0.06095328164112621,0.4611139248907138,0.5570462991548484,0.11377240880880786,0.07866555200243094,0.05333799291788387,0.17944241058856658,0.1747640418108496,0.019218078844286012,0.1598715767114225,0.1896565069102767,0.5045727695770245,0.07731153469807792,0.0,0.0
all,dataset,later_enhancement_path,B+M,random_forest,5,4000,0.05581496838304593,0.5125055239097829,0.1277587529236971,0.4002508766531759,0.5958573984090408,0.09396967256319586,0.06002657517353482,0.05114935288479583,0.14676443764725047,0.49944827586206897,0.0012336926772412557,0.4983448275862069,0.5,0.0,0.0,0.0,0.0,0.06519025248747987,0.015573199222650316,0.05239400992919826,0.07674623166549865,0.5125055239097829,0.09396967256319586,0.0,0.0
all,dataset,later_enhancement_path,B+M+L,logistic,5,4000,0.05581496838304593,0.5181908111237007,0.1541964142861402,0.37697070042975483,0.6066796897580133,0.08064564672529104,0.041587078246353944,0.045799656202063485,0.11003347459678263,0.525596844503523,0.05753940020536516,0.4753869643647817,0.5619725141090255,0.12383781007207136,0.0749892333147609,0.06397094545830764,0.17985360752875565,0.17264085026389459,0.020534409222862964,0.15653439905039834,0.1883644661006214,0.5045727695770245,0.07731153469807792,0.01361804154667623,0.003334112027213121
all,dataset,later_enhancement_path,B+M+L,random_forest,5,4000,0.05581496838304593,0.5070096930957184,0.10834447840716012,0.4154004880347708,0.5786121513936584,0.08110250989465688,0.049981398972878066,0.045350833060117314,0.12685265291934275,0.49958620689655164,0.0009252695079309544,0.49875862068965515,0.5,0.0,0.0,0.0,0.0,0.0636920635084204,0.01592462559996128,0.051106987115530564,0.07561734669241145,0.5125055239097829,0.09396967256319586,-0.005495830814064462,-0.012867162668538976
all,dataset,later_enhancement_path,B+M+L+R,logistic,5,4000,0.05581496838304593,0.7878745318624489,0.06213707389246528,0.7428638127701019,0.8410505418445927,0.229552244595848,0.1133169739948845,0.14681293933476322,0.32212436890472756,0.743670078276647,0.04394499738803047,0.7120197775716927,0.777717420038808,0.28456726153021056,0.12338418322529592,0.17950657475689677,0.36243012570555994,0.1354324499882474,0.012798478260228518,0.12457401758716828,0.14571940469879704,0.5045727695770245,0.07731153469807792,0.2833017622854245,0.15224070989777008
all,dataset,later_enhancement_path,B+M+L+R,random_forest,5,4000,0.05581496838304593,0.8342550739753758,0.04505060216675209,0.7933019670259766,0.8632217356608246,0.23957310920270167,0.10876029265628397,0.143187541962042,0.3137636907145228,0.5094123766735054,0.017637654770965842,0.49899787068138196,0.5256599641130825,0.038546398442569754,0.06468753999741432,0.0,0.09824789097988318,0.05072768144316421,0.016961381975288216,0.0358324609581403,0.06273254284700189,0.5125055239097829,0.09396967256319586,0.3217495500655929,0.1456034366395058
all,dataset,later_neighbor_damage_any_path,B,logistic,5,4000,0.06970103590896355,0.6218393823892104,0.05727727243892707,0.585170128330825,0.6743296815204451,0.11539675991571208,0.05323137405794624,0.07769718563951242,0.15629126961406606,0.5439985436676882,0.08387454919936307,0.484285546605955,0.6115137713818213,0.13859381770676482,0.07483829802845071,0.07870062753783684,0.19562747340790415,0.21221013136163164,0.05265571129917797,0.17051036919714951,0.25390989352611376,0.6182311258040993,0.1114074988020565,0.0036082565851111026,0.003989261113655579
all,dataset,later_neighbor_damage_any_path,B,random_forest,5,4000,0.06970103590896355,0.5932262240296804,0.046415945082172505,0.5614331108568213,0.6323764427926517,0.09887990741321487,0.0388275443606438,0.06924463806697499,0.1285070744997097,0.5,0.0,0.5,0.5,0.0,0.0,0.0,0.0,0.07783452316531217,0.02790396228502937,0.05731025233231561,0.10148598114115022,0.5642335179286848,0.0812095792589477,0.02899270610099558,0.017670328154267168
all,dataset,later_neighbor_damage_any_path,B+M,logistic,5,4000,0.06970103590896355,0.6182311258040993,0.05396025432299402,0.5766863999763977,0.6652359345638331,0.1114074988020565,0.0500820762052432,0.07452023630139057,0.15050984413833707,0.566657316460585,0.06020802418039246,0.5137661191032927,0.610782494015772,0.150511842406809,0.08868360783298912,0.08337182997975949,0.21838012881168076,0.17292489738453015,0.033652266975819176,0.14487112564841303,0.196728805765458,0.6182311258040993,0.1114074988020565,0.0,0.0
all,dataset,later_neighbor_damage_any_path,B+M,random_forest,5,4000,0.06970103590896355,0.5642335179286848,0.02581758289275583,0.5425753036356794,0.5819348167306334,0.0812095792589477,0.0347894527292764,0.056947735114614303,0.11192522982335691,0.5,0.0,0.5,0.5,0.0,0.0,0.0,0.0,0.07536917662855407,0.02734529318448971,0.055730673484735295,0.09940126131125492,0.5642335179286848,0.0812095792589477,0.0,0.0
all,dataset,later_neighbor_damage_any_path,B+M+L,logistic,5,4000,0.06970103590896355,0.6159862187253933,0.06341661361578393,0.5685194331197518,0.672324908650997,0.1108038599534286,0.05027062265694898,0.07371938464055028,0.15077568116681783,0.5600763636874639,0.060606288182262276,0.5091849620813118,0.6060045638755066,0.14503679638644068,0.08571891905763283,0.08131089676941204,0.20877608019787272,0.17287577734903992,0.032255983921774416,0.1459899082275632,0.19580801491829963,0.6182311258040993,0.1114074988020565,-0.00224490707870606,-0.0006036388486278937
all,dataset,later_neighbor_damage_any_path,B+M+L,random_forest,5,4000,0.06970103590896355,0.5477346282910283,0.03242560347766376,0.5237629090389724,0.5725773182212389,0.07847417245081234,0.0338357336638125,0.05321103881856988,0.10565612418231166,0.5,0.0,0.5,0.5,0.0,0.0,0.0,0.0,0.07459115281393161,0.027966474559108796,0.054793045102447716,0.09949436514720479,0.5642335179286848,0.0812095792589477,-0.016498889637656555,-0.00273540680813536
all,dataset,later_neighbor_damage_any_path,B+M+L+R,logistic,5,4000,0.06970103590896355,0.8199001886264506,0.020846616639350925,0.803664081334065,0.8361362959188364,0.3030051409358983,0.15810999065271705,0.19067223058268512,0.44054695524669496,0.735921712051452,0.022823910041444528,0.7154325598382085,0.7518264185546675,0.3223684945721584,0.11521747052996184,0.23560664112388247,0.4152025462962963,0.1280160571931192,0.01624404328618851,0.11334294891238979,0.1366790510867965,0.6182311258040993,0.1114074988020565,0.2016690628223513,0.1915976421338418
all,dataset,later_neighbor_damage_any_path,B+M+L+R,random_forest,5,4000,0.06970103590896355,0.8256892885233651,0.023029514463923494,0.805101541684982,0.8401683026698507,0.3260092013635398,0.1400328816677122,0.20494528773731324,0.4281403328874399,0.5527960019306588,0.02966058411670222,0.5299955513887362,0.5752920328516924,0.18020550736219584,0.09050038612217655,0.11001096431116715,0.24958156458459674,0.05824163237182537,0.01966566267558332,0.04385669618649833,0.07500722604068119,0.5642335179286848,0.0812095792589477,0.2614557705946803,0.24479962210459208
all,dataset,later_suppression_path,B,logistic,5,4000,0.04979990655009042,0.6026661367143809,0.054479138471145924,0.5632864967686806,0.6475800520561569,0.12530893784605907,0.09345806507987253,0.05535878309926514,0.20287015491246266,0.517741898759445,0.1135104010792725,0.43781710336365587,0.6068506550594435,0.10474262929086586,0.07590878347289919,0.04805784922069673,0.1604486140209,0.21709247777191862,0.042179628632369306,0.18462198552188305,0.24954489484830714,0.5770224343782587,0.11005095268441448,0.02564370233612212,0.015257985161644588
all,dataset,later_suppression_path,B,random_forest,5,4000,0.04979990655009042,0.6442005004042517,0.05416037237592819,0.6002393698559231,0.6850771521953298,0.10142611100127437,0.038316644980970066,0.07449499632173198,0.13395151119214285,0.5148923371142937,0.03036237628048919,0.5,0.5425098706141802,0.053919035314384155,0.10114187872765695,0.0,0.14694229112833762,0.058662450690202796,0.016659373435319324,0.04611545827144741,0.07086912055837322,0.6364396297495397,0.10298774923493981,0.007760870654711982,-0.0015616382336654383
all,dataset,later_suppression_path,B+M,logistic,5,4000,0.04979990655009042,0.5770224343782587,0.03721295813868645,0.5479224716232628,0.6061223971332546,0.11005095268441448,0.08979709971194161,0.0487661619712179,0.18305267648052043,0.5331829426589497,0.048971268639861766,0.49481633352189186,0.5671766450872722,0.11014331363795433,0.0548945008209016,0.06560642077550291,0.1477993184909205,0.17814703552841055,0.03990279427280467,0.14309124788849042,0.20611197210885251,0.5770224343782587,0.11005095268441448,0.0,0.0
all,dataset,later_suppression_path,B+M,random_forest,5,4000,0.04979990655009042,0.6364396297495397,0.05613404216243847,0.5877592311323908,0.6768936504508986,0.10298774923493981,0.048501565807049,0.06706256591386316,0.13985731439542864,0.5111851018672732,0.02480295137407796,0.5,0.5334063146767212,0.042797975149562816,0.08554273937512524,0.0,0.12084675563736771,0.05724856482067536,0.015265896956880805,0.04585670819236326,0.06864042144898745,0.6364396297495397,0.10298774923493981,0.0,0.0
all,dataset,later_suppression_path,B+M+L,logistic,5,4000,0.04979990655009042,0.5798796056696456,0.024636331034023285,0.5627455287595965,0.5992881151662572,0.10803701392595902,0.08686143316961165,0.04811827394608537,0.17850731779659457,0.5393295464858253,0.055046547865516486,0.49387446738971075,0.5783073361888551,0.1151523905088061,0.059536309294363834,0.06636021463778737,0.15667516567007533,0.1780624061153969,0.03961417758482715,0.14374009357109957,0.20513707052828076,0.5770224343782587,0.11005095268441448,0.0028571712913868508,-0.002013938758455458
all,dataset,later_suppression_path,B+M+L,random_forest,5,4000,0.04979990655009042,0.6503527523216492,0.052669973330907,0.6048374569493121,0.6892809759827052,0.10108048577906378,0.05327803997939675,0.06303788007380708,0.14804512045593687,0.5105589965210636,0.02426896376938585,0.4992990654205608,0.5323779241426301,0.037209302325581395,0.08320252939534101,0.0,0.11162790697674418,0.05549109564091768,0.015182889562074548,0.04406723722289756,0.0669149540589378,0.6364396297495397,0.10298774923493981,0.013913122572109526,-0.0019072634558760237
all,dataset,later_suppression_path,B+M+L+R,logistic,5,4000,0.04979990655009042,0.8612163834813449,0.04142084685539292,0.8301127044072096,0.8923200625554802,0.3976511222900283,0.14416896101651272,0.3100782503761096,0.524815767626396,0.7648831569934075,0.0433080251379396,0.7354928782104763,0.8006166569232394,0.28823400694044804,0.09245492000220377,0.20919571409195714,0.35443533507614555,0.12069209639659732,0.02748005623110281,0.09834537249462268,0.14286424728129218,0.5770224343782587,0.11005095268441448,0.28419394910308615,0.28760016960561385
all,dataset,later_suppression_path,B+M+L+R,random_forest,5,4000,0.04979990655009042,0.8757936790389715,0.05917450183557323,0.8251596546548103,0.9201354738038507,0.3725927070964744,0.13581274576753743,0.26470837445774337,0.4804770397352055,0.5529997937329826,0.05585005212723558,0.5206239313115897,0.6049644722753966,0.1794880683568875,0.1643044815842518,0.08086920229616099,0.3325647651229046,0.043986250619458205,0.01418956066676455,0.033204170577355585,0.0549287017269358,0.6364396297495397,0.10298774923493981,0.23935404928943183,0.2696049578615346
all,dataset,later_target_any_path,B,logistic,5,4000,0.10284025902765395,0.604792061123561,0.12007307923977867,0.49909071900065644,0.6733181818181818,0.19205140504836798,0.1143707721342537,0.10652262423322534,0.2777572049767924,0.5545254096855908,0.11092009530843644,0.459948648791862,0.6209990840249342,0.22185589466764086,0.12597356149774708,0.11632306572883824,0.3059291607207346,0.2232064436442136,0.03012504172782024,0.1995702915675594,0.2468425957208679,0.5918941228793598,0.17184015547453507,0.012897938244201157,0.020211249573832912
all,dataset,later_target_any_path,B,random_forest,5,4000,0.10284025902765395,0.596868793314969,0.10470532461786079,0.5164288427378174,0.670691673370877,0.17935519087562835,0.09832939118147192,0.09816450656511133,0.2591490245460526,0.506855262008952,0.01577983310375124,0.49391048842861185,0.5186564297616745,0.06326490924805532,0.058573091476522274,0.018461538461538463,0.10808740276577346,0.10973416500061917,0.022202315515671082,0.09276881121666504,0.12697363804388762,0.5965430766875891,0.16757034617862823,0.0003257166273799017,0.011784844697000113
all,dataset,later_target_any_path,B+M,logistic,5,4000,0.10284025902765395,0.5918941228793598,0.09395077527860979,0.5081909409592962,0.6400507042333626,0.17184015547453507,0.09571931945898673,0.1027421453674379,0.24093816558163222,0.543715409376869,0.07420654812463952,0.4822906929895246,0.5940638056192122,0.20486437853911452,0.11404880108962918,0.11028833121950617,0.28462579856338943,0.1886403832647479,0.019437985348096362,0.1727517910579376,0.20327175852045481,0.5918941228793598,0.17184015547453507,0.0,0.0
all,dataset,later_target_any_path,B+M,random_forest,5,4000,0.10284025902765395,0.5965430766875891,0.07739485913387158,0.5404026054359898,0.6572883107349232,0.16757034617862823,0.09706637564989613,0.08749739239283602,0.24819423066893895,0.506876768816703,0.017518101409697312,0.49285362270576594,0.5197641748053959,0.059221155509427435,0.055148942186040995,0.016260162601626015,0.10218214841722886,0.11032799939878171,0.020738086618019774,0.09419868449483042,0.12645731430273302,0.5965430766875891,0.16757034617862823,0.0,0.0
all,dataset,later_target_any_path,B+M+L,logistic,5,4000,0.10284025902765395,0.5947467127723218,0.08651665262494954,0.5176851865688188,0.6408906249999999,0.17160209439242535,0.09338377547256999,0.10253253860782126,0.23972213203954246,0.5521920709058752,0.07278273290070994,0.4929516813347864,0.5983186307351468,0.21502521255456025,0.111529363683376,0.1235442019511214,0.28899505145459836,0.18817826455033598,0.020525438768204826,0.1717505849767543,0.2037029550660278,0.5918941228793598,0.17184015547453507,0.0028525898929619986,-0.00023806108210971955
all,dataset,later_target_any_path,B+M+L,random_forest,5,4000,0.10284025902765395,0.597826192562162,0.07989360929338013,0.5385645709196354,0.6595989583333334,0.16700116849544963,0.10289565608382596,0.08904835513674865,0.25247777858280396,0.5077551789494164,0.014170966138536176,0.49716721593907637,0.5184279539382846,0.05367108381814264,0.05154988722461754,0.012669683257918552,0.09467248437836673,0.10729804312414451,0.020879834568535507,0.09140131767582302,0.12319476857246599,0.5965430766875891,0.16757034617862823,0.00128311587457286,-0.0005691776831786011
all,dataset,later_target_any_path,B+M+L+R,logistic,5,4000,0.10284025902765395,0.5999636857215259,0.08709326253834804,0.52181139772725,0.6468458441345609,0.17348228297828167,0.0912978082106144,0.09928930218888325,0.23960005161529213,0.5558898959413489,0.09384384384649463,0.47795177389983146,0.6161628137435843,0.22385006964420984,0.12434567899879928,0.12299229805059868,0.30854114158636026,0.18745282972312696,0.020290372574285474,0.17014245343218098,0.20208059231271472,0.5918941228793598,0.17184015547453507,0.00806956284216609,0.0016421275037465932
all,dataset,later_target_any_path,B+M+L+R,random_forest,5,4000,0.10284025902765395,0.7941762451851733,0.03457641763655643,0.7631538740647583,0.8180322923332783,0.29673513411071406,0.11117762691711894,0.2039175072219364,0.3708182500036424,0.5291450372372635,0.02852899364338301,0.5072241548665463,0.5510659196079806,0.11364943279836896,0.10511745955413,0.03404255319148936,0.19325631240524857,0.08965737101330032,0.023234041118426137,0.07206119277837933,0.10665771593690254,0.5965430766875891,0.16757034617862823,0.19763316849758417,0.12916478793208583
all,domain,later_capability_damage_any_path,B,logistic,5,4000,0.0882865423563098,0.6034276497480052,0.09533591135884682,0.5490117939020505,0.6910088414146096,0.17803366091680436,0.08463496216316822,0.11922459931102684,0.2489990572038138,0.5960557835088267,0.09264770058941235,0.5398663974363787,0.6800946794543152,0.2014254704368838,0.03754563863864783,0.16847237316785962,0.22478385592057673,0.23582331833439318,0.013739871322050321,0.22640336788466212,0.24691589425420726,0.603461925184049,0.15692300438061607,-3.427543604372918e-05,0.021110656536188294
all,domain,later_capability_damage_any_path,B,random_forest,5,4000,0.0882865423563098,0.5606208146398736,0.02490589470329741,0.5410618578740367,0.5801797714057104,0.11455536738036036,0.02695137732891713,0.0904714936008376,0.1348273736809972,0.4974921568482936,0.0034340126925523975,0.4949803829079483,0.5,0.0,0.0,0.0,0.0,0.09665695104941359,0.012794394423522534,0.08549509371682407,0.10555268552369557,0.5795753313139633,0.1138109211446244,-0.01895451667408976,0.0007444462357359544
all,domain,later_capability_damage_any_path,B+M,logistic,5,4000,0.0882865423563098,0.603461925184049,0.09215951524280724,0.546247662324517,0.6837192834724284,0.15692300438061607,0.05815210455275286,0.1117630250945888,0.2020829836666434,0.5831194161016459,0.07612522159685822,0.5400917997315998,0.6507278448946467,0.19622773793490383,0.034691608186122484,0.16675209078265812,0.2198564911620826,0.22633885674140455,0.02258116463580198,0.21099398035335767,0.2443475874395439,0.603461925184049,0.15692300438061607,0.0,0.0
all,domain,later_capability_damage_any_path,B+M,random_forest,5,4000,0.0882865423563098,0.5795753313139633,0.017771245135136428,0.566112770101221,0.5942729328287275,0.1138109211446244,0.023858560682252332,0.0953418386418666,0.13225723681613505,0.4973338401916444,0.0030913567465673682,0.4948075822708667,0.4995356037151703,0.0,0.0,0.0,0.0,0.0965121132056498,0.011840862254839463,0.08671714347376122,0.10464498860509355,0.5795753313139633,0.1138109211446244,0.0,0.0
all,domain,later_capability_damage_any_path,B+M+L,logistic,5,4000,0.0882865423563098,0.6048397800827774,0.09080780555373345,0.5478287625880081,0.6836099932783652,0.16101454190507214,0.06425064821914783,0.111530662148174,0.21049842166197025,0.5898298136857925,0.07160603952660678,0.5478575688599374,0.6541652102743596,0.20089032843321805,0.035018100238388056,0.17366053835358022,0.22468720821661997,0.22598807391233952,0.02047136286050789,0.21255673395352667,0.24133400751686568,0.603461925184049,0.15692300438061607,0.0013778548987284367,0.004091537524456068
all,domain,later_capability_damage_any_path,B+M+L,random_forest,5,4000,0.0882865423563098,0.5695296503851907,0.02179201609514397,0.5536203380327832,0.5870229635440847,0.11326898868447972,0.030294258309913624,0.08691049752716298,0.13520942458016072,0.4984045854900286,0.002276650924268151,0.4963936991800769,0.4998130841121496,0.0,0.0,0.0,0.0,0.09434406150959364,0.013088359845109181,0.08343568571113633,0.1030948246921636,0.5795753313139633,0.1138109211446244,-0.010045680928772671,-0.0005419324601446812
all,domain,later_capability_damage_any_path,B+M+L+R,logistic,5,4000,0.0882865423563098,0.8489399498315231,0.018292115123240617,0.8337616818651634,0.862446862068522,0.4055130885019409,0.0892161347205258,0.34156128574568057,0.4727382528035027,0.7728051050741238,0.03568908941006242,0.7450274714530061,0.7998146065100797,0.3820041979078124,0.06530107296473492,0.33185208365931257,0.4321563121563122,0.15008340576494938,0.014738283625172098,0.13899920172426167,0.16115418686978766,0.603461925184049,0.15692300438061607,0.24547802464747415,0.24859008412132483
all,domain,later_capability_damage_any_path,B+M+L+R,random_forest,5,4000,0.0882865423563098,0.8366409537365966,0.016974252423209706,0.8216579069009767,0.8468841033086253,0.37241806649168147,0.05796919485844569,0.32493803200889243,0.41578702380610216,0.5826477000190831,0.028312977108939968,0.5618004549450812,0.6053289340043345,0.2624192559702464,0.06677858192039052,0.2112185686653772,0.32068965517241377,0.07285710101856266,0.009868125495033391,0.06488163441657754,0.080142944669602,0.5795753313139633,0.1138109211446244,0.2570656224226333,0.2586071453470571
all,domain,later_clean_any_path,B,logistic,5,4000,0.09916151616733013,0.6020805124301833,0.09009334269441778,0.5222206805171015,0.657694346125357,0.1766627744180191,0.08666533042470576,0.10368117309417617,0.2408301848737137,0.5606805001411403,0.08835961266892979,0.47984005485126885,0.611105323944243,0.20674621201005627,0.10762169977105494,0.11091640886199357,0.27381778845883525,0.22485824607696978,0.04001220150263556,0.19380879463169698,0.25540048593549003,0.5731579669650338,0.15593710757877519,0.028922545465149496,0.0207256668392439
all,domain,later_clean_any_path,B,random_forest,5,4000,0.09916151616733013,0.5760688617701873,0.1048952173536434,0.49949473072208594,0.6654270015411209,0.1667372174905766,0.10690373353647559,0.08874808791671038,0.2600242198734787,0.5200584778015596,0.035850947716987026,0.4962815665709158,0.5488169607114901,0.10025866756089881,0.10872779984549265,0.023204868154158214,0.18986778986778988,0.10997067673127267,0.013020313942882866,0.09960707109890352,0.12010275831241374,0.5627792727070825,0.1490178520628774,0.013289589063104845,0.017719365427699196
all,domain,later_clean_any_path,B+M,logistic,5,4000,0.09916151616733013,0.5731579669650338,0.075142612271869,0.5093113642063933,0.6253208178594364,0.15593710757877519,0.08345919283139061,0.0898302368730619,0.22782510082818935,0.537684921158025,0.06598690281507494,0.4848233914543603,0.5811585015133949,0.17908596887849232,0.09140303311371736,0.10078677608119142,0.24671120423739007,0.1959685380498742,0.03391837159829733,0.17206978097619255,0.22584600844620906,0.5731579669650338,0.15593710757877519,0.0,0.0
all,domain,later_clean_any_path,B+M,random_forest,5,4000,0.09916151616733013,0.5627792727070825,0.08967716544881692,0.4943534323679728,0.637366798008091,0.1490178520628774,0.09160070981613445,0.08127745911580414,0.22124093651115695,0.5183891018697718,0.033623732954412996,0.4951780954217158,0.5458768895626747,0.08832923832923832,0.105562287676587,0.013636363636363636,0.17325307125307077,0.10955228116458518,0.010649627342313015,0.10056950871657636,0.11710144806107421,0.5627792727070825,0.1490178520628774,0.0,0.0
all,domain,later_clean_any_path,B+M+L,logistic,5,4000,0.09916151616733013,0.5760711010807756,0.08206189600243008,0.5081345652910382,0.635600398964205,0.1588476232716675,0.08772197106906195,0.08834458448962128,0.23599289306859744,0.5447174641963244,0.08015633301868083,0.4749588072266059,0.6011528797748614,0.18595259464976266,0.10367931793383343,0.10063520871143376,0.2624391275027392,0.19573125940287736,0.033522900612117414,0.17155697993414526,0.2252381771398765,0.5731579669650338,0.15593710757877519,0.002913134115741789,0.0029105156928923015
all,domain,later_clean_any_path,B+M+L,random_forest,5,4000,0.09916151616733013,0.5694132628030232,0.09005035481687461,0.4937978834887198,0.6362397761480583,0.1513622697177565,0.09783307728886727,0.07972250532150524,0.23551335277690724,0.509886179076376,0.022809950378700306,0.49736275275822467,0.5304532935135364,0.05026847421584264,0.07937171178902831,0.005555555555555555,0.11927133173843682,0.1056604608979688,0.010825368883078411,0.09685233269501847,0.1133766876815866,0.5627792727070825,0.1490178520628774,0.006633990095940678,0.002344417654879083
all,domain,later_clean_any_path,B+M+L+R,logistic,5,4000,0.09916151616733013,0.5931263732617748,0.0793849686704273,0.5266059015616346,0.6492700862728562,0.17105582480080556,0.08298661085553963,0.10143068545425316,0.2313061221253633,0.5504242879013507,0.08105810915193848,0.4845547401186434,0.6051192074008922,0.19648389165663743,0.10437641785674434,0.10677991565629943,0.2736616931386705,0.19395689873586663,0.03240936268516403,0.17087094227261648,0.2222910210456018,0.5731579669650338,0.15593710757877519,0.019968406296740904,0.01511871722203037
all,domain,later_clean_any_path,B+M+L+R,random_forest,5,4000,0.09916151616733013,0.7705217327146444,0.05091814408852561,0.7338448681089099,0.8134970598324681,0.2968826441738148,0.09212796469034235,0.2331350303099652,0.37805257527739783,0.5302363760072345,0.009580518608580462,0.5214198426899542,0.5359765578176002,0.11876998172108957,0.03441991793788875,0.08676167277953543,0.13855941105779332,0.08812065750627202,0.014763318757093318,0.07597318362407092,0.09866654483975887,0.5627792727070825,0.1490178520628774,0.2077424600075619,0.14786479211093742
all,domain,later_clean_enhancement_path,B,logistic,5,4000,0.05342010615266429,0.5279569572028384,0.1590566398052352,0.3814134515662193,0.6278395786366414,0.08672505612520309,0.04590764667578298,0.04587517472097656,0.1219950712923508,0.5334473500481363,0.11044755402356612,0.4333603017225659,0.6057984920243344,0.12106164154187463,0.08265717215523469,0.04766892480501778,0.17936047972395772,0.2263481535044199,0.03704017746716993,0.1974613820210888,0.25410140544096577,0.49912787713852913,0.06958143568689237,0.028829080064309287,0.01714362043831072
all,domain,later_clean_enhancement_path,B,random_forest,5,4000,0.05342010615266429,0.5360333933967796,0.09416107168505151,0.4573607319599756,0.6081012199763143,0.07511972331394841,0.04298245392044187,0.04519323966905618,0.10949040921663573,0.4985212569316081,0.003306570022180827,0.49556377079482444,0.5,0.0,0.0,0.0,0.0,0.06503162876959247,0.01680858439090649,0.05134381711521637,0.07731429832933896,0.5181699482786378,0.06714757538745697,0.017863445118141752,0.007972147926491438
all,domain,later_clean_enhancement_path,B+M,logistic,5,4000,0.05342010615266429,0.49912787713852913,0.12540860997846306,0.38434073871368757,0.5828110072128523,0.06958143568689237,0.035838775020669955,0.038541161433812435,0.09424394018556864,0.5051588642335859,0.07567533423468643,0.43773400108664423,0.5481778830463021,0.09886586016723002,0.05696647189020419,0.046917808219178084,0.13318181818181818,0.16912524851155966,0.02505740247114351,0.1511658827690114,0.1902775111006612,0.49912787713852913,0.06958143568689237,0.0,0.0
all,domain,later_clean_enhancement_path,B+M,random_forest,5,4000,0.05342010615266429,0.5181699482786378,0.07909917025557234,0.45407092967346807,0.5746357776440858,0.06714757538745697,0.03722388436037554,0.04047000440152536,0.09871542407747744,0.49926062846580405,0.0016532850110904135,0.4977818853974122,0.5,0.0,0.0,0.0,0.0,0.06281458163127207,0.01588188833386641,0.049671204060912556,0.07420678756022653,0.5181699482786378,0.06714757538745697,0.0,0.0
all,domain,later_clean_enhancement_path,B+M+L,logistic,5,4000,0.05342010615266429,0.5264119817790969,0.10562999509573867,0.43794493507551235,0.5966639352578785,0.07402238351089835,0.03439404671433606,0.04268866629142722,0.09488358675148219,0.5134923722983071,0.09177491109652333,0.43662192846316533,0.5792577095009493,0.10187078571106703,0.0749306024828702,0.03859487960841241,0.15656939683884089,0.1660668422342102,0.022546377889275156,0.14868102704430483,0.1845636706669711,0.49912787713852913,0.06958143568689237,0.02728410464056774,0.004440947824005975
all,domain,later_clean_enhancement_path,B+M+L,random_forest,5,4000,0.05342010615266429,0.5133521675393988,0.08522749497971811,0.44303855677512766,0.5742193418792899,0.06916718692795834,0.02748636745097473,0.049679532804982836,0.0930913057267532,0.499815157116451,0.0004133212527726096,0.499445471349353,0.5,0.0,0.0,0.0,0.0,0.061776428163937025,0.016376436379820673,0.04849176881584821,0.07374413629691762,0.5181699482786378,0.06714757538745697,-0.004817780739238997,0.0020196115405013704
all,domain,later_clean_enhancement_path,B+M+L+R,logistic,5,4000,0.05342010615266429,0.7852215703452541,0.0469475026982974,0.7515183815159183,0.822799890362662,0.21850421382210058,0.11154020336841615,0.13242603268203207,0.30376203046435746,0.7355058749269918,0.05259116361312968,0.6941606085361103,0.7768511413178734,0.2669593247358631,0.1097442411172688,0.18550610303946705,0.35434321653189577,0.13460252193946923,0.014913718526338432,0.1247948572747507,0.14688693389767105,0.49912787713852913,0.06958143568689237,0.28609369320672495,0.1489227781352082
all,domain,later_clean_enhancement_path,B+M+L+R,random_forest,5,4000,0.05342010615266429,0.8218049266080708,0.04661448759971719,0.7799750098127396,0.8512248740707185,0.22283138379514839,0.08245996334064858,0.16066697515509074,0.2873947801121019,0.5031823017474721,0.006353490229226015,0.49896694270956327,0.5089743024259362,0.015461973601508486,0.023808142010923156,0.0,0.03708359522313011,0.049402454408204545,0.014637238140323913,0.036176763269036516,0.059917219986710034,0.5181699482786378,0.06714757538745697,0.303634978329433,0.15568380840769142
all,domain,later_clean_suppression_path,B,logistic,5,4000,0.04807144353655981,0.589664105461064,0.06408208357939008,0.5489395594437712,0.645237036517819,0.12289253309945555,0.09829389496493383,0.061911045130468544,0.20928949912465394,0.5580252836863461,0.06701905246663949,0.5034159202379541,0.6058778008933,0.11674097042104932,0.05909069444100448,0.0675949148144945,0.16018379567221286,0.21669145340041673,0.052363799494808384,0.176488276601391,0.25709317319286146,0.5621884208157754,0.10062868946398114,0.0274756846452886,0.022263843635474415
all,domain,later_clean_suppression_path,B,random_forest,5,4000,0.04807144353655981,0.5871712236655148,0.05181574267917758,0.5468888504128262,0.6274535969182032,0.10485614257838538,0.058648354359050116,0.061375732576616715,0.15416326793275004,0.5165748058438736,0.03306702243836906,0.5,0.5452678571428572,0.05851063829787234,0.10862009498224541,0.0,0.15,0.056284835632405175,0.007946039443975912,0.050341237450477215,0.06284024257633272,0.5802711469213635,0.09654458800353263,0.006900076744151273,0.008311554574852748
all,domain,later_clean_suppression_path,B+M,logistic,5,4000,0.04807144353655981,0.5621884208157754,0.0788384131162909,0.517499625198248,0.6318650668682938,0.10062868946398114,0.0963277605582367,0.04749768620253919,0.18804578269391664,0.5469982887569378,0.05606396099255417,0.49850707408925243,0.5856438285679061,0.11006054651794712,0.0554918416752949,0.06387809721143053,0.14730537435716023,0.189500882997375,0.05332610263433628,0.14966720415673138,0.23383212121164892,0.5621884208157754,0.10062868946398114,0.0,0.0
all,domain,later_clean_suppression_path,B+M,random_forest,5,4000,0.04807144353655981,0.5802711469213635,0.05462813107906619,0.5479323089075473,0.6283781644942015,0.09654458800353263,0.060142856059331486,0.052926174280860536,0.148921259082058,0.499768875192604,0.0005168107806240006,0.499306625577812,0.5,0.0,0.0,0.0,0.0,0.05594245088730256,0.00726538431881872,0.05062853456082528,0.06166275318458269,0.5802711469213635,0.09654458800353263,0.0,0.0
all,domain,later_clean_suppression_path,B+M+L,logistic,5,4000,0.04807144353655981,0.5662641005202962,0.07144510033115505,0.5248731551816828,0.6297941606894393,0.09882936069888756,0.09342652723234711,0.04784050500317514,0.18389616524550872,0.5475811972567504,0.05676397226904419,0.4970821374929847,0.5849716812719399,0.10989473309294093,0.055643686315677454,0.06170053548694325,0.14738125117661957,0.19127733669436553,0.05429039535741619,0.15067619650738157,0.2362261466346145,0.5621884208157754,0.10062868946398114,0.004075679704520829,-0.0017993287650935746
all,domain,later_clean_suppression_path,B+M+L,random_forest,5,4000,0.04807144353655981,0.5935628268846683,0.056225453625532794,0.5497224220206101,0.6374032317487266,0.10765044301023008,0.056683264078065565,0.06149184774152194,0.15118176416687953,0.5089408155403918,0.02020829754581452,0.499768875192604,0.5270535714285713,0.032432432432432434,0.07252112359458779,0.0,0.0972972972972973,0.0541964447824864,0.006438852429673692,0.04968321404468504,0.05938607978323768,0.5802711469213635,0.09654458800353263,0.013291679963304825,0.011105855006697446
all,domain,later_clean_suppression_path,B+M+L+R,logistic,5,4000,0.04807144353655981,0.8660592016608245,0.03650695074362208,0.8386356922198772,0.8943209146575942,0.41478508607331693,0.11925303060981325,0.32052594336780266,0.5090442287788312,0.7738460500575053,0.034591575598169035,0.7499015889394751,0.8048946167368587,0.2978322637949513,0.061710429757929605,0.2518562812087992,0.34566243549294395,0.12238554683892384,0.0329531891868524,0.09793447631262372,0.14775156069132722,0.5621884208157754,0.10062868946398114,0.30387078084504915,0.3141563966093358
all,domain,later_clean_suppression_path,B+M+L+R,random_forest,5,4000,0.04807144353655981,0.8689904237816288,0.04516385499889141,0.8292900439073637,0.8981783924577117,0.3235161352307382,0.10458452569602368,0.2476230527239643,0.41146289247601675,0.5231067127426033,0.03684337450356927,0.5020104145131279,0.5555174270283176,0.08432194283258113,0.12340194595198195,0.01111111111111111,0.19235976789168277,0.04249859597381307,0.008449112974117459,0.036508140038887776,0.04957111730995023,0.5802711469213635,0.09654458800353263,0.28871927686026533,0.22697154722720556
all,domain,later_enhancement_path,B,logistic,5,4000,0.05745949437809903,0.534178273370705,0.1753763947749527,0.3719278281355646,0.638043221181726,0.09606758284989383,0.04897607930465909,0.05343003933424288,0.12822032253800447,0.5524099478731196,0.10893404672814486,0.4513988548005409,0.6144040742452249,0.1382416662681142,0.08958873749632841,0.05898058252427185,0.20278325123152713,0.22203401058076663,0.04061333614434913,0.1900221157064547,0.2524934751878678,0.5014115015521424,0.07743383330977724,0.03276677181856258,0.018633749540116595
all,domain,later_enhancement_path,B,random_forest,5,4000,0.05745949437809903,0.545932723788851,0.11391351419964002,0.4485885723351662,0.6266706897176615,0.08708858316453197,0.04770862854556299,0.04962142565461432,0.12466264281730713,0.4985212569316081,0.003306570022180827,0.49556377079482444,0.5,0.0,0.0,0.0,0.0,0.06838549024383202,0.016331246395862725,0.055460637433456896,0.0804606383201888,0.5267648434951614,0.07353518271529545,0.019167880293689654,0.013553400449236516
all,domain,later_enhancement_path,B+M,logistic,5,4000,0.05745949437809903,0.5014115015521424,0.13961233227364422,0.37701108385543014,0.5873480583639706,0.07743383330977724,0.03795193826281521,0.04465755207011775,0.10172920746684147,0.5033455461527623,0.06345232019589807,0.4465412759533032,0.5405162377450982,0.09539819569917728,0.05687119730551791,0.04433995123650296,0.13230516817063165,0.16548304286765553,0.02552637361806049,0.14818172079388137,0.18795993356569562,0.5014115015521424,0.07743383330977724,0.0,0.0
all,domain,later_enhancement_path,B+M,random_forest,5,4000,0.05745949437809903,0.5267648434951614,0.09402072307763158,0.4509538753579065,0.5973547794117648,0.07353518271529545,0.03706479629581618,0.043779605097462274,0.10292880564688944,0.4985212569316081,0.003306570022180827,0.49556377079482444,0.5,0.0,0.0,0.0,0.0,0.06656880490944171,0.016071803463321866,0.05418141059178412,0.07812245967742655,0.5267648434951614,0.07353518271529545,0.0,0.0
all,domain,later_enhancement_path,B+M+L,logistic,5,4000,0.05745949437809903,0.5249687297007927,0.12334136002370724,0.41720144078091437,0.6056044730392157,0.08087398964329749,0.037925320528849185,0.04639436434123247,0.1027838986930836,0.522494534152816,0.08213531542239448,0.45159047365520244,0.578609068627451,0.1139432026492079,0.07494462871913381,0.04828660436137071,0.16676035104721906,0.16282844252777837,0.02207190884590288,0.1470528311173731,0.18181172997186,0.5014115015521424,0.07743383330977724,0.023557228148650244,0.003440156333520253
all,domain,later_enhancement_path,B+M+L,random_forest,5,4000,0.05745949437809903,0.533770034083165,0.1310800318412602,0.4219880023049364,0.6264513700119605,0.07747675074530062,0.03898777331332077,0.0477610929401212,0.10690809210867361,0.49907578558225507,0.0020666062638630234,0.49722735674676527,0.5,0.0,0.0,0.0,0.0,0.06491659908860356,0.0158610989925272,0.052489112030629025,0.07620947252975666,0.5267648434951614,0.07353518271529545,0.00700519058800364,0.003941568030005171
all,domain,later_enhancement_path,B+M+L+R,logistic,5,4000,0.05745949437809903,0.797597589810128,0.04828201119680644,0.7624680133701769,0.8379696961893593,0.2363787602223321,0.12954025603262584,0.13478932274409955,0.32989297388056066,0.7479316156317839,0.05171388409270894,0.705061433076003,0.7861573489106267,0.29628369610549976,0.10579656772797882,0.2156457401285949,0.37692165208240463,0.12923242013359404,0.014897329368183559,0.11925035936635738,0.14226631764696468,0.5014115015521424,0.07743383330977724,0.29618608825798554,0.15894492691255485
all,domain,later_enhancement_path,B+M+L+R,random_forest,5,4000,0.05745949437809903,0.836342187592025,0.0422379425489018,0.7985228516545251,0.8621647673409127,0.25049544932603435,0.11177762888851463,0.16469070719694515,0.33426165618239223,0.5149351549191765,0.026224472897580536,0.4990027573529412,0.5389945528971178,0.0553617810760668,0.08890153958891038,0.0,0.1369944341372913,0.051533903557467356,0.013864545304187473,0.03926970059032051,0.06073947880566869,0.5267648434951614,0.07353518271529545,0.30957734409686366,0.17696026661073888
all,domain,later_neighbor_damage_any_path,B,logistic,5,4000,0.06990929883371744,0.6188571169953708,0.08294404721657277,0.5424641250542664,0.6754883993681624,0.1388245987978442,0.05328704907066135,0.09622721783915779,0.18023774739109405,0.562877821806647,0.07755338954235004,0.5111865330752707,0.6266448882680049,0.15310017677882368,0.07885163648028624,0.09401507583325766,0.21390237669307438,0.2132174927880235,0.05234297296193864,0.17376009585674962,0.2530191161754332,0.5909688806659158,0.10475126247151686,0.02788823632945503,0.034073336326327336
all,domain,later_neighbor_damage_any_path,B,random_forest,5,4000,0.06990929883371744,0.5878632569221315,0.08205572260651893,0.5241476303361599,0.6454619243628856,0.10998602020660742,0.05249572302182344,0.06879094947711242,0.15118109093610238,0.4974031404854998,0.003579064814597915,0.4945762853618249,0.5,0.0,0.0,0.0,0.0,0.07899927461531865,0.024090686014789257,0.06002407292239448,0.0985379657835856,0.5697699502551089,0.11059684951623885,0.01809330666702258,-0.0006108293096314388
all,domain,later_neighbor_damage_any_path,B+M,logistic,5,4000,0.06990929883371744,0.5909688806659158,0.06162509255305961,0.533382887852216,0.6280374006354028,0.10475126247151686,0.05213710187156254,0.06843477957669518,0.14547635294469796,0.5324980623458961,0.03549424458861097,0.5018550184525993,0.5598554734816058,0.137187019797614,0.07169632806423394,0.0898430300382403,0.20109766267003493,0.17694317558093584,0.033439713312642144,0.15087033562123903,0.20122684885080339,0.5909688806659158,0.10475126247151686,0.0,0.0
all,domain,later_neighbor_damage_any_path,B+M,random_forest,5,4000,0.06990929883371744,0.5697699502551089,0.046259918834192386,0.5343919190278699,0.6051479814823478,0.11059684951623885,0.056160832551991724,0.07233470711911866,0.1606318691989877,0.5,0.0,0.5,0.5,0.0,0.0,0.0,0.0,0.07702042485670882,0.02424375702462403,0.05933468776361478,0.09687933898471902,0.5697699502551089,0.11059684951623885,0.0,0.0
all,domain,later_neighbor_damage_any_path,B+M+L,logistic,5,4000,0.06990929883371744,0.5916996750770893,0.058570497243126005,0.53721491488179,0.6241860893211643,0.10478004948278496,0.05249527326792755,0.0685196701898999,0.14852643164421936,0.5290397095015452,0.03428717643883017,0.5045333692332943,0.5534994957055679,0.13326036022272258,0.06933885759108435,0.09175276870064973,0.19524077624061106,0.1763737638021426,0.03119169594614347,0.15187380368728956,0.19950932414833566,0.5909688806659158,0.10475126247151686,0.0007307944111735187,2.8787011268099905e-05
all,domain,later_neighbor_damage_any_path,B+M+L,random_forest,5,4000,0.06990929883371744,0.5695039797800148,0.036920822036016314,0.5415990497005807,0.5980457666295984,0.08660673025950752,0.027187315706971617,0.06708881984461224,0.10905197757026427,0.5,0.0,0.5,0.5,0.0,0.0,0.0,0.0,0.07598947117891464,0.024173441621005713,0.058821471796331015,0.09652605999034088,0.5697699502551089,0.11059684951623885,-0.00026597047509413496,-0.023990119256731335
all,domain,later_neighbor_damage_any_path,B+M+L+R,logistic,5,4000,0.06990929883371744,0.8245927303078309,0.04551469184835148,0.7866671981917157,0.8544197001365035,0.32962723831963353,0.14633835613098972,0.21763106723953726,0.4399578258532796,0.7344118688044653,0.034213271533811256,0.7055462710364026,0.7568318425781664,0.32666036745421134,0.09491867952526287,0.255926924228811,0.40542805613345667,0.12659688992495705,0.025691004163189653,0.1068072841808447,0.14698710922163735,0.5909688806659158,0.10475126247151686,0.23362384964191507,0.22487597584811667
all,domain,later_neighbor_damage_any_path,B+M+L+R,random_forest,5,4000,0.06990929883371744,0.839112139774803,0.02770491596946807,0.8147945572610823,0.8602364682392833,0.3581984306355544,0.09416528677282267,0.2850272787624795,0.4313695825086293,0.5747208181047393,0.03465526991697005,0.5451967077241004,0.5997149943356452,0.23326669296818547,0.08607974360042338,0.15782861753011007,0.2945054945054945,0.05822705779890858,0.017448319527920714,0.045281635548906865,0.07300477460994634,0.5697699502551089,0.11059684951623885,0.26934218951969413,0.24760158111931554
all,domain,later_suppression_path,B,logistic,5,4000,0.051217438368601154,0.6011959746656643,0.05947810861194519,0.5616076374605633,0.6526285804925859,0.12302349455081638,0.0966768689019193,0.06391225059200897,0.21042107086763137,0.5605119403160644,0.07283416068058382,0.5008391608391609,0.6158940581981824,0.12297881009427969,0.06500751655510845,0.06798497569597879,0.17243966079582518,0.21637015730925646,0.052290911942173876,0.17633841311234966,0.2569451981321152,0.5695786851525243,0.10113758681142904,0.03161728951314002,0.02188590773938734
all,domain,later_suppression_path,B,random_forest,5,4000,0.051217438368601154,0.5763027881905881,0.06230526619103428,0.5325145040472151,0.6291764485514486,0.10895619830187894,0.06296109459217279,0.060699452824838296,0.15852944019969256,0.5161728560786363,0.03321788047815791,0.5,0.5452678571428572,0.05740740740740741,0.10885045933100441,0.0,0.15,0.0598909836576489,0.010704100663135657,0.05161431847596708,0.06890837481579991,0.5593885888043623,0.10539230807931466,0.016914199386225848,0.0035638902225642866
all,domain,later_suppression_path,B+M,logistic,5,4000,0.051217438368601154,0.5695786851525243,0.07736835162952062,0.5233078917391697,0.6379672205028533,0.10113758681142904,0.09286285441347977,0.04942283933884649,0.18431248962937136,0.5483273462442597,0.05718130335174829,0.5055225087412587,0.5901773172631757,0.11390106459415743,0.06048250061541706,0.06294208407597206,0.15818239306201726,0.182380970065758,0.05266963579543116,0.143033181278845,0.2256175358299659,0.5695786851525243,0.10113758681142904,0.0,0.0
all,domain,later_suppression_path,B+M,random_forest,5,4000,0.051217438368601154,0.5593885888043623,0.07131050773517475,0.5145075285246092,0.6218263313502779,0.10539230807931466,0.06859090605341095,0.054387556978096364,0.1631463157540533,0.5122173526054062,0.02711108954708523,0.5,0.5364285714285714,0.04587884806355511,0.09240263080359376,0.0,0.12631578947368421,0.059710106405114004,0.009283944125860042,0.05334564331914705,0.0675369145299321,0.5593885888043623,0.10539230807931466,0.0,0.0
all,domain,later_suppression_path,B+M+L,logistic,5,4000,0.051217438368601154,0.5722242721455937,0.0726478502117265,0.5270494713788852,0.6381340903025334,0.10209087674526929,0.09500776823450933,0.04981941818943574,0.18665645554272964,0.55400674489919,0.05055354110221395,0.5151082114118581,0.5920798888266848,0.11798701487073582,0.05342390804912948,0.07525223613595707,0.16152250640622734,0.18386226333942535,0.053739298277684595,0.14362193065483342,0.22791098219018763,0.5695786851525243,0.10113758681142904,0.002645586993069382,0.0009532899338402512
all,domain,later_suppression_path,B+M+L,random_forest,5,4000,0.051217438368601154,0.5710433208911476,0.08289658048471242,0.5072667165028947,0.6348199252794008,0.10011954375955238,0.05862367390883162,0.0544871097651632,0.1457519777539416,0.5023593871082189,0.006438577783684624,0.4991242402457356,0.5081287462537463,0.011428571428571429,0.025555062599997593,0.0,0.03428571428571429,0.05745987621056199,0.009017760787811694,0.05126120455693371,0.0650641622305222,0.5593885888043623,0.10539230807931466,0.011654732086785358,-0.0052727643197622714
all,domain,later_suppression_path,B+M+L+R,logistic,5,4000,0.051217438368601154,0.865370296513078,0.0400647106527429,0.8351224600986512,0.896635241349299,0.40966336909344536,0.10287574984384314,0.3284474136283579,0.4908793245585327,0.7650629536277497,0.041630109354712,0.7420556048078866,0.803526772736969,0.30182381603553815,0.06136267917571526,0.2542102866214034,0.3494373454496729,0.12027582347100349,0.03408771837949124,0.09473605420335965,0.1461055545724651,0.5695786851525243,0.10113758681142904,0.29579161136055365,0.3085257822820163
all,domain,later_suppression_path,B+M+L+R,random_forest,5,4000,0.051217438368601154,0.8719788648558691,0.050577434971804974,0.8292602610234177,0.9038679099965833,0.32529168374897355,0.09149699618840058,0.26972519290222824,0.40371437831153534,0.5225911403231226,0.03292193379837645,0.5014315433119702,0.5512283204506874,0.08335877551851174,0.10902370437410873,0.01111111111111111,0.1779080417658912,0.044823528642416045,0.010662219335429254,0.037251066616047324,0.05403486815094675,0.5593885888043623,0.10539230807931466,0.3125902760515068,0.2198993756696589
all,domain,later_target_any_path,B,logistic,5,4000,0.10579134366925065,0.6061032125392388,0.10111333951056167,0.5147316575672793,0.6723679853969111,0.18698857535393398,0.08965143655425635,0.10906911887550397,0.25358451141085514,0.5639280671980513,0.09060702032836009,0.48013415301251045,0.62099240021361,0.22493660985839173,0.12351143263221234,0.11354129741226518,0.30738402318893565,0.22203296591651034,0.04116845888318093,0.19014949744909232,0.25391643438392836,0.5816588507319869,0.16757590978694187,0.024444361807251958,0.019412665566992116
all,domain,later_target_any_path,B,random_forest,5,4000,0.10579134366925065,0.572716222986532,0.0976551910670959,0.4993641123578458,0.6536281918756102,0.17340476435893365,0.10349155510210145,0.09389939849314495,0.25928548510698113,0.5106758064542565,0.024802427681052966,0.493461200217509,0.5302178401227658,0.07896660507111036,0.08279375896561805,0.01616161616161616,0.14177159398060454,0.1144267552970605,0.0156857930837738,0.10253111840781023,0.12706092529149435,0.5710442069433477,0.15397650303795257,0.0016720160431843434,0.019428261320981077
all,domain,later_target_any_path,B+M,logistic,5,4000,0.10579134366925065,0.5816588507319869,0.08518057926473264,0.5119107685701878,0.6419494592072962,0.16757590978694187,0.08726157034973267,0.09657354302754617,0.23771449903902,0.5413390535404526,0.06525782152263182,0.485212569926927,0.5864261457039989,0.18807496046074423,0.10096661909282595,0.1032258064516129,0.26269503546099293,0.1904524818630624,0.03460926011403,0.16582224249497388,0.22185576395949108,0.5816588507319869,0.16757590978694187,0.0,0.0
all,domain,later_target_any_path,B+M,random_forest,5,4000,0.10579134366925065,0.5710442069433477,0.07915841489689437,0.5102292250183786,0.6323034797006097,0.15397650303795257,0.08641212022230206,0.08542487253202868,0.2184533171140708,0.5069629438863307,0.025851306706820773,0.4878029971559833,0.5281051057255277,0.05812765957446808,0.08328671700526812,0.0,0.1301276595744681,0.11386754376414684,0.013610800625527036,0.10312657772116665,0.12498777834290968,0.5710442069433477,0.15397650303795257,0.0,0.0
all,domain,later_target_any_path,B+M+L,logistic,5,4000,0.10579134366925065,0.5843730787439101,0.09146532909294613,0.5112103429982826,0.6489475585471861,0.16881279605140911,0.08855775689880674,0.0969982897910491,0.23924655190586738,0.545909404839868,0.07086685765937875,0.48423930342734467,0.5953830698035206,0.1909497618898863,0.10045302331758448,0.10609300080740831,0.2637247176254268,0.1903978775585875,0.03439421650232309,0.16537053299120305,0.22178148658477764,0.5816588507319869,0.16757590978694187,0.0027142280119232254,0.0012368862644672463
all,domain,later_target_any_path,B+M+L,random_forest,5,4000,0.10579134366925065,0.5761232768003601,0.09727777143992708,0.49916727546070394,0.6460581645586826,0.16255241343403043,0.09717269971435917,0.08629468354450358,0.2407429751589923,0.5065608464072355,0.018742751593885068,0.49479435572084884,0.5230146126794561,0.043104465866614206,0.06685795907955365,0.0,0.09887861499114696,0.11062415912397734,0.013578426119421925,0.10074463653172243,0.12211566028618297,0.5710442069433477,0.15397650303795257,0.005079069857012453,0.008575910396077857
all,domain,later_target_any_path,B+M+L+R,logistic,5,4000,0.10579134366925065,0.5930984005084475,0.08828293728221728,0.5196685146410329,0.6553336458524311,0.17536982522529854,0.0886514000160042,0.09895792858013774,0.24657656174882675,0.5539682117711716,0.07069704382976566,0.494595608717405,0.6020443933684163,0.2040607350311993,0.10202784382220004,0.11554639665952707,0.2729031144797588,0.1900206437728052,0.03449213707341955,0.16541945132764688,0.22129093166391348,0.5816588507319869,0.16757590978694187,0.011439549776460667,0.007793915438356669
all,domain,later_target_any_path,B+M+L+R,random_forest,5,4000,0.10579134366925065,0.7746454337487714,0.05889270160060713,0.7323699759843942,0.8233132959435749,0.29560270300911273,0.11643045152320944,0.19495727000136118,0.3840747024204665,0.5255591914684223,0.015460785978920533,0.511669537575038,0.5359277798495573,0.10363507414571245,0.06296667888771448,0.04686524822695035,0.14618826563507414,0.09214656040463501,0.016343382099981447,0.07894319779211581,0.10533922838550974,0.5710442069433477,0.15397650303795257,0.2036012268054237,0.14162619997116016
all,record,later_capability_damage_any_path,B,logistic,5,4000,0.08675000000000001,0.566589441080976,0.09799304251477936,0.4922280876656309,0.6409507944963209,0.1281543381447927,0.04471608726650075,0.09574591969753607,0.16507692482759675,0.545911667408993,0.08755421735457874,0.47863165512814143,0.6114539242280848,0.16681680650837913,0.05022719479818784,0.12708415318054284,0.20540917905623785,0.24784550181476664,0.01567242051121524,0.23758773115119008,0.26122687360828917,0.5617925522313217,0.11622127427999981,0.004796888849654235,0.011933063864792898
all,record,later_capability_damage_any_path,B,random_forest,5,4000,0.08675000000000001,0.5542863913003926,0.07175096105219377,0.4940302778359721,0.6027077516641198,0.11539907430248439,0.039414275508793374,0.08645128282732911,0.1488368661030081,0.4967638624581241,0.0029543849850468054,0.49459867538478897,0.49892904953145917,0.0,0.0,0.0,0.0,0.09649922360328764,0.012443303433319904,0.08694808551759396,0.10604249183729801,0.5374308833709088,0.11456140124984529,0.01685550792948376,0.0008376730526390985
all,record,later_capability_damage_any_path,B+M,logistic,5,4000,0.08675000000000001,0.5617925522313217,0.09198519308631166,0.490402329668216,0.6395330032505754,0.11622127427999981,0.043632739830394444,0.08790532939251773,0.15614171005899313,0.5317790050694186,0.0696399289632869,0.4706200815224447,0.5831157634050056,0.15746526950861314,0.04549872703768346,0.12202217459183402,0.19290836442539228,0.2444189571104456,0.016670917194216175,0.23185155572990762,0.25707505683320225,0.5617925522313217,0.11622127427999981,0.0,0.0
all,record,later_capability_damage_any_path,B+M,random_forest,5,4000,0.08675000000000001,0.5374308833709088,0.09660883730732002,0.4623833350773072,0.60844159089085,0.11456140124984529,0.04977766079130983,0.08061284879276195,0.15943867126607433,0.5070084485407066,0.01567136735382919,0.5,0.5210253456221199,0.02622950819672131,0.05865096334425678,0.0,0.07868852459016393,0.09603256293287324,0.015169108516057852,0.08445634324318177,0.1076038355389007,0.5374308833709088,0.11456140124984529,0.0,0.0
all,record,later_capability_damage_any_path,B+M+L,logistic,5,4000,0.08675000000000001,0.5596662905756171,0.09343344201961956,0.4886440973349477,0.63799958273178,0.11720857738154407,0.04813935944491452,0.0863826488789631,0.16128850523991542,0.5304396161733005,0.06648469065328981,0.47564772811959133,0.582443894125011,0.15709926093558962,0.04305524582208476,0.12313385911209032,0.1910646627590889,0.24452545213797938,0.01741178141518878,0.23147255781481482,0.2581383778469185,0.5617925522313217,0.11622127427999981,-0.00212626165570462,0.000987303101544254
all,record,later_capability_damage_any_path,B+M+L,random_forest,5,4000,0.08675000000000001,0.5350933588918508,0.0869793997074229,0.45758337847651304,0.5914192804849343,0.1224927621271715,0.06144928684513824,0.07920844263164838,0.17740948833702325,0.5,0.0,0.5,0.5,0.0,0.0,0.0,0.0,0.09378196957407459,0.014664720645483692,0.08269765928606415,0.10486627986208501,0.5374308833709088,0.11456140124984529,-0.002337524479057995,0.00793136087732621
all,record,later_capability_damage_any_path,B+M+L+R,logistic,5,4000,0.08675000000000001,0.8341376147545884,0.04002364262346912,0.8015221185249889,0.8659739507885806,0.3828248548002557,0.06812876017480886,0.34028436032169945,0.4426127160678153,0.7596355971449875,0.04575672962148468,0.7238640560588249,0.7939324684512145,0.3650932110372596,0.045311562280062855,0.3322736519156993,0.402314154478722,0.1549613348898588,0.01934367543453735,0.13946287059535498,0.16922121306381316,0.5617925522313217,0.11622127427999981,0.2723450625232666,0.2666035805202559
all,record,later_capability_damage_any_path,B+M+L+R,random_forest,5,4000,0.08675000000000001,0.8216920640250496,0.05704988425238487,0.7717398873600113,0.858678868909317,0.33849000581359423,0.06441235515751739,0.2805593782163984,0.3761555208158444,0.5502725775080693,0.029030883692025177,0.5292230651029572,0.5720927237566543,0.17892492869196422,0.08287646865067289,0.11863417110941862,0.23959276018099546,0.07372984896012771,0.014274080638287246,0.0631309699239412,0.08484834529760858,0.5374308833709088,0.11456140124984529,0.28426118065414074,0.22392860456374894
all,record,later_clean_any_path,B,logistic,5,4000,0.10225,0.6154263821729641,0.04526629361638952,0.5791371202878388,0.6496290776599192,0.16277934783461906,0.04849026573816512,0.1297394011117286,0.2069170813610334,0.5729618416145115,0.03168812740601141,0.5488341316160144,0.598052746019439,0.21529998263332067,0.04893157267420398,0.1779252385058651,0.2526747267607761,0.23233402155166866,0.019967761698046992,0.21767663657995945,0.24979999956014498,0.6394784113046426,0.1644514039396555,-0.024052029131678476,-0.001672056105036429
all,record,later_clean_any_path,B,random_forest,5,4000,0.10225,0.6456536795249679,0.033223307572575654,0.6181957441423707,0.6700062000327192,0.16901790853928803,0.0368269458874693,0.14494813370153198,0.19979881643277506,0.5111394188837082,0.01880109146238909,0.4976184704700427,0.5268565273265234,0.06546362720043758,0.05835282340960903,0.021635420821699242,0.11300373909430825,0.10977858219117007,0.010754920001289097,0.10091754056279374,0.11784641694434059,0.6701955931063714,0.1881605969036598,-0.024541913581403563,-0.019142688364371774
all,record,later_clean_any_path,B+M,logistic,5,4000,0.10225,0.6394784113046426,0.03756691592916441,0.6110025262294438,0.6679542963798413,0.1644514039396555,0.026963022786665045,0.14293742578785004,0.18428443657611687,0.6001731587248806,0.012808597227898238,0.592714720378115,0.6117528835779896,0.23430320291929627,0.04046871782915069,0.20454189762994499,0.2640645082086476,0.22647447412700666,0.02980548955745431,0.20488279522047131,0.25025658217399,0.6394784113046426,0.1644514039396555,0.0,0.0
all,record,later_clean_any_path,B+M,random_forest,5,4000,0.10225,0.6701955931063714,0.041574558974432234,0.6363319527657457,0.6989697761407095,0.1881605969036598,0.026200547773177877,0.16831277999919464,0.20800841380812493,0.5126351434560005,0.02289649409177123,0.49582353011627883,0.5318227751835805,0.0635937692120239,0.07082247792686527,0.011211840888066604,0.12169553885773425,0.1063905471369048,0.012801403914165429,0.09644548338068806,0.11633561089312153,0.6701955931063714,0.1881605969036598,0.0,0.0
all,record,later_clean_any_path,B+M+L,logistic,5,4000,0.10225,0.6457390204276685,0.040524448397774346,0.6150022507672217,0.6757181412446587,0.1669086439752367,0.03276823402950929,0.14386239200462797,0.1962147706106446,0.6065247806767271,0.018981453280493638,0.5927464859434822,0.621409395881262,0.23880151069712902,0.036113188138218864,0.2114792003445886,0.26679407548972767,0.22460841356085845,0.027070896789389218,0.2046226934634705,0.2461433495595195,0.6394784113046426,0.1644514039396555,0.006260609123025951,0.002457240035581204
all,record,later_clean_any_path,B+M+L,random_forest,5,4000,0.10225,0.6696015850347719,0.04287163591797467,0.6367331339530792,0.7043244806654387,0.18637051146950634,0.027208100515697838,0.1666101702437659,0.20963765445402097,0.5202478939035305,0.02591307408646642,0.5029944037543805,0.542647088174478,0.08380704101406429,0.08279521637641074,0.02766057196436943,0.15553618134263295,0.10396535466035424,0.013625328825907255,0.0934954042008943,0.11443530511981415,0.6701955931063714,0.1881605969036598,-0.0005940080715995943,-0.00179008543415346
all,record,later_clean_any_path,B+M+L+R,logistic,5,4000,0.10225,0.6294399391147008,0.02341440052939897,0.6104179253143764,0.6458827641102838,0.16775626025155999,0.03907429897015847,0.1383763550001777,0.19834008753458124,0.5912291644687229,0.012991099314272005,0.582098248294662,0.6016912341206834,0.22904898492687184,0.042642392009217614,0.19835858387904073,0.26155168790608757,0.2232877191529632,0.023936694328138674,0.20550913455237857,0.2429817518794975,0.6394784113046426,0.1644514039396555,-0.010038472189941805,0.003304856311904497
all,record,later_clean_any_path,B+M+L+R,random_forest,5,4000,0.10225,0.7829973776256643,0.0269777710034694,0.7602163404203164,0.8009381907019355,0.2830792950970651,0.09414846852286782,0.2255890881423151,0.3641901614540983,0.5173742853741597,0.020472877082595986,0.5016990828876394,0.5327272257177278,0.07751369935231837,0.06213128190216068,0.028059990324141266,0.12535728762143855,0.0910260284504292,0.009578604304324716,0.08379879450938676,0.09825326239147165,0.6701955931063714,0.1881605969036598,0.1128017845192929,0.09491869819340529
all,record,later_clean_enhancement_path,B,logistic,5,4000,0.05450000000000001,0.5728739050574034,0.05013325981033911,0.5344262570594106,0.6132184867891401,0.08416476132995752,0.023428866692904504,0.06745265519212193,0.10517490241440651,0.552329459936555,0.027048939378472008,0.5380098040019197,0.5768504542263568,0.11852137164359,0.020255661257915995,0.1041479119736058,0.13595231376016828,0.24160541796546045,0.027902829981963712,0.22343299114149406,0.2668012299572223,0.6208803552516657,0.09398392151243795,-0.04800645019426231,-0.009819160182480427
all,record,later_clean_enhancement_path,B,random_forest,5,4000,0.05450000000000001,0.5593001217820308,0.01672102799264883,0.5457790546345901,0.571021719858156,0.07396447838745128,0.018912013138839407,0.060868458504099165,0.09089350539339884,0.4978975032851511,0.004701325576872083,0.4936925098554534,0.5,0.0,0.0,0.0,0.0,0.06729500916146632,0.0087414993433893,0.05976440867224858,0.07360025596386183,0.5983136572936293,0.07494005906340988,-0.039013535511598474,-0.0009755806759585983
all,record,later_clean_enhancement_path,B+M,logistic,5,4000,0.05450000000000001,0.6208803552516657,0.041039994507652104,0.5895752010088551,0.6531424211063589,0.09398392151243795,0.014566461066656076,0.08253784311266392,0.10513362764257188,0.5650955191497363,0.029247760102098442,0.5409787339057337,0.5863775733683749,0.12541660125583742,0.016738680217466766,0.11115910092004169,0.1363423248835683,0.2245741271741702,0.03477194712898269,0.20210767937765853,0.25488368049642574,0.6208803552516657,0.09398392151243795,0.0,0.0
all,record,later_clean_enhancement_path,B+M,random_forest,5,4000,0.05450000000000001,0.5983136572936293,0.03211754114264466,0.5720136232819353,0.6221547935226571,0.07494005906340988,0.012524115215179503,0.06580066795671219,0.08557414934236093,0.49894875164257557,0.0023506627884360416,0.4968462549277267,0.5,0.0,0.0,0.0,0.0,0.06439418037929176,0.00957465740313822,0.057138061596945275,0.07216957461057436,0.5983136572936293,0.07494005906340988,0.0,0.0
all,record,later_clean_enhancement_path,B+M+L,logistic,5,4000,0.05450000000000001,0.644828504760717,0.051206560126446844,0.6061644101929946,0.6834925993284393,0.1004920110821453,0.022912617874403404,0.08482931516045587,0.11979113825567907,0.5926934528493358,0.035915334219747935,0.565132824252858,0.6201266573166212,0.13843625448561597,0.011330760658520777,0.1297355887839617,0.14844882710672305,0.2192234967976257,0.029480230800660055,0.20012569631410662,0.24449816374793035,0.6208803552516657,0.09398392151243795,0.02394814950905122,0.006508089569707345
all,record,later_clean_enhancement_path,B+M+L,random_forest,5,4000,0.05450000000000001,0.6036520935046462,0.03368632413242006,0.5795012266221979,0.6332410205238066,0.08387711736699177,0.02270789499079767,0.06610166534480742,0.10198936564358685,0.4994755735326325,0.0008564371085188909,0.49881734559789753,0.5,0.0,0.0,0.0,0.0,0.06260224469618544,0.009379231989022642,0.05543288521398544,0.07005107539071856,0.5983136572936293,0.07494005906340988,0.005338436211016928,0.008937058303581893
all,record,later_clean_enhancement_path,B+M+L+R,logistic,5,4000,0.05450000000000001,0.8156518122136044,0.017300310844208276,0.8008479387099625,0.8284843195272605,0.2659456220045877,0.06024207317751987,0.21360241047452985,0.3094508813317661,0.7441829295521574,0.03199358574892601,0.7199675783416339,0.7685544935754954,0.2637371808463911,0.026648789171494408,0.24274509803921568,0.28229692645778287,0.15028885101522801,0.03303774044228829,0.12574205245356307,0.17506858537698677,0.6208803552516657,0.09398392151243795,0.19477145696193865,0.17196170049214976
all,record,later_clean_enhancement_path,B+M+L+R,random_forest,5,4000,0.05450000000000001,0.8347203170992292,0.023316646174876013,0.8166796136917838,0.8527872309527791,0.2717960540635707,0.03655093063584479,0.24789734085107568,0.3033393607075087,0.5109415619980373,0.003423645453954523,0.5083326390151116,0.5135504849809629,0.045379823753961754,0.010670361076892355,0.036762246117084826,0.05328550932568149,0.05016665164560472,0.007299680881835131,0.044898641040662865,0.05613404863587175,0.5983136572936293,0.07494005906340988,0.23640665980559994,0.19685599500016082
all,record,later_clean_suppression_path,B,logistic,5,4000,0.04975,0.5979188297838769,0.07045117169462846,0.5465412861823057,0.6549390369066335,0.0767185358559778,0.02752658792197238,0.05683806577061825,0.0991413020565394,0.5352915394158234,0.041811977999381564,0.502844518456503,0.5669527195536769,0.09556238785538791,0.031467276439426956,0.07341048032628461,0.12179922747376579,0.21903314558478928,0.02164854751264548,0.20335248436080486,0.23725237929316867,0.5591166199052224,0.06966654323362384,0.03880220987865446,0.007051992622353967
all,record,later_clean_suppression_path,B,random_forest,5,4000,0.04975,0.6300633966988993,0.059010704406179004,0.5842542746560557,0.6753512556589755,0.12320154243996843,0.04246486584240596,0.09025311319310333,0.15477609246780089,0.498937583001328,0.0023756366294818464,0.4968127490039841,0.5,0.0,0.0,0.0,0.0,0.05735939759649269,0.013949197660851433,0.046150377514663006,0.06763977659396966,0.6146950270723917,0.13332649617485165,0.015368369626507672,-0.010124953734883216
all,record,later_clean_suppression_path,B+M,logistic,5,4000,0.04975,0.5591166199052224,0.05592276406183234,0.5235711405758918,0.6076068115980693,0.06966654323362384,0.03215902675940285,0.0442936731730717,0.09503941329417598,0.5166588012719054,0.025707363991716588,0.5009010052869313,0.538852188007702,0.0893439255121693,0.02682337549868693,0.0689335719930576,0.10971930404336924,0.2163278458367607,0.029793011160852003,0.19229463724344872,0.23937882741459787,0.5591166199052224,0.06966654323362384,0.0,0.0
all,record,later_clean_suppression_path,B+M,random_forest,5,4000,0.04975,0.6146950270723917,0.05540330334118901,0.5723944781961278,0.6569955759486557,0.13332649617485165,0.0466762132585185,0.1041888244433733,0.17541967558063032,0.5018518518518519,0.004140866624999628,0.5,0.5055555555555555,0.007272727272727273,0.016262312563634834,0.0,0.021818181818181816,0.056513854661681406,0.014656854657818063,0.043953574737457105,0.06690388639502073,0.6146950270723917,0.13332649617485165,0.0,0.0
all,record,later_clean_suppression_path,B+M+L,logistic,5,4000,0.04975,0.5494485291803878,0.04872453656549634,0.5133256883799197,0.5891639591721746,0.07340708405925264,0.02936533513162709,0.05085622035499743,0.09598665261496983,0.5126523689765442,0.026056502539847693,0.49558599627490363,0.5349917484125362,0.087337518855336,0.02775778562846858,0.06677972208806517,0.10787208751703277,0.21764242726434951,0.027688645780150317,0.1963723643720009,0.23879378330701817,0.5591166199052224,0.06966654323362384,-0.009668090724834655,0.003740540825628802
all,record,later_clean_suppression_path,B+M+L,random_forest,5,4000,0.04975,0.6162602317184928,0.0689041576075667,0.5648952228917085,0.6697560552212791,0.1243738973029694,0.03477018717882805,0.09985857679499009,0.15080105658073434,0.5,0.0,0.5,0.5,0.0,0.0,0.0,0.0,0.05481976939320606,0.014876179166565948,0.04201345938600134,0.0653554971910483,0.6146950270723917,0.13332649617485165,0.0015652046461011038,-0.008952598871882253
all,record,later_clean_suppression_path,B+M+L+R,logistic,5,4000,0.04975,0.7826842661799454,0.08578392576459601,0.7067013684610091,0.8418652635940634,0.28278496749890547,0.2143096124696762,0.11239644235653161,0.43994200065755623,0.7129543285349043,0.076082216707729,0.6456671058352769,0.7637959828868219,0.23707998433264477,0.11094593091787872,0.15327194397370195,0.32088802469158756,0.13556356959962906,0.01644249012025607,0.12350454599462549,0.1479504127673248,0.5591166199052224,0.06966654323362384,0.22356764627472292,0.21311842426528163
all,record,later_clean_suppression_path,B+M+L+R,random_forest,5,4000,0.04975,0.8466230662396417,0.03179667710296347,0.8214569970729453,0.871789135406338,0.2765121837223437,0.16595996643823396,0.15180422671406832,0.4073128810077778,0.5118035965723701,0.015851825849926244,0.5010754189838293,0.5256948032903649,0.047598794967216015,0.05791152521703396,0.007407407407407407,0.09639907850434129,0.04503129420980576,0.00971167008722977,0.0363197301481536,0.051366026573812354,0.6146950270723917,0.13332649617485165,0.23192803916725002,0.14318568754749206
all,record,later_enhancement_path,B,logistic,5,4000,0.059750000000000004,0.5919121908800642,0.06419899576932517,0.5444690462872617,0.6421915859614267,0.1093839281647768,0.04758874731705554,0.08411335578160951,0.15200514552778188,0.5540840321347889,0.016211936969711335,0.5416446333874528,0.5665234308821246,0.13009173598878626,0.020364411951853074,0.11543194827787155,0.14669429525944094,0.23863408794504629,0.02975176703349515,0.2191634268613601,0.2657121151786981,0.6215723452545989,0.10010786387462112,-0.02966015437453473,0.009276064290155678
all,record,later_enhancement_path,B,random_forest,5,4000,0.059750000000000004,0.5959384203237056,0.03287989365831289,0.5683948737344272,0.6195163255303692,0.09199339856232606,0.01931046197148595,0.07748976906563833,0.10648177064501638,0.49788079470198676,0.004738687104635325,0.4936423841059603,0.5,0.0,0.0,0.0,0.0,0.07028925555306322,0.008345190766644976,0.06382827758383698,0.07675023352228945,0.605177882785186,0.10218364344715576,-0.009239462461480441,-0.010190244884829697
all,record,later_enhancement_path,B+M,logistic,5,4000,0.059750000000000004,0.6215723452545989,0.04771568849679632,0.5902758940393176,0.6611648226340773,0.10010786387462112,0.01661036268635438,0.09000671508483396,0.11460063771415778,0.5863323615262626,0.03476758560056796,0.5584877954939411,0.6128511319688815,0.14691856881762913,0.016874645726505797,0.13198853406941305,0.15644964888925345,0.22447779223714198,0.036453478424509675,0.20204491632988553,0.2561598536643733,0.6215723452545989,0.10010786387462112,0.0,0.0
all,record,later_enhancement_path,B+M,random_forest,5,4000,0.059750000000000004,0.605177882785186,0.046878151618397465,0.5720088921136931,0.6406024939901741,0.10218364344715576,0.02880282193002804,0.07982799246890471,0.12453929442540682,0.49841059602649007,0.0035540153284764754,0.4952317880794702,0.5,0.0,0.0,0.0,0.0,0.06826590488637699,0.009279872985137522,0.060939064001340984,0.07504871560497102,0.605177882785186,0.10218364344715576,0.0,0.0
all,record,later_enhancement_path,B+M+L,logistic,5,4000,0.059750000000000004,0.6402027249857896,0.04718985589671468,0.6079515961180972,0.6804307549952918,0.10805691430041361,0.0202254182687707,0.09266513765697097,0.12344869094385624,0.593353017027509,0.03326770889332712,0.5631082650156399,0.6157434830463739,0.15044492924421163,0.0076542192923704615,0.1441119753820141,0.15609335328099058,0.22014883833560206,0.03172444199361906,0.19990178476245,0.24808844917767744,0.6215723452545989,0.10010786387462112,0.01863037973119064,0.007949050425792498
all,record,later_enhancement_path,B+M+L,random_forest,5,4000,0.059750000000000004,0.6098871655280222,0.026411926486350434,0.5898675861130627,0.6310739148723881,0.09629225176782646,0.0187953319248531,0.081799298881156,0.1107852046544969,0.4993377483443709,0.0014808397201985439,0.49801324503311256,0.5,0.0,0.0,0.0,0.0,0.06657014699547945,0.008820982497488332,0.06014847544367019,0.073020344792732,0.605177882785186,0.10218364344715576,0.004709282742836218,-0.005891391679329297
all,record,later_enhancement_path,B+M+L+R,logistic,5,4000,0.059750000000000004,0.8298246199947469,0.022906604662042352,0.8096231728838662,0.8460173084663604,0.2988464468470232,0.07133416519309675,0.23634283024932148,0.35402503810735053,0.7595818209912977,0.027649775739328506,0.7357732029370438,0.7782544392324628,0.30255361181509854,0.022906026584132606,0.28245969894309814,0.31748590030791946,0.1451501684948968,0.03416156235826621,0.12035051334681206,0.1717646707216709,0.6215723452545989,0.10010786387462112,0.20825227474014796,0.1987385829724021
all,record,later_enhancement_path,B+M+L+R,random_forest,5,4000,0.059750000000000004,0.852942906572887,0.008128048534875022,0.8474633488301094,0.8595542560121687,0.3078733421246343,0.026861435520488978,0.28417850493767444,0.3234018672168549,0.5350090449009149,0.027427446337164506,0.5127391074224696,0.5578260747531851,0.12369461202413148,0.08952514378070514,0.048484848484848485,0.19585326953748006,0.052715111704774574,0.007397699154432925,0.047475677270857795,0.05862756635956858,0.605177882785186,0.10218364344715576,0.24776502378770093,0.20568969867747855
all,record,later_neighbor_damage_any_path,B,logistic,5,4000,0.08025,0.6572866640349637,0.02537063035064008,0.6388411626795609,0.6770208336246099,0.15346668923561088,0.05072383641048596,0.1175091614472586,0.1958904567391393,0.6020278859324127,0.05392638086339284,0.5595705861851015,0.6444917175521148,0.19134533513918042,0.01394012273237876,0.18048220028228026,0.20201237184644263,0.2236474942407451,0.011393455803678832,0.21347313516647212,0.23165095716319986,0.6671003455390312,0.15385761419051708,-0.009813681504067473,-0.0003909249549061966
all,record,later_neighbor_damage_any_path,B,random_forest,5,4000,0.08025,0.6051114722775801,0.026802290318230088,0.5845814629644714,0.625326284165637,0.12313395292460864,0.026684496062608296,0.10294544725824337,0.1438820510555788,0.4979341781929544,0.006543481036507623,0.4932960893854748,0.5026598772256899,0.007407407407407407,0.01656346649999844,0.0,0.02222222222222222,0.08769548371554321,0.012614298792022619,0.07939354370000166,0.09925082294350474,0.5765643293401111,0.09810429273392518,0.02854714293746896,0.025029660190683464
all,record,later_neighbor_damage_any_path,B+M,logistic,5,4000,0.08025,0.6671003455390312,0.046341878194723116,0.6368531539878575,0.7085788696052614,0.15385761419051708,0.06566444445225829,0.11464208165643987,0.21170877717125253,0.6203519408545007,0.055179198713810905,0.5840991885302117,0.669833815480301,0.20810067812102845,0.050266101516366894,0.1689759025785726,0.2447518796992481,0.2136120005871871,0.01817108666763819,0.19744052344784135,0.22427034490365755,0.6671003455390312,0.15385761419051708,0.0,0.0
all,record,later_neighbor_damage_any_path,B+M,random_forest,5,4000,0.08025,0.5765643293401111,0.03628022167964507,0.548827922664244,0.6047022868939976,0.09810429273392518,0.017358780939201405,0.084755609753708,0.11145297571414237,0.5000291502599936,0.004130678941080496,0.4967698519515478,0.5035969284373714,0.007407407407407407,0.01656346649999844,0.0,0.02222222222222222,0.08780964975321948,0.013677481702113487,0.07807351958749238,0.09926313341674536,0.5765643293401111,0.09810429273392518,0.0,0.0
all,record,later_neighbor_damage_any_path,B+M+L,logistic,5,4000,0.08025,0.6661003190030432,0.051413174162413804,0.6309829547279893,0.7114226411935864,0.15213212181452898,0.06809106378129269,0.11018671880963424,0.21062286142601944,0.6281473742955577,0.04880736414110561,0.5948149459247128,0.672068992397074,0.2133957728624845,0.05035064309323725,0.1720381558028617,0.2507728504748562,0.2130501942835815,0.01665188657532479,0.1982404171489754,0.222975436616347,0.6671003455390312,0.15385761419051708,-0.0010000265359879634,-0.001725492375988097
all,record,later_neighbor_damage_any_path,B+M+L,random_forest,5,4000,0.08025,0.567630708518924,0.019902290775203797,0.5520381064774667,0.5832233105603816,0.09495375947311101,0.02406566125899524,0.07658564626496822,0.11302294543182638,0.5012455310806135,0.002785092164340641,0.5,0.5037365932418407,0.007407407407407407,0.01656346649999844,0.0,0.02222222222222222,0.08673265541290004,0.01268148556279993,0.07772396641548766,0.09720718723007266,0.5765643293401111,0.09810429273392518,-0.008933620821187094,-0.003150533260814173
all,record,later_neighbor_damage_any_path,B+M+L+R,logistic,5,4000,0.08025,0.8405788316071721,0.030625023283684865,0.8181581092837643,0.8664806081601663,0.4086575191519892,0.12482022895495744,0.3103326238999499,0.5010240994066155,0.7640997070799228,0.04669957618022031,0.7259374441343756,0.7970220337837981,0.36426208883495703,0.09344539856509398,0.2929893577728301,0.435534819897084,0.14140459998680538,0.01135038278118484,0.1331942889562957,0.15129362156713685,0.6671003455390312,0.15385761419051708,0.17347848606814087,0.25479990496147215
all,record,later_neighbor_damage_any_path,B+M+L+R,random_forest,5,4000,0.08025,0.8396373431066803,0.03584777996507544,0.8069543901392089,0.8606961983800895,0.3795348431026335,0.09962718108464412,0.32150766849882023,0.46862676265302444,0.5726636766654986,0.053085682016362525,0.5325164920513934,0.6144741885899652,0.2267212598788836,0.14361104030584004,0.11642993781121944,0.3406602456880687,0.06462335759344866,0.007453875255818462,0.05917148401920018,0.0708892462885471,0.5765643293401111,0.09810429273392518,0.2630730137665691,0.28143055036870834
all,record,later_suppression_path,B,logistic,5,4000,0.05425,0.5939890258907461,0.05501830806068446,0.5558692887506753,0.6415105036668283,0.08071298855268545,0.030389666847983797,0.059196664807569487,0.1051338414681909,0.54090309107036,0.0458125869832497,0.5105977344209804,0.5810077505861295,0.10641927312139847,0.030242176409123526,0.08348443326369928,0.1298373454782043,0.2201010776119665,0.02009548267505448,0.20559485834353358,0.2368978563273659,0.5607602752746865,0.07153326526134299,0.033228750616059566,0.009179723291342465
all,record,later_suppression_path,B,random_forest,5,4000,0.05425,0.6459995858292842,0.07210093725956913,0.5907944684815213,0.7012047031770471,0.11703897512971792,0.03977900663121313,0.08883290726333927,0.1486285188070851,0.4989347536617843,0.0023819632250330564,0.4968042609853529,0.5,0.0,0.0,0.0,0.0,0.061182452708081425,0.014962066471594478,0.04828017104415443,0.07171858486928517,0.630145179217392,0.14139700568821797,0.01585440661189219,-0.024358030558500054
all,record,later_suppression_path,B+M,logistic,5,4000,0.05425,0.5607602752746865,0.04833739166731734,0.5329042673161312,0.6043837821123934,0.07153326526134299,0.027212408262245573,0.04994339189449693,0.09312313862818906,0.49242661666193366,0.04946879122084388,0.45642223104968743,0.5310838148529878,0.0819406522186028,0.01811042494968048,0.06881794387280128,0.09582806784203993,0.21838044417556243,0.028461657645537153,0.1953286855133402,0.23989099838344824,0.5607602752746865,0.07153326526134299,0.0,0.0
all,record,later_suppression_path,B+M,random_forest,5,4000,0.05425,0.630145179217392,0.06865281433158334,0.5792311084573458,0.6810592499774382,0.14139700568821797,0.034408745851180984,0.11503943638732854,0.16775457498910745,0.505722981602761,0.012796975897754173,0.5,0.5171689448082828,0.021818181818181816,0.0487869376909045,0.0,0.06545454545454546,0.06030240620130987,0.015246833194697681,0.04699660956805112,0.07098745371215223,0.630145179217392,0.14139700568821797,0.0,0.0
all,record,later_suppression_path,B+M+L,logistic,5,4000,0.05425,0.5524291321692014,0.040749234716871155,0.5247776048081072,0.5866147628506622,0.07704718081309793,0.023154947099757153,0.05936515831888491,0.09433804518920999,0.49213426801613436,0.05065507362637196,0.45533003513949893,0.5334309862122306,0.08162330193286478,0.017697740532832996,0.06832982379138516,0.09569962521513938,0.21926546111020967,0.026284848078249264,0.19909692162062492,0.23862104139322984,0.5607602752746865,0.07153326526134299,-0.008331143105485106,0.0055139155517549415
all,record,later_suppression_path,B+M+L,random_forest,5,4000,0.05425,0.6060323691953756,0.056984384598070745,0.5632826726162591,0.6480933346569847,0.13423031071721017,0.020041288957732866,0.11771785261859077,0.1491832409440953,0.505722981602761,0.012796975897754173,0.5,0.5171689448082828,0.021818181818181816,0.0487869376909045,0.0,0.06545454545454546,0.059753741483914026,0.015482463027636995,0.04655232236372346,0.07070241504092109,0.630145179217392,0.14139700568821797,-0.024112810022016373,-0.007166694971007803
all,record,later_suppression_path,B+M+L+R,logistic,5,4000,0.05425,0.7886262905955661,0.0761331655832047,0.7216061818473032,0.8427185753043652,0.3001418357573019,0.2064085382333398,0.14815910738258556,0.4613585655937567,0.7120409212491609,0.08466827492355904,0.643644908016072,0.7698249857281179,0.24816291783913763,0.11619344940699547,0.15973310782938702,0.3365927278488882,0.13704090838715666,0.015965157717324794,0.12520311005061427,0.14888442129714477,0.5607602752746865,0.07153326526134299,0.22786601532087958,0.22860857049595892
all,record,later_suppression_path,B+M+L+R,random_forest,5,4000,0.05425,0.8462960466903718,0.027818045243498162,0.8228972779325154,0.8666857563428015,0.28724239029941534,0.16794786585538277,0.16200119620755332,0.41962368370918135,0.5092261488051011,0.014556593438009411,0.4995636418175213,0.5223125372991564,0.042036071273359406,0.05140230401163619,0.006779661016949152,0.08533898305084701,0.04875681074185845,0.009866189948577669,0.03974260461125667,0.05491461028505753,0.630145179217392,0.14139700568821797,0.21615086747297985,0.14584538461119737
all,record,later_target_any_path,B,logistic,5,4000,0.1115,0.6323423944118309,0.05236235043272602,0.5883756884371808,0.6702051485981663,0.1781024708534056,0.04502610526400681,0.14502690840171253,0.2122458420559599,0.579157052151607,0.04982668442339368,0.5437580019090408,0.6163461516082366,0.23516234337352687,0.0625451728724441,0.18756392212953982,0.28394750168269717,0.22993032505933977,0.018604611937813195,0.21654305103579624,0.24627581809684668,0.645753960873913,0.17564070150421132,-0.01341156646208208,0.002461769349194287
all,record,later_target_any_path,B,random_forest,5,4000,0.1115,0.6381754664292523,0.03698690182838253,0.6100406967642746,0.6667202231299396,0.18900643705145875,0.046090353902452474,0.15704582441456075,0.2304418264540506,0.5109765516818278,0.01580688307396132,0.4975910184655855,0.522685050029712,0.07324727293021523,0.05227757603161786,0.02874493927125506,0.11183282204208012,0.11599912622596034,0.00950757562324492,0.10902741912504758,0.12332228635047074,0.6633645381384042,0.19439536024027396,-0.025189071709151967,-0.005388923188815203
all,record,later_target_any_path,B+M,logistic,5,4000,0.1115,0.645753960873913,0.02781519448833958,0.6206994218035922,0.6647752848573021,0.17564070150421132,0.028978417277609938,0.15260485909252813,0.1957474512196872,0.6107522612997957,0.016678918504659836,0.5985302054106887,0.6254179392515242,0.2587360883370058,0.048489735626795864,0.2220826713091216,0.2972813707362961,0.2258700852902849,0.02690515996484464,0.20703916826526486,0.24821369703914575,0.645753960873913,0.17564070150421132,0.0,0.0
all,record,later_target_any_path,B+M,random_forest,5,4000,0.1115,0.6633645381384042,0.02992575973931707,0.6368517319341181,0.6833992789752851,0.19439536024027396,0.02461726796573675,0.1756803385444115,0.21311038193613635,0.5115947786303918,0.015950394661391386,0.49912783073708844,0.5236741004391198,0.06265307005524225,0.06121024268729017,0.014634146341463414,0.11017978970446114,0.11270524487787181,0.01099953503997982,0.10449083203518264,0.12128612349032282,0.6633645381384042,0.19439536024027396,0.0,0.0
all,record,later_target_any_path,B+M+L,logistic,5,4000,0.1115,0.6506231120426934,0.026780790573059234,0.6263432864559239,0.6687947747187466,0.17899219161606353,0.032966257391844785,0.1533564954978154,0.20390146270301868,0.6169984581165998,0.017878473944036227,0.6042469940049108,0.631341285976864,0.26405369322423117,0.044235560913557556,0.23042810820065457,0.2987425247718852,0.22440068837760557,0.024388266887272022,0.20710712336872375,0.2448271110814643,0.645753960873913,0.17564070150421132,0.0048691511687803946,0.0033514901118522067
all,record,later_target_any_path,B+M+L,random_forest,5,4000,0.1115,0.6784811971593211,0.0336308359067868,0.6513800132800839,0.7042799845223822,0.2069301474972524,0.01502277368876937,0.19602907230741332,0.2199981700337898,0.5133827533282332,0.01773180532039475,0.5001113930291616,0.5277057455031399,0.06668732004313119,0.05817355027890098,0.022508250825082506,0.11294117647058824,0.10989711590833931,0.012231836246693913,0.10078609788414687,0.1194335298771532,0.6633645381384042,0.19439536024027396,0.015116659020916856,0.01253478725697843
all,record,later_target_any_path,B+M+L+R,logistic,5,4000,0.1115,0.6339051148984952,0.021324719177209444,0.6170282096293086,0.649717261408562,0.17956944531161295,0.03956949971376146,0.14879086157874438,0.2099797823679249,0.5949306475205431,0.015879897967655425,0.5833131736394594,0.6076215109937477,0.24899126682143558,0.050043657509913665,0.20963968934620086,0.2886751806210305,0.2236987485927453,0.023183365825809633,0.20696382719971523,0.24364777169744115,0.645753960873913,0.17564070150421132,-0.011848845975417799,0.00392874380740163
all,record,later_target_any_path,B+M+L+R,random_forest,5,4000,0.1115,0.7976264959972765,0.020783673736370297,0.7812575514770088,0.8139954405175439,0.32001195522239195,0.07473865792957088,0.2697611708918842,0.3862552447056444,0.5351349466942052,0.023775335865554928,0.5166068095541703,0.5536630838342403,0.138986747666976,0.06472470858377949,0.08951465201465202,0.18845884331930002,0.09542987435054748,0.009385051430100499,0.08827993645467466,0.10277905683801854,0.6633645381384042,0.19439536024027396,0.1342619578588723,0.125616594982118
learned,dataset,later_capability_damage_any_path,B,logistic,5,3000,0.08608700128208394,0.5707473455594787,0.04591237967272657,0.5288756815427471,0.6002197473341064,0.1353214780014833,0.06691276786057669,0.08500801742773398,0.18843890031439098,0.5406514113671216,0.06505858647854192,0.48210176471048644,0.5847470237752679,0.169468634515204,0.07220348413021772,0.11405404044219485,0.2301607200257152,0.2330171990231916,0.02274612003690975,0.21658604001948248,0.2509663715939282,0.5625440952101752,0.13503562563579694,0.00820325034930347,0.0002858523656863732
learned,dataset,later_capability_damage_any_path,B,random_forest,5,3000,0.08608700128208394,0.5205551663884304,0.04507145925697968,0.48540974626618727,0.5542146807948329,0.11711211271547808,0.05823233425736756,0.08247865262770954,0.16847689604168142,0.4980743394536498,0.0028918735854837354,0.49547693685624716,0.5,0.0,0.0,0.0,0.0,0.09556368012708369,0.01642380700706953,0.08661694878181882,0.11039142809734345,0.5228141663675232,0.10658021833724492,-0.002258999979092846,0.010531894378233167
learned,dataset,later_capability_damage_any_path,B+M,logistic,5,3000,0.08608700128208394,0.5625440952101752,0.0466229607799459,0.5214022033293187,0.5926199524135531,0.13503562563579694,0.06337758284928874,0.08603243086509678,0.18431066230190185,0.5463348520626918,0.04461607715549075,0.5091419368864768,0.5752415577706907,0.17091371133333477,0.0655189549740285,0.12255556762992251,0.22536285906521494,0.20769299270298527,0.03583973512231352,0.1789149119340529,0.2331482444218726,0.5625440952101752,0.13503562563579694,0.0,0.0
learned,dataset,later_capability_damage_any_path,B+M,random_forest,5,3000,0.08608700128208394,0.5228141663675232,0.03916897151364355,0.4924575712890495,0.5531707614459969,0.10658021833724492,0.05769470910380599,0.07370207401039827,0.15893643413294595,0.49874608150470223,0.0028038469937301334,0.4962382445141066,0.5,0.0,0.0,0.0,0.0,0.09334351208775302,0.015377253169131412,0.08389225796320793,0.10729411260350127,0.5228141663675232,0.10658021833724492,0.0,0.0
learned,dataset,later_capability_damage_any_path,B+M+L,logistic,5,3000,0.08608700128208394,0.5699326941140045,0.049871516238378384,0.5294532594596923,0.6060635858680496,0.1375766821695335,0.06664589644574809,0.08587375361066633,0.18927961072840066,0.5450606662617956,0.06529593271569617,0.4893304365477104,0.5893919520030522,0.17050311998002943,0.07817802461709462,0.10891177787729514,0.2310634251627826,0.20799485836312717,0.03508115283958072,0.18048096356510254,0.23227930900617966,0.5625440952101752,0.13503562563579694,0.007388598903829258,0.0025410565337365687
learned,dataset,later_capability_damage_any_path,B+M+L,random_forest,5,3000,0.08608700128208394,0.519166264290402,0.031073038694819945,0.4953994278911601,0.54296011151095,0.10903850704772097,0.06656875055125636,0.0727317802977712,0.16979735777801935,0.4994775339602926,0.0011682695807208826,0.4984326018808778,0.5,0.0,0.0,0.0,0.0,0.09245748486729237,0.01537401031322015,0.083617272412656,0.10629653455746194,0.5228141663675232,0.10658021833724492,-0.003647902077121179,0.002458288710476056
learned,dataset,later_capability_damage_any_path,B+M+L+R,logistic,5,3000,0.08608700128208394,0.8466532140490776,0.04524750330614731,0.8104473574519092,0.8788041114122489,0.36911493133363826,0.13860005735441683,0.26586723726071965,0.48275327967559567,0.7807625874036117,0.04616309100028148,0.7447138857166534,0.8168112890905702,0.38636421337254656,0.08664663251646784,0.32129472205795384,0.4526291484888624,0.1511337658168011,0.025260175409153235,0.13101660989297356,0.16941661963949023,0.5625440952101752,0.13503562563579694,0.28410911883890233,0.23407930569784133
learned,dataset,later_capability_damage_any_path,B+M+L+R,random_forest,5,3000,0.08608700128208394,0.8312614571152771,0.03874146352083762,0.8006744394198856,0.8618484748106685,0.3296865439886278,0.11317582684524567,0.24582574223838924,0.4204903650412338,0.5504543723249031,0.026127460906073582,0.530497626490301,0.5709961251379547,0.17769504217412338,0.07869302929932123,0.11683389074693422,0.23855619360131258,0.07219161392618487,0.011330569184208241,0.06331844640948334,0.0819348866745078,0.5228141663675232,0.10658021833724492,0.3084472907477539,0.2231063256513829
learned,dataset,later_clean_any_path,B,logistic,5,3000,0.10246361591538813,0.6032849843528458,0.1198578102240141,0.5028639668734962,0.6785627230901837,0.1713310325835698,0.09690250662195465,0.09916915985068331,0.24365217504777242,0.5515630940776581,0.1085631083240025,0.46602230118955407,0.6217562593618831,0.21456516182714913,0.11971981874055061,0.1154891127721807,0.2974475318731612,0.22742867147343215,0.026957073589253082,0.20742681796575907,0.24985551519458932,0.5910078310816002,0.15667801271506598,0.012277153271245678,0.014653019868503814
learned,dataset,later_clean_any_path,B,random_forest,5,3000,0.10246361591538813,0.5901248263658508,0.08564278609938823,0.5283265412031525,0.6543040839701789,0.17276049353929465,0.10441098779400851,0.08970463437759099,0.2644173102545035,0.5112824083063148,0.02857665914407496,0.49069543622629197,0.5354826696208648,0.0828455808736037,0.08574944885254306,0.01616161616161616,0.14952954558559126,0.11048384878387452,0.01870788345450018,0.09627577028133051,0.12469192728641854,0.5805880270968603,0.16556170436317058,0.009536799268990537,0.007198789176124071
learned,dataset,later_clean_any_path,B+M,logistic,5,3000,0.10246361591538813,0.5910078310816002,0.08853742364332766,0.5141042594470453,0.6416523128345551,0.15667801271506598,0.07908552539965528,0.09936656379401261,0.2140899317095696,0.5498298286587892,0.0601691181941273,0.5056392522241977,0.5943583163484851,0.20438825690745932,0.10165933641078755,0.1234598388796356,0.2789541282845983,0.20451502165429694,0.01624811308984525,0.1917222805152219,0.21686510302236642,0.5910078310816002,0.15667801271506598,0.0,0.0
learned,dataset,later_clean_any_path,B+M,random_forest,5,3000,0.10246361591538813,0.5805880270968603,0.07405376658684744,0.5283343761603895,0.6380892238020784,0.16556170436317058,0.10840272926452522,0.08535765934552746,0.2605074901696694,0.5139014000547222,0.027051683317784223,0.49431756905710217,0.5374304537197137,0.07721120343071562,0.08401938351090582,0.013186813186813187,0.14207317073170733,0.11085172945720394,0.017993557205785375,0.09696722487699264,0.12422940457156895,0.5805880270968603,0.16556170436317058,0.0,0.0
learned,dataset,later_clean_any_path,B+M+L,logistic,5,3000,0.10246361591538813,0.5976090832044346,0.07931597682615828,0.5303897460601261,0.6463981266060758,0.16331919054568025,0.08292352435219555,0.10258055484631172,0.22670182190632696,0.559734841576329,0.05881345054787473,0.5155994745301701,0.6045381378641779,0.21117318547707745,0.10562430758106259,0.13128189271846907,0.2910644782356858,0.20354435486352318,0.017671099917551315,0.18843401077390137,0.21722527387135235,0.5910078310816002,0.15667801271506598,0.006601252122834467,0.00664117783061427
learned,dataset,later_clean_any_path,B+M+L,random_forest,5,3000,0.10246361591538813,0.5837532422403643,0.07958523938312372,0.5207609294543242,0.6417155189875078,0.1631230222557886,0.09108909909846054,0.09135323545264593,0.2378774260783199,0.5135667896335377,0.02331658800021762,0.49607329842931935,0.5304333420688433,0.07906395736175882,0.07325678190874443,0.023684210526315787,0.13444370419720186,0.10934789042417181,0.01701634233885602,0.09649415822245735,0.12221380109031503,0.5805880270968603,0.16556170436317058,0.0031652151435039855,-0.0024386821073819898
learned,dataset,later_clean_any_path,B+M+L+R,logistic,5,3000,0.10246361591538813,0.6059715739660272,0.06820344576466408,0.5522055500641625,0.6467144991690985,0.17029077146794255,0.0909415033084548,0.10374162692646031,0.2369111731982447,0.5734956165677129,0.05613023111900081,0.5309800048753346,0.616477800567218,0.22264830353868525,0.10673543254469095,0.14020700152207002,0.30261860764206183,0.20128182572553216,0.016161170216861434,0.18799647052218343,0.21346065070943626,0.5910078310816002,0.15667801271506598,0.014963742884427034,0.01361275875287657
learned,dataset,later_clean_any_path,B+M+L+R,random_forest,5,3000,0.10246361591538813,0.7658216608397225,0.045571646633719216,0.727967523647303,0.7996125580185075,0.26749264689563496,0.0947739905699591,0.18989759609610612,0.33661525219740573,0.5129151829176347,0.019551361270507307,0.4984302173396712,0.5276997996691276,0.06017122698330753,0.07204077299974378,0.005,0.11534245396661505,0.09281028262237771,0.022507380968678,0.07419797978800173,0.10865068110979241,0.5805880270968603,0.16556170436317058,0.18523363374286217,0.10193094253246437
learned,dataset,later_clean_enhancement_path,B,logistic,5,3000,0.05642654302905774,0.5301630566867013,0.16794034875403063,0.3772907426894063,0.6158529524816727,0.0900822278287193,0.06079096238356038,0.04598379873169245,0.14364721015944543,0.5438009938037358,0.07815274117204417,0.4720047069859616,0.5913853086782834,0.12941087156073322,0.07985804767115409,0.06382466281310212,0.19412552428116628,0.23267159342058313,0.031476855533164705,0.2100337609710446,0.25884914593697667,0.49111244426054823,0.07613200971551459,0.03905061242615304,0.01395021811320471
learned,dataset,later_clean_enhancement_path,B,random_forest,5,3000,0.05642654302905774,0.5029369254532915,0.11212602395607352,0.41455928541656045,0.5861285733831353,0.09021135430552907,0.07529483333605494,0.042248578891817636,0.1604920273764205,0.4989031078610603,0.0024527253866542587,0.49670932358318093,0.5,0.0,0.0,0.0,0.0,0.06760756074832767,0.014870991478595719,0.05648219904585515,0.07893082755911124,0.47690340414258225,0.07829930310230779,0.02603352131070924,0.01191205120322128
learned,dataset,later_clean_enhancement_path,B+M,logistic,5,3000,0.05642654302905774,0.49111244426054823,0.13830773788955839,0.36529767041977845,0.5725734308508471,0.07613200971551459,0.05456204061723425,0.037212268573370476,0.12274826910597043,0.5039519815799071,0.05780662039941857,0.4538754530276342,0.5455201324946489,0.10611976968759732,0.07104166117359434,0.0523503452625788,0.16638264564463828,0.18929796196652116,0.020393730595492543,0.1730523277014388,0.20484419224459752,0.49111244426054823,0.07613200971551459,0.0,0.0
learned,dataset,later_clean_enhancement_path,B+M,random_forest,5,3000,0.05642654302905774,0.47690340414258225,0.11426542918326177,0.37862305641266064,0.5701855055331752,0.07829930310230779,0.06865598164366565,0.036118006442737605,0.14171992940233524,0.49963436928702015,0.000817575128884753,0.4989031078610603,0.5,0.0,0.0,0.0,0.0,0.06634806233274584,0.015477639171300416,0.05413541997548775,0.07785250361988182,0.47690340414258225,0.07829930310230779,0.0,0.0
learned,dataset,later_clean_enhancement_path,B+M+L,logistic,5,3000,0.05642654302905774,0.5251294654422363,0.14675761253791572,0.3906594112434889,0.6013448908303266,0.0868648002081553,0.05488275489164376,0.045655397300964344,0.13380934491257088,0.5189608554108649,0.06007743784508195,0.4656628960790661,0.5574712481641786,0.11762120331220978,0.07315676634640775,0.056844139115500215,0.1762940408873423,0.18524611664940713,0.022600043073465557,0.16662205005485028,0.2021552542513207,0.49111244426054823,0.07613200971551459,0.034017021181688034,0.010732790492640712
learned,dataset,later_clean_enhancement_path,B+M+L,random_forest,5,3000,0.05642654302905774,0.4863709756885658,0.09771973685451454,0.4015196363187605,0.5644545531438888,0.06955167309989903,0.043821003029060515,0.03856398838295577,0.10878168541360989,0.49963436928702015,0.000817575128884753,0.4989031078610603,0.5,0.0,0.0,0.0,0.0,0.0652317872093728,0.016561078909347413,0.05205592795906548,0.07826014439299102,0.47690340414258225,0.07829930310230779,0.009467571545983544,-0.00874763000240876
learned,dataset,later_clean_enhancement_path,B+M+L+R,logistic,5,3000,0.05642654302905774,0.7570751072228749,0.05998085864179702,0.7133865971288772,0.8084460647586053,0.22032931047980425,0.09576534002803924,0.14942980150797247,0.2988052777923818,0.7209695691070751,0.05943693684271091,0.6780615142991623,0.7718630155833401,0.2544380003423702,0.10937312914656418,0.15665879574970484,0.32130808950086054,0.1509502574711798,0.012492675292459978,0.1419845343826419,0.16124826574981524,0.49111244426054823,0.07613200971551459,0.2659626629623266,0.14419730076428966
learned,dataset,later_clean_enhancement_path,B+M+L+R,random_forest,5,3000,0.05642654302905774,0.8021307557437535,0.04787620751043104,0.7581846515601018,0.8330878324304782,0.20054694018235888,0.0863582050861022,0.13310984784221594,0.25777103406325036,0.5036232208448117,0.009393443827865245,0.49866666666666665,0.5122029958677685,0.01643835616438356,0.03675728182191435,0.0,0.049315068493150684,0.05332767077604587,0.01917685132217002,0.03702236729758494,0.0688431117855113,0.47690340414258225,0.07829930310230779,0.3252273516011712,0.1222476370800511
learned,dataset,later_clean_suppression_path,B,logistic,5,3000,0.048640509890159646,0.6041357895460913,0.0779692908705104,0.5480440021615057,0.6704028982093926,0.12648222122738248,0.10580331067618257,0.04955635913054958,0.21343239874810832,0.557694034732372,0.11075374938374456,0.4685697204962797,0.6328122056200637,0.1256478948085364,0.07643232552880588,0.06891793431407993,0.1818481874949313,0.21635579349636552,0.036693669738767386,0.1883561733478778,0.24433338680360941,0.5703818371076779,0.10102500711328796,0.03375395243841339,0.025457214114094517
learned,dataset,later_clean_suppression_path,B,random_forest,5,3000,0.048640509890159646,0.6740830000422671,0.045832957851694334,0.6332715723491239,0.7050163447017941,0.10444035922953013,0.039862344905978446,0.07458837329955025,0.13375345161483784,0.5109100093027751,0.03235685622121343,0.494440618344794,0.5398358013161086,0.042105263157894736,0.09415023063157009,0.0,0.12631578947368421,0.05664338733589498,0.013169187198162007,0.04590339468813988,0.06632740048235616,0.660121966144449,0.08892399450436843,0.01396103389781811,0.0155163647251617
learned,dataset,later_clean_suppression_path,B+M,logistic,5,3000,0.048640509890159646,0.5703818371076779,0.07132196515788349,0.5165901808548661,0.6266499516985745,0.10102500711328796,0.08153738440555917,0.04286929854795519,0.16685008428530695,0.5170865460527816,0.07948655660961165,0.4584652396986644,0.5779497512130584,0.09918544843418009,0.06926197133023236,0.045062265382893145,0.15330863148546703,0.19018087212172946,0.03451987973272604,0.15904329199703535,0.2164281919419237,0.5703818371076779,0.10102500711328796,0.0,0.0
learned,dataset,later_clean_suppression_path,B+M,random_forest,5,3000,0.048640509890159646,0.660121966144449,0.04198320437603215,0.6282610771133512,0.6907165954274782,0.08892399450436843,0.038331504703655817,0.0621031788007564,0.11640857970143774,0.4966685471921507,0.0035808465974729703,0.49385096899889547,0.499486125385406,0.0,0.0,0.0,0.0,0.056500241946740457,0.012803603685873615,0.04655053224348303,0.06611486276856979,0.660121966144449,0.08892399450436843,0.0,0.0
learned,dataset,later_clean_suppression_path,B+M+L,logistic,5,3000,0.048640509890159646,0.5794351613017367,0.058269437026429005,0.5374936216189348,0.6246963941683014,0.09281080800608102,0.06638719198595922,0.04266001595305284,0.14714610359003716,0.5071249549244309,0.07911028843388912,0.4461087836941789,0.5681411261546828,0.09069963962912989,0.07053782695546372,0.03606562293868795,0.1453336563195718,0.19064491508614506,0.03472521936130237,0.15917865712470142,0.21582206970941464,0.5703818371076779,0.10102500711328796,0.009053324194058798,-0.008214199107206943
learned,dataset,later_clean_suppression_path,B+M+L,random_forest,5,3000,0.048640509890159646,0.6463253909207453,0.07315710402915422,0.5908621835354227,0.7041827904769036,0.09113859218260807,0.04022018733132062,0.061723256720923006,0.12283042883976829,0.5056621827989892,0.014198284119388786,0.49900862683119723,0.5184412033703711,0.022857142857142857,0.051110125199995186,0.0,0.06857142857142857,0.05551143467332377,0.01257853416818712,0.04559050156892636,0.06477782707850036,0.660121966144449,0.08892399450436843,-0.0137965752237037,0.0022145976782396437
learned,dataset,later_clean_suppression_path,B+M+L+R,logistic,5,3000,0.048640509890159646,0.8556362403187311,0.042185554627299525,0.8237819539856774,0.8913819106509818,0.38018248081229034,0.1592601393997797,0.28747401702260433,0.5234708231551493,0.7650137301879892,0.050430935706201614,0.7280927776341963,0.8062523756209862,0.27999714472388726,0.11028956753867315,0.20232121145130982,0.3681528662420382,0.12999241126221964,0.022632674396031154,0.1148551955345217,0.14834325987198033,0.5703818371076779,0.10102500711328796,0.2852544032110532,0.27915747369900235
learned,dataset,later_clean_suppression_path,B+M+L+R,random_forest,5,3000,0.048640509890159646,0.8610744503261996,0.05064146739948443,0.817266538879398,0.8952160713213091,0.32682498596962223,0.10976875098988521,0.24531404372936266,0.41009850589575053,0.5177573667939227,0.019851344048149686,0.5024832323015095,0.5335469652038618,0.06916146032555569,0.07043583075049234,0.012903225806451613,0.12541969484465978,0.04453460981313604,0.012557491061371431,0.03530559302259795,0.05376362660367412,0.660121966144449,0.08892399450436843,0.2009524841817506,0.23790099146525379
learned,dataset,later_enhancement_path,B,logistic,5,3000,0.060263791246734644,0.5397994517965188,0.17153071729625566,0.3828297585427854,0.6345426612372449,0.09949739127169999,0.05936987038260853,0.053927153884676414,0.1499731581577471,0.5783020920561096,0.09257391828151984,0.49270947244791585,0.6292833741332874,0.156030170772117,0.09029580786568936,0.08246284597654928,0.22027647836210695,0.22742466293098734,0.03299494477934024,0.2025454264793559,0.2523616335664395,0.5009562784092438,0.08225223354547377,0.03884317338727494,0.017245157726226215
learned,dataset,later_enhancement_path,B,random_forest,5,3000,0.060263791246734644,0.5132795044135712,0.10407621321858652,0.42645434665816245,0.5904070297147038,0.10038442746030496,0.07403289065698938,0.0513308072281212,0.16803523515862467,0.4988990825688074,0.0024617262137612366,0.49669724770642204,0.5,0.0,0.0,0.0,0.0,0.0706784525163614,0.01655368464204753,0.05847466954201987,0.08288223549070292,0.5055436246687199,0.09765307744168553,0.007735879744851237,0.002731350018619433
learned,dataset,later_enhancement_path,B+M,logistic,5,3000,0.060263791246734644,0.5009562784092438,0.14409683034691328,0.36687342017638624,0.5866962556358228,0.08225223354547377,0.042738459143272754,0.04924119489467996,0.11668606944128643,0.5091571158380713,0.061133340807399454,0.45865546650881794,0.554274258016147,0.11454165848489106,0.0732078817756646,0.05344417192714407,0.1681558564644141,0.1859224391742385,0.020298966224181828,0.17006438913900107,0.20156591920739916,0.5009562784092438,0.08225223354547377,0.0,0.0
learned,dataset,later_enhancement_path,B+M,random_forest,5,3000,0.060263791246734644,0.5055436246687199,0.11127358982197808,0.41028840042139214,0.5971149519427306,0.09765307744168553,0.08819833180509004,0.043836828785563935,0.17944188775419442,0.49944954128440366,0.001230863106880606,0.49834862385321105,0.5,0.0,0.0,0.0,0.0,0.06980397426663483,0.016356407441911604,0.05721972509586047,0.08172074927118746,0.5055436246687199,0.09765307744168553,0.0,0.0
learned,dataset,later_enhancement_path,B+M+L,logistic,5,3000,0.060263791246734644,0.5278324240817299,0.15846139093901648,0.38164498407203407,0.6140695445861178,0.09174282338570552,0.05097343859036784,0.053082782229784624,0.1340505096595698,0.5171171663872309,0.062294191381421164,0.46526251887601394,0.5637383029537608,0.12373701486665181,0.08767266750114966,0.06117356115107914,0.19640764954534953,0.18200170064641452,0.021558663058435446,0.16448142753655615,0.198238446340407,0.5009562784092438,0.08225223354547377,0.026876145672486085,0.009490589840231753
learned,dataset,later_enhancement_path,B+M+L,random_forest,5,3000,0.060263791246734644,0.5023881104342612,0.10216794647147273,0.41501315944546047,0.5765533829696017,0.08216805333810652,0.05296041256862878,0.04454335561762472,0.1305986943385171,0.49944954128440366,0.001230863106880606,0.49834862385321105,0.5,0.0,0.0,0.0,0.0,0.06818447048355598,0.01717955346357641,0.054613546294018,0.08150054412837056,0.5055436246687199,0.09765307744168553,-0.0031555142344587006,-0.015485024103579006
learned,dataset,later_enhancement_path,B+M+L+R,logistic,5,3000,0.060263791246734644,0.7712586224940677,0.06241128225357791,0.7256028703657031,0.8245173577984,0.23934344588227036,0.11140198103297094,0.15707692404135137,0.33419124951961987,0.7491892046613302,0.04897492401369557,0.7133807419849904,0.7850841536408311,0.2867397720228065,0.12364302308042686,0.1808424812358723,0.37031572050827505,0.1457738296923086,0.013427543984660603,0.13608318066909394,0.15712492884523702,0.5009562784092438,0.08225223354547377,0.2703023440848239,0.15709121233679657
learned,dataset,later_enhancement_path,B+M+L+R,random_forest,5,3000,0.060263791246734644,0.8212356606294694,0.03253117788788271,0.7916677395559079,0.8425782806894068,0.24327626020750767,0.10909356443863717,0.1492758892359342,0.3169966480425065,0.5092483789778349,0.013740898438366591,0.4996330275229358,0.5212313288771097,0.03727565577542567,0.052968226672574906,0.0,0.0825586746433502,0.05485231598746878,0.018551963757124163,0.03904137170377206,0.06853696770530533,0.5055436246687199,0.09765307744168553,0.31569203596074946,0.14562318276582215
learned,dataset,later_neighbor_damage_any_path,B,logistic,5,3000,0.07189509447232198,0.6136538424442403,0.06134745008733103,0.5695900056849842,0.6679007817643076,0.1115836560024932,0.05178851873288685,0.07510246268390619,0.15572379927661867,0.5441769320156984,0.10077024009892499,0.4711256989582769,0.6171772815671714,0.14242030153365942,0.08123821766935374,0.07890673429134967,0.20593386877596917,0.21530992420200348,0.05132651888586823,0.17469548365567222,0.25592436474833474,0.6128167668775086,0.1126457814711492,0.0008370755667316265,-0.001062125468656
learned,dataset,later_neighbor_damage_any_path,B,random_forest,5,3000,0.07189509447232198,0.6055554159412859,0.06281649664311797,0.5587195154627269,0.6523913164198449,0.10871370489810325,0.04314703276167013,0.0744982585401424,0.14292915125606415,0.4993370165745857,0.001482476007182182,0.4980110497237569,0.5,0.0,0.0,0.0,0.0,0.08025833285874856,0.02838579517734328,0.05910477291568197,0.10376372264101892,0.5585986385652886,0.08353383515297777,0.04695677737599735,0.025179869745125483
learned,dataset,later_neighbor_damage_any_path,B+M,logistic,5,3000,0.07189509447232198,0.6128167668775086,0.06377070789653082,0.5689712855205727,0.6659491434470252,0.1126457814711492,0.050210689014813625,0.07585011400404101,0.1540458136416729,0.5562467895938433,0.06086859603400408,0.5085085236509814,0.601925628833321,0.1463875174824551,0.09559745637535137,0.07550637695303156,0.22453853319030995,0.1747592076737813,0.04040705002111582,0.14332996924588381,0.2050562054864852,0.6128167668775086,0.1126457814711492,0.0,0.0
learned,dataset,later_neighbor_damage_any_path,B+M,random_forest,5,3000,0.07189509447232198,0.5585986385652886,0.009898764219763819,0.5508104496454521,0.5663868274851248,0.08353383515297777,0.03758021353117322,0.05681736530943591,0.11570146960414487,0.49955801104972375,0.0009883173381214465,0.49867403314917125,0.5,0.0,0.0,0.0,0.0,0.07875643043091474,0.026314202811300823,0.059854029689287616,0.10166864928846886,0.5585986385652886,0.08353383515297777,0.0,0.0
learned,dataset,later_neighbor_damage_any_path,B+M+L,logistic,5,3000,0.07189509447232198,0.611945931568959,0.07277694845979946,0.564084943391667,0.6750830270062163,0.11495396986183834,0.04866315733061472,0.08166361223990357,0.15476431479867725,0.5524053142551157,0.07062547767638118,0.5019485227701971,0.6147528142483735,0.1348617185487991,0.08183783042650437,0.08073668491786959,0.19985024937810175,0.17394117388680036,0.038463307791612715,0.14302579915413555,0.20191382248444129,0.6128167668775086,0.1126457814711492,-0.000870835308549589,0.0023081883906891365
learned,dataset,later_neighbor_damage_any_path,B+M+L,random_forest,5,3000,0.07189509447232198,0.5578661847289397,0.04861231071037889,0.5242165948253262,0.5974790986974394,0.08786616554053536,0.03493461042477306,0.06227427528808236,0.11585564502117911,0.4997885835095137,0.0004727416442917156,0.49936575052854126,0.5,0.0,0.0,0.0,0.0,0.07780586319474143,0.025825615075701896,0.059571522625686005,0.10064246565383717,0.5585986385652886,0.08353383515297777,-0.0007324538363489008,0.0043323303875575925
learned,dataset,later_neighbor_damage_any_path,B+M+L+R,logistic,5,3000,0.07189509447232198,0.8029975861991294,0.030676863149982074,0.7799483236492353,0.8269657912763929,0.30450462002247336,0.14707204281441424,0.20042783571451012,0.42590420107465804,0.727900018375605,0.03003926081149036,0.7055013448449634,0.7510040069629728,0.32126373065332553,0.12135907541626216,0.2299269430885587,0.4199373057828592,0.13283596308269402,0.024600602146529284,0.11103648694867843,0.14770891862226804,0.6128167668775086,0.1126457814711492,0.1901808193216208,0.19185883855132416
learned,dataset,later_neighbor_damage_any_path,B+M+L+R,random_forest,5,3000,0.07189509447232198,0.8141652448310763,0.03082722241636071,0.7881451157185118,0.8379384534930168,0.3181066377333705,0.1336203092756262,0.2197453806254651,0.429474906438654,0.5401745213396756,0.029893597958802223,0.5233977423482568,0.5663882568748975,0.1397109944168768,0.09071379171092184,0.08658150128738365,0.21985985985985987,0.060973098840702865,0.018134449129461785,0.04756427772767653,0.07627750028759861,0.5585986385652886,0.08353383515297777,0.25556660626578775,0.23457280258039273
learned,dataset,later_suppression_path,B,logistic,5,3000,0.05251813278483915,0.6196734297604072,0.07367000519050082,0.5668015878148416,0.6818881929717892,0.13382995501643188,0.10368203196778551,0.0580133240947446,0.21884060999182134,0.551049343809275,0.12475464831671393,0.4559686622132018,0.6459132517247226,0.12445705143448796,0.08799157197741367,0.05611944596423533,0.1923511899098945,0.21588722513950215,0.037924848642371306,0.1864212561471986,0.24535319413180562,0.5789571689857386,0.11286271262317982,0.04071626077466861,0.020967242393252067
learned,dataset,later_suppression_path,B,random_forest,5,3000,0.05251813278483915,0.6428755348170097,0.05966288718309635,0.5962654425547494,0.6882934951935376,0.11540122998440297,0.04643294334256054,0.08076128843736777,0.14895171684651629,0.5132952774241287,0.03120230054007451,0.496512793788596,0.5410691003911342,0.05109402720283855,0.09122537823607396,0.0,0.13530455351862802,0.06077452089777977,0.015992716387998488,0.048767106688704376,0.07278193510685516,0.6540896947929997,0.09787702332208355,-0.011214159975990068,0.017524206662319422
learned,dataset,later_suppression_path,B+M,logistic,5,3000,0.05251813278483915,0.5789571689857386,0.060266622405836315,0.5325097687993596,0.6267273440483077,0.11286271262317982,0.09267696085571546,0.049103514076991484,0.18920347736085166,0.5245835947629736,0.08584776239867854,0.4597214148892726,0.5894457746366746,0.11350806591886631,0.07297191746441117,0.05810627281215517,0.16890985902557742,0.1836405057887634,0.03570954122073415,0.15168273853827813,0.20985934907450407,0.5789571689857386,0.11286271262317982,0.0,0.0
learned,dataset,later_suppression_path,B+M,random_forest,5,3000,0.05251813278483915,0.6540896947929997,0.05551703675264735,0.6101468014940042,0.6967276148403398,0.09787702332208355,0.03507894939687102,0.0688183287538934,0.1211267608764564,0.5047888217769787,0.014704075703578472,0.4956951536756913,0.5179051019802222,0.031013431013431014,0.04865348984524934,0.0,0.07545787545787545,0.05998050974055188,0.01563578815360869,0.047996093922931346,0.07196492555817241,0.6540896947929997,0.09787702332208355,0.0,0.0
learned,dataset,later_suppression_path,B+M+L,logistic,5,3000,0.05251813278483915,0.5918245771546564,0.05106930530896975,0.5552333480673759,0.6316448715970895,0.11252002533772343,0.09069436380056715,0.04952719998225105,0.18690027560155764,0.5197894995443075,0.07416826623215163,0.4641273042838814,0.5730608822096688,0.10823978252171448,0.06578336283861039,0.05921167247386759,0.15726789256956136,0.18378682397690568,0.03606354419458507,0.15258665025984705,0.20889701143673872,0.5789571689857386,0.11286271262317982,0.012867408168917849,-0.00034268728545638893
learned,dataset,later_suppression_path,B+M+L,random_forest,5,3000,0.05251813278483915,0.6535762095883865,0.0726603851623256,0.5912532922323305,0.7061605038230659,0.0972513578199549,0.03517134943814328,0.07244203971457328,0.12110185722101471,0.5084508282177771,0.02295152175301872,0.4961340206185567,0.5294265805800402,0.032432432432432434,0.07252112359458777,0.0,0.0972972972972973,0.05925977537028073,0.014226464800408834,0.04844987102704338,0.07006967971351807,0.6540896947929997,0.09787702332208355,-0.000513485204613251,-0.0006256655021286417
learned,dataset,later_suppression_path,B+M+L+R,logistic,5,3000,0.05251813278483915,0.852742899970686,0.040419708232829143,0.8243112958381233,0.8838478181592189,0.3830087371411442,0.1633538232650152,0.2939129577414169,0.5293204277994987,0.7582638202607661,0.03333127195270291,0.73351105463628,0.7836134873591145,0.2897702826381007,0.10170966700556947,0.2025469981807156,0.354079738592502,0.12815164540449814,0.02483059848950267,0.1106798618923059,0.14749934979762913,0.5789571689857386,0.11286271262317982,0.2737857309849474,0.2701460245179644
learned,dataset,later_suppression_path,B+M+L+R,random_forest,5,3000,0.05251813278483915,0.8633836449337698,0.0528594332856528,0.8167122093735122,0.8971752248374749,0.33942407036385663,0.11926308652537168,0.2527426664872139,0.4349428976119497,0.5293884902357873,0.03079934140488365,0.5070080628726642,0.5520238655103518,0.10593495934959349,0.10675032040948912,0.026666666666666665,0.18520325203252033,0.047009162291780864,0.013481504244740221,0.03727588799541172,0.05700916501144369,0.6540896947929997,0.09787702332208355,0.20929395014077012,0.2415470470417731
learned,dataset,later_target_any_path,B,logistic,5,3000,0.10942965837981948,0.6157171590261162,0.12159523942367277,0.5121942369445655,0.6904611162450166,0.18948153560758357,0.10284140355181606,0.11263569111421248,0.2652489643225627,0.561092064358389,0.11905750135966474,0.4633887196487724,0.6364305115617324,0.2368216624606836,0.1349270351951891,0.12700998423541776,0.3287968419245952,0.22400164340253131,0.02826174102141787,0.20208725989495058,0.24591602691011202,0.5997725665137049,0.1752967796590747,0.015944592512411315,0.014184755948508876
learned,dataset,later_target_any_path,B,random_forest,5,3000,0.10942965837981948,0.5945234067871977,0.0852429769000752,0.5293093519643957,0.6612481865618272,0.19552196520711052,0.10968246777729497,0.10892892104326604,0.2860743266010347,0.5102619209343036,0.023443150860654127,0.4937842137580029,0.531083352500173,0.07484926138976997,0.07990486545284503,0.01263157894736842,0.13706694383217152,0.11406792302557703,0.021075144286071924,0.0985261356284596,0.12960971042269445,0.6043990700575015,0.17799134769597277,-0.009875663270303758,0.01753061751113774
learned,dataset,later_target_any_path,B+M,logistic,5,3000,0.10942965837981948,0.5997725665137049,0.0926482010390544,0.5177895046990945,0.6484681440566777,0.1752967796590747,0.08781847357533529,0.1095166097892317,0.23849254381896498,0.5542918929886357,0.06795341167607247,0.5019887188176153,0.6065950671596563,0.21951306357833106,0.11670936010776242,0.12871609067261242,0.30628657687147287,0.19831601434941637,0.01788081056653979,0.18302838023362472,0.2117552295309376,0.5997725665137049,0.1752967796590747,0.0,0.0
learned,dataset,later_target_any_path,B+M,random_forest,5,3000,0.10942965837981948,0.6043990700575015,0.08138014518860848,0.5443750568799043,0.6636835654406883,0.17799134769597277,0.10361972968621833,0.09366167222857871,0.2622506468406708,0.5079733399329672,0.020903876901726584,0.49248205212822727,0.5235775809041222,0.06442288675791215,0.0662960345984723,0.013186813186813187,0.11774418474926089,0.11348456061025816,0.019422735688727075,0.09932290101053186,0.12764622020998445,0.6043990700575015,0.17799134769597277,0.0,0.0
learned,dataset,later_target_any_path,B+M+L,logistic,5,3000,0.10942965837981948,0.6027655444623254,0.08453943321553499,0.5285647280510275,0.6506667227846468,0.1759958447184901,0.08621108775214112,0.10902496057305253,0.2386939956303936,0.5627216275721928,0.048437997949718994,0.5253883529107196,0.6000549022336659,0.22258818463399713,0.10302835454574621,0.13765995496892533,0.2976277030819812,0.19772674546744778,0.01931989065531731,0.1821827918060132,0.21243391561477482,0.5997725665137049,0.1752967796590747,0.0029929779486205232,0.0006990650594154157
learned,dataset,later_target_any_path,B+M+L,random_forest,5,3000,0.10942965837981948,0.5888318411805837,0.06592803074434818,0.5409433108512698,0.6368268699240991,0.1621976030916052,0.08521282794565137,0.08990678520565029,0.22878657501779856,0.5046765079680389,0.01629828798280835,0.49152025061710936,0.5169967535018711,0.051699794012157387,0.049176031114874785,0.013043478260869565,0.0903561097634452,0.11380325070703204,0.019667987304902348,0.09929419334668857,0.12815717687259712,0.6043990700575015,0.17799134769597277,-0.01556722887691775,-0.015793744604367582
learned,dataset,later_target_any_path,B+M+L+R,logistic,5,3000,0.10942965837981948,0.6023493036076273,0.08156069797955437,0.5311514590628109,0.6489520060830036,0.17859540898228993,0.08951672266386804,0.10681314745016132,0.24305203373247752,0.5588247959728067,0.06894999080383758,0.5024505140054062,0.6035079720193287,0.22685129952369326,0.11117934465536225,0.13803961685023652,0.2996376295200777,0.197241219799815,0.01908757373546003,0.18083473308876147,0.21186629817955754,0.5997725665137049,0.1752967796590747,0.0025767370939223655,0.0032986293232152297
learned,dataset,later_target_any_path,B+M+L+R,random_forest,5,3000,0.10942965837981948,0.7822962627837436,0.03987781162813562,0.7509633607627448,0.8125694611037101,0.3025484015629523,0.0929542560665435,0.22569179606986473,0.36478147277817125,0.5352676677692294,0.021003714763285365,0.5164541622751703,0.5484922238029386,0.13383956662645188,0.08160630893740918,0.06031746031746031,0.18687105244482294,0.09632132069802953,0.023992978612045624,0.07692658479965178,0.11432094252154443,0.6043990700575015,0.17799134769597277,0.17789719272624216,0.12455705386697954
learned,domain,later_capability_damage_any_path,B,logistic,5,3000,0.08661696580301231,0.6044955853164851,0.09349178910436555,0.545287602144225,0.6815907090124086,0.18006641982661903,0.07762159212147555,0.12375958420993871,0.2415880218832427,0.591772041205114,0.0892791893352436,0.5314938032071267,0.6638006811356718,0.19095625200333582,0.03673523614128372,0.16248419938659325,0.21760251300455052,0.2358412608282693,0.012116171452503953,0.2264234868115822,0.2449249718544248,0.6076081495280559,0.17877109331364138,-0.0031125642115708008,0.001295326512977646
learned,domain,later_capability_damage_any_path,B,random_forest,5,3000,0.08661696580301231,0.5693792182506697,0.031782799024121226,0.545671160036244,0.5970314087628197,0.12188422538664896,0.03601656424530612,0.09495910802214505,0.14879828000248074,0.49811517911713094,0.0028115652218462885,0.4955994558466907,0.5,0.0,0.0,0.0,0.0,0.09406842058812451,0.01562178994185081,0.08136780108795913,0.1048325371774396,0.5686952718115679,0.12091158655931303,0.0006839464391018568,0.0009726388273359338
learned,domain,later_capability_damage_any_path,B+M,logistic,5,3000,0.08661696580301231,0.6076081495280559,0.08713913937471468,0.5528159433444386,0.6844414053915369,0.17877109331364138,0.08606395542527819,0.11628600835665623,0.24524376818529325,0.578244867909652,0.07551714527802512,0.5283972169330043,0.6435603606986202,0.18373667169968871,0.0256249921726936,0.16397658015721367,0.2046845252541596,0.2274114029864847,0.017843381782025474,0.21324256076812512,0.24256084512332396,0.6076081495280559,0.17877109331364138,0.0,0.0
learned,domain,later_capability_damage_any_path,B+M,random_forest,5,3000,0.08661696580301231,0.5686952718115679,0.020200768237725784,0.5534566805239357,0.5868162168843399,0.12091158655931303,0.03212757270948292,0.0960429858803615,0.14551905531190937,0.4981275248036713,0.00279920894301732,0.4956196878130757,0.5,0.0,0.0,0.0,0.0,0.09508945411013217,0.013887440686298349,0.08324263072953704,0.10423921163403525,0.5686952718115679,0.12091158655931303,0.0,0.0
learned,domain,later_capability_damage_any_path,B+M+L,logistic,5,3000,0.08661696580301231,0.6109329611349908,0.08392500829736695,0.5567894523193487,0.6866520692372973,0.17504817819306542,0.08034717233317577,0.11632524044189721,0.23377111594423367,0.580793168241275,0.08351938447133711,0.5321228707889409,0.6573635468730197,0.18555563009283518,0.030703642258037067,0.16318386876281613,0.20832891246684354,0.22710238604106586,0.015912307576291113,0.21294491102564567,0.23794205447018055,0.6076081495280559,0.17877109331364138,0.0033248116069349853,-0.003722915120575959
learned,domain,later_capability_damage_any_path,B+M+L,random_forest,5,3000,0.08661696580301231,0.5809348145633176,0.0310625434594435,0.5596712879232,0.6072452942337516,0.13640836357826064,0.05891910581981709,0.09090766069997239,0.18190906645654892,0.4994775339602926,0.0011682695807208826,0.4984326018808778,0.5,0.0,0.0,0.0,0.0,0.09166456721737397,0.014195829953482212,0.07954455339912342,0.1009688225845766,0.5686952718115679,0.12091158655931303,0.012239542751749766,0.01549677701894761
learned,domain,later_capability_damage_any_path,B+M+L+R,logistic,5,3000,0.08661696580301231,0.8477802895121913,0.03005019517931621,0.8240393626708615,0.8716628820149476,0.39861142223772533,0.10689560807289557,0.3217595760356241,0.4824193501205572,0.771661440062397,0.043372020126228324,0.7363602572769319,0.8042214249839251,0.37210007548458995,0.07089184708022808,0.318538035991516,0.42575289010292183,0.15165717632985398,0.01657680727388764,0.1398794284072154,0.16599170741914634,0.6076081495280559,0.17877109331364138,0.24017213998413545,0.21984032892408395
learned,domain,later_capability_damage_any_path,B+M+L+R,random_forest,5,3000,0.08661696580301231,0.8402666647559437,0.020355902868983387,0.8291699479832346,0.8586118811913875,0.37552682017274785,0.0786434568463354,0.3173261459952646,0.43820990557797523,0.5756537690483771,0.014138564262248134,0.5663502964844102,0.587420073498411,0.24725246286336205,0.04177684928832836,0.21459057071960302,0.28134591451832275,0.07164800650332781,0.012082738894164662,0.06158721318559235,0.08153339153952151,0.5686952718115679,0.12091158655931303,0.2715713929443758,0.25461523361343485
learned,domain,later_clean_any_path,B,logistic,5,3000,0.10550527271457504,0.5962494426888377,0.10164894924099706,0.507523437974217,0.660826594788859,0.18334457303506482,0.0880649784397094,0.10946805119943517,0.24643848362775703,0.5667001164961697,0.0818562658768843,0.4917008630982306,0.617410119426206,0.2179568448096858,0.10925694160086077,0.1175469728910751,0.2860227727923606,0.22594166307272284,0.03912449722273255,0.19500983575156133,0.2567181646493533,0.5681716987589873,0.16483017307764988,0.028077743929850407,0.01851439995741494
learned,domain,later_clean_any_path,B,random_forest,5,3000,0.10550527271457504,0.570449326117179,0.10807502200317107,0.4838473537037218,0.6606700407164918,0.17972382612967533,0.11502412114529686,0.09770243992622735,0.2824219287088494,0.5245029713164221,0.04090111547346548,0.4937033984189144,0.5553025442139298,0.11804142919102509,0.11959393427418757,0.027659574468085108,0.20842328391396509,0.1133747549401845,0.011940262533811972,0.1036243444436105,0.12265159455424235,0.5465605619370112,0.1582260925973356,0.023888764180167832,0.02149773353233972
learned,domain,later_clean_any_path,B+M,logistic,5,3000,0.10550527271457504,0.5681716987589873,0.08602079903736932,0.4890722369127933,0.6211075839817063,0.16483017307764988,0.08228167563643188,0.09621772414836348,0.23282509022329573,0.5306148962676037,0.06195639424874536,0.47751303094899367,0.5766592750288659,0.18234941994243895,0.08715289227448086,0.10685510511903215,0.24388086620301172,0.20632049150522339,0.03563398253547158,0.18088979137537756,0.23865635604056806,0.5681716987589873,0.16483017307764988,0.0,0.0
learned,domain,later_clean_any_path,B+M,random_forest,5,3000,0.10550527271457504,0.5465605619370112,0.10303895069596783,0.4591690859647283,0.6319083470205767,0.1582260925973356,0.10264711497638868,0.08664392387313621,0.24634686406443213,0.51939211696615,0.028840999685460916,0.49839663060163447,0.5403826366864083,0.08944444444444444,0.09354968310943947,0.02,0.15888888888888889,0.1145141846643242,0.009690232273164201,0.10658755311176671,0.12223017215077317,0.5465605619370112,0.1582260925973356,0.0,0.0
learned,domain,later_clean_any_path,B+M+L,logistic,5,3000,0.10550527271457504,0.5716460284315243,0.09577707371514531,0.4843490114406941,0.6381600825877121,0.16748767634498787,0.0857056544874196,0.0962367388414759,0.23867749068147961,0.5283685424181255,0.06365807163873759,0.4757133979049423,0.5729549272493537,0.17783227654300765,0.08631049400054172,0.10371196754563894,0.24050439044312846,0.2059868733929922,0.03495386119080532,0.1803934537907942,0.23771244629996877,0.5681716987589873,0.16483017307764988,0.0034743296725370243,0.0026575032673379906
learned,domain,later_clean_any_path,B+M+L,random_forest,5,3000,0.10550527271457504,0.5488694693755137,0.07714105561843884,0.4804978608064811,0.603590448695247,0.15129027037266568,0.08165462152799159,0.08739513224298454,0.21945831681481143,0.5198584660625023,0.027417036573200618,0.5000454334276595,0.5413075267273156,0.08830144982709939,0.09489845564279953,0.019047619047619046,0.16039307128580946,0.11290292418836764,0.010213585909863173,0.10523000654971167,0.12014634353970935,0.5465605619370112,0.1582260925973356,0.0023089074385025388,-0.00693582222466993
learned,domain,later_clean_any_path,B+M+L+R,logistic,5,3000,0.10550527271457504,0.5820970790862747,0.09306652482584438,0.49838772961292366,0.6474590026856165,0.18163549636290033,0.08760826515779203,0.109866191021006,0.24273097963204524,0.5462596224806169,0.06051950710900849,0.4974912847975836,0.5948141060575332,0.20078443698504578,0.08956307366677999,0.1265176729592456,0.2711434223032856,0.20424930146671066,0.03349299205773165,0.18005645798783648,0.2346328818921879,0.5681716987589873,0.16483017307764988,0.013925380327287407,0.016805323285250445
learned,domain,later_clean_any_path,B+M+L+R,random_forest,5,3000,0.10550527271457504,0.7469578220330148,0.05569907045127149,0.7076832025843589,0.7943654831777471,0.29920551552943453,0.1279204085917965,0.19506119019760976,0.40571750759760905,0.5282263715532499,0.01699587013532666,0.512687014945027,0.5383173523942975,0.10974565511272286,0.06346532613299333,0.05122994652406417,0.14675396362221574,0.09429248786756458,0.015141917624308577,0.08138582236419338,0.10553580345304693,0.5465605619370112,0.1582260925973356,0.20039726009600356,0.14097942293209892
learned,domain,later_clean_enhancement_path,B,logistic,5,3000,0.058048746420839445,0.504882488208709,0.18151425867000837,0.33857617060569717,0.6180342189104886,0.0925470521113251,0.05785817503841894,0.04709480966201231,0.1396969951522174,0.5363337923464028,0.10976936661847674,0.4374413400086167,0.6116834412510999,0.13499306140300096,0.10773852476749451,0.048175277959450626,0.22195005686152974,0.2279911199253915,0.040100643909762215,0.19697727984354146,0.25911114054107465,0.45970177794159356,0.07579964690811038,0.0451807102671154,0.01674740520321473
learned,domain,later_clean_enhancement_path,B,random_forest,5,3000,0.058048746420839445,0.49897946946177,0.12318876232094118,0.3977236239075406,0.5985770609636922,0.08303358364074098,0.06504378320090609,0.040395984495854485,0.13644185168480755,0.5,0.0,0.5,0.5,0.0,0.0,0.0,0.0,0.06891118294441982,0.016345981934465695,0.0559201198339889,0.08028259635393,0.502521936761091,0.07408083710475367,-0.003542467299321006,0.008952746535987308
learned,domain,later_clean_enhancement_path,B+M,logistic,5,3000,0.058048746420839445,0.45970177794159356,0.1584106490266439,0.31531988579192144,0.5589113041560733,0.07579964690811038,0.0473251690126861,0.035960290694983986,0.111314706915837,0.48565148613736575,0.06410494801728657,0.42780077744070805,0.5172366224333965,0.08364229118340857,0.04759033420615686,0.04011774949210166,0.1102768946080945,0.17875377722721486,0.025560897737062115,0.16117221414366312,0.2003174279889486,0.45970177794159356,0.07579964690811038,0.0,0.0
learned,domain,later_clean_enhancement_path,B+M,random_forest,5,3000,0.058048746420839445,0.502521936761091,0.0953851178269541,0.4303495523514308,0.5847484019057286,0.07408083710475367,0.054248910121096436,0.03753208956349155,0.12029400092156407,0.5,0.0,0.5,0.5,0.0,0.0,0.0,0.0,0.06686528253079378,0.016601958291204744,0.053509601438289756,0.0781189470160368,0.502521936761091,0.07408083710475367,0.0,0.0
learned,domain,later_clean_enhancement_path,B+M+L,logistic,5,3000,0.058048746420839445,0.5013292434167502,0.13836462394679683,0.3744400736262644,0.5853947000009416,0.0779800592607928,0.04217231912204739,0.04343845330093903,0.10867016365805862,0.5150958503980528,0.08739592732134088,0.43712967932421004,0.5734435218398036,0.10912953013025115,0.07020001666359874,0.05161290322580645,0.15766999995194686,0.17407531317410965,0.02096952206240954,0.1579700552599854,0.19074187477914456,0.45970177794159356,0.07579964690811038,0.041627465475156666,0.0021804123526824176
learned,domain,later_clean_enhancement_path,B+M+L,random_forest,5,3000,0.058048746420839445,0.48400798027983116,0.11198244353564503,0.3855621860352335,0.5548260759807047,0.06906067238444273,0.040413186317142406,0.03955482468317448,0.10340775805028694,0.5,0.0,0.5,0.5,0.0,0.0,0.0,0.0,0.0666369386569128,0.0167554130053317,0.0535879683619521,0.07944026718561352,0.502521936761091,0.07408083710475367,-0.018513956481259863,-0.005020164720310943
learned,domain,later_clean_enhancement_path,B+M+L+R,logistic,5,3000,0.058048746420839445,0.7583974986554035,0.04943687364418971,0.7262195283819766,0.7998064010061816,0.2213425186788168,0.11862704732202366,0.12638968527909417,0.31071779564897156,0.6971836710096719,0.05439660163334546,0.6538844340747108,0.7395681967167445,0.2501607152360172,0.11439923769956939,0.158422649140546,0.3368421052631579,0.1432440739403468,0.014449920746797303,0.1326058628570969,0.1552503061179391,0.45970177794159356,0.07579964690811038,0.29869572071380995,0.1455428717707064
learned,domain,later_clean_enhancement_path,B+M+L+R,random_forest,5,3000,0.058048746420839445,0.8058324473352878,0.057015624660248836,0.7551053302878823,0.8422551370569915,0.22977770938398293,0.06921570575323197,0.17716043603152246,0.27773902694857927,0.5074150660182031,0.011344303133832606,0.49900249376558603,0.5160491497139224,0.03125317097919837,0.04289129807820739,0.0,0.0641298833079655,0.054303162164079634,0.01695408983711928,0.03928330378395663,0.06649362489414587,0.502521936761091,0.07408083710475367,0.3033105105741968,0.15569687227922924
learned,domain,later_clean_suppression_path,B,logistic,5,3000,0.05019286728589054,0.6137202404398496,0.07579984907322425,0.5560643383192564,0.6737945247960123,0.1310682835493059,0.09823774082378162,0.06852238676863906,0.21448351537268223,0.5805307887205281,0.08685369578534886,0.5102520970750477,0.6489206774231003,0.1390656746054561,0.07469420016907767,0.08376611246030263,0.19442385956387048,0.21363115284939024,0.050267514856807534,0.17453843075147865,0.25272387494730186,0.5768107131457374,0.11059562646477927,0.03690952729411223,0.020472657084526613
learned,domain,later_clean_suppression_path,B,random_forest,5,3000,0.05019286728589054,0.6128008196478065,0.05001725537512839,0.5737026820469977,0.6518989572486154,0.11867655632145133,0.061975810341733606,0.07239318933751951,0.16823744784054556,0.5142577677431092,0.03542927722670632,0.49630010277492287,0.5464732004544046,0.045714285714285714,0.10222025039999037,0.0,0.13714285714285715,0.05817301634373234,0.005476551088367792,0.0540523283848783,0.0629821830828599,0.5923310482308922,0.10600168767346499,0.020469771416914306,0.012674868647986337
learned,domain,later_clean_suppression_path,B+M,logistic,5,3000,0.05019286728589054,0.5768107131457374,0.08968328478277937,0.5164330971931872,0.6519149569417683,0.11059562646477927,0.10411716431827138,0.052984773755549774,0.20416152778167942,0.5560955854270346,0.06695025245481993,0.5047371579647401,0.6074540128893293,0.12660275530085108,0.06296756224178948,0.07781155015197569,0.17480140627471016,0.1946045426331972,0.05617279692445033,0.1530302661913007,0.24200576723394268,0.5768107131457374,0.11059562646477927,0.0,0.0
learned,domain,later_clean_suppression_path,B+M,random_forest,5,3000,0.05019286728589054,0.5923310482308922,0.04582184970882251,0.5582297401981914,0.6264323562635933,0.10600168767346499,0.06548534118004931,0.05919616942150061,0.16367182272676328,0.5120545442638528,0.028412894601503556,0.4984583761562179,0.5377052566353403,0.04285714285714286,0.095831484749991,0.0,0.12857142857142856,0.057968223665742315,0.005339665275788485,0.054208215365540546,0.06277575193550965,0.5923310482308922,0.10600168767346499,0.0,0.0
learned,domain,later_clean_suppression_path,B+M+L,logistic,5,3000,0.05019286728589054,0.5890062626346888,0.07835296625031218,0.5325989707522727,0.6554845679737785,0.11004916571171677,0.10061250294902933,0.0542389376451896,0.20218483834172588,0.5440951560411196,0.06818399677395509,0.4859124091650201,0.5941244317132425,0.11144791664644096,0.05926749831809832,0.06139821622192796,0.15441808485286748,0.19811764179587069,0.058757721260259965,0.15483531866734865,0.247558762419613,0.5768107131457374,0.11059562646477927,0.012195549488951407,-0.0005464607530624999
learned,domain,later_clean_suppression_path,B+M+L,random_forest,5,3000,0.05019286728589054,0.6096101003864192,0.06317850495154627,0.5608995346647537,0.6583206661080846,0.09974173530538064,0.043167375313257476,0.06366468239444259,0.13245030204611935,0.503769991781615,0.008720062007318632,0.4996916752312436,0.5116183001136011,0.015384615384615385,0.034401045807689073,0.0,0.046153846153846156,0.0566597164092407,0.004744592641337891,0.05355160630890301,0.06077694546034188,0.5923310482308922,0.10600168767346499,0.01727905215552694,-0.006259952368084354
learned,domain,later_clean_suppression_path,B+M+L+R,logistic,5,3000,0.05019286728589054,0.8618211134546012,0.03478480755287337,0.8311229316374407,0.884529972249316,0.4035489459886524,0.12391363872282786,0.304805780508375,0.5022921114689299,0.7708091296221085,0.036627528065009164,0.7414209606568403,0.7985474152722896,0.29147457264937443,0.067453993984296,0.2398818939154276,0.34306725138332117,0.13099817633502445,0.03467833768763632,0.10477513681287873,0.15723093123780837,0.5768107131457374,0.11059562646477927,0.2850104003088638,0.2929533195238731
learned,domain,later_clean_suppression_path,B+M+L+R,random_forest,5,3000,0.05019286728589054,0.8560847957258539,0.04632759326462825,0.8147516971180032,0.8857690374187612,0.310178876129226,0.10707782687285738,0.24240200721350513,0.40586295249067444,0.5277283085817198,0.033985272632467416,0.5034043826295923,0.5561401694859062,0.09992567818654775,0.11635714260791068,0.015384615384615385,0.1956521739130435,0.045056653973529426,0.007756210702970433,0.03979397159104575,0.05204996126156428,0.5923310482308922,0.10600168767346499,0.2637537474949617,0.20417718845576102
learned,domain,later_enhancement_path,B,logistic,5,3000,0.0619186628488954,0.5107850004235563,0.19751365705059443,0.3310672003245432,0.6310457098988801,0.10029873741281241,0.0608706010471872,0.04932228085843174,0.15034736368198648,0.5530162345260781,0.1119396973175138,0.4563473621684331,0.6333418372920064,0.14918531410536034,0.11225160292953994,0.056410910313329544,0.23499622304537984,0.2235909863288669,0.04141179549738286,0.1909664917287039,0.25354747789800497,0.4712458140839768,0.08149848732363237,0.039539186339579535,0.018800250089180043
learned,domain,later_enhancement_path,B,random_forest,5,3000,0.0619186628488954,0.5305020082834846,0.1046775787847903,0.4416535946937901,0.6102859439520602,0.09193079772739705,0.06214900994354666,0.0496884456896124,0.1426412479198475,0.4985037406483791,0.0033457376221941895,0.49551122194513714,0.5,0.0,0.0,0.0,0.0,0.0722451234859694,0.017382278960052178,0.05841757748909563,0.08442351811587348,0.5226253823014899,0.08420525067773806,0.007876625981994678,0.007725547049658998
learned,domain,later_enhancement_path,B+M,logistic,5,3000,0.0619186628488954,0.4712458140839768,0.16646946210077723,0.316663118547324,0.5673433042312137,0.08149848732363237,0.04206994436420283,0.04412631184726096,0.1113401733916028,0.5017189308662426,0.07081493238997413,0.43650530390955067,0.5448869254818461,0.11035019626908267,0.06808968435714248,0.05140630707415074,0.15662909657925222,0.17511051859122678,0.027165256347782267,0.15705538564768146,0.1985749908923272,0.4712458140839768,0.08149848732363237,0.0,0.0
learned,domain,later_enhancement_path,B+M,random_forest,5,3000,0.0619186628488954,0.5226253823014899,0.11585871613956292,0.4311108905546064,0.6024803994013517,0.08420525067773806,0.054884291034715975,0.0454454727876346,0.12795952702129623,0.49925187032418955,0.0016728688110970948,0.4977556109725686,0.5,0.0,0.0,0.0,0.0,0.07091582358031816,0.015599874233289963,0.05858730586406824,0.08234928129876877,0.5226253823014899,0.08420525067773806,0.0,0.0
learned,domain,later_enhancement_path,B+M+L,logistic,5,3000,0.0619186628488954,0.5114028205583202,0.15117588811323288,0.3773864883681379,0.5961331155002626,0.0868407474562973,0.0422090907480443,0.049426566251840054,0.11257950673733239,0.522015535654258,0.08565620206801004,0.45060114960135034,0.5823757458585528,0.11882055683014914,0.07268143773786026,0.054826038159371496,0.1665558361391691,0.17076675553470638,0.022047620807319944,0.15511501630361338,0.18910002502925763,0.4712458140839768,0.08149848732363237,0.04015700647434339,0.005342260132664936
learned,domain,later_enhancement_path,B+M+L,random_forest,5,3000,0.0619186628488954,0.4852583874309412,0.12844194777719325,0.3690150425093912,0.5696893296344574,0.07357341268639386,0.044900519187235956,0.03818986231285293,0.11020517778565668,0.49900249376558603,0.002230491748129476,0.4970074812967581,0.5,0.0,0.0,0.0,0.0,0.07003014651902986,0.01620693094134474,0.05744510878482449,0.08143550451183422,0.5226253823014899,0.08420525067773806,-0.03736699487054873,-0.010631837991344192
learned,domain,later_enhancement_path,B+M+L+R,logistic,5,3000,0.0619186628488954,0.770261766070776,0.054782268445857214,0.7306412373956288,0.8148085110792546,0.23653379063562938,0.1355587112351085,0.13172954976613682,0.3331015001745886,0.7063224777349069,0.07530046784633439,0.6470253331970927,0.763132261021766,0.2747797428050632,0.12937397547690463,0.1785155380081001,0.36878765320071477,0.13856104819989296,0.01450135643671915,0.1288066633226252,0.15083183245873377,0.4712458140839768,0.08149848732363237,0.2990159519867992,0.155035303311997
learned,domain,later_enhancement_path,B+M+L+R,random_forest,5,3000,0.0619186628488954,0.822768587838144,0.05863345111006745,0.7697289847607786,0.8549784258339181,0.2564422528840596,0.10606819003988863,0.17333401884400806,0.3367850949317306,0.5116661041538099,0.01390818528589614,0.5014307886741814,0.5231691434312415,0.0475722227578007,0.05152938866554466,0.008695652173913044,0.09011857707509881,0.055696390026999755,0.015295574003159574,0.041790885658056796,0.06604306565745857,0.5226253823014899,0.08420525067773806,0.3001432055366541,0.17223700220632154
learned,domain,later_neighbor_damage_any_path,B,logistic,5,3000,0.07229008077845286,0.6084880562242504,0.0868522668472419,0.5321509679501534,0.6646464981537243,0.1428133545755766,0.06143148775629027,0.09266111828012208,0.18931698787922963,0.567825895187214,0.09943186627785973,0.4809244736907746,0.6306950526902833,0.16938411068885384,0.07598201470342264,0.1080464202170047,0.22705333929482316,0.21625275568589886,0.052759187755092064,0.17637743468877928,0.25515499779929274,0.5814315469415038,0.1162602605597601,0.02705650928274661,0.026553094015816486
learned,domain,later_neighbor_damage_any_path,B,random_forest,5,3000,0.07229008077845286,0.6004487298899076,0.07169761638239024,0.5487634212249379,0.6592954448070989,0.1381415205284086,0.10013427156398222,0.07456021328339016,0.22638019197295303,0.4993370165745857,0.001482476007182182,0.4980110497237569,0.5,0.0,0.0,0.0,0.0,0.08086776048166758,0.023522251949568307,0.06322967588722435,0.10008047141463564,0.5837563293571563,0.10350035504311524,0.01669240053275134,0.034641165485293376
learned,domain,later_neighbor_damage_any_path,B+M,logistic,5,3000,0.07229008077845286,0.5814315469415038,0.07577350936420478,0.5127026567807449,0.6333324761790492,0.1162602605597601,0.05897224017173391,0.06981969800421628,0.16270082311530393,0.5215749254656332,0.05939490259927253,0.4751493431420565,0.5645478500058497,0.1343379980917198,0.08038309160845122,0.07949429068722146,0.20332482908086663,0.1802003741720893,0.03294293879977299,0.1550155164003038,0.20538523194387484,0.5814315469415038,0.1162602605597601,0.0,0.0
learned,domain,later_neighbor_damage_any_path,B+M,random_forest,5,3000,0.07229008077845286,0.5837563293571563,0.041114698882154105,0.5545665396184211,0.6197845846149678,0.10350035504311524,0.04011417634931191,0.07318522095878781,0.13459676948981053,0.49955801104972375,0.0009883173381214465,0.49867403314917125,0.5,0.0,0.0,0.0,0.0,0.0802778052175976,0.021920074364819655,0.06479721486446134,0.09912339312602275,0.5837563293571563,0.10350035504311524,0.0,0.0
learned,domain,later_neighbor_damage_any_path,B+M+L,logistic,5,3000,0.07229008077845286,0.5825161087550932,0.066622654106809,0.5233398998081485,0.626655119688866,0.11656221843795178,0.055737885417739566,0.07393491480929076,0.1591895220666128,0.5426426377952565,0.05282521052552742,0.5010772822416557,0.5842079933488572,0.1487398788575259,0.06900320306735655,0.10504575163398693,0.2074389140271493,0.17915627787706484,0.029378857535050713,0.15585487015739014,0.20132864955581492,0.5814315469415038,0.1162602605597601,0.001084561813589402,0.00030195787819167763
learned,domain,later_neighbor_damage_any_path,B+M+L,random_forest,5,3000,0.07229008077845286,0.5820326398150995,0.02680408382045855,0.5604199636594591,0.6013496577967955,0.11373590206008007,0.055864051232972604,0.07299809504355538,0.16084440258826643,0.5,0.0,0.5,0.5,0.0,0.0,0.0,0.0,0.07865840006536108,0.021857310801173768,0.06348830346717502,0.09763337417503348,0.5837563293571563,0.10350035504311524,-0.0017236895420568166,0.01023554701696483
learned,domain,later_neighbor_damage_any_path,B+M+L+R,logistic,5,3000,0.07229008077845286,0.8121891698745639,0.05214941025456603,0.7648928821778825,0.8470889995980133,0.3338212105455759,0.13944118761914737,0.2202625207237217,0.44515029275518303,0.7228332924422406,0.06277992716603033,0.6703370374708542,0.765400912204886,0.32569613647619217,0.10852545650089633,0.24211118513583543,0.41440542442269557,0.1316421065490599,0.02851221412645811,0.10825208944956907,0.1526972383813469,0.5814315469415038,0.1162602605597601,0.23075762293306012,0.2175609499858158
learned,domain,later_neighbor_damage_any_path,B+M+L+R,random_forest,5,3000,0.07229008077845286,0.8317093729078906,0.041037948575740835,0.7959460397521563,0.8602568089991278,0.3536489340056389,0.11949647066150154,0.25955527303553816,0.44780894501425567,0.5633747770325405,0.024098179329920102,0.5435576637297963,0.5808350258330169,0.20827813160470363,0.06820952186616853,0.1502673796791444,0.25649867374005303,0.0606289141357008,0.01557311741969251,0.048938007045027286,0.07389599821810444,0.5837563293571563,0.10350035504311524,0.24795304355073433,0.2501485789625237
learned,domain,later_suppression_path,B,logistic,5,3000,0.053999930162720866,0.6242241418955539,0.0714400822125191,0.5695129862528359,0.6789352975382719,0.12896913111020297,0.09205519271688996,0.06835793460058583,0.21061067888243962,0.5870661225050869,0.09064697497792382,0.5163994741297643,0.6534871590604434,0.14891594762255,0.08208331892891738,0.08234696723527905,0.21277453513173353,0.21355994744266477,0.050042570025408274,0.17468586695736937,0.25243402792796016,0.5799175540295598,0.11140527212669271,0.04430658786599406,0.01756385898351026
learned,domain,later_suppression_path,B,random_forest,5,3000,0.053999930162720866,0.5890141745675331,0.048628669381529474,0.5547288112798114,0.6305642081713076,0.12584183331242443,0.06675515984466976,0.07506229994481535,0.176370574345305,0.5180682140117312,0.03726545861270907,0.5,0.5507487348962098,0.06416117783804727,0.11993388216273584,0.0,0.16551724137931034,0.06225672429024594,0.009200281365057938,0.056147068606191466,0.07041507265767248,0.5833504023723589,0.11042437982429146,0.0056637721951742215,0.015417453488132976
learned,domain,later_suppression_path,B+M,logistic,5,3000,0.053999930162720866,0.5799175540295598,0.08185659379043662,0.5244085644311415,0.6503533066013827,0.11140527212669271,0.098899164449643,0.05548728846468498,0.20060883087865924,0.5518545400916166,0.07039733334985622,0.49741249900735635,0.6062965811758769,0.1271397617985114,0.06869630812714232,0.0793031529873635,0.18816331535937839,0.18737456965236723,0.055099392431969985,0.14643321663774014,0.2332101761426383,0.5799175540295598,0.11140527212669271,0.0,0.0
learned,domain,later_suppression_path,B+M,random_forest,5,3000,0.053999930162720866,0.5833504023723589,0.07667124654434697,0.5241950746667813,0.6425057300779364,0.11042437982429146,0.06601671795574418,0.05937433432225779,0.16173695582961622,0.5009438525010625,0.0021105183531090984,0.5,0.5028315575031876,0.008791208791208791,0.01965774046153661,0.0,0.026373626373626374,0.061911347842664735,0.00844089459800223,0.05629495280268212,0.06920235204838328,0.5833504023723589,0.11042437982429146,0.0,0.0
learned,domain,later_suppression_path,B+M+L,logistic,5,3000,0.053999930162720866,0.5954498628534097,0.0759078274575232,0.5415948887736427,0.6622369920764615,0.1113485646040397,0.09533352072536311,0.055462905153364786,0.19841672955999107,0.5390132559305499,0.061690221052333086,0.49262076286674983,0.5872133682906757,0.1129492212641647,0.06131437603493272,0.06053839205058718,0.1625746975345701,0.19025338425730776,0.05808731098759108,0.14724508726815166,0.23844978516535725,0.5799175540295598,0.11140527212669271,0.015532308823849927,-5.670752265300727e-05
learned,domain,later_suppression_path,B+M+L,random_forest,5,3000,0.053999930162720866,0.5993091408008412,0.07357449829395298,0.5461179668576778,0.6577625413443632,0.10439159015451474,0.05246069416082355,0.06382757240593065,0.14438291949007548,0.503768708431901,0.00872085052579156,0.499687825182102,0.5116183001136011,0.015384615384615385,0.034401045807689073,0.0,0.046153846153846156,0.060642087418513214,0.00859981317748983,0.055209840310018285,0.06787273414768424,0.5833504023723589,0.11042437982429146,0.015958738428482278,-0.006032789669776717
learned,domain,later_suppression_path,B+M+L+R,logistic,5,3000,0.053999930162720866,0.8613679267194779,0.036196608196426935,0.8302466903172135,0.8865407185861317,0.4030005260884056,0.1119417296449914,0.3143889466682331,0.491612105508578,0.7669939778858804,0.02912084025312708,0.7442490413043175,0.7914729951117219,0.30544315181797665,0.06428786123690135,0.2548144196608838,0.35607188397506945,0.128756584680277,0.03676931458285769,0.10122650204238222,0.15703803701365895,0.5799175540295598,0.11140527212669271,0.2814503726899181,0.2915952539617129
learned,domain,later_suppression_path,B+M+L+R,random_forest,5,3000,0.053999930162720866,0.8557259722609812,0.046751029723693535,0.8134402470094658,0.8825538795687358,0.3279643205015049,0.09037003554490271,0.27009127833540436,0.40467074890579485,0.536473301442522,0.032077603950517605,0.5111296671645149,0.5623765753702565,0.13032649374112787,0.10627019424247344,0.043915343915343914,0.21498257839721252,0.047976772237868406,0.009866067530047547,0.04120482822700074,0.05662584619498193,0.5833504023723589,0.11042437982429146,0.2723755698886223,0.21753994067721347
learned,domain,later_target_any_path,B,logistic,5,3000,0.1124415112787206,0.6042408263328947,0.11441492131007712,0.5036946789916166,0.6730084674505546,0.19238549119977624,0.09208845815350894,0.11628950917546392,0.2559638518762995,0.5775038174625786,0.09970435876160576,0.48462741027343903,0.6398551895606508,0.24520589815798283,0.13289572041652428,0.12681851556007392,0.3348304998472972,0.22301729153181338,0.0393561213391737,0.19198976494637515,0.2528817416085513,0.5793859433818149,0.17443488344173913,0.024854882951079738,0.017950607758037113
learned,domain,later_target_any_path,B,random_forest,5,3000,0.1124415112787206,0.5700132284944681,0.11109256510094233,0.4759467344349453,0.6538811932564267,0.17861880366282962,0.09977525765723555,0.09805247759630838,0.2594328591994296,0.519918334959772,0.03747576782426405,0.4945090681925632,0.5508123270471038,0.10285580053021914,0.11513133310109659,0.02077922077922078,0.1904980032887005,0.11834272738826908,0.014930904189654126,0.10685281416520738,0.1300482508984479,0.5696162100101915,0.17009983108401078,0.00039701848427664554,0.00851897257881884
learned,domain,later_target_any_path,B+M,logistic,5,3000,0.1124415112787206,0.5793859433818149,0.09803258017840286,0.49043269433114933,0.641257847780648,0.17443488344173913,0.0869336253467961,0.10059988196496764,0.2459731763261531,0.5399626498234211,0.06535689783711716,0.48519589733618507,0.5850288891233395,0.19515986898457768,0.09687281661744418,0.11288866172587102,0.2637696988609768,0.19955330247409261,0.035827541697412923,0.17377573040123823,0.23233246587304723,0.5793859433818149,0.17443488344173913,0.0,0.0
learned,domain,later_target_any_path,B+M,random_forest,5,3000,0.1124415112787206,0.5696162100101915,0.09674738383950401,0.4874434017975764,0.6405518352967052,0.17009983108401078,0.09874310239102932,0.09251532563217453,0.2469672417957022,0.5140893312908752,0.024328403503167142,0.49550504504351256,0.5325183344651804,0.08302095535598072,0.08349879333448797,0.016666666666666666,0.14393466093973709,0.11813457740026354,0.011904823790464045,0.10925169237430571,0.12836887176546627,0.5696162100101915,0.17009983108401078,0.0,0.0
learned,domain,later_target_any_path,B+M+L,logistic,5,3000,0.1124415112787206,0.5821002744820991,0.10502495957602277,0.4866308588091364,0.653518076703796,0.17464233131619528,0.08736274848193537,0.09999228241717935,0.2463081772372079,0.5402939976753142,0.06733706057435837,0.4827729064555328,0.5877018684920856,0.19526448438886695,0.09641603832430656,0.11571621014818141,0.26263616557734204,0.1995691488974096,0.03566127021336666,0.17335789520282335,0.23224390693861868,0.5793859433818149,0.17443488344173913,0.002714331100284184,0.00020744787445614588
learned,domain,later_target_any_path,B+M+L,random_forest,5,3000,0.1124415112787206,0.5606708680577344,0.0952875403849812,0.47835170099375574,0.6274929931205728,0.16673425422021185,0.09392731645192468,0.0900056369409763,0.2412666489564416,0.5174165869686715,0.02845001052569574,0.49771796866407264,0.5397806795987001,0.08630385808237445,0.0945039222158676,0.01787709497206704,0.15956600361663653,0.11683319011769504,0.01240657904017993,0.10761432935836397,0.12737531206766506,0.5696162100101915,0.17009983108401078,-0.008945341952457109,-0.0033655768637989303
learned,domain,later_target_any_path,B+M+L+R,logistic,5,3000,0.1124415112787206,0.5835003304970076,0.10092620405933847,0.49833441805114476,0.6553090915605879,0.18340129031207242,0.09269837663368738,0.10416476924137316,0.2565088470137253,0.5451736096143539,0.06758708270368552,0.4894331948334634,0.5896597475435004,0.20579150265536578,0.10042894983461681,0.12086679773066086,0.27888877575263893,0.19914187445853412,0.03572556964138722,0.17331430097794603,0.2316128102760256,0.5793859433818149,0.17443488344173913,0.00411438711519263,0.008966406870333288
learned,domain,later_target_any_path,B+M+L+R,random_forest,5,3000,0.1124415112787206,0.7511250860898442,0.05654040637426355,0.7133490470215692,0.7976512332811583,0.29923432909317293,0.1346810384320546,0.18632976707938328,0.4093325105152178,0.5308378784281936,0.021165737493904158,0.5134476757399973,0.546071724803907,0.12202138480827004,0.07865684660623969,0.05715846994535519,0.17806874364251413,0.09845899580441685,0.016409750161197112,0.08506818254330359,0.11177140416344573,0.5696162100101915,0.17009983108401078,0.18150887607965271,0.12913449800916216
learned,record,later_capability_damage_any_path,B,logistic,5,3000,0.08533333333333333,0.5785947981385513,0.09209353163656467,0.5077419453929447,0.649447650884158,0.13469293305285843,0.048444977547008085,0.0986798429952972,0.17447446532942534,0.5798453725230405,0.07447714322627498,0.5241984387229203,0.6373179448141124,0.1846267474081535,0.03225026679014843,0.1600455542365583,0.20926679942005827,0.24605850267171955,0.013624127511458082,0.23687060452425462,0.25790081449140406,0.5730523007530598,0.12163916556914478,0.005542497385491507,0.013053767483713646
learned,record,later_capability_damage_any_path,B,random_forest,5,3000,0.08533333333333333,0.5480751676257138,0.06016965245335699,0.49216120239956773,0.5863928421894997,0.11278996919727742,0.03432140673429283,0.0895085858602207,0.1440111371908741,0.4989208633093526,0.002413022997301941,0.49676258992805755,0.5,0.0,0.0,0.0,0.0,0.09491790373475949,0.01223308172124516,0.0857751313295494,0.10395106553950036,0.5384435816160937,0.12272981708759231,0.009631586009620108,-0.009939847890314893
learned,record,later_capability_damage_any_path,B+M,logistic,5,3000,0.08533333333333333,0.5730523007530598,0.08299198991280739,0.5142934820031378,0.6469015995824906,0.12163916556914478,0.04217635978058733,0.09435824516524542,0.1606116553988994,0.5384065525317621,0.07412456623822117,0.48562320761267125,0.6063286090310209,0.16163708770597457,0.04279711686793055,0.12946631024565522,0.2003824871255313,0.24312450721127804,0.01755476082063476,0.2295332791486097,0.2567157352739463,0.5730523007530598,0.12163916556914478,0.0,0.0
learned,record,later_capability_damage_any_path,B+M,random_forest,5,3000,0.08533333333333333,0.5384435816160937,0.08906962918174172,0.4662622063492189,0.599911185232598,0.12272981708759231,0.06688733954467746,0.07902776064319803,0.18452309104590642,0.5,0.0,0.5,0.5,0.0,0.0,0.0,0.0,0.09482930276378576,0.012830680994538166,0.08496082894671891,0.1042268507985494,0.5384435816160937,0.12272981708759231,0.0,0.0
learned,record,later_capability_damage_any_path,B+M+L,logistic,5,3000,0.08533333333333333,0.5741855690471791,0.085213553607341,0.514238751588536,0.6495224689353201,0.12402951462881591,0.05315331003263971,0.08998914183931561,0.17164776903402507,0.531861912963129,0.07517232270052678,0.4840085189963834,0.5991996773911061,0.15821211182425052,0.044936933435750906,0.12483028980116358,0.19816374083416888,0.24247028715762772,0.018253401954842156,0.22843916177347837,0.25650141254177716,0.5730523007530598,0.12163916556914478,0.001133268294119305,0.002390349059671129
learned,record,later_capability_damage_any_path,B+M+L,random_forest,5,3000,0.08533333333333333,0.5508062789321839,0.09150521527621161,0.469960244865853,0.6188283044209226,0.13184363426526532,0.0801870399185722,0.08204640624351962,0.20571053764697678,0.5089123376623377,0.020431373444529343,0.4994642857142858,0.5272727272727272,0.03333333333333333,0.07453559924999299,0.0,0.1,0.09235568257476985,0.013994793814714843,0.08199333172412981,0.10270818168873816,0.5384435816160937,0.12272981708759231,0.012362697316090188,0.009113817177673011
learned,record,later_capability_damage_any_path,B+M+L+R,logistic,5,3000,0.08533333333333333,0.8365098174382137,0.04134399665209767,0.8054706789158773,0.8669299579760321,0.37536617011758183,0.05801475958963476,0.33234308295746,0.4260379123434584,0.7617875055377878,0.0527731460040787,0.7213464584755803,0.8038007223622092,0.364126278793757,0.06154500058978395,0.3191520244461421,0.4131349296031173,0.15437047976992352,0.018808687622731555,0.14023105514090045,0.16844265911850057,0.5730523007530598,0.12163916556914478,0.26345751668515394,0.25372700454843705
learned,record,later_capability_damage_any_path,B+M+L+R,random_forest,5,3000,0.08533333333333333,0.8304797085594554,0.05009105320634812,0.7880520055970149,0.8649668196948873,0.34412381148159593,0.04635121739148172,0.30447123895871697,0.37316757668661793,0.5534348926699589,0.03569420013676663,0.5281848955465452,0.5810916708377118,0.18593848326957071,0.09572350416554368,0.11727276155518962,0.2594764285330323,0.07216696713364998,0.011848235070271202,0.06333978721209572,0.08148535071195455,0.5384435816160937,0.12272981708759231,0.2920361269433617,0.22139399439400362
learned,record,later_clean_any_path,B,logistic,5,3000,0.10800000000000001,0.6130330060157958,0.05063287078090794,0.5730619486278438,0.6524402272520478,0.17076473848350188,0.04436554155982449,0.13901503394417758,0.20821754614017857,0.5649500821614397,0.026866505343554357,0.5458409006079099,0.5882214440597228,0.21876642488302234,0.052258873608247436,0.17944978977371145,0.2588261029585416,0.23470024820970528,0.02363123230270058,0.21827971079511901,0.2562621439402267,0.6266167035462651,0.17990603854610604,-0.013583697530469285,-0.009141300062604163
learned,record,later_clean_any_path,B,random_forest,5,3000,0.10800000000000001,0.6244864704746637,0.0294191625540906,0.6024091529516815,0.6465637879976459,0.16437595012444298,0.03140064091065205,0.14389026834226717,0.19195266991348278,0.5060364311883647,0.017896493450254198,0.49281906178089413,0.5199518134743304,0.049686809137803975,0.05936234195418884,0.004347826086956522,0.09533898305084745,0.11343788048601129,0.011602401120838626,0.10441753860308442,0.12245822236893815,0.6488535130613422,0.18167828566517372,-0.024367042586678545,-0.01730233554073074
learned,record,later_clean_any_path,B+M,logistic,5,3000,0.10800000000000001,0.6266167035462651,0.045766950986881653,0.5890111401848144,0.6612019283180786,0.17990603854610604,0.037017386183641865,0.14790089464611672,0.20621509382101819,0.5783210281153116,0.03699100397309762,0.546206577838619,0.6051500496999458,0.22725516328250292,0.030999031314130687,0.20481911890326215,0.24940034781467385,0.22907945079285805,0.03400941269567975,0.2046270236971693,0.2565413687510888,0.6266167035462651,0.17990603854610604,0.0,0.0
learned,record,later_clean_any_path,B+M,random_forest,5,3000,0.10800000000000001,0.6488535130613422,0.023444041432084783,0.6297836947867513,0.6655412105886234,0.18167828566517372,0.029232678330922336,0.1590432850075708,0.20431328632277662,0.5146699630538192,0.024630478171795377,0.4966823793688461,0.533952799829747,0.07630559916274202,0.07667342022976811,0.02,0.13261119832548404,0.11107682728227466,0.013108801089359835,0.10098957841186454,0.1212643075952587,0.6488535130613422,0.18167828566517372,0.0,0.0
learned,record,later_clean_any_path,B+M+L,logistic,5,3000,0.10800000000000001,0.6366768583681865,0.048082388888152,0.5964327124557988,0.67299302835607,0.17708943210234346,0.03604621013061587,0.14923051258284742,0.20674004644656407,0.5911273371580564,0.023803813475483503,0.5713106017507329,0.6096713477742297,0.23827044863502894,0.03032581678187638,0.21355130368895736,0.2608686714401645,0.22663196659924817,0.03080849566338834,0.20388837521728323,0.25142698105864814,0.6266167035462651,0.17990603854610604,0.010060154821921463,-0.0028166064437625815
learned,record,later_clean_any_path,B+M+L,random_forest,5,3000,0.10800000000000001,0.663060050124014,0.03386298939085262,0.6371490857118722,0.6893512507525308,0.19185990086582555,0.026471012972254532,0.17181550015272423,0.21479121706694726,0.5128638057683016,0.01755615931531321,0.49921944381834893,0.5265081677182543,0.06713121053423865,0.05678392444257179,0.023076923076923078,0.11118549799155422,0.10806714336499648,0.013873365799329147,0.0973227194613766,0.11902586106888649,0.6488535130613422,0.18167828566517372,0.014206537062671831,0.010181615200651833
learned,record,later_clean_any_path,B+M+L+R,logistic,5,3000,0.10800000000000001,0.6145187097233775,0.026921693600024103,0.5954729791099886,0.6368390207720698,0.17732519745338302,0.044634839872923125,0.143933829364606,0.21281059019155749,0.5814033988675881,0.030409393921965372,0.5598523154716657,0.6062241771889821,0.23118241337977943,0.030254871752402424,0.20602148734928818,0.25202855596505247,0.22602799298835738,0.028559766382036736,0.20476050336916335,0.24911938080396206,0.6266167035462651,0.17990603854610604,-0.012097993822887565,-0.002580841092723024
learned,record,later_clean_any_path,B+M+L+R,random_forest,5,3000,0.10800000000000001,0.7734179237836527,0.028602278147691364,0.7483193099074998,0.7919260212705194,0.28647885941742846,0.09515716352258345,0.2244690714054655,0.37091448146011136,0.5240231974744773,0.01422202363107838,0.5141458905296095,0.5359873150105708,0.10298507515512241,0.040462577069069854,0.07643971840693153,0.1367992608175992,0.09576242741425059,0.009661267664550964,0.08835651859141842,0.10316728238813651,0.6488535130613422,0.18167828566517372,0.1245644107223105,0.10480057375225474
learned,record,later_clean_enhancement_path,B,logistic,5,3000,0.058666666666666666,0.5496389534942198,0.06093992427184639,0.5021285826671084,0.5971493243213313,0.10395556554240984,0.058447694318751305,0.07166342437762056,0.1572055129580796,0.5287418640741695,0.013631354941916037,0.5189038261997697,0.540343167676219,0.11629445797043421,0.018890925165864464,0.10271672388546398,0.13273364106792157,0.2439076290766531,0.028310079115629175,0.22601309752795515,0.26887890962478717,0.5947113603775325,0.11277251777269841,-0.04507240688331271,-0.008816952230288569
learned,record,later_clean_enhancement_path,B,random_forest,5,3000,0.058666666666666666,0.5595755751297011,0.01968835624236863,0.542082646645446,0.5735573595151522,0.08758725325110292,0.02550047159660156,0.07176331795375843,0.10976846227195748,0.4989417989417989,0.0023662094999997775,0.49682539682539684,0.5,0.0,0.0,0.0,0.0,0.06971821883622756,0.009450231761827617,0.062020881368417505,0.07666840378366331,0.5828989471604554,0.09443624077303292,-0.023323372030754297,-0.00684898752193
learned,record,later_clean_enhancement_path,B+M,logistic,5,3000,0.058666666666666666,0.5947113603775325,0.046983287508763745,0.5630847971819405,0.6328027116693582,0.11277251777269841,0.030317030277642047,0.08875062543092996,0.1367944101144669,0.5606781400975012,0.04138440734582568,0.5224785048431195,0.5850651999350258,0.13158258627773384,0.010413442680040245,0.12419950738916256,0.14050166759310728,0.22670268585802117,0.03399880867612136,0.2045200076594132,0.2561440086780985,0.5947113603775325,0.11277251777269841,0.0,0.0
learned,record,later_clean_enhancement_path,B+M,random_forest,5,3000,0.058666666666666666,0.5828989471604554,0.012113492221475109,0.5733434912869106,0.5921125960618161,0.09443624077303292,0.03170921202548918,0.07538737831578615,0.12178402746788593,0.5089363638309832,0.02305420204373673,0.49682539682539684,0.5299836946675525,0.03529411764705882,0.07892004626469847,0.0,0.10588235294117647,0.06807208223263779,0.008610596029603082,0.061647872500228254,0.07449629196504731,0.5828989471604554,0.09443624077303292,0.0,0.0
learned,record,later_clean_enhancement_path,B+M+L,logistic,5,3000,0.058666666666666666,0.6248636403709563,0.05151564806487864,0.5842774395811907,0.6659293746597731,0.10994497223886061,0.033770052869553153,0.08490641449237737,0.1383249138872725,0.57003304586491,0.06034008528395975,0.5222707992594597,0.6162892904858636,0.1350234707000817,0.015326781253907996,0.12323408016096124,0.14661683251085403,0.21955033445413868,0.028014536414929483,0.20165783154239117,0.24351251118279524,0.5947113603775325,0.11277251777269841,0.030152279993423847,-0.002827545533837794
learned,record,later_clean_enhancement_path,B+M+L,random_forest,5,3000,0.058666666666666666,0.5852433623345071,0.02686200602059565,0.5632787114148168,0.6053436441517466,0.07855094112625048,0.0127000841826466,0.0676705655851941,0.08803678568507456,0.49894303443632104,0.001911915485368935,0.4973544973544973,0.5,0.0,0.0,0.0,0.0,0.06726841990961908,0.008434422490938667,0.06091134007711112,0.07362549974212707,0.5828989471604554,0.09443624077303292,0.002344415174051706,-0.01588529964678244
learned,record,later_clean_enhancement_path,B+M+L+R,logistic,5,3000,0.058666666666666666,0.7968811072765413,0.017333648203569023,0.7834314064390553,0.8103308081140271,0.249882935055666,0.04028079305222231,0.21342142033682662,0.2705226265143255,0.7380994774471811,0.032382861238944974,0.7142127247155867,0.7650599631716384,0.2729792617367437,0.018672777374736903,0.25845090161636924,0.2867904307929313,0.15529656405320208,0.033348140954403346,0.13056153980656524,0.18003158829983892,0.5947113603775325,0.11277251777269841,0.2021697468990088,0.13711041728296758
learned,record,later_clean_enhancement_path,B+M+L+R,random_forest,5,3000,0.058666666666666666,0.8225824821989463,0.02257308388000148,0.8051992147306165,0.8399552344516487,0.25038140600731557,0.04282793218866495,0.21826961458147648,0.28312478921802897,0.5107966460166138,0.010405335576197937,0.5029067596165816,0.518620969530219,0.04362786348761103,0.04077762762916438,0.012903225806451613,0.07435250116877044,0.0545634583075668,0.00720635500550177,0.049048775210936445,0.06008046657511762,0.5828989471604554,0.09443624077303292,0.23968353503849082,0.15594516523428265
learned,record,later_clean_suppression_path,B,logistic,5,3000,0.05166666666666667,0.5908164760428454,0.0912814226984829,0.52540043139648,0.6617807443651494,0.08292613563139323,0.042616007810818306,0.05579946782261519,0.12113403460770736,0.5437424615342579,0.062225185957087,0.5020554245877487,0.5968837048633314,0.0984685971193989,0.0315352090789284,0.07617147100288155,0.12512950985501026,0.22154525772858516,0.026761404146641025,0.20299625852240172,0.24397766451593275,0.5599043938968093,0.07873573842241913,0.030912082146036024,0.0041903972089741
learned,record,later_clean_suppression_path,B,random_forest,5,3000,0.05166666666666667,0.6496507455837907,0.08011437814564135,0.5815772930201752,0.6998456984275421,0.12424753669457164,0.03720619192171406,0.09492700881691546,0.1525544241357615,0.498932384341637,0.0023872611859428283,0.49679715302491106,0.5,0.0,0.0,0.0,0.0,0.05767759217684789,0.016316802378435084,0.04378961804277177,0.06927992416950583,0.6323525857721481,0.15095691266854822,0.01729815981164251,-0.026709375973976573
learned,record,later_clean_suppression_path,B+M,logistic,5,3000,0.05166666666666667,0.5599043938968093,0.07929865487128492,0.5098320697469383,0.6301212699383192,0.07873573842241913,0.04592227844321767,0.045311494402531745,0.11785821962098167,0.520174938192933,0.07994541873806851,0.4612810128939161,0.5894798687688518,0.0859396380140096,0.034908341801301326,0.0598505989993422,0.1155979605979606,0.2176585538993237,0.03684544517224843,0.19053187921979944,0.24758349862990436,0.5599043938968093,0.07873573842241913,0.0,0.0
learned,record,later_clean_suppression_path,B+M,random_forest,5,3000,0.05166666666666667,0.6323525857721481,0.10505691366574722,0.5467835518411318,0.7054673868514405,0.15095691266854822,0.03664713318700228,0.11940798678811482,0.1778069674655176,0.5137108411301959,0.020473769098082656,0.5,0.5319671368058465,0.050724637681159424,0.07495710458542464,0.0,0.11739130434782608,0.05752884546944281,0.016355200158209335,0.0431642457437513,0.06914630045840006,0.6323525857721481,0.15095691266854822,0.0,0.0
learned,record,later_clean_suppression_path,B+M+L,logistic,5,3000,0.05166666666666667,0.5591088829569907,0.06633954263987005,0.5179875126917282,0.6169888236202027,0.0814091021794933,0.04295761233845448,0.049190812029019385,0.11679885847309798,0.527179542390137,0.08847721511747665,0.46184496964069227,0.5957638820271083,0.08663211421246726,0.039040969002708335,0.055260818192544636,0.11815077488836354,0.21796244607471374,0.0329909691456091,0.19372252483338917,0.24498366887235573,0.5599043938968093,0.07873573842241913,-0.0007955109398186666,0.002673363757074179
learned,record,later_clean_suppression_path,B+M+L,random_forest,5,3000,0.05166666666666667,0.6380422274294519,0.09074296949202619,0.5729033040840564,0.7085463367366466,0.1456994405999789,0.020222672944626437,0.13342578333995686,0.16318056708482048,0.5073934837092732,0.01080168518271177,0.5,0.5169172932330827,0.028438228438228443,0.041384318920600745,0.0,0.0648018648018648,0.05661962736555011,0.01670197276588691,0.04204550893331872,0.06840787399783888,0.6323525857721481,0.15095691266854822,0.00568964165730379,-0.005257472068569302
learned,record,later_clean_suppression_path,B+M+L+R,logistic,5,3000,0.05166666666666667,0.7773124447170252,0.06973790221911971,0.7170051611649598,0.826954956109262,0.27379522905516146,0.1816470165722178,0.13165636412574186,0.41123829735026274,0.7074803444806416,0.09515261617027318,0.6274377196450711,0.7721783325158368,0.23663061846679495,0.12973115066549099,0.1364105530584327,0.33685068387515726,0.14061592956954505,0.022900857175755317,0.12517932543180704,0.15972581248312565,0.5599043938968093,0.07873573842241913,0.21740805082021586,0.19505949063274233
learned,record,later_clean_suppression_path,B+M+L+R,random_forest,5,3000,0.05166666666666667,0.834856140490157,0.03516563661966532,0.8051052084342804,0.8594009769637682,0.268544959247002,0.15528301830173238,0.1520239846320885,0.3858888993640893,0.51326705166463,0.015089359926392872,0.5020977711181869,0.5263649844964724,0.05157509157509157,0.05626402243516966,0.009523809523809523,0.09948717948717947,0.04690172728347723,0.011657619456046216,0.03644113576667284,0.05418029608451944,0.6323525857721481,0.15095691266854822,0.20250355471800885,0.11758804657845379
learned,record,later_enhancement_path,B,logistic,5,3000,0.06366666666666668,0.5706493417668607,0.0721978018309534,0.5159653537601468,0.6253333297735744,0.1091698920069533,0.037456155955796495,0.08747412489373282,0.1424563728676551,0.5420432284972146,0.03676870278163256,0.514778916814339,0.5747849079064292,0.13166074860890623,0.022554567107314443,0.11392904327153767,0.14858003544315795,0.2404686442270994,0.030504432756228748,0.2204348651366645,0.2676926866702361,0.6057192089901788,0.11351405173302442,-0.035069867223318174,-0.00434415972607112
learned,record,later_enhancement_path,B,random_forest,5,3000,0.06366666666666668,0.5620748470933027,0.044152878135113156,0.5238090099921009,0.5961489717585543,0.09445128676592998,0.016839686584561912,0.08245392160494026,0.10776218720173064,0.498932384341637,0.0023872611859428283,0.49679715302491106,0.5,0.0,0.0,0.0,0.0,0.07384315372234036,0.00898309296087581,0.0669582761740699,0.08069268089092353,0.5819328438243109,0.09758341968961198,-0.019857996731008187,-0.0031321329236820017
learned,record,later_enhancement_path,B+M,logistic,5,3000,0.06366666666666668,0.6057192089901788,0.04942029265730827,0.5709800666530173,0.6466165830902364,0.11351405173302442,0.02586974316942575,0.09321479653780003,0.1338133069282488,0.5741535111632139,0.04849579597088961,0.5307689951086931,0.6069128476726589,0.1492188810979067,0.016847736573044673,0.1361054826032599,0.16233227959255356,0.22611039748810438,0.03723383602964573,0.20251556691406272,0.25789711438519103,0.6057192089901788,0.11351405173302442,0.0,0.0
learned,record,later_enhancement_path,B+M,random_forest,5,3000,0.06366666666666668,0.5819328438243109,0.04751482376497099,0.5453482146686117,0.61851747298001,0.09758341968961198,0.01898136676784662,0.082905067794491,0.11178192744853717,0.498932384341637,0.0023872611859428283,0.49679715302491106,0.5,0.0,0.0,0.0,0.0,0.07236020801041956,0.0089359592986526,0.06571610180347351,0.07901418645101861,0.5819328438243109,0.09758341968961198,0.0,0.0
learned,record,later_enhancement_path,B+M+L,logistic,5,3000,0.06366666666666668,0.6323952293841503,0.04985545450302761,0.594611801736415,0.6701786570318855,0.1162817770417722,0.027937602497800175,0.09416868148834774,0.13839487259519667,0.5940602330991824,0.042192761181142034,0.5608110354382029,0.6264703558080471,0.15975753539032672,0.00850211037977631,0.15336549445362285,0.16650251878038003,0.21974908622569722,0.0317316786007461,0.1997548998225312,0.2468069940431829,0.6057192089901788,0.11351405173302442,0.026676020393971434,0.002767725308747776
learned,record,later_enhancement_path,B+M+L,random_forest,5,3000,0.06366666666666668,0.5978920826477246,0.024455083123771343,0.5771293025925137,0.6157285402447388,0.08771550355773286,0.006436052263337108,0.08193518366025088,0.0919701044184487,0.4994661921708185,0.0011936305929714265,0.49839857651245556,0.5,0.0,0.0,0.0,0.0,0.07110804909472689,0.008455879206261879,0.06484345877701807,0.07737263941243573,0.5819328438243109,0.09758341968961198,0.01595923882341377,-0.009867916131879123
learned,record,later_enhancement_path,B+M+L+R,logistic,5,3000,0.06366666666666668,0.8086657032981923,0.019072527521655572,0.7925456297759794,0.8230086418561895,0.2854857394581888,0.057024682692396494,0.23676466335201432,0.32220091476919405,0.7405434792557497,0.045730930830262105,0.7049405124124989,0.7761464460990004,0.292427745952182,0.032618236395243694,0.2668291761148904,0.3180263157894737,0.15185759296056617,0.03536858574607276,0.12606944996558475,0.1788339522602907,0.6057192089901788,0.11351405173302442,0.20294649430801348,0.17197168772516436
learned,record,later_enhancement_path,B+M+L+R,random_forest,5,3000,0.06366666666666668,0.8402234217947084,0.025771325033549047,0.8197498899017903,0.8581930107981031,0.30473707717369997,0.05442863057326905,0.26061675560694336,0.34404654125648965,0.5314656528992843,0.02131831338075417,0.5128832427203337,0.548000776120001,0.11593473193473194,0.07372826171446738,0.05066666666666666,0.17131934731934734,0.056634984629401475,0.006858756506820275,0.05129199290402142,0.06197797635478153,0.5819328438243109,0.09758341968961198,0.25829057797039756,0.20715365748408798
learned,record,later_neighbor_damage_any_path,B,logistic,5,3000,0.082,0.6433453787047562,0.020410224352193796,0.6269602282276577,0.6603443730314219,0.13999290961675953,0.032082633987916886,0.11661608895478899,0.1664574285744997,0.5963677890440492,0.05815386041883633,0.5516399072936147,0.6410956707944837,0.19109728616676838,0.011194525550218059,0.18138087645035866,0.19905702674977188,0.22482103660657068,0.010885480779685916,0.2147464290645969,0.23195727557199836,0.6639600852520406,0.1406138615723004,-0.020614706547284478,-0.0006209519555408771
learned,record,later_neighbor_damage_any_path,B,random_forest,5,3000,0.082,0.5933310118532522,0.04428968551395884,0.5662203101232881,0.6316960427167635,0.11986892427530368,0.029658203714136733,0.09798568954956251,0.14177942074720756,0.4985049832735394,0.007493898151588665,0.4933085501858736,0.5043646730160397,0.009302325581395349,0.020800632348835252,0.0,0.027906976744186046,0.0899202389207385,0.010934760573978167,0.08295349531406884,0.09961623381657521,0.5691165018683548,0.09877743260831341,0.02421450998489738,0.021091491666990272
learned,record,later_neighbor_damage_any_path,B+M,logistic,5,3000,0.082,0.6639600852520406,0.04281525938136407,0.6358696313446203,0.7013561940541446,0.1406138615723004,0.04000883150041267,0.11306610991020229,0.17327254364732494,0.6164935403859253,0.05131229721777001,0.5800043791599505,0.6618397673822283,0.21012782393093402,0.04781927398236269,0.17456534075206465,0.24622925772995902,0.21246675285288302,0.019493434286949822,0.19436364431582628,0.22430622733056435,0.6639600852520406,0.1406138615723004,0.0,0.0
learned,record,later_neighbor_damage_any_path,B+M,random_forest,5,3000,0.082,0.5691165018683548,0.029687242629253843,0.5494638986545346,0.5948094596039111,0.09877743260831341,0.02151970754214398,0.08407726712943975,0.11763131667260843,0.5001417407820308,0.006168080941980178,0.49498141263940526,0.5054438097066871,0.009302325581395349,0.020800632348835252,0.0,0.027906976744186046,0.09042080304882996,0.011025606685614043,0.08331055929249358,0.09995587273217466,0.5691165018683548,0.09877743260831341,0.0,0.0
learned,record,later_neighbor_damage_any_path,B+M+L,logistic,5,3000,0.082,0.6626007844431829,0.04534698040058434,0.6312899486085515,0.6987552358374831,0.13910222139981673,0.046796171239198034,0.1039409097923331,0.1748268315575071,0.621714371622535,0.03338012678684766,0.5974307657176742,0.6484346699859451,0.21347271865797204,0.039470695271477355,0.18212524360657042,0.24295254333617508,0.2115327218164876,0.017176872089746505,0.1956958247648,0.2218969474446385,0.6639600852520406,0.1406138615723004,-0.0013593008088577108,-0.0015116401724836748
learned,record,later_neighbor_damage_any_path,B+M+L,random_forest,5,3000,0.082,0.5714978849797964,0.03748190036276432,0.5435764063120612,0.5996472611088158,0.1000545630474267,0.024521370026919332,0.08227816374026782,0.12007178515907932,0.500171828236231,0.0053900193794366984,0.49671445000133724,0.5047003152828953,0.009302325581395349,0.020800632348835252,0.0,0.027906976744186046,0.08985080268886195,0.010361391160302102,0.08282034363545109,0.09838893743166709,0.5691165018683548,0.09877743260831341,0.0023813831114415374,0.0012771304391132887
learned,record,later_neighbor_damage_any_path,B+M+L+R,logistic,5,3000,0.082,0.8311041743122309,0.030987178894500568,0.807584275607315,0.8556521160534585,0.4010434030480042,0.11565849458311622,0.309866272018147,0.4876071260545533,0.769716762343509,0.04519643779742994,0.7321860881207011,0.7995328316586687,0.3752029667129674,0.08695761623806401,0.30035336035197036,0.4386193576867895,0.14259340344398294,0.01512316912658179,0.13120282745385062,0.15510420994324392,0.6639600852520406,0.1406138615723004,0.1671440890601903,0.26042954147570374
learned,record,later_neighbor_damage_any_path,B+M+L+R,random_forest,5,3000,0.082,0.8379395882471142,0.030191625058173657,0.8103681913079155,0.8600191133848091,0.394727048494968,0.09222603805133435,0.34043090135196863,0.47877638633268826,0.5775006065550855,0.045039959628252565,0.5401721396534976,0.6105474260842532,0.2488027427773793,0.12149938714160739,0.1482839173405211,0.337368642286675,0.0658946622237537,0.006685306224376497,0.0604117165813031,0.07111575416728944,0.5691165018683548,0.09877743260831341,0.2688230863787594,0.2959496158866546
learned,record,later_suppression_path,B,logistic,5,3000,0.056999999999999995,0.5894478798117498,0.08539566637630032,0.5289147389143994,0.6566206541716123,0.09080954390045126,0.05112176109257862,0.05981764551303255,0.13695748837212637,0.5415666067225253,0.07417426549648945,0.49510274538061516,0.6057151945780768,0.10531420893310946,0.026744993370336798,0.08606460646064606,0.12803002194660984,0.22367541757415282,0.024882158123047934,0.2052037280817,0.24371943200699894,0.5566316371564598,0.08017681879151292,0.03281624265529004,0.01063272510893834
learned,record,later_suppression_path,B,random_forest,5,3000,0.056999999999999995,0.6250079033233258,0.06774007144374329,0.5745529761717203,0.6758862648883954,0.1311961704791426,0.03378010377816083,0.10484182653998271,0.15755051441830242,0.5,0.0,0.5,0.5,0.0,0.0,0.0,0.0,0.06321503706160385,0.01689279883509405,0.04870308209539681,0.07516559874558693,0.6199690794737392,0.13508905139398986,0.005038823849586538,-0.0038928809148472687
learned,record,later_suppression_path,B+M,logistic,5,3000,0.056999999999999995,0.5566316371564598,0.07711168753786182,0.5068751627866596,0.6262115207907067,0.08017681879151292,0.03506976202206059,0.05343368276882314,0.10921337632340533,0.4972413250717652,0.10507040033451442,0.4214531897205208,0.5821820481825446,0.08052599310095838,0.04605157330897549,0.0456188631092192,0.1171222102728952,0.2212600659418198,0.03485180813095787,0.1951526756192653,0.24907324582819626,0.5566316371564598,0.08017681879151292,0.0,0.0
learned,record,later_suppression_path,B+M,random_forest,5,3000,0.056999999999999995,0.6199690794737392,0.08859650496024563,0.5530464466808358,0.6844845169088505,0.13508905139398986,0.028185180880103324,0.11257347398881849,0.15554109882752648,0.5,0.0,0.5,0.5,0.0,0.0,0.0,0.0,0.06296826730142514,0.016902057106382644,0.048219272246665446,0.07459289618962053,0.6199690794737392,0.13508905139398986,0.0,0.0
learned,record,later_suppression_path,B+M+L,logistic,5,3000,0.056999999999999995,0.5567717979002909,0.05854387594972266,0.5229359829173328,0.6095202194566914,0.09400855948246525,0.031216007368980003,0.07075468788390589,0.11726243108102459,0.5208476836248268,0.09430167749818129,0.4538408630318797,0.5943367346938777,0.09160806501511151,0.03646164424602865,0.06187739463601534,0.12127329192546585,0.22062737904576676,0.030603000278011487,0.1978201885812995,0.24547449148251213,0.5566316371564598,0.08017681879151292,0.0001401607438310526,0.013831740690952332
learned,record,later_suppression_path,B+M+L,random_forest,5,3000,0.056999999999999995,0.6070807984506985,0.09725299220918802,0.5363271931616712,0.6902226295952055,0.1343704468688865,0.022332104886115724,0.11744558500685365,0.15322550935761942,0.5038461538461538,0.008600261451922287,0.5,0.5115384615384615,0.014814814814814814,0.03312693299999688,0.0,0.04444444444444444,0.06286490694908789,0.01757623484946878,0.04739503974007651,0.07486371609509804,0.6199690794737392,0.13508905139398986,-0.012888281023040737,-0.0007186045251033613
learned,record,later_suppression_path,B+M+L+R,logistic,5,3000,0.056999999999999995,0.7807404396210305,0.06557447476939808,0.7278567280570765,0.8299805983514775,0.28077819142010974,0.1680833300310515,0.1497499619810303,0.40778331291969855,0.7058567268504727,0.07599389503258414,0.6457218991160384,0.7626157617912014,0.24743211891653055,0.11882466820998092,0.15585195292512363,0.33890836574815664,0.14278192847409507,0.020955480240893807,0.12801090345358201,0.16073469479908273,0.5566316371564598,0.08017681879151292,0.22410880246457066,0.2006013726285968
learned,record,later_suppression_path,B+M+L+R,random_forest,5,3000,0.056999999999999995,0.8339292456177466,0.029141100585669447,0.8106863664790496,0.8567007334823218,0.276686983566145,0.14304649455243829,0.1716268681596966,0.3874338759473775,0.5125760349816366,0.017768579515762377,0.5005867346938776,0.528140334048559,0.05236810874959543,0.06326380295389322,0.008695652173913044,0.10532312007767768,0.051171854231791526,0.011984721147337365,0.04035967358577645,0.05885819635823233,0.6199690794737392,0.13508905139398986,0.21396016614400737,0.14159793217215516
learned,record,later_target_any_path,B,logistic,5,3000,0.11766666666666667,0.6293864322399606,0.054435782156906254,0.5847735385413514,0.6706769910476843,0.1854206407874589,0.04271335698076499,0.15205253585792688,0.2177758695974049,0.5706403741904084,0.04630176617253427,0.534049562681274,0.6063850294796206,0.23762238827091559,0.06555367253588044,0.18741298701298703,0.28924035291496725,0.23214787735485132,0.021893461484062474,0.21655716636174277,0.2522780239677699,0.6365941660400136,0.18937927586259473,-0.007207733800053018,-0.00395863507513583
learned,record,later_target_any_path,B,random_forest,5,3000,0.11766666666666667,0.6338573762640523,0.022738187121596677,0.616096035392726,0.6516187171353787,0.191360659524844,0.030117933227994026,0.16837944767108085,0.21505559079920245,0.5128786692441982,0.011494026739341787,0.5024055372517224,0.520490850691125,0.0815332945747509,0.04706562218654508,0.03945118313780076,0.10937926521774874,0.11921475759690023,0.011861034462841102,0.11022690931173124,0.12819859903936623,0.6473784457517222,0.18986927729810157,-0.013521069487669957,0.001491382226742416
learned,record,later_target_any_path,B+M,logistic,5,3000,0.11766666666666667,0.6365941660400136,0.038505663364215674,0.606184316928519,0.6657683906324441,0.18937927586259473,0.033095648288444704,0.16013150529157977,0.2095604178001352,0.5890666537515186,0.025058440110107747,0.5700041816683571,0.6081291258346798,0.251482034201635,0.046749302920560926,0.21709640845585546,0.2858676599474146,0.2283947126989249,0.03127739363938703,0.20668243081252033,0.25434158707242893,0.6365941660400136,0.18937927586259473,0.0,0.0
learned,record,later_target_any_path,B+M,random_forest,5,3000,0.11766666666666667,0.6473784457517222,0.02834754222734197,0.6250401387128862,0.6687743763482151,0.18986927729810157,0.029628774250880254,0.16676068658586768,0.2129778680103355,0.5199291459479929,0.017159904928582534,0.5065807400147023,0.5346015272254407,0.09361590067028644,0.06768881911038127,0.03718510405257393,0.14565498308320063,0.11706228115827902,0.012220930081355002,0.10725577994681453,0.12633588714999022,0.6473784457517222,0.18986927729810157,0.0,0.0
learned,record,later_target_any_path,B+M+L,logistic,5,3000,0.11766666666666667,0.643555617046816,0.035012242642496666,0.6167260918213409,0.6701943573556218,0.18813213956747138,0.03561304784646859,0.1580177637811546,0.21522780863802032,0.6002535990462974,0.021380985551173248,0.5822624448033463,0.6152638127968366,0.26180607156154945,0.04296929298098392,0.22738976446439133,0.29372730455740936,0.226562053058388,0.028274770923494924,0.20647840309180437,0.2502500846488538,0.6365941660400136,0.18937927586259473,0.006961451006802344,-0.0012471362951233522
learned,record,later_target_any_path,B+M+L,random_forest,5,3000,0.11766666666666667,0.6563073252492534,0.024757346346777197,0.6345993231987986,0.6738304008095991,0.2048474578181521,0.03372610079407796,0.17944075082693106,0.23142171637854503,0.5191382046523643,0.01082552024143929,0.5094310218083804,0.5249102499857731,0.09230828872693708,0.05301460951574181,0.0428842504743833,0.12265108608103097,0.11534993419051784,0.012422459294873062,0.10581663430843828,0.12479681407283716,0.6473784457517222,0.18986927729810157,0.008928879497531184,0.014978180520050538
learned,record,later_target_any_path,B+M+L+R,logistic,5,3000,0.11766666666666667,0.6217559362283676,0.018451625524890262,0.608211338143102,0.6353005343136331,0.19088162489198743,0.04423348736352467,0.1554460587070507,0.22108979637267895,0.5813299561254135,0.017675930647823496,0.5683697533850127,0.5959570468592501,0.24854408053811228,0.043896501478879975,0.21122048459382667,0.2794126461346016,0.22666024531060974,0.027269645411563372,0.20674417413611818,0.24945187154662846,0.6365941660400136,0.18937927586259473,-0.014838229811646064,0.0015023490293926967
learned,record,later_target_any_path,B+M+L+R,random_forest,5,3000,0.11766666666666667,0.7806727438216778,0.025573156745652824,0.760741533841728,0.8006039538016279,0.3218851710930921,0.09572563867080917,0.2547364605355158,0.40619978841517307,0.5304902427951613,0.008804556464108129,0.5241171927489227,0.5371345324857411,0.12680127656509388,0.032512339104586514,0.10276938091097823,0.15080219115208388,0.1007727534788039,0.009551677222055492,0.0932493670673806,0.10786411065113244,0.6473784457517222,0.18986927729810157,0.13329429806995563,0.13201589379499054
rfm,dataset,later_capability_damage_any_path,B,logistic,5,1000,0.08583257448398245,0.5458120882104922,0.08890563258280469,0.4714745738729779,0.6066534689675185,0.1321173496192352,0.08012503241241885,0.07858941598373351,0.20272408754440013,0.533425338274868,0.046637344203883616,0.4973126873126873,0.5677301150028422,0.16514489545438965,0.07333164406540371,0.11370610414253676,0.22202868733700293,0.23429480645612247,0.028804513755126913,0.21219706302398816,0.25688853099643455,0.5184664016484098,0.1182221267149417,0.02734568656208236,0.013895222904293514
rfm,dataset,later_capability_damage_any_path,B,random_forest,5,1000,0.08583257448398245,0.5088531847775697,0.025667306347360575,0.48819372078477236,0.5283139709050225,0.11170206356894734,0.05190767210373584,0.07648828846095648,0.15524021505530045,0.4977201481903677,0.003610390270538584,0.49481333713308634,0.5,0.0,0.0,0.0,0.0,0.09560620072023569,0.0181023562726304,0.08307051697575318,0.11177435877489668,0.5074186141200486,0.10150409811925099,0.0014345706575210615,0.010197965449696353
rfm,dataset,later_capability_damage_any_path,B+M,logistic,5,1000,0.08583257448398245,0.5184664016484098,0.09850262005386938,0.43832901666234997,0.5917600679861532,0.1182221267149417,0.07505092308833687,0.07101228056758424,0.18200381328224358,0.5189634008160654,0.053223783876013155,0.4761712529894348,0.556922495593342,0.14655595904593716,0.08551096264349065,0.08350322446432286,0.2151139819730145,0.19629000748541547,0.025331249281511856,0.1773290116075638,0.21525100336326716,0.5184664016484098,0.1182221267149417,0.0,0.0
rfm,dataset,later_capability_damage_any_path,B+M,random_forest,5,1000,0.08583257448398245,0.5074186141200486,0.03906348536495272,0.47968965517241385,0.5391646956247508,0.10150409811925099,0.03724716206603172,0.07383705570926322,0.13367337134678933,0.5017775098464753,0.00805165415385913,0.49615384615384617,0.5091786833855799,0.013793103448275862,0.030842316931031583,0.0,0.041379310344827586,0.09841780751838744,0.020033707274081457,0.08450183224702587,0.11580660903652454,0.5074186141200486,0.10150409811925099,0.0,0.0
rfm,dataset,later_capability_damage_any_path,B+M+L,logistic,5,1000,0.08583257448398245,0.5258877653734688,0.10525251285581136,0.4446083112290009,0.6071672195179367,0.11964886051989235,0.08179372679381368,0.06732425798099757,0.19075282338030186,0.5155331988341393,0.08412847067467803,0.438927750410509,0.569102603886303,0.1436337513061651,0.10081075129484494,0.05636363636363637,0.21742424242424244,0.19838149764832289,0.02498259369278574,0.17969782437878862,0.21745739447310827,0.5184664016484098,0.1182221267149417,0.0074213637250589715,0.0014267338049506473
rfm,dataset,later_capability_damage_any_path,B+M+L,random_forest,5,1000,0.08583257448398245,0.5333167506070519,0.04455258756445619,0.494608655807003,0.565519787341769,0.11794614121180091,0.06717632878440412,0.0767287096967086,0.17855472881897444,0.5024185354875009,0.007332276842318133,0.4980769230769231,0.5091786833855799,0.013793103448275862,0.030842316931031583,0.0,0.041379310344827586,0.0950256579933855,0.01748528930145092,0.08328290648888621,0.10990554977048447,0.5074186141200486,0.10150409811925099,0.02589813648700323,0.01644204309254993
rfm,dataset,later_capability_damage_any_path,B+M+L+G,logistic,5,1000,0.08583257448398245,0.5427014795013275,0.09159866201938482,0.4676241876471761,0.6123680726986513,0.11481922812965081,0.05562710387502396,0.0742625193173975,0.15927837917866022,0.5220031383918531,0.0592370556301372,0.4750299700299701,0.5668973282609646,0.15231331424499822,0.08857108551227434,0.08698634676564157,0.2210409366012812,0.19194218045152134,0.032921248894884424,0.16718364181056522,0.218088134619371,0.5184664016484098,0.1182221267149417,0.024235077852917675,-0.0034028985852908866
rfm,dataset,later_capability_damage_any_path,B+M+L+G,random_forest,5,1000,0.08583257448398245,0.5669663169476031,0.05031398556397716,0.5283902904673019,0.6041060317093374,0.12395802395621705,0.05034202240078048,0.08568498444643828,0.16316174900261035,0.49935897435897436,0.0014333769086537062,0.4980769230769231,0.5,0.0,0.0,0.0,0.0,0.09396944275856195,0.020764837511371457,0.08104932786587124,0.11201526927166772,0.5074186141200486,0.10150409811925099,0.059547702827554505,0.022453925836966065
rfm,dataset,later_capability_damage_any_path,B+M+L+G+R,logistic,5,1000,0.08583257448398245,0.8506348777160024,0.039474866251958625,0.8176354335319852,0.8797265187623313,0.37737233634419964,0.10489587417259146,0.2965662203091577,0.45813457326496343,0.7234203423419723,0.02892747956393019,0.7023205415274381,0.7480971470187769,0.35514559386973177,0.09626092672220284,0.28770114942528735,0.43513333333333326,0.12573018049640963,0.015764300696066606,0.11334975760102199,0.13811060339179726,0.5184664016484098,0.1182221267149417,0.3321684760675926,0.25915020962925794
rfm,dataset,later_capability_damage_any_path,B+M+L+G+R,random_forest,5,1000,0.08583257448398245,0.8185500416924374,0.04004046589799099,0.7848080365711219,0.8485520720373954,0.3065693621609068,0.10011418712272742,0.22909628284366165,0.3840424414781519,0.528653256646987,0.02079935492156178,0.5095700149148426,0.5401792147246692,0.11371853952499114,0.06417701700494055,0.054377880184331796,0.14725274725274726,0.07520526561764178,0.015213889106275842,0.06546603263031323,0.08789451013620782,0.5074186141200486,0.10150409811925099,0.31113142757238876,0.20506526404165581
rfm,dataset,later_clean_any_path,B,logistic,5,1000,0.10039667125160259,0.5364360953627652,0.11099160097908455,0.4403969855882604,0.6012768009269482,0.1404364452136893,0.0813890354267278,0.08010051178856163,0.200772378638817,0.517463049812305,0.11964079656176316,0.41452105990069754,0.5907010792423291,0.1884319701552719,0.1171400372729782,0.09090909090909091,0.26720127593089826,0.23219899611248382,0.036523814226355825,0.20526319482031394,0.2623594632647967,0.5433736906059179,0.13733882630162547,-0.006937595243152739,0.0030976189120638375
rfm,dataset,later_clean_any_path,B,random_forest,5,1000,0.10039667125160259,0.596864073101597,0.14272797690211436,0.4833571217344799,0.6942670486782728,0.1920656197254757,0.14726769387474342,0.08561282556247633,0.3223391608540872,0.5101148314129371,0.02170131661470276,0.4947028498609824,0.5281258814522303,0.06165986394557823,0.06651811854923927,0.013333333333333332,0.11232653061224492,0.10407862790691033,0.021375905803442567,0.08704717629300673,0.12091891322651918,0.5756330156184644,0.19555267645057156,0.021231057483132587,-0.0034870567250958606
rfm,dataset,later_clean_any_path,B+M,logistic,5,1000,0.10039667125160259,0.5433736906059179,0.06683414760654423,0.4848811283912447,0.5808386367845014,0.13733882630162547,0.0747915351394254,0.08556333338661419,0.19138827951379686,0.5029036870853998,0.050557949050837825,0.4582940749405952,0.5310744912070813,0.1578666175386883,0.07774635511756128,0.0918201915991157,0.21000000000000002,0.21081238626808077,0.029506712668061312,0.18748699120547246,0.23371304031328982,0.5433736906059179,0.13733882630162547,0.0,0.0
rfm,dataset,later_clean_any_path,B+M,random_forest,5,1000,0.10039667125160259,0.5756330156184644,0.13385869447565032,0.46553889501891554,0.669456302568155,0.19555267645057156,0.13329233087011813,0.0970294872168858,0.3126516916462547,0.5078546937627146,0.023273440944111,0.4913403614457831,0.5278578869455564,0.049391304347826084,0.07239463368763935,0.0,0.1133913043478261,0.10544985531202748,0.020880531744253628,0.08892429201038725,0.12173702928572087,0.5756330156184644,0.19555267645057156,0.0,0.0
rfm,dataset,later_clean_any_path,B+M+L,logistic,5,1000,0.10039667125160259,0.55601338249666,0.03752329076066616,0.523277433426317,0.5822941157571441,0.14273059585231868,0.06520939558490604,0.09111539623421314,0.187001045705303,0.5198982878793428,0.06455341265353438,0.4637560808756461,0.5556415807180881,0.17845757561604558,0.08532006444879446,0.10581578995786646,0.23107312440645775,0.21007535043626233,0.03446420452234065,0.18355739822599154,0.23659330264653314,0.5433736906059179,0.13733882630162547,0.0126396918907421,0.005391769550693204
rfm,dataset,later_clean_any_path,B+M+L,random_forest,5,1000,0.10039667125160259,0.6036572288541991,0.07475563143969775,0.5484932914191445,0.6594182847263651,0.18028261922534256,0.12075622274890531,0.09037748919632518,0.2860919575957789,0.5085104314676328,0.02365425302408986,0.4913403614457831,0.5290267358154587,0.05018181818181818,0.07292699848093308,0.0,0.11418181818181819,0.10421275477596145,0.021075011492171072,0.08816176546275639,0.1205956746155981,0.5756330156184644,0.19555267645057156,0.028024213235734785,-0.015270057225229006
rfm,dataset,later_clean_any_path,B+M+L+G,logistic,5,1000,0.10039667125160259,0.5549679014824663,0.038278744377856076,0.5260592068779533,0.5856359976766087,0.13925363375297212,0.06729925472100053,0.08707283479246075,0.18782446542901807,0.5393602696060131,0.026318282435367168,0.5185595242186382,0.560161014993388,0.17425165291922853,0.0726600503453535,0.11916618003574526,0.22933712580271176,0.21214255874188132,0.03730494708248768,0.18449478627243285,0.23960554854247657,0.5433736906059179,0.13733882630162547,0.011594210876548439,0.001914807451346645
rfm,dataset,later_clean_any_path,B+M+L+G,random_forest,5,1000,0.10039667125160259,0.6537457348044888,0.041808180208683945,0.6205388071833362,0.690004746397767,0.2050079671835711,0.09610653477995654,0.13337281828978856,0.2839281966909193,0.4961533737408651,0.004929119309411597,0.4919898343373494,0.499344262295082,0.0,0.0,0.0,0.0,0.10274357816568233,0.021680749891242183,0.08599079856603556,0.11871035152053075,0.5756330156184644,0.19555267645057156,0.07811271918602447,0.009455290732999527
rfm,dataset,later_clean_any_path,B+M+L+G+R,logistic,5,1000,0.10039667125160259,0.5743192793409533,0.05981584141905096,0.5212734781772798,0.6148997098439318,0.14887053575950746,0.07997341576373485,0.08911186988005308,0.21274779935401514,0.5651197833938337,0.08263124333743516,0.5106601001280149,0.6380182417442974,0.18443040770515332,0.07129150230172382,0.13200028463673236,0.2429345122962144,0.20844498989819113,0.03641912970575917,0.18020795958464728,0.23668202021173496,0.5433736906059179,0.13733882630162547,0.03094558873503539,0.011531709457881983
rfm,dataset,later_clean_any_path,B+M+L+G+R,random_forest,5,1000,0.10039667125160259,0.744690738206619,0.06424470013671517,0.6963921227391243,0.7926402519819997,0.25060959736853305,0.09738030593793838,0.17682636235488886,0.33167862656811403,0.5059274511349307,0.015530230014579963,0.49765625,0.5201261034047919,0.026666666666666665,0.05962847939999438,0.0,0.08,0.09585488380619292,0.023988462401095943,0.07710440364113344,0.11381170700998815,0.5756330156184644,0.19555267645057156,0.16905772258815466,0.055056920917961494
rfm,dataset,later_clean_enhancement_path,B,logistic,5,1000,0.058252274425397155,0.44729885991200896,0.21370171015278072,0.2650871670609346,0.5904456264368763,0.081329977338596,0.0647208667260835,0.03614954311083303,0.13616012432451824,0.521553832002458,0.14975065388680633,0.4018913354369472,0.6225947823569002,0.13788824591755383,0.11525593839825551,0.056338028169014086,0.22917884666489502,0.22660556590652062,0.032028532135946655,0.20509527393059573,0.25285491669677285,0.4173479564963398,0.07174763635273844,0.02995090341566914,0.009582340985857557
rfm,dataset,later_clean_enhancement_path,B,random_forest,5,1000,0.058252274425397155,0.4282425557121704,0.20000142851445832,0.26734840614459987,0.5629869482124701,0.10186943448135963,0.11410109145647243,0.034090473477730476,0.20552368149028588,0.49847328244274813,0.0034138442404577,0.49541984732824423,0.5,0.0,0.0,0.0,0.0,0.07013362873159523,0.017262829130465375,0.056610142286951326,0.08325319488509288,0.4256201076643391,0.09345864734969629,0.002622448047831294,0.008410787131663336
rfm,dataset,later_clean_enhancement_path,B+M,logistic,5,1000,0.058252274425397155,0.4173479564963398,0.17983984238881187,0.269457495455233,0.5417243169296377,0.07174763635273844,0.04810839747815023,0.03519239435716108,0.1109165675955116,0.4624688109437061,0.0926126518806875,0.3829141439864391,0.5169965650839027,0.08159368359005383,0.058533023040642174,0.03890362511052166,0.12631578947368421,0.17451739619755005,0.028342428752642108,0.15831116372052836,0.19937412213438482,0.4173479564963398,0.07174763635273844,0.0,0.0
rfm,dataset,later_clean_enhancement_path,B+M,random_forest,5,1000,0.058252274425397155,0.4256201076643391,0.21621467280219958,0.23794683532163374,0.570086142488333,0.09345864734969629,0.0854286261332054,0.03546549550405984,0.16979576105215083,0.5,0.0,0.5,0.5,0.0,0.0,0.0,0.0,0.07052266018491964,0.01708592583894151,0.05703343979394434,0.08347825549362743,0.4256201076643391,0.09345864734969629,0.0,0.0
rfm,dataset,later_clean_enhancement_path,B+M+L,logistic,5,1000,0.058252274425397155,0.4325835202089451,0.1637477149277336,0.29420858799215227,0.541916092683618,0.08483661728939043,0.060011521765085674,0.04087979526798224,0.13488134781464253,0.4731407761634475,0.09546474909012079,0.38883953070821453,0.5261223078828188,0.08687565308254963,0.050257843936685635,0.042633228840125395,0.11696969696969697,0.17257676322957466,0.030793244730541715,0.151463589619092,0.19811853167534377,0.4173479564963398,0.07174763635273844,0.01523556371260526,0.013088980936651992
rfm,dataset,later_clean_enhancement_path,B+M+L,random_forest,5,1000,0.058252274425397155,0.4380796176211462,0.19654073200603067,0.27331786462078966,0.5777208413302162,0.08401960933460167,0.0592076539336306,0.03983505776609311,0.13133951373094366,0.49944751381215474,0.0012353966726518144,0.49834254143646406,0.5,0.0,0.0,0.0,0.0,0.06981551671286287,0.01838483321696295,0.05571950450080458,0.08390520745918426,0.4256201076643391,0.09345864734969629,0.012459509956807113,-0.009439038015094617
rfm,dataset,later_clean_enhancement_path,B+M+L+G,logistic,5,1000,0.058252274425397155,0.44970041079761963,0.04912937734216419,0.41485962351338374,0.4912576490327675,0.08517751168019697,0.06324595458259205,0.040495402397062605,0.14175966887569352,0.4701094346014134,0.09312959301068932,0.38824852135311383,0.5261893646121724,0.08453895815517196,0.05065455575484743,0.04171122994652406,0.11797004319916024,0.1715446545902093,0.03725496217529663,0.14582154118710913,0.20079185569646008,0.4173479564963398,0.07174763635273844,0.03235245430127981,0.013429875327458526
rfm,dataset,later_clean_enhancement_path,B+M+L+G,random_forest,5,1000,0.058252274425397155,0.5990877526965943,0.1637363387876304,0.4760025627198721,0.7221729426733164,0.12395539370948812,0.08356227588734315,0.057949063134346855,0.18996172428462937,0.5,0.0,0.5,0.5,0.0,0.0,0.0,0.0,0.0668667092068318,0.017279799255341816,0.05291754797761026,0.0798480147487611,0.4256201076643391,0.09345864734969629,0.1734676450322552,0.030496746359791826
rfm,dataset,later_clean_enhancement_path,B+M+L+G+R,logistic,5,1000,0.058252274425397155,0.7152520788776106,0.1398472913581052,0.6395848483118353,0.8340555400063645,0.16637836834883074,0.04182300592274919,0.13295716541883715,0.1997995712788243,0.6573216619492286,0.11419384401375629,0.5854952659391671,0.7555545476707562,0.17952443961686582,0.08235256045796373,0.1117946084724005,0.23707514565024193,0.1485564235151825,0.03754661212822029,0.115117801704708,0.17798536306706322,0.4173479564963398,0.07174763635273844,0.29790412238127073,0.0946307319960923
rfm,dataset,later_clean_enhancement_path,B+M+L+G+R,random_forest,5,1000,0.058252274425397155,0.8165693390229659,0.09570830663277194,0.7626487715608983,0.9022506664252814,0.29229102470784235,0.06173319778990622,0.24027449233065662,0.3354819250006465,0.5,0.0,0.5,0.5,0.0,0.0,0.0,0.0,0.05759279449733372,0.019953832437748197,0.04120152934950976,0.07305354465634951,0.4256201076643391,0.09345864734969629,0.3909492313586268,0.19883237735814607
rfm,dataset,later_clean_suppression_path,B,logistic,5,1000,0.045758854657530754,0.5479971726460979,0.09155005324635215,0.46962274913515695,0.6065980531722519,0.07279929565767618,0.0414380791744522,0.042249265455638646,0.10607157679266462,0.5105659223213774,0.10568852500100626,0.4285872951623982,0.5879784375599811,0.09231755036633085,0.07344374192694744,0.03574279379157428,0.1488923069410874,0.22010288600947833,0.05570798620665559,0.17739024000376907,0.26352822957561395,0.5687685026580803,0.07008871787921003,-0.020771330011982392,0.0027105777784661444
rfm,dataset,later_clean_suppression_path,B,random_forest,5,1000,0.045758854657530754,0.6841785294947185,0.05229663230788185,0.6423218114559035,0.7218402444454978,0.15493047799750045,0.10047612427752958,0.08594154410917908,0.23595188391273297,0.5225183717440652,0.05381530554968024,0.4963525835866262,0.5712025316455696,0.06666666666666667,0.14907119849998599,0.0,0.2,0.049079054220758214,0.015225322623300752,0.03799289874173907,0.06126481763015483,0.6834539665236699,0.15144596501650243,0.0007245629710486146,0.003484512980998028
rfm,dataset,later_clean_suppression_path,B+M,logistic,5,1000,0.045758854657530754,0.5687685026580803,0.051764505112117186,0.5301284854467957,0.6074085198693652,0.07008871787921003,0.035009660406155246,0.04531264289011104,0.09638805147084797,0.5102784514026644,0.10421657136665333,0.4192211108921298,0.5825050571612469,0.09136726627409857,0.07089235277035225,0.039209486166007904,0.14352504638218924,0.2111341491521636,0.04722233067253701,0.17488329230946092,0.24740290448254107,0.5687685026580803,0.07008871787921003,0.0,0.0
rfm,dataset,later_clean_suppression_path,B+M,random_forest,5,1000,0.045758854657530754,0.6834539665236699,0.046140181912363666,0.6428062596106363,0.7148408553409539,0.15144596501650243,0.10216848853873224,0.08706944673365066,0.23994634734217613,0.5243920972644377,0.0562569253483708,0.49817629179331313,0.575,0.08,0.17888543819998318,0.0,0.24000000000000005,0.0502449613584635,0.015405211841559017,0.03922528937529229,0.06300737414315404,0.6834539665236699,0.15144596501650243,0.0,0.0
rfm,dataset,later_clean_suppression_path,B+M+L,logistic,5,1000,0.045758854657530754,0.5464108349406945,0.07534096089644353,0.48767461590413913,0.6042072665617775,0.0647333164740067,0.0286611732007223,0.04305128800126075,0.08641534494675265,0.49986709178666155,0.10003959895019972,0.4214304869554204,0.5641452777982471,0.08881422924901186,0.06567780415952973,0.03939393939393939,0.1382345191040843,0.21098886957115998,0.04869647687845905,0.17402238309318785,0.2479553560491321,0.5687685026580803,0.07008871787921003,-0.022357667717385787,-0.005355401405203339
rfm,dataset,later_clean_suppression_path,B+M+L,random_forest,5,1000,0.045758854657530754,0.6322823778061898,0.014206778234945207,0.621626589288309,0.6429631516841879,0.1431962041474663,0.10534440092881643,0.07629372934873686,0.23799017131271644,0.5246960486322189,0.056075474965943915,0.4990881458966565,0.575,0.08,0.17888543819998318,0.0,0.24000000000000005,0.049879278633436296,0.0158052118802033,0.038944516116119716,0.06324439904431631,0.6834539665236699,0.15144596501650243,-0.051171588717480065,-0.008249760869036116
rfm,dataset,later_clean_suppression_path,B+M+L+G,logistic,5,1000,0.045758854657530754,0.5628455633447299,0.05163687107352806,0.5301355116514691,0.607437748442692,0.064971150355013,0.030708696754111725,0.043224137593975295,0.08912297384103321,0.4762200281668961,0.06421675734869857,0.4235256848432233,0.5244796195477922,0.06967854514845655,0.0412816393255494,0.03518490366739613,0.09549017611727577,0.20313029079051798,0.038863269761554096,0.17692371588281142,0.23430133504946968,0.5687685026580803,0.07008871787921003,-0.005922939313350417,-0.005117567524197036
rfm,dataset,later_clean_suppression_path,B+M+L+G,random_forest,5,1000,0.045758854657530754,0.6484124599311025,0.050456184521638976,0.6120133140629791,0.692403299860208,0.11893052814000946,0.10186546733840876,0.057286980170615696,0.20763515326569779,0.5,0.0,0.5,0.5,0.0,0.0,0.0,0.0,0.05099682951672815,0.016289290564563345,0.04021423608880936,0.06494868789818983,0.6834539665236699,0.15144596501650243,-0.03504150659256733,-0.03251543687649297
rfm,dataset,later_clean_suppression_path,B+M+L+G+R,logistic,5,1000,0.045758854657530754,0.8033586153555664,0.07654994938331403,0.7469159541610358,0.8598012765500964,0.2863346924429674,0.17760478265446863,0.15263219586407023,0.42370236657725685,0.7028400677027307,0.0906757544660092,0.63292437841483,0.7727557569906315,0.23856435756856512,0.13698829555211184,0.14851858345021038,0.35210296949427383,0.12054064786411782,0.02491087995319936,0.10191637014449742,0.14122594265847316,0.5687685026580803,0.07008871787921003,0.2345901126974861,0.21624597456375735
rfm,dataset,later_clean_suppression_path,B+M+L+G+R,random_forest,5,1000,0.045758854657530754,0.8519967899467685,0.06008483481535087,0.806515594607535,0.8999370972753736,0.3471698261572041,0.10442047272420191,0.2680671625492713,0.43025728553089027,0.5121960486322188,0.0281284626741854,0.4990881458966565,0.5375,0.04444444444444444,0.09938079899999064,0.0,0.13333333333333333,0.043229765156692364,0.01594139556319527,0.031968382599778834,0.0554408585543585,0.6834539665236699,0.15144596501650243,0.16854282342309868,0.19572386114070167
rfm,dataset,later_enhancement_path,B,logistic,5,1000,0.06390803701062177,0.4982026024137326,0.2331284455206812,0.2926510375696607,0.638581056184092,0.1169806444616908,0.07411269723937287,0.05365351145411312,0.17898266175523958,0.5268110408556635,0.13775799935923724,0.4106538904398088,0.6168019325566496,0.1522573305964244,0.11743468122864532,0.064,0.24623804226918797,0.2180953821938044,0.031107995051065044,0.19469962483682182,0.24240304114133684,0.4655123516962739,0.09750713726457744,0.03269025071745868,0.01947350719711337
rfm,dataset,later_enhancement_path,B,random_forest,5,1000,0.06390803701062177,0.461967437028851,0.23879816504690043,0.270491979364426,0.6238483766785655,0.13086184206177362,0.11786233217277689,0.046838441369342496,0.23525613674475662,0.4973559640069939,0.0036921214430485957,0.49430252889249016,0.5,0.0,0.0,0.0,0.0,0.07454851146940247,0.018684198065904333,0.060102242906023715,0.08899478003278123,0.47768485825144313,0.15152244771452558,-0.01571742122259212,-0.020660605652751962
rfm,dataset,later_enhancement_path,B+M,logistic,5,1000,0.06390803701062177,0.4655123516962739,0.20367573408725922,0.2925277257669595,0.595021768490726,0.09750713726457744,0.05827639840856739,0.04747116662670335,0.14235896024115852,0.5022324726173505,0.1154131534408511,0.40112277574109634,0.5690569512357222,0.13570939543981905,0.0938816236336546,0.059268292682926826,0.2109725533345559,0.1696328116189584,0.02969890420390724,0.15212243451603094,0.196159508829171,0.4655123516962739,0.09750713726457744,0.0,0.0
rfm,dataset,later_enhancement_path,B+M,random_forest,5,1000,0.06390803701062177,0.47768485825144313,0.22053238242080694,0.291412969737843,0.6292685939054655,0.15152244771452558,0.14431553805695313,0.052393175485659936,0.2818699885417538,0.5,0.0,0.5,0.5,0.0,0.0,0.0,0.0,0.07325271809741976,0.017670731680719833,0.05941771352300949,0.08678540871764215,0.47768485825144313,0.15152244771452558,0.0,0.0
rfm,dataset,later_enhancement_path,B+M+L,logistic,5,1000,0.06390803701062177,0.487524653440672,0.19196407766297588,0.32251278020180746,0.6081851227134246,0.10630595281756994,0.06478279847137379,0.051122765819902924,0.15732633078763786,0.48900808624189834,0.10654945876284662,0.3989718726359948,0.5518178492200839,0.11360357117143063,0.07048381868014046,0.05581395348837209,0.1616531067751458,0.16676645418472602,0.030708108741596053,0.1457275335742344,0.19367477500728905,0.4655123516962739,0.09750713726457744,0.022012301744398055,0.0087988155529925
rfm,dataset,later_enhancement_path,B+M+L,random_forest,5,1000,0.06390803701062177,0.4773046667679862,0.23372749301962847,0.2900212578937844,0.6390802704010252,0.11961660516556032,0.10258116022486179,0.04811360525474566,0.21128974978249282,0.497914623224871,0.0033290458115753678,0.49486118811036717,0.5,0.0,0.0,0.0,0.0,0.07410647557053412,0.018309551958708908,0.05958409723615852,0.08792612421338912,0.47768485825144313,0.15152244771452558,-0.00038019148345691534,-0.031905842548965266
rfm,dataset,later_enhancement_path,B+M+L+G,logistic,5,1000,0.06390803701062177,0.5024468871078978,0.06705730940288562,0.449726804713842,0.5536003347324101,0.10813627084136293,0.07450738801063328,0.050928942113764974,0.1734598020376816,0.5017857313057454,0.10046254632195203,0.4095874467028807,0.5587283437283437,0.1302590420332356,0.08659789303008825,0.05510752688172042,0.1971212121212121,0.1646074214243405,0.03471981530696787,0.13942165720060712,0.1920876448380241,0.4655123516962739,0.09750713726457744,0.03693453541162384,0.010629133576785493
rfm,dataset,later_enhancement_path,B+M+L+G,random_forest,5,1000,0.06390803701062177,0.653513534027194,0.14135761910445335,0.546699761887387,0.7616738836876157,0.16784359370641616,0.12125598123156209,0.07978435923317895,0.2731813480673534,0.5,0.0,0.5,0.5,0.0,0.0,0.0,0.0,0.07121523942070417,0.017152375534112575,0.057380743022174566,0.08399683655333733,0.47768485825144313,0.15152244771452558,0.1758286757757509,0.01632114599189058
rfm,dataset,later_enhancement_path,B+M+L+G+R,logistic,5,1000,0.06390803701062177,0.7335848943315246,0.13785894483199168,0.6486761507516224,0.8531708635977473,0.2033393629943893,0.0678862966439655,0.15025298231904877,0.2564257436697298,0.679345282292799,0.10221991382102055,0.6165858294908573,0.7695306016001995,0.22132736765815203,0.09940079935444653,0.13479078229229838,0.2805370882574805,0.1436625987953199,0.033997379997170174,0.11652003320513837,0.17339662863267635,0.4655123516962739,0.09750713726457744,0.2680725426352507,0.10583222572981185
rfm,dataset,later_enhancement_path,B+M+L+G+R,random_forest,5,1000,0.06390803701062177,0.8418977668796707,0.08449510355571416,0.7991122549360138,0.9179960447157625,0.3583697689682262,0.09040051968479518,0.2960065679897008,0.4293149206262621,0.5,0.0,0.5,0.5,0.0,0.0,0.0,0.0,0.06057126140251885,0.019350802733539223,0.04450957863146594,0.07546480202043906,0.47768485825144313,0.15152244771452558,0.3642129086282275,0.20684732125370062
rfm,dataset,later_neighbor_damage_any_path,B,logistic,5,1000,0.07296238336007879,0.6070404129880166,0.08036638228862986,0.5544693877551021,0.6773088283296135,0.11623310680026197,0.06260853603904698,0.06678412962078197,0.165682083979742,0.5518172248035793,0.12803721934274676,0.4454132653061224,0.6526931586126858,0.14236948728956395,0.12005122957342675,0.05193798449612402,0.23280099008300384,0.2150134642755658,0.05495420427301335,0.17141506118753908,0.25861186736359254,0.5828159342308654,0.11623908457747834,0.02422447875715117,-5.977777216364943e-06
rfm,dataset,later_neighbor_damage_any_path,B,random_forest,5,1000,0.07296238336007879,0.5893323257866521,0.08008248618648955,0.5388702866562399,0.6585922991693247,0.10396817849525239,0.05164528562218362,0.06510751683381961,0.1431115521594532,0.4976331360946745,0.00529246858579832,0.4928994082840236,0.5,0.0,0.0,0.0,0.0,0.08583935844170854,0.04028524903822682,0.05556283483879777,0.11738145354945984,0.5023203331616843,0.07925991161578612,0.08701199262496773,0.02470826687946627
rfm,dataset,later_neighbor_damage_any_path,B+M,logistic,5,1000,0.07296238336007879,0.5828159342308654,0.1048378757111574,0.5097904043188324,0.6782796924676298,0.11623908457747834,0.06534683410035493,0.06655163963170599,0.16530583024245388,0.5173620320730217,0.12702263961340884,0.4265,0.631670902716915,0.09439605397338939,0.09739260235693215,0.01951219512195122,0.16927991282482757,0.16364807145184548,0.04821885428806392,0.12115778651933536,0.19972312080727947,0.5828159342308654,0.11623908457747834,0.0,0.0
rfm,dataset,later_neighbor_damage_any_path,B+M,random_forest,5,1000,0.07296238336007879,0.5023203331616843,0.12164988579014262,0.40861258121291566,0.6117094236467594,0.07925991161578612,0.04553438074246951,0.04450919070512328,0.11495652983912356,0.5,0.0,0.5,0.5,0.0,0.0,0.0,0.0,0.08416418859886662,0.03744721692381779,0.05603716706227764,0.1150331935584156,0.5023203331616843,0.07925991161578612,0.0,0.0
rfm,dataset,later_neighbor_damage_any_path,B+M+L,logistic,5,1000,0.07296238336007879,0.5731073100682791,0.10994496439559717,0.5019667328042329,0.6693181712361956,0.11489181017449135,0.06659603191790202,0.06292471547756026,0.1660941963649961,0.5304044234357068,0.12369667243665122,0.44598340419501137,0.6340920547254416,0.10822670209149174,0.11114552157779008,0.01951219512195122,0.19694120906103227,0.1634904709432144,0.046114208546184476,0.12451563366895016,0.19804484933192018,0.5828159342308654,0.11623908457747834,-0.009708624162586332,-0.0013472744029869865
rfm,dataset,later_neighbor_damage_any_path,B+M+L,random_forest,5,1000,0.07296238336007879,0.5117311118032738,0.08985194230986099,0.4518408078578886,0.589200372045546,0.07987725738594281,0.043363363260023935,0.048042366653956246,0.11614177964015975,0.5,0.0,0.5,0.5,0.0,0.0,0.0,0.0,0.08259663001945061,0.03841194984115551,0.05379837130254224,0.11434417534135813,0.5023203331616843,0.07925991161578612,0.009410778641589457,0.0006173457701566937
rfm,dataset,later_neighbor_damage_any_path,B+M+L+G,logistic,5,1000,0.07296238336007879,0.5782030001494654,0.11137891438368726,0.5022003968253967,0.677562372188139,0.1293131052209236,0.07819811497441541,0.07074560814990474,0.19374839145185688,0.542725888707338,0.11339682247087686,0.47190832485982986,0.6471327199469913,0.10995495495495496,0.09193251177824412,0.04,0.18495495495495495,0.15756817045079735,0.04863386135807902,0.12292290068156472,0.19337448333935825,0.5828159342308654,0.11623908457747834,-0.004612934081400066,0.013074020643445261
rfm,dataset,later_neighbor_damage_any_path,B+M+L+G,random_forest,5,1000,0.07296238336007879,0.5036228313798802,0.1262012809225705,0.4321029261831937,0.6189341242678601,0.14838340141941503,0.14113771839168285,0.0586056404565138,0.27103596920238654,0.5,0.0,0.5,0.5,0.0,0.0,0.0,0.0,0.08317792970750369,0.03811430008374707,0.05464717273237986,0.11424853885018746,0.5023203331616843,0.07925991161578612,0.0013024982181958356,0.06912348980362891
rfm,dataset,later_neighbor_damage_any_path,B+M+L+G+R,logistic,5,1000,0.07296238336007879,0.850589596768056,0.05761651014069745,0.8201567916078188,0.9032828714876235,0.34796251366831843,0.15316826285020346,0.22879024730456737,0.4637177284458298,0.7251024063948126,0.03463889716554488,0.7013731240888432,0.7555370532671146,0.3123845455146984,0.1331051312672988,0.21215584415584415,0.41283422459893043,0.10830772983093033,0.03190210375026866,0.0843235434277407,0.1330033622040176,0.5828159342308654,0.11623908457747834,0.2677736625371906,0.2317234290908401
rfm,dataset,later_neighbor_damage_any_path,B+M+L+G+R,random_forest,5,1000,0.07296238336007879,0.8544739963704527,0.07111585823095352,0.7993681285866545,0.9095798641542509,0.37677155270803353,0.07264502600827623,0.3166197756851677,0.42885255232134245,0.5539041162455944,0.06732058178121315,0.5077561101106252,0.6143606850715746,0.14050980392156862,0.14390444413803172,0.03168627450980392,0.26599999999999996,0.06475326443637411,0.032305202544305404,0.04049549124126438,0.09082827991637185,0.5023203331616843,0.07925991161578612,0.3521536632087684,0.2975116410922474
rfm,dataset,later_suppression_path,B,logistic,5,1000,0.04991267925825926,0.5466054424918563,0.10306809886839188,0.462176942987803,0.6217776310907475,0.09568416343444026,0.07214604893032243,0.05074213865307674,0.15919077210667945,0.5152016025557208,0.10576731907259963,0.4256689060969383,0.5922323824562312,0.10551438519332967,0.06384608806055062,0.05384907458310428,0.14781308411214955,0.2211203646847642,0.054510490874088824,0.17887568972844073,0.2633650396410877,0.5697660559198822,0.08899661262334826,-0.02316061342802589,0.0066875508110919996
rfm,dataset,later_suppression_path,B,random_forest,5,1000,0.04991267925825926,0.6964032118932806,0.0742431887759908,0.6376622010398927,0.7551442227466686,0.18587490032263349,0.11117151274865589,0.10272046302525921,0.2690293376200078,0.5237730061349694,0.056649931035161305,0.496319018404908,0.575,0.08,0.17888543819998318,0.0,0.24000000000000005,0.05300866099973115,0.014377867227488635,0.04190401297653905,0.06411330902292325,0.6914946564311639,0.18324438321492278,0.004908555462116659,0.0026305171077107004
rfm,dataset,later_suppression_path,B+M,logistic,5,1000,0.04991267925825926,0.5697660559198822,0.06672848189891564,0.5152030622071402,0.6155252806979904,0.08899661262334826,0.052467101418510353,0.054896831545668955,0.1315631953550053,0.5300424288468335,0.11144225284839075,0.43893876950250216,0.6004231463797626,0.11002913025384935,0.06966704788776011,0.05373283395755306,0.1578360382854765,0.20313507673631234,0.04569028523338151,0.16756748333092916,0.2387026701416955,0.5697660559198822,0.08899661262334826,0.0,0.0
rfm,dataset,later_suppression_path,B+M,random_forest,5,1000,0.04991267925825926,0.6914946564311639,0.09459422289571279,0.6187363509323657,0.7642529619299625,0.18324438321492278,0.12245756225122463,0.09148430562276283,0.2826795285701447,0.524367088607595,0.05448646654034297,0.5,0.5731012658227848,0.07272727272727272,0.16262312563634834,0.0,0.21818181818181817,0.05343607404496627,0.013752802074244076,0.04334347815857634,0.06444461746172278,0.6914946564311639,0.18324438321492278,0.0,0.0
rfm,dataset,later_suppression_path,B+M+L,logistic,5,1000,0.04991267925825926,0.5461316781605404,0.0895779624857744,0.4722740476808217,0.6083020544812887,0.07593057411567831,0.036536324007632084,0.04674912360006812,0.10672625289905129,0.5075960723182942,0.10119626913918309,0.4173853471686524,0.5634874490452692,0.10172480620155037,0.06163432088412027,0.05255813953488373,0.1426744186046512,0.20321843577589416,0.047016457492445346,0.16729848644132472,0.2391383851104636,0.5697660559198822,0.08899661262334826,-0.02363437775934174,-0.01306603850766995
rfm,dataset,later_suppression_path,B+M+L,random_forest,5,1000,0.04991267925825926,0.6511616876199817,0.11221547217912621,0.5598637326498899,0.7366263493049623,0.1750750840546603,0.11969473562704387,0.08494765227844366,0.2721108078038317,0.5246932515337424,0.056077109877817895,0.49907975460122705,0.575,0.08,0.17888543819998318,0.0,0.24000000000000005,0.05399056793171184,0.014578173268263215,0.04339272523089161,0.0666411553457164,0.6914946564311639,0.18324438321492278,-0.0403329688111822,-0.008169299160262489
rfm,dataset,later_suppression_path,B+M+L+G,logistic,5,1000,0.04991267925825926,0.5442359148471875,0.07326575656719742,0.48475943102560304,0.5987309063552809,0.08305755464104085,0.058482457605720184,0.04627366841384739,0.13613013467084983,0.4821389116398504,0.05615518751920318,0.4314505445981749,0.5179097770927508,0.07637132194316011,0.05219522769333282,0.03778273335457152,0.11309561273602364,0.19310345020341674,0.0408292328642661,0.1645993642201121,0.22612877084168334,0.5697660559198822,0.08899661262334826,-0.02553014107269469,-0.0059390579823074136
rfm,dataset,later_suppression_path,B+M+L+G,random_forest,5,1000,0.04991267925825926,0.6335038110823693,0.06959567747896053,0.5868292464215961,0.6939014658758145,0.12951190684221364,0.11491366846435566,0.06257744684973177,0.2337496022352857,0.5,0.0,0.5,0.5,0.0,0.0,0.0,0.0,0.054976241679281224,0.01515577947845056,0.04428131374410378,0.06840247217403227,0.6914946564311639,0.18324438321492278,-0.05799084534879462,-0.05373247637270914
rfm,dataset,later_suppression_path,B+M+L+G+R,logistic,5,1000,0.04991267925825926,0.7780254883195388,0.1058297659910788,0.6994119625982185,0.8566390140408592,0.293986874446246,0.19249072256170108,0.15646324203722994,0.4547077005396659,0.6846497980901274,0.09067791924524037,0.623543275884592,0.761108453779765,0.23439041578576464,0.13002388963120268,0.14756871035940805,0.34954193093727975,0.12516867739839718,0.015691877394556228,0.11285247398551534,0.13748488081127902,0.5697660559198822,0.08899661262334826,0.2082594323996566,0.20499026182289773
rfm,dataset,later_suppression_path,B+M+L+G+R,random_forest,5,1000,0.04991267925825926,0.8551492942035637,0.05965054945673268,0.8059342830404491,0.9052787590357505,0.3152535826727208,0.15684544392788546,0.20884800511541113,0.4439411093720122,0.5118865030674847,0.02832496551758065,0.49815950920245394,0.5375,0.04444444444444444,0.09938079899999064,0.0,0.13333333333333333,0.04679220237783928,0.014692787084591217,0.035469384792512916,0.05811501996316563,0.6914946564311639,0.18324438321492278,0.16365463777239975,0.13200919945779802
rfm,dataset,later_target_any_path,B,logistic,5,1000,0.10795977249378061,0.5574336651926147,0.13017687279105214,0.44321965004109953,0.6453134000410996,0.1626104031239949,0.08888046609204665,0.09613188730855253,0.2276597375235035,0.5602993150400721,0.08153848090894425,0.48567620897946606,0.6068665172855313,0.22731581577632234,0.11107862747443298,0.12735632183908047,0.2932723112128146,0.2297190864912455,0.037638050728348575,0.20135608833809499,0.2598688346718797,0.5639381132826702,0.15241589657138946,-0.006504448090055459,0.010194506552605453
rfm,dataset,later_target_any_path,B,random_forest,5,1000,0.10795977249378061,0.5983515816419278,0.15784349794308145,0.47076873932991886,0.7076922906688166,0.2156851844958207,0.14979978363737148,0.10669333363483335,0.3477417557055341,0.5043124999999999,0.025388018801223634,0.4857765151515151,0.5256666666666666,0.05501165501165502,0.07620630952616336,0.0,0.11655011655011656,0.10945802165889598,0.023466156413458925,0.09072872900341875,0.12818731431437322,0.5806149624670018,0.20477364374780951,0.01773661917492597,0.010911540748011178
rfm,dataset,later_target_any_path,B+M,logistic,5,1000,0.10795977249378061,0.5639381132826702,0.09157440797123877,0.4801833784341854,0.6264014084507041,0.15241589657138946,0.076019795219878,0.09464039926893122,0.20492046142833842,0.5285189497676294,0.06647672716204386,0.4758685816498317,0.5753493265993266,0.1885108225108225,0.1039778700616929,0.10736796536796536,0.2619393939393939,0.20520062378637047,0.030471314456749454,0.1801160096587188,0.22861662972696672,0.5639381132826702,0.15241589657138946,0.0,0.0
rfm,dataset,later_target_any_path,B+M,random_forest,5,1000,0.10795977249378061,0.5806149624670018,0.14289208258909752,0.4606012380751964,0.6872826504481435,0.20477364374780951,0.15516815379275625,0.09067497049976336,0.3456321515445045,0.5097102272727272,0.022216049965323573,0.4932386363636364,0.5281950757575757,0.05699873896595209,0.0784602372873634,0.0,0.11853720050441363,0.11047159805465359,0.022203055469029374,0.0934216546881855,0.12815163607559707,0.5806149624670018,0.20477364374780951,0.0,0.0
rfm,dataset,later_target_any_path,B+M+L,logistic,5,1000,0.10795977249378061,0.5737231057148163,0.0786068487021738,0.5128263254117862,0.6364399551066218,0.16121714006071772,0.07232959794508419,0.09840840060708783,0.20528107828958006,0.5400965746075781,0.07911870522146418,0.4737149621212121,0.5929727320149856,0.2110705962689286,0.10384748126550034,0.12423001655878367,0.2769518748077414,0.20394485541470622,0.034871966352859815,0.1756806010329695,0.23047612055322225,0.5639381132826702,0.15241589657138946,0.009784992432146145,0.008801243489328259
rfm,dataset,later_target_any_path,B+M+L,random_forest,5,1000,0.10795977249378061,0.606752061894374,0.11161643923901457,0.5250764590347924,0.6949983994878361,0.19725536750614203,0.13220698136257264,0.098312195397203,0.31596101668538734,0.5086022727272728,0.026793641667668584,0.4876893939393939,0.5295151515151515,0.05934065934065934,0.081348375926689,0.0,0.1208791208791209,0.11012233577912427,0.024201977595441956,0.09224353770637267,0.12878019128104867,0.5806149624670018,0.20477364374780951,0.02613709942737219,-0.007518276241667482
rfm,dataset,later_target_any_path,B+M+L+G,logistic,5,1000,0.10795977249378061,0.5546234481453818,0.0561642334915785,0.5117001613355779,0.5983275201150788,0.14831168068677816,0.06854872557300659,0.09179193580336557,0.19303223615692736,0.5128434447171243,0.04128832671177989,0.47719677200407834,0.5370940864039455,0.17110937801295198,0.0783421558968294,0.10743094337356632,0.21999796354750029,0.2088095749174915,0.035549790693391585,0.18230770980232014,0.23531144003266288,0.5639381132826702,0.15241589657138946,-0.009314665137288403,-0.004104215884611295
rfm,dataset,later_target_any_path,B+M+L+G,random_forest,5,1000,0.10795977249378061,0.6431545376001802,0.059103550927809216,0.5973510101010101,0.6926490610328637,0.19475671084498763,0.1012493138670595,0.11986178927356313,0.28355504439656176,0.4961278409090909,0.0049579633755827985,0.49194602272727267,0.4993333333333333,0.0,0.0,0.0,0.0,0.10881486459115419,0.02301430429948923,0.09094495880979472,0.12558303811300137,0.5806149624670018,0.20477364374780951,0.06253957513317832,-0.010016932902821879
rfm,dataset,later_target_any_path,B+M+L+G+R,logistic,5,1000,0.10795977249378061,0.5456989199506805,0.05874710123878471,0.5012798821548822,0.5916799805567411,0.1526504101719178,0.08561564209444232,0.0848412519921851,0.22036902797924035,0.5007521058590602,0.10094378210171674,0.412507680976431,0.5582551572058614,0.17810760667903525,0.10771424616724895,0.0919678416821274,0.2496969696969697,0.2101246680560888,0.03750202748124194,0.18152122660413178,0.2387281095080458,0.5639381132826702,0.15241589657138946,-0.018239193331989645,0.00023451360052834103
rfm,dataset,later_target_any_path,B+M+L+G+R,random_forest,5,1000,0.10795977249378061,0.7520406043514172,0.0725581860795847,0.6973683786218997,0.8066213321596244,0.3127599897873409,0.11126078508678489,0.23588953382388703,0.41297779269500745,0.5187570541091668,0.018820645166450874,0.5037037037037038,0.5338104045146299,0.07410402316062693,0.07479437184284499,0.014285714285714285,0.13392233203553955,0.09935390183827061,0.025874883003654783,0.07918379435731751,0.11901172441786782,0.5806149624670018,0.20477364374780951,0.17142564188441534,0.10798634603953136
rfm,domain,later_capability_damage_any_path,B,logistic,5,1000,0.08504539423144075,0.600424313719546,0.12161095279733806,0.5269832237325577,0.7069419860806119,0.14481789525812414,0.04932156862128262,0.10647676328214786,0.18315902723410044,0.5916180747977158,0.10548718322666278,0.5184723631579111,0.6806776893243518,0.1812699890408869,0.028915341521383257,0.1572146326325893,0.20347985347985348,0.23847801536505336,0.01849632155051699,0.2224961688163088,0.25187572078115766,0.613373999902613,0.14957521039525004,-0.012949686183067022,-0.004757315137125906
rfm,domain,later_capability_damage_any_path,B,random_forest,5,1000,0.08504539423144075,0.5484404525407217,0.08414579208792143,0.4797313536321767,0.6118163982510405,0.11901754358477404,0.040693944606591925,0.08691862985801216,0.15408285375840564,0.4993730407523511,0.001401923496865079,0.49811912225705324,0.5,0.0,0.0,0.0,0.0,0.0944298605721965,0.022191928199597536,0.07735330981485337,0.11131154076433843,0.5589839962321508,0.1263275582021228,-0.01054354369142907,-0.007310014617348759
rfm,domain,later_capability_damage_any_path,B+M,logistic,5,1000,0.08504539423144075,0.613373999902613,0.12199213365831259,0.5416228582898315,0.7224201113271789,0.14957521039525004,0.04947150859484785,0.11250589804795053,0.1855048017906577,0.5789166715828976,0.08559096046355999,0.5244731502011205,0.653984668650693,0.17192219184366636,0.03567429833510173,0.14516080513160806,0.20131605245760492,0.22690597696071707,0.015622371819752148,0.21489971623629087,0.23851498237720684,0.613373999902613,0.14957521039525004,0.0,0.0
rfm,domain,later_capability_damage_any_path,B+M,random_forest,5,1000,0.08504539423144075,0.5589839962321508,0.09764974829076051,0.4772084748787672,0.6269115366063268,0.1263275582021228,0.05468174284665252,0.0896324460886172,0.17178778063629552,0.5030595611285266,0.006841386664701523,0.5,0.5091786833855799,0.013793103448275862,0.030842316931031583,0.0,0.041379310344827586,0.09988532878093495,0.019719443239526846,0.08369031055392759,0.11462537727627364,0.5589839962321508,0.1263275582021228,0.0,0.0
rfm,domain,later_capability_damage_any_path,B+M+L,logistic,5,1000,0.08504539423144075,0.6241298025038173,0.1253463555080343,0.545479419788501,0.7341335746979264,0.1502843675468346,0.04680030457163514,0.11003190761386628,0.18281844259482546,0.6006812537877437,0.10831474963328841,0.5299045694510798,0.6960684554107623,0.17953256873479032,0.018812614516558954,0.16636587906364783,0.19552694888785718,0.2256250486584576,0.013271993104419538,0.21390117137115866,0.23418043211014067,0.613373999902613,0.14957521039525004,0.010755802601204345,0.0007091571515845663
rfm,domain,later_capability_damage_any_path,B+M+L,random_forest,5,1000,0.08504539423144075,0.6076831492601537,0.09941690218202333,0.5301729733302122,0.6815019314926405,0.16877636637414667,0.09122169849662677,0.10031758988512011,0.2437981670420462,0.5030595611285266,0.006841386664701523,0.5,0.5091786833855799,0.013793103448275862,0.030842316931031583,0.0,0.041379310344827586,0.0948911604312763,0.021261320979461457,0.07833947830284793,0.11144284255970464,0.5589839962321508,0.1263275582021228,0.04869915302800287,0.04244880817202387
rfm,domain,later_capability_damage_any_path,B+M+L+G,logistic,5,1000,0.08504539423144075,0.5912225057035545,0.07885680588390753,0.5441481876317199,0.6638359167859219,0.14650140396518088,0.03879095341695749,0.1146858628462559,0.1748128329541261,0.5557671716759313,0.06456980483318014,0.5134100438141624,0.6097762676689065,0.1626601463418938,0.044584391690929266,0.1282903184386235,0.1970299742451641,0.21940184562756165,0.015487296309991024,0.20917857315658103,0.23252072671396093,0.613373999902613,0.14957521039525004,-0.022151494199058486,-0.003073806430069159
rfm,domain,later_capability_damage_any_path,B+M+L+G,random_forest,5,1000,0.08504539423144075,0.6158312444588757,0.07338845266860825,0.5644061924606223,0.6779587670953257,0.14959222645802725,0.08199198853648766,0.08556009243833843,0.21362436047771607,0.49937106918238994,0.0014063320613206221,0.4981132075471698,0.5,0.0,0.0,0.0,0.0,0.09308472834598333,0.02150376532839039,0.07646887559276593,0.10970058109920075,0.5589839962321508,0.1263275582021228,0.056847248226724933,0.023264668255904453
rfm,domain,later_capability_damage_any_path,B+M+L+G+R,logistic,5,1000,0.08504539423144075,0.8610652390534289,0.03684622371978375,0.8330890251826615,0.8900011792567455,0.3751220955909562,0.10282170158013071,0.298385119619687,0.45173318599553924,0.7424735794869688,0.03722329363526885,0.7148204335145625,0.7712192638315923,0.3619682974962434,0.07328131568804232,0.30716556615309365,0.42231733469721033,0.1318066458377726,0.017784286115261727,0.1184941892515737,0.1451191024239715,0.613373999902613,0.14957521039525004,0.24769123915081592,0.22554688519570618
rfm,domain,later_capability_damage_any_path,B+M+L+G+R,random_forest,5,1000,0.08504539423144075,0.8442707560753393,0.035507953430009905,0.8230002543603705,0.8769135255996681,0.32250585565682954,0.09999739893498305,0.24424944822512745,0.4007622630885316,0.5709977354494103,0.07669306295523849,0.5098299568136637,0.6321655140851571,0.19499999999999998,0.18215530614164263,0.05333333333333333,0.33166666666666667,0.07477256052507139,0.016318997687241158,0.06203349220870994,0.08751162884143285,0.5589839962321508,0.1263275582021228,0.2852867598431885,0.19617829745470675
rfm,domain,later_clean_any_path,B,logistic,5,1000,0.10480655073678329,0.5783650045759605,0.06697637083696649,0.5418563201709347,0.6382278585019893,0.16029413476873178,0.07922384356168653,0.10534260908350428,0.22530831077685415,0.5582236219327532,0.0504145772516775,0.5137815464677167,0.5916590902100699,0.20145412667555024,0.08948053582803663,0.12055187103645255,0.26210239254523976,0.2279146291196675,0.05066613956378985,0.1886496629704865,0.2656266497825092,0.5604279682572361,0.15747442965774858,0.017937036318724453,0.0028197051109832005
rfm,domain,later_clean_any_path,B,random_forest,5,1000,0.10480655073678329,0.625690652172872,0.11686907699284993,0.541146319987709,0.7270440182901199,0.21327879490803392,0.18633690783294835,0.09768823120540011,0.3754464905066746,0.5066625721679785,0.02080974052757913,0.49231463571889106,0.524,0.04595616024187452,0.0671787178440011,0.0,0.10521541950113378,0.1054517234398857,0.0182561352660113,0.08975855921749391,0.11807665886366377,0.6048819797468982,0.19900580170556387,0.02080867242597384,0.014272993202470052
rfm,domain,later_clean_any_path,B+M,logistic,5,1000,0.10480655073678329,0.5604279682572361,0.026950216473402518,0.5393003935954757,0.5818632604962068,0.15747442965774858,0.059748523488375886,0.11238028216362213,0.2050407317656724,0.5396613878042211,0.04333679566479981,0.5153288987435329,0.5794434015438114,0.18201277126086365,0.06565971888798432,0.12939958592132506,0.23481834425253126,0.21706984316090777,0.043416755937370446,0.18506851566696597,0.25405598732341644,0.5604279682572361,0.15747442965774858,0.0,0.0
rfm,domain,later_clean_any_path,B+M,random_forest,5,1000,0.10480655073678329,0.6048819797468982,0.13335970447851456,0.5066633593511863,0.7177210442745978,0.19900580170556387,0.17238808254576418,0.09032886616698241,0.3476154706037575,0.5076461787253556,0.02126738448922007,0.49231463571889106,0.5250646184416676,0.047020933977455714,0.0679236139205878,0.0,0.10628019323671496,0.10780971592157032,0.016881270661276693,0.0934224343257916,0.11964189571706971,0.6048819797468982,0.19900580170556387,0.0,0.0
rfm,domain,later_clean_any_path,B+M+L,logistic,5,1000,0.10480655073678329,0.5700047069067338,0.03219140599563762,0.5402327341301879,0.5912779270763832,0.1598297455066003,0.07157689137589218,0.10492143085303048,0.2151379555625809,0.5361285726259726,0.04910628309696159,0.5080048390900049,0.5790525953245854,0.1793117712893309,0.07421558648890277,0.12282828282828284,0.24247637666992503,0.21714342506162349,0.045675327562337976,0.18327610562084123,0.2554041447646756,0.5604279682572361,0.15747442965774858,0.009576738649497707,0.0023553158488517356
rfm,domain,later_clean_any_path,B+M+L,random_forest,5,1000,0.10480655073678329,0.6292186529425682,0.0851370825527281,0.562901154514884,0.6955361513702523,0.19779713747529884,0.15122297579049213,0.10497606955357222,0.3308808327914039,0.5075548177842387,0.021983135021590983,0.4920325596389426,0.52601693899636,0.04781144781144781,0.06852492958863406,0.0,0.10707070707070707,0.10720959874837392,0.01804279221796728,0.09273452984494461,0.12000111278247398,0.6048819797468982,0.19900580170556387,0.02433667319567001,-0.0012086642302650275
rfm,domain,later_clean_any_path,B+M+L+G,logistic,5,1000,0.10480655073678329,0.5619440051625698,0.04390217654775048,0.5285006432547417,0.5952287234042553,0.1607326506479454,0.0756555278210316,0.10524687172618515,0.22372540824850376,0.5456172048443502,0.04384337668788033,0.5114833656281077,0.5797510440605926,0.18815896746931232,0.048314765587991935,0.14967790829859795,0.2243672993672991,0.21526606524490371,0.04053413985331124,0.18469678864234626,0.24659959626671615,0.5604279682572361,0.15747442965774858,0.0015160369053337508,0.0032582209901968195
rfm,domain,later_clean_any_path,B+M+L+G,random_forest,5,1000,0.10480655073678329,0.652907309790072,0.0993554434622504,0.566429801039957,0.7246207141003781,0.18690590313563993,0.09015708895249609,0.1186122341051492,0.26625483310219134,0.4969010804769002,0.003712934839423047,0.4938897168405365,0.499375,0.0,0.0,0.0,0.0,0.10606652868041322,0.020950317087600798,0.08922032267606608,0.1211362210645018,0.6048819797468982,0.19900580170556387,0.048025330043173886,-0.01209989856992394
rfm,domain,later_clean_any_path,B+M+L+G+R,logistic,5,1000,0.10480655073678329,0.570148818130905,0.07249143195914518,0.5132490303412436,0.623633312328564,0.1623805754992867,0.08266450923169569,0.09892587982717296,0.2258352711714004,0.5608005206292794,0.037685943161717694,0.5315406870335803,0.5872546294736228,0.20484258012447848,0.07005404340734743,0.16016177957532862,0.26374321880650997,0.21119692140693277,0.037955581131620016,0.18263258667151344,0.24074689877012437,0.5604279682572361,0.15747442965774858,0.009720849873668946,0.004906145841538118
rfm,domain,later_clean_any_path,B+M+L+G+R,random_forest,5,1000,0.10480655073678329,0.7532267252157572,0.08369590434732312,0.690328047817392,0.8196451244223688,0.2992136550037271,0.11760893099781798,0.2138772616665831,0.3854637824309567,0.5067087011349306,0.015001111778434925,0.5,0.5201261034047919,0.026666666666666665,0.05962847939999438,0.0,0.08,0.09652360694379183,0.02149536434461452,0.07983666251915598,0.11170942086309987,0.6048819797468982,0.19900580170556387,0.148344745468859,0.10020785329816323
rfm,domain,later_clean_enhancement_path,B,logistic,5,1000,0.06074027515887981,0.49725740832701,0.1913080403646607,0.3336053415787233,0.6290035589816292,0.11618191159141103,0.12317492735353978,0.04080400966067388,0.22793513657197165,0.5334530139119389,0.0994358633003578,0.4465629930132973,0.6009974747474749,0.13117780653429328,0.09588039720984633,0.056338028169014086,0.20287257139676,0.22088511611232065,0.047982302043933014,0.18314317665162883,0.25633982422992435,0.42881973739551427,0.07600697604900268,0.06843767093149572,0.04017493554240835
rfm,domain,later_clean_enhancement_path,B,random_forest,5,1000,0.06074027515887981,0.5585455463671686,0.10804734081582372,0.48328267487844767,0.6550409982174689,0.10359676748560062,0.08248533098694669,0.04813792694575801,0.1719556794383063,0.5,0.0,0.5,0.5,0.0,0.0,0.0,0.0,0.06905260225936662,0.01877154795251802,0.05470351351311088,0.08340169100562235,0.5268956143005593,0.0883640642655497,0.031649932066609265,0.015232703220050922
rfm,domain,later_clean_enhancement_path,B+M,logistic,5,1000,0.06074027515887981,0.42881973739551427,0.1767497336865628,0.27987316368553683,0.5516816834278456,0.07600697604900268,0.05312294803188444,0.03806085885384404,0.11978207519535652,0.4856267722193646,0.06208190067193651,0.430825515551048,0.5254685007974482,0.09327934380567388,0.06869120939723604,0.036178861788617886,0.15121453828553844,0.17935987352626007,0.03710941247927881,0.15700537874829418,0.21339105874367217,0.42881973739551427,0.07600697604900268,0.0,0.0
rfm,domain,later_clean_enhancement_path,B+M,random_forest,5,1000,0.06074027515887981,0.5268956143005593,0.10931915583944604,0.44748159736225945,0.6207131267091276,0.0883640642655497,0.06531091510071589,0.043632965424208345,0.14203392543907323,0.4986206896551725,0.0030842316931031645,0.4958620689655172,0.5,0.0,0.0,0.0,0.0,0.07026842278033985,0.017415452666994843,0.05700611481789338,0.08353073074278633,0.5268956143005593,0.0883640642655497,0.0,0.0
rfm,domain,later_clean_enhancement_path,B+M+L,logistic,5,1000,0.06074027515887981,0.4429485391450987,0.15051292384656434,0.3118464026676502,0.5432862894293816,0.08987233625974995,0.06255437300589811,0.04323926197777607,0.14076937813057006,0.4913867338512702,0.07075311086654686,0.42725517997580165,0.539764371657754,0.08337338299491369,0.05275059366265339,0.0367816091954023,0.1228623493131483,0.17705927307040112,0.03752793788532883,0.15200689964217584,0.21164820886193567,0.42881973739551427,0.07600697604900268,0.014128801749584419,0.013865360210747274
rfm,domain,later_clean_enhancement_path,B+M+L,random_forest,5,1000,0.06074027515887981,0.519388885120241,0.06850333983492322,0.46698938588088995,0.5717883843595918,0.08444996151827946,0.04746051227955149,0.045523454902715435,0.12078179103812037,0.5,0.0,0.5,0.5,0.0,0.0,0.0,0.0,0.07082056306336873,0.020268194420442854,0.05577697618853539,0.08631878090516645,0.5268956143005593,0.0883640642655497,-0.007506729180318361,-0.0039141027472702344
rfm,domain,later_clean_enhancement_path,B+M+L+G,logistic,5,1000,0.06074027515887981,0.4187055137630651,0.10861134693106288,0.3236450001120298,0.4893329493768091,0.08650293410017652,0.04997288589998437,0.04590496760473069,0.1259598168938252,0.49377904633502734,0.06903480207496665,0.4355165882967607,0.5407822810144791,0.09513126204449959,0.0632719788797273,0.046531038080333854,0.13943843059184605,0.17328578759800312,0.04458845618868966,0.143930983012094,0.21456338224127128,0.42881973739551427,0.07600697604900268,-0.010114223632449182,0.010495958051173843
rfm,domain,later_clean_enhancement_path,B+M+L+G,random_forest,5,1000,0.06074027515887981,0.6037962857579358,0.1245073383196495,0.5227321467817146,0.7097667678944619,0.13160098748533952,0.03452674642106751,0.10459957857999791,0.15860239639068113,0.5,0.0,0.5,0.5,0.0,0.0,0.0,0.0,0.06884109239811209,0.01957440210092405,0.05465442788083095,0.0831928212991535,0.5268956143005593,0.0883640642655497,0.07690067145737645,0.04323692321978982
rfm,domain,later_clean_enhancement_path,B+M+L+G+R,logistic,5,1000,0.06074027515887981,0.6499506444451753,0.05896731530331422,0.6016017873523678,0.6942940177638454,0.162862797519927,0.08650273139516271,0.09954555088671395,0.2302021718823882,0.6092455949615726,0.035186546726074394,0.5822827182899779,0.6344708110516935,0.19494411788606875,0.09616771396806498,0.12114050437467831,0.26874773139745917,0.14482067586542377,0.053884861798639896,0.10968133957535194,0.19307338448311076,0.42881973739551427,0.07600697604900268,0.22113090704966099,0.08685582147092431
rfm,domain,later_clean_enhancement_path,B+M+L+G+R,random_forest,5,1000,0.06074027515887981,0.8188951011316414,0.1012013599691969,0.7425048941426651,0.9064673132183907,0.31744151843527735,0.16328191199472505,0.18726761722817137,0.4589345630808605,0.49941520467836253,0.0013076420921051524,0.49824561403508766,0.5,0.0,0.0,0.0,0.0,0.05916387971060337,0.01905184143136582,0.04374940694491272,0.07357477588133199,0.5268956143005593,0.0883640642655497,0.2919994868310821,0.22907745416972763
rfm,domain,later_clean_suppression_path,B,logistic,5,1000,0.0478800893917173,0.5613570053759247,0.06602087989656916,0.5193658217750294,0.6202039207127641,0.08126370174531783,0.05527412630382531,0.04695245809982776,0.12988290266035396,0.5387578796134423,0.046438911373861545,0.5075035578185446,0.5759544714161454,0.10527289725784797,0.061945236519401155,0.06738095238095239,0.16025771616378756,0.2165086472718591,0.057565510056797116,0.1722809071576356,0.26207158964704125,0.5699664228117971,0.08023840078963398,-0.008609417435872402,0.0010253009556838444
rfm,domain,later_clean_suppression_path,B,random_forest,5,1000,0.0478800893917173,0.6526064009815246,0.09448551642456006,0.576228080878712,0.7241280391266354,0.14212362497705616,0.11122460394545103,0.06139078808056643,0.23512042797019136,0.5155061586960951,0.0381619965616726,0.49635258358662615,0.5501658925016589,0.05333333333333333,0.11925695879998877,0.0,0.16,0.05145186555418737,0.01069696486416065,0.04225407552066952,0.059273484189098224,0.6571283600901016,0.13872113202161457,-0.0045219591085770006,0.003402492955441594
rfm,domain,later_clean_suppression_path,B+M,logistic,5,1000,0.0478800893917173,0.5699664228117971,0.07204350735778446,0.5096424422667086,0.6257355403759155,0.08023840078963398,0.060059031149618115,0.04444006819475499,0.13459002229510528,0.5566922993666009,0.07265345569254388,0.49483438716386113,0.6098205954629311,0.11681881313550849,0.06894291420948682,0.06271691187353837,0.1709207143974786,0.22462034212697946,0.057042940365125694,0.18005556697123226,0.2690147064617537,0.5699664228117971,0.08023840078963398,0.0,0.0
rfm,domain,later_clean_suppression_path,B+M,random_forest,5,1000,0.0478800893917173,0.6571283600901016,0.08258781180709539,0.597296477774284,0.7289059300255497,0.13872113202161457,0.11164906674071723,0.06041553091163282,0.23255530420673812,0.5175739154462559,0.04101673113728777,0.49817629179331313,0.5545454545454545,0.06153846153846154,0.1376041832307563,0.0,0.18461538461538463,0.05261540109473863,0.009764590232491101,0.04391001930335024,0.059510897616722666,0.6571283600901016,0.13872113202161457,0.0,0.0
rfm,domain,later_clean_suppression_path,B+M+L,logistic,5,1000,0.0478800893917173,0.5617994775945484,0.06978283569633803,0.508728448275862,0.6228235648171779,0.07721839614323993,0.05725275904235813,0.041387188538121414,0.12713511973221378,0.5042191440558157,0.0856107617878023,0.4344067073510044,0.5679978497695056,0.0927554615926709,0.07242098206184779,0.03699788583509513,0.1479351656095842,0.22725327903057058,0.06050558826721004,0.17965279301086423,0.2729134906426395,0.5699664228117971,0.08023840078963398,-0.0081669452172487,-0.003020004646394056
rfm,domain,later_clean_suppression_path,B+M+L,random_forest,5,1000,0.0478800893917173,0.6883840695612603,0.08045742427760853,0.6289716476693812,0.7494993755104377,0.15348548229247444,0.1162596759035123,0.07151393297444257,0.2533940960629444,0.517877866814037,0.04083099882951839,0.4990881458966565,0.5545454545454545,0.06153846153846154,0.1376041832307563,0.0,0.18461538461538463,0.05129943725732631,0.0099598350376707,0.04260341935871578,0.05847865974466319,0.6571283600901016,0.13872113202161457,0.031255709471158744,0.014764350270859872
rfm,domain,later_clean_suppression_path,B+M+L+G,logistic,5,1000,0.0478800893917173,0.5983021955896402,0.05424641338019914,0.5525911052161113,0.6378119427986075,0.07341380168260275,0.03731836537229498,0.04590150447501645,0.10320729330130289,0.5125140484599078,0.08317365889283614,0.4486897979977263,0.577889349784763,0.09165775855098246,0.07151220544202512,0.0375,0.1448926983100186,0.21098039744376568,0.04394774717152107,0.17484575147812687,0.24286103741681994,0.5699664228117971,0.08023840078963398,0.02833577277784305,-0.006824599107031232
rfm,domain,later_clean_suppression_path,B+M+L+G,random_forest,5,1000,0.0478800893917173,0.6830027287089099,0.04979917339082233,0.6437722343267211,0.7219928371195216,0.12324468627730345,0.07511293078617033,0.06624557614227625,0.18321253359030373,0.5,0.0,0.5,0.5,0.0,0.0,0.0,0.0,0.051776275291762694,0.011274396551703633,0.04213770095296844,0.059984803661985,0.6571283600901016,0.13872113202161457,0.02587436861880832,-0.015476445744311118
rfm,domain,later_clean_suppression_path,B+M+L+G+R,logistic,5,1000,0.0478800893917173,0.806486195280265,0.08982412233688644,0.7384012720776223,0.8745711184829077,0.3426925038878744,0.16604743086107784,0.2094622209385085,0.4655390736897071,0.7292274787309696,0.11746563983224462,0.6281938306814064,0.8136477706498424,0.2566220735785953,0.1409679944218864,0.14741200828157347,0.3744688644688644,0.12376562374588251,0.022310980479847996,0.10770765535652024,0.14318491301522202,0.5699664228117971,0.08023840078963398,0.2365197724684679,0.26245410309824047
rfm,domain,later_clean_suppression_path,B+M+L+G+R,random_forest,5,1000,0.0478800893917173,0.8653179045119485,0.0569090932346375,0.8206506652956025,0.9099851437282946,0.35515046116689686,0.09745224288640199,0.2757133173644329,0.4377558681663222,0.5087869577231279,0.020508365568643862,0.4990881458966565,0.5272727272727272,0.03333333333333333,0.07453559924999299,0.0,0.1,0.04319186571638636,0.011970184210734489,0.033588410612594946,0.052451838895549344,0.6571283600901016,0.13872113202161457,0.2081895444218469,0.2164293291452823
rfm,domain,later_enhancement_path,B,logistic,5,1000,0.06634751030099868,0.5376054617437682,0.1997363443609938,0.36203044523999434,0.6591769079976627,0.15180603261162667,0.13482297926929618,0.059381905244200575,0.2736499900437947,0.5588321544078262,0.10515301541595969,0.4695937807583871,0.630346226100943,0.16317570293696174,0.12018348532265752,0.07010309278350516,0.25966693100713717,0.21392739251581339,0.044756680122215696,0.17838959273312194,0.24658036086628748,0.47693494452152685,0.1016965921945864,0.06067051722224137,0.05010944041704027
rfm,domain,later_enhancement_path,B,random_forest,5,1000,0.06634751030099868,0.5501054886452263,0.12491300495462317,0.4523359890308491,0.6478749882596035,0.12287394398617531,0.08778057801284701,0.05690680714835696,0.19184258791003725,0.5,0.0,0.5,0.5,0.0,0.0,0.0,0.0,0.07412884295580406,0.019266723391316246,0.05904390575439613,0.08855858799482484,0.5600020955881836,0.12571485535161497,-0.009896606942957242,-0.002840911365439666
rfm,domain,later_enhancement_path,B+M,logistic,5,1000,0.06634751030099868,0.47693494452152685,0.2006764058722057,0.3009558182837798,0.6032324070059919,0.1016965921945864,0.06710100183435332,0.0498093414588025,0.15390375079180296,0.4954696243190938,0.07143734326332699,0.43221194808727964,0.538548951048951,0.10852111266564193,0.07100656160339722,0.047619047619047616,0.158543207230379,0.17587763793452926,0.036714083671278944,0.152617396336443,0.2090617500567245,0.47693494452152685,0.1016965921945864,0.0,0.0
rfm,domain,later_enhancement_path,B+M,random_forest,5,1000,0.06634751030099868,0.5600020955881836,0.1235113795195461,0.4553450883234177,0.6499148821264206,0.12571485535161497,0.08547197780877507,0.0655929925143658,0.20031416727713247,0.5,0.0,0.5,0.5,0.0,0.0,0.0,0.0,0.07437152474470357,0.016747946112626973,0.06119753496370471,0.08664310278420431,0.5600020955881836,0.12571485535161497,0.0,0.0
rfm,domain,later_enhancement_path,B+M+L,logistic,5,1000,0.06634751030099868,0.4931549558049733,0.18700369781668583,0.3313477208942901,0.6107108562297241,0.11288197987352908,0.07558075716083353,0.05667815664340192,0.1753878691039628,0.5009644978580468,0.0749609089469065,0.43610625927964897,0.5497243141473911,0.1060289166171519,0.06353587953580546,0.04912655971479501,0.14713804713804712,0.1732167101624864,0.03681379597270266,0.14807073282226982,0.20718554119771332,0.47693494452152685,0.1016965921945864,0.016220011283446467,0.011185387678942671
rfm,domain,later_enhancement_path,B+M+L,random_forest,5,1000,0.06634751030099868,0.5686659869263967,0.0805031002576759,0.5048373682270884,0.6299936174936175,0.11347272312039339,0.07040061233531114,0.06116627196846649,0.16532639235181434,0.5,0.0,0.5,0.5,0.0,0.0,0.0,0.0,0.07507429923627457,0.01780155385022862,0.061213790154472605,0.0882472806931631,0.5600020955881836,0.12571485535161497,0.008663891338213103,-0.012242132231221586
rfm,domain,later_enhancement_path,B+M+L+G,logistic,5,1000,0.06634751030099868,0.46316282556479493,0.13558630668186256,0.3406212940463604,0.5478765600227865,0.10779319108009533,0.0603260131657498,0.05709556629529842,0.1531644076009294,0.5097790606704073,0.06852760150453735,0.44926929392446635,0.5478861547257774,0.11472076080529918,0.06450540596740671,0.05702702702702702,0.14780126065999258,0.1708030828260798,0.041822816248657496,0.14209707831523946,0.20959570450101558,0.47693494452152685,0.1016965921945864,-0.013772118956731916,0.006096598885508925
rfm,domain,later_enhancement_path,B+M+L+G,random_forest,5,1000,0.06634751030099868,0.6355269989979213,0.11795693836270096,0.5576512022085317,0.7360899767658063,0.13941168826882472,0.039734068167761136,0.10885079399232431,0.16997258254532516,0.509090909090909,0.020327890704543525,0.5,0.5272727272727272,0.03333333333333333,0.07453559924999299,0.0,0.1,0.0740044455263508,0.017988119477108523,0.060104040915600065,0.0874369241554199,0.5600020955881836,0.12571485535161497,0.07552490340973772,0.013696832917209745
rfm,domain,later_enhancement_path,B+M+L+G+R,logistic,5,1000,0.06634751030099868,0.664611505791752,0.06411234035165377,0.6148688903198186,0.7143541212636852,0.19882135368427073,0.09454098987199955,0.1287279711516548,0.269640558850522,0.6242519987519612,0.05556924246752789,0.5791911360081121,0.6654670800897217,0.2159788832636811,0.11630437811605637,0.12794895736072204,0.3040088091666401,0.14177813215093432,0.04893240958132413,0.11289765907194174,0.18629867162474642,0.47693494452152685,0.1016965921945864,0.18767656127022514,0.09712476148968432
rfm,domain,later_enhancement_path,B+M+L+G+R,random_forest,5,1000,0.06634751030099868,0.842739158137349,0.08996306047211843,0.7813516228973414,0.9168586729362591,0.36620464951682213,0.18170227295952204,0.24742274526128966,0.5277918193684873,0.5,0.0,0.5,0.5,0.0,0.0,0.0,0.0,0.06170027506218181,0.017215412697451433,0.04759842039457479,0.07376051691871018,0.5600020955881836,0.12571485535161497,0.2827370625491654,0.24048979416520716
rfm,domain,later_neighbor_damage_any_path,B,logistic,5,1000,0.07465535302744605,0.6179858764442733,0.1378628578935731,0.49532926409862643,0.7111789514261166,0.1480912022765391,0.05471093639260799,0.09874150592354738,0.17929729900403188,0.560657310269185,0.15012383154297207,0.4211776955031545,0.651727221264742,0.16837474289599874,0.09529142655610001,0.08326511311749148,0.23814094468300073,0.21462944503861556,0.05537439336932087,0.17287247911977335,0.25584959220388614,0.6069864633114435,0.14469692728342085,0.010999413132829816,0.003394274993118257
rfm,domain,later_neighbor_damage_any_path,B,random_forest,5,1000,0.07465535302744605,0.6118395208810646,0.11013125949320268,0.5216923567430932,0.6946269723821004,0.13585388064024642,0.06386839571997698,0.08690429670631318,0.18480346457417965,0.4973981283310252,0.003586899060323387,0.49456124889840114,0.5,0.0,0.0,0.0,0.0,0.08569198796494301,0.03103304674807738,0.06364031863872742,0.11029120295988067,0.6009736589365225,0.11668958629743231,0.010865861944542088,0.01916429434281411
rfm,domain,later_neighbor_damage_any_path,B+M,logistic,5,1000,0.07465535302744605,0.6069864633114435,0.11865925173405555,0.4997328432614848,0.6891013857251596,0.14469692728342085,0.07355581385126629,0.08591280583025716,0.19997783886159096,0.5277566029072052,0.11846689778938688,0.42155710298975435,0.6015099564723719,0.14221312003650627,0.08939120530734812,0.06791171477079797,0.2035450441642792,0.17338674110364172,0.04520654191437873,0.13803511272993935,0.20695998947663774,0.6069864633114435,0.14469692728342085,0.0,0.0
rfm,domain,later_neighbor_damage_any_path,B+M,random_forest,5,1000,0.07465535302744605,0.6009736589365225,0.10465491920840676,0.5204390694645546,0.6815082484084904,0.11668958629743231,0.029575507587920893,0.0904742901452763,0.1354662687541048,0.49929078014184397,0.0015858638138296403,0.49787234042553197,0.5,0.0,0.0,0.0,0.0,0.08515857958935676,0.030309170316915754,0.06485057277576153,0.10973380239072505,0.6009736589365225,0.11668958629743231,0.0,0.0
rfm,domain,later_neighbor_damage_any_path,B+M+L,logistic,5,1000,0.07465535302744605,0.5921048054199558,0.10516971996119592,0.507289032843861,0.668155389011549,0.12175978139801158,0.04567932118791482,0.08546382885041218,0.15786043595998392,0.527000448706292,0.05760983400615095,0.47824167104036164,0.5637109063112292,0.13884446348694363,0.06580215132065649,0.08957165392549446,0.19151266609804918,0.174886111340458,0.04233170457243702,0.14350701513374667,0.20799719325983695,0.6069864633114435,0.14469692728342085,-0.014881657891487654,-0.022937145885409266
rfm,domain,later_neighbor_damage_any_path,B+M+L,random_forest,5,1000,0.07465535302744605,0.5623978847111912,0.06835471076642968,0.51006675189046,0.6147290175319224,0.10632721848372431,0.04569435180094386,0.07023769429413315,0.14241674267331547,0.5,0.0,0.5,0.5,0.0,0.0,0.0,0.0,0.08559143682651985,0.029773073973110784,0.06513018179688544,0.1106523631770106,0.6009736589365225,0.11668958629743231,-0.038575774225331316,-0.010362367813708001
rfm,domain,later_neighbor_damage_any_path,B+M+L+G,logistic,5,1000,0.07465535302744605,0.6053327776985666,0.07840035723841729,0.5502087743135207,0.6732707845940106,0.11514203062311716,0.051630069884527334,0.07699260284276528,0.15431727423323532,0.5837037654243235,0.08655510656858625,0.5183706718034518,0.6548718322065245,0.1854196394531888,0.08740506894032424,0.11762104460541364,0.25142857142857145,0.17345767530102515,0.041184115674450385,0.1383422144641379,0.2036530652297215,0.6069864633114435,0.14469692728342085,-0.0016536856128768207,-0.029554896660303684
rfm,domain,later_neighbor_damage_any_path,B+M+L+G,random_forest,5,1000,0.07465535302744605,0.5576793905164313,0.07954707172402428,0.49902521015731205,0.6248382617248812,0.1312519879876341,0.08164197181753535,0.0741777174025294,0.19492195064399992,0.4986990641655126,0.0017934495301617,0.49728062444920057,0.5,0.0,0.0,0.0,0.0,0.08548693154204462,0.029020041624312213,0.06507226153348854,0.11051828006268834,0.6009736589365225,0.11668958629743231,-0.04329426842009121,0.014562401690201787
rfm,domain,later_neighbor_damage_any_path,B+M+L+G+R,logistic,5,1000,0.07465535302744605,0.8489862111537609,0.07204655752451472,0.7951465814210729,0.9028814200851109,0.40675655082792855,0.22521550494013878,0.2336180298663081,0.579895071789549,0.7696237997165897,0.0756407017337244,0.7097379957740023,0.8295096036591769,0.39431734076718666,0.1100894934199706,0.30914135733033377,0.4794933242040397,0.11138748296890506,0.03954182772529737,0.07741580441643532,0.139870604413353,0.6069864633114435,0.14469692728342085,0.24199974784231748,0.26205962354450774
rfm,domain,later_neighbor_damage_any_path,B+M+L+G+R,random_forest,5,1000,0.07465535302744605,0.8603649761442803,0.08925572594658022,0.7941056698737317,0.9291607497728807,0.42312086568954055,0.21819068568982664,0.26266484784888816,0.5994147546618126,0.5497115329894223,0.025332934795872807,0.528782439808004,0.5676850647547551,0.16644042232277528,0.08400356992544823,0.10135746606334842,0.22782805429864253,0.06423340310366397,0.0263824986749706,0.04542487813441199,0.08688030688640717,0.6009736589365225,0.11668958629743231,0.25939131720775777,0.30643127939210824
rfm,domain,later_suppression_path,B,logistic,5,1000,0.05184649766045115,0.5710908068971361,0.06790500752159152,0.522554826881038,0.6302567238246848,0.08587597870081108,0.0396235217452624,0.05594900239684555,0.11590088930427714,0.5343828800415069,0.07809820679039413,0.47017676146841125,0.5909174654164413,0.11371825789115694,0.08610839939708141,0.04390243902439024,0.17921679773262542,0.21741016194922896,0.05633129866688839,0.17381167678924375,0.2610348966818705,0.5824355743695611,0.08382143435176428,-0.011344767472424966,0.002054544349046797
rfm,domain,later_suppression_path,B,random_forest,5,1000,0.05184649766045115,0.6590961001700417,0.10739887223921107,0.5764963921276199,0.7441892605683871,0.17142995831974195,0.14305217120042657,0.061500866472026905,0.2786583371484504,0.5154949703021889,0.03816991441415749,0.496319018404908,0.5501658925016589,0.05333333333333333,0.11925695879998877,0.0,0.16,0.05507596002374039,0.01180502891016473,0.04489463271301621,0.06379715890743853,0.6513273995762626,0.14687814909067617,0.007768700593779099,0.024551809229065774
rfm,domain,later_suppression_path,B+M,logistic,5,1000,0.05184649766045115,0.5824355743695611,0.05661107971827848,0.5393632618762194,0.6267608703908094,0.08382143435176428,0.044469239375376425,0.049221237202565785,0.11842163150096278,0.5511317574065087,0.0634729098289443,0.5024486614745752,0.6033900619399867,0.11692773039748908,0.055574836157880406,0.07291260227152427,0.1585275519421861,0.21297545393378972,0.053860831107531544,0.1702980606321108,0.2549279339869228,0.5824355743695611,0.08382143435176428,0.0,0.0
rfm,domain,later_suppression_path,B+M,random_forest,5,1000,0.05184649766045115,0.6513273995762626,0.10072741581380774,0.5724880834490716,0.7278222033083205,0.14687814909067617,0.1184581271103401,0.05819432192758427,0.24339441052550054,0.5181818181818182,0.0406557814090871,0.5,0.5545454545454545,0.06153846153846154,0.1376041832307563,0.0,0.18461538461538463,0.05636164505488824,0.010455010204581113,0.04716743038805206,0.06364782937318796,0.6513273995762626,0.14687814909067617,0.0,0.0
rfm,domain,later_suppression_path,B+M+L,logistic,5,1000,0.05184649766045115,0.5717736782969077,0.0658543929997881,0.5198341971652211,0.6214481605610338,0.08279149902034527,0.045567547860036334,0.04700684131125412,0.11737387495220314,0.5003082776993182,0.08078061205044847,0.43252746760329186,0.559757013288301,0.09650318979266348,0.07222631653680785,0.04066985645933015,0.15061403508771906,0.21455781916348307,0.056431019209641775,0.16972724346416215,0.25795824334352313,0.5824355743695611,0.08382143435176428,-0.010661896072653332,-0.001029935331419013
rfm,domain,later_suppression_path,B+M+L,random_forest,5,1000,0.05184649766045115,0.6740858968720082,0.09103076721627579,0.6105451038195803,0.7554870830987355,0.1614102728785288,0.1306402007166486,0.06188405895257837,0.26439510392981724,0.5178750697155605,0.040832660300228425,0.499079754601227,0.5545454545454545,0.06153846153846154,0.1376041832307563,0.0,0.18461538461538463,0.05517791859608887,0.01103938212568786,0.045705286885118136,0.06317537612571225,0.6513273995762626,0.14687814909067617,0.022758497295745528,0.014532123787852624
rfm,domain,later_suppression_path,B+M+L+G,logistic,5,1000,0.05184649766045115,0.5783948907330262,0.065733626631685,0.5318157511223938,0.6328196651462529,0.08848152429499731,0.06840834084456789,0.04536821988378611,0.14849275539361156,0.5307926264769329,0.08787754282064025,0.4584770114942529,0.6010927817004895,0.10974692855010085,0.08452181590147347,0.04444444444444444,0.1718417047184162,0.19522953525031037,0.043088639875953565,0.1620361082479025,0.22849861162372812,0.5824355743695611,0.08382143435176428,-0.00404068363653487,0.004660089943233026
rfm,domain,later_suppression_path,B+M+L+G,random_forest,5,1000,0.05184649766045115,0.6625260177387909,0.07597408634840312,0.6033975071989508,0.7211840729320524,0.13609815862530986,0.10356867864067172,0.06141547801237692,0.22424737100258046,0.5,0.0,0.5,0.5,0.0,0.0,0.0,0.0,0.0562589215645594,0.011868164544556312,0.046282941383926725,0.06494415914994846,0.6513273995762626,0.14687814909067617,0.011198618162528318,-0.010779990465366318
rfm,domain,later_suppression_path,B+M+L+G+R,logistic,5,1000,0.05184649766045115,0.7852624676716973,0.12162170233221097,0.6815909093736161,0.8740352283487006,0.3498145482734943,0.17520139014615999,0.1934401403508082,0.4774341375235848,0.7048435200570371,0.10167477544338502,0.6239178595773688,0.7835046754061485,0.25050505050505045,0.11000656221440433,0.1611111111111111,0.3292929292929293,0.12343068637862649,0.019522109638203108,0.10833493549327414,0.13857118251502382,0.5824355743695611,0.08382143435176428,0.2028268933021362,0.26599311392173
rfm,domain,later_suppression_path,B+M+L+G+R,random_forest,5,1000,0.05184649766045115,0.8704150151307267,0.07183067203818054,0.8137784989044546,0.9228087020494151,0.37809013473570835,0.1169793290486508,0.2865276244410052,0.4673837361789756,0.5084774121583937,0.02071347737656613,0.49815950920245394,0.5272727272727272,0.03333333333333333,0.07453559924999299,0.0,0.1,0.04656940851665302,0.01305573267886017,0.035913728305070676,0.05625331199037995,0.6513273995762626,0.14687814909067617,0.2190876155544641,0.23121198564503218
rfm,domain,later_target_any_path,B,logistic,5,1000,0.1121579719254138,0.5981412480954179,0.06648073740409693,0.5472689117511941,0.650827551413273,0.18622274512569165,0.09588795501725271,0.1123985133751408,0.2578791569227662,0.5484878919797979,0.05725489885993038,0.4970199885269285,0.5878555821659395,0.2050270398024648,0.09271269984255136,0.11888706101137259,0.26312252964426874,0.22548099467641408,0.04997411108162368,0.18699366774484222,0.2633756402197662,0.579946130525431,0.1778471726230198,0.01819511756998693,0.008375572502671846
rfm,domain,later_target_any_path,B,random_forest,5,1000,0.1121579719254138,0.634054191102341,0.1193361691055087,0.5447878309107639,0.7326860703359623,0.22516478577419757,0.17676352388103128,0.10507193203436441,0.37325299238233683,0.5098639152258784,0.018641329793704406,0.49754601226993866,0.5252727272727272,0.05387205387205387,0.07437953546927448,0.0,0.11313131313131312,0.10970472359427638,0.021177696108388128,0.09298018788984463,0.1246988945134401,0.6161885535161016,0.21381690918389337,0.01786563758623938,0.011347876590304201
rfm,domain,later_target_any_path,B+M,logistic,5,1000,0.1121579719254138,0.579946130525431,0.04860867594650007,0.5394211446037309,0.6150889456957173,0.1778471726230198,0.07912554652425495,0.12208702023892451,0.24047687783261476,0.5490397033975787,0.03626217555997622,0.5221431747894397,0.578420696907904,0.19619429563013868,0.07249598609046515,0.14337221633085895,0.2509904009034444,0.21108786615814804,0.041436952245936305,0.1813961624402582,0.24724310968923388,0.579946130525431,0.1778471726230198,0.0,0.0
rfm,domain,later_target_any_path,B+M,random_forest,5,1000,0.1121579719254138,0.6161885535161016,0.12552297935112297,0.5194060498497792,0.7170309168649345,0.21381690918389337,0.16903987731609482,0.097023707199926,0.35333918495553385,0.5102647591077349,0.02071673424560361,0.4950143667003184,0.5274917529727656,0.05585913782635095,0.0767240752832122,0.0,0.1151183970856102,0.1124184482514324,0.018136618646764305,0.09665327689838768,0.1251843076612969,0.6161885535161016,0.21381690918389337,0.0,0.0
rfm,domain,later_target_any_path,B+M+L,logistic,5,1000,0.1121579719254138,0.5920736727069675,0.03896594405784024,0.5641861433968516,0.6217948407569802,0.18568049233842834,0.08057700678315759,0.12813431487003005,0.25242688363237764,0.5331758824917021,0.04836613149213705,0.5023543133911581,0.5758110967709383,0.174112099459027,0.08605983914205137,0.10862249899094736,0.23993882731328933,0.21063856295097966,0.04313533824265613,0.17964294359362157,0.24735341924845625,0.579946130525431,0.1778471726230198,0.012127542181536555,0.007833319715408543
rfm,domain,later_target_any_path,B+M+L,random_forest,5,1000,0.1121579719254138,0.6293331186331763,0.10509808110539158,0.5396046509580937,0.7092125887114884,0.2125010052757094,0.15343182069519376,0.10285852580988886,0.3412816284484359,0.5111458974504947,0.02295957680553997,0.4940762214449094,0.5290058027079304,0.0582010582010582,0.07971703266306542,0.0,0.11746031746031745,0.112210618460629,0.018384366919810265,0.0966881189225842,0.12531225794056747,0.6161885535161016,0.21381690918389337,0.013144565117074736,-0.0013159039081839796
rfm,domain,later_target_any_path,B+M+L+G,logistic,5,1000,0.1121579719254138,0.5662656154446788,0.04187498010479513,0.5365368489720057,0.6007586173713417,0.17002597216918086,0.07878621862874426,0.10749580444079017,0.23060546072223578,0.5497647452269151,0.03428452814680566,0.5242952843731257,0.5779184496063062,0.20024615895947093,0.06347244799761827,0.1426198315000241,0.2472716814390671,0.21029233376370224,0.03810819758790584,0.18204219861622456,0.24079385041020007,0.579946130525431,0.1778471726230198,-0.013680515080752187,-0.007821200453838939
rfm,domain,later_target_any_path,B+M+L+G,random_forest,5,1000,0.1121579719254138,0.6660017719672728,0.1031209398617322,0.5807579811813997,0.7427618379925305,0.20518818495650973,0.09294587535818624,0.13343001435334745,0.27694635555967195,0.4967642082177416,0.002178672668564645,0.4949768871543469,0.4986578687494389,0.0,0.0,0.0,0.0,0.11131740091867681,0.019672023443694852,0.09506532068853535,0.12484938377711466,0.6161885535161016,0.21381690918389337,0.04981321845117126,-0.008628724227383644
rfm,domain,later_target_any_path,B+M+L+G+R,logistic,5,1000,0.1121579719254138,0.552829845329833,0.05419577742942876,0.512338483418192,0.596125981638089,0.16546891973282113,0.08225993017953882,0.10365876109759961,0.22727907836804265,0.5209236424384025,0.042345728913143574,0.4852906540962841,0.5524733410049866,0.17984989210995406,0.08066152216515535,0.10863777089783282,0.2324968805704096,0.21027020946338643,0.03877151520800762,0.18171857794026558,0.24252532464400392,0.579946130525431,0.1778471726230198,-0.027116285195597944,-0.012378252890198671
rfm,domain,later_target_any_path,B+M+L+G+R,random_forest,5,1000,0.1121579719254138,0.7661212021478627,0.08650361349712501,0.6988261490072601,0.835068476344205,0.32607629573915237,0.1284545686090699,0.23860412791285873,0.43359089956874974,0.5074242424242424,0.01660111074204389,0.5,0.5222727272727272,0.03018867924528302,0.06750393894338987,0.0,0.09056603773584906,0.10043850085423726,0.020584448632836653,0.08295808326779847,0.11418011575174493,0.6161885535161016,0.21381690918389337,0.14993264863176115,0.112259386555259
rfm,record,later_capability_damage_any_path,B,logistic,5,1000,0.08499999999999999,0.5562321388430723,0.10180366892417123,0.46991703974984,0.6218749398749399,0.15645739127218622,0.07416444568912897,0.09794771533688748,0.21496706720748496,0.5437264404202468,0.09444864990231062,0.4714199515013706,0.6134196696696695,0.1651333114231239,0.06966245453363758,0.112748310879152,0.22161238333067673,0.24745450518668138,0.011630738964442677,0.23757919651469644,0.2559830214074987,0.5605739434445454,0.11866686169601182,-0.004341804601473043,0.0377905295761744
rfm,record,later_capability_damage_any_path,B,random_forest,5,1000,0.08499999999999999,0.505501522209286,0.043458798087866984,0.47915062056614827,0.5444539031616671,0.11066751291253825,0.0407250653904636,0.08017592949862158,0.14206514727796268,0.5,0.0,0.5,0.5,0.0,0.0,0.0,0.0,0.0951387983084822,0.0106973849644447,0.08688257415607023,0.10329382355699261,0.4794680714312875,0.12191152642009936,0.026033450777998512,-0.011244013507561115
rfm,record,later_capability_damage_any_path,B+M,logistic,5,1000,0.08499999999999999,0.5605739434445454,0.08966252725838533,0.48542496203676777,0.6238762333762334,0.11866686169601182,0.03628978934649322,0.09068496202092373,0.14664876137109992,0.5110984296910439,0.06558452140266673,0.46260924929727637,0.5634834834834835,0.14460180313493404,0.04993109554633998,0.10526619811227644,0.18393740815759166,0.24293416719949357,0.01816897626367983,0.22684656818469998,0.2553353530426289,0.5605739434445454,0.11866686169601182,0.0,0.0
rfm,record,later_capability_damage_any_path,B+M,random_forest,5,1000,0.08499999999999999,0.4794680714312875,0.0848249071630933,0.41026129865094685,0.5402193557193558,0.12191152642009936,0.06460239301912384,0.0717819736154873,0.17204107922471143,0.5,0.0,0.5,0.5,0.0,0.0,0.0,0.0,0.09766920030076676,0.013183069734005137,0.08743834387011262,0.10754434450678241,0.4794680714312875,0.12191152642009936,0.0,0.0
rfm,record,later_capability_damage_any_path,B+M+L,logistic,5,1000,0.08499999999999999,0.5710935986590246,0.08323348949271507,0.5002228614191393,0.6289732654732655,0.12671809632669923,0.039602158019321966,0.09697315990861917,0.15667929774875705,0.5282499421057142,0.06345557480157782,0.48351495122649524,0.583993993993994,0.15605722708663886,0.045655792270079924,0.1211296056884292,0.1909848484848485,0.24075232018803208,0.018278626727874232,0.2240570191423299,0.2526169659816532,0.5605739434445454,0.11866686169601182,0.010519655214479284,0.00805123463068741
rfm,record,later_capability_damage_any_path,B+M+L,random_forest,5,1000,0.08499999999999999,0.5393330828969095,0.08610074013364818,0.46756547725695724,0.6072132132132132,0.17145774935132316,0.11729513560703281,0.08165777247878228,0.2728044667126985,0.5,0.0,0.5,0.5,0.0,0.0,0.0,0.0,0.09425294783482013,0.012626864144531355,0.08433670457740874,0.10323335601465641,0.4794680714312875,0.12191152642009936,0.05986501146562201,0.04954622293122379
rfm,record,later_capability_damage_any_path,B+M+L+G,logistic,5,1000,0.08499999999999999,0.5609417085087338,0.0721171262683233,0.5049095990436496,0.616973817973818,0.11793215648830399,0.027095229463394176,0.09870820776416007,0.1411526133851105,0.5320715258371553,0.06996837966405685,0.4798394236050531,0.5872419822419822,0.1527290256021386,0.031113093831774817,0.13079445618980504,0.1802027290448343,0.23746559815227553,0.022176522887296157,0.21798418477245418,0.25105150777370566,0.5605739434445454,0.11866686169601182,0.00036776506418845223,-0.0007347052077078253
rfm,record,later_capability_damage_any_path,B+M+L+G,random_forest,5,1000,0.08499999999999999,0.5627145392164292,0.06462279126551203,0.5152248742286544,0.6167557752576653,0.1505829684040778,0.09392948788135587,0.08470553012108475,0.23461775153983622,0.49944751381215474,0.0012353966726518144,0.49834254143646406,0.5,0.0,0.0,0.0,0.0,0.0925371896194356,0.011608935078084692,0.08357935069872546,0.10124252112399446,0.4794680714312875,0.12191152642009936,0.08324646778514172,0.028671441983978446
rfm,record,later_capability_damage_any_path,B+M+L+G+R,logistic,5,1000,0.08499999999999999,0.8485092463339047,0.05236156927914474,0.809634443108418,0.8893122473122475,0.365000639044437,0.07627568976251957,0.3115449709079834,0.4340190895694698,0.741409061032498,0.09356794079148978,0.6699210041678783,0.8128971178971177,0.35372588559521406,0.049496215700276174,0.314313369630974,0.39169395711500954,0.13852928989573077,0.016993997677057383,0.12420854497188016,0.15026404230359808,0.5605739434445454,0.11866686169601182,0.2879353028893593,0.2463337773484252
rfm,record,later_capability_damage_any_path,B+M+L+G+R,random_forest,5,1000,0.08499999999999999,0.8246521487405465,0.05160181225671451,0.7846700132740188,0.864530693030693,0.3063713082774576,0.07413866463035164,0.25462089168898216,0.37343467846681505,0.5261243218498235,0.026078053663984156,0.5077759735014752,0.5492153192153192,0.10516908212560386,0.08118450555503609,0.044057971014492756,0.17666666666666664,0.0753429775632185,0.010691311653629777,0.06705998349634171,0.083534226630266,0.4794680714312875,0.12191152642009936,0.345184077309259,0.18445978185735826
rfm,record,later_clean_any_path,B,logistic,5,1000,0.10600000000000001,0.5865538221781431,0.08552868347480622,0.5333195962692114,0.6604054297759457,0.15480179600860788,0.035624605080731425,0.12438216229401289,0.18022462769621458,0.5472976591424696,0.04864654986553702,0.5150315672133042,0.5872410594813601,0.19978934807295853,0.040547916202718165,0.16856275303643725,0.22914315712388778,0.23703632996977855,0.01679290600891454,0.2233301022110255,0.24922585527439792,0.5872199283435038,0.16597806481757246,-0.0006661061653606692,-0.011176268808964579
rfm,record,later_clean_any_path,B,random_forest,5,1000,0.10600000000000001,0.6477974004842825,0.04668613134017668,0.6121431531018728,0.6836923076923076,0.18585722706726004,0.054557193224488265,0.14718808482175644,0.22979080474891855,0.5063790519174273,0.021413362608062494,0.49089475758770196,0.5243334489415916,0.048160535117056855,0.0700587075466283,0.0,0.10969899665551841,0.10704808835165283,0.013683081994238953,0.09691112292830578,0.11778290879321034,0.6437371978722262,0.2042923488107467,0.004060202612056307,-0.01843512174348666
rfm,record,later_clean_any_path,B+M,logistic,5,1000,0.10600000000000001,0.5872199283435038,0.10184289777640206,0.5175199543648413,0.6675569530758774,0.16597806481757246,0.06187022050796445,0.11708997357921833,0.21486615605592663,0.5689588151878044,0.0836531232885317,0.5075200000652863,0.6355130361606302,0.2151973219836608,0.06470703254460812,0.16476907796945478,0.2656255659978668,0.2359009238603257,0.029398267765076796,0.21371952718406312,0.25808232053658836,0.5872199283435038,0.16597806481757246,0.0,0.0
rfm,record,later_clean_any_path,B+M,random_forest,5,1000,0.10600000000000001,0.6437371978722262,0.043141439614231974,0.609600761320449,0.6778736344240034,0.2042923488107467,0.04964139250464848,0.16175455823503257,0.2414821931495954,0.5178439918564602,0.022772040567018228,0.5001382939756154,0.5355496897373051,0.08039886039886039,0.07631616651438095,0.02,0.1407977207977208,0.10904233901512346,0.012157271230536622,0.10000447943143867,0.11808019859880825,0.6437371978722262,0.2042923488107467,0.0,0.0
rfm,record,later_clean_any_path,B+M+L,logistic,5,1000,0.10600000000000001,0.5887838605618475,0.10682666239546589,0.5144481722331224,0.6710381207939348,0.1702475096012763,0.06702402369767153,0.11695379213922749,0.2235412270633251,0.5583024316599702,0.07851384486056819,0.49879341306088865,0.6178114502590518,0.21159767574413565,0.07236014576345984,0.15501703558293284,0.26817831590533847,0.23356231282218146,0.028255309547115404,0.21192122415980905,0.2552034014845538,0.5872199283435038,0.16597806481757246,0.001563932218343722,0.004269444783703835
rfm,record,later_clean_any_path,B+M+L,random_forest,5,1000,0.10600000000000001,0.6400003538314996,0.06090456320169478,0.6074952867335688,0.695143856786094,0.19054333544665897,0.06691916318285966,0.14251873507761564,0.2421465966872053,0.5129785599373726,0.019942993536697363,0.49861839937999725,0.5282325801274692,0.06556643356643357,0.06761441510529251,0.015384615384615385,0.11854545454545455,0.10855224462016726,0.01197885838230431,0.09899782371146705,0.11752345742817279,0.6437371978722262,0.2042923488107467,-0.0037368440407266057,-0.013749013364087737
rfm,record,later_clean_any_path,B+M+L+G,logistic,5,1000,0.10600000000000001,0.5666849676166272,0.07401089486856485,0.510191642542871,0.6231782926903835,0.15024878969120545,0.04962431177305426,0.11257173750338487,0.18932444974795365,0.5496291528114323,0.06842641602115691,0.499426568634952,0.6010039354021324,0.20086797796041492,0.0669111339883848,0.15105882352941175,0.25067713239141814,0.23236670302921553,0.024411702945021665,0.21352982927197953,0.2522020149252814,0.5872199283435038,0.16597806481757246,-0.02053496072687655,-0.015729275126367015
rfm,record,later_clean_any_path,B+M+L+G,random_forest,5,1000,0.10600000000000001,0.6740276729043895,0.04610198802885011,0.6429914425040572,0.7146285048889424,0.20384484910935927,0.04246391130867371,0.1694876657426058,0.23609828787763334,0.5060002455170857,0.0123865831191696,0.4966514169525988,0.5155077372998824,0.034432234432234435,0.047590862326481215,0.0,0.07252747252747252,0.10519934959950901,0.010302883341034262,0.09831732155179682,0.11361662059627271,0.6437371978722262,0.2042923488107467,0.03029047503216331,-0.0004474997013874382
rfm,record,later_clean_any_path,B+M+L+G+R,logistic,5,1000,0.10600000000000001,0.5473301582159842,0.053568364993113425,0.5048723732974671,0.589787943134501,0.15552105352124465,0.05666669284659027,0.11203894376632575,0.19782886439057318,0.5358028461665163,0.05004224852984562,0.4935504577579528,0.5708714549642725,0.19371939298571872,0.0668201446070592,0.14318908995541568,0.24225794530672579,0.2305596050637182,0.02091855703406124,0.21582088541245784,0.24735925060146094,0.5872199283435038,0.16597806481757246,-0.0398897701275196,-0.010457011296327812
rfm,record,later_clean_any_path,B+M+L+G+R,random_forest,5,1000,0.10600000000000001,0.7638863735797454,0.0495344596490837,0.7240011488856467,0.8001146398322959,0.3201603343856614,0.09551185019670191,0.23940395543635257,0.3838621427204919,0.5132486162603225,0.022325402460278455,0.4989071038251366,0.5332730362847424,0.05236363636363637,0.0802310712466712,0.0,0.12509090909090909,0.09520519138852242,0.0061792680948283205,0.09086984228596207,0.10011916635205667,0.6437371978722262,0.2042923488107467,0.12014917570751926,0.11586798557491468
rfm,record,later_clean_enhancement_path,B,logistic,5,1000,0.06200000000000001,0.5635255965742333,0.10590496867743826,0.4913497494142655,0.6507623557906191,0.11896808047527793,0.06320828708788874,0.07323334319208914,0.17302252708442128,0.5643015757466971,0.10915696115941025,0.4881658365529333,0.6530507376707317,0.1371200382592061,0.04790900653061493,0.10035772357723578,0.17388235294117646,0.23510467844363486,0.030665092421450543,0.2140045037535088,0.26272469300787965,0.5624035310872423,0.16187755171059334,0.0011220654869910085,-0.04290947123531541
rfm,record,later_clean_enhancement_path,B,random_forest,5,1000,0.06200000000000001,0.5559669945332585,0.07011604407675358,0.5020248568635666,0.6083926432101805,0.0915296645312034,0.02727959465514205,0.07190040465494843,0.1125838645798362,0.5,0.0,0.5,0.5,0.0,0.0,0.0,0.0,0.0701724637277422,0.008792298009542666,0.06283552622157501,0.07665484185724883,0.5498500781337093,0.09646629488107676,0.006116916399549144,-0.004936630349873364
rfm,record,later_clean_enhancement_path,B+M,logistic,5,1000,0.06200000000000001,0.5624035310872423,0.1023921582435433,0.4857227528954284,0.6390843092790561,0.16187755171059334,0.11573092721290454,0.07185039470814727,0.2519047087130394,0.5408416413899286,0.12211287749039314,0.4396166662770078,0.6303551008065139,0.1301653182986209,0.05819493510183756,0.08283033983718827,0.1733225972517391,0.2299640393432595,0.047087697645793285,0.19760577312232658,0.27031703903104143,0.5624035310872423,0.16187755171059334,0.0,0.0
rfm,record,later_clean_enhancement_path,B+M,random_forest,5,1000,0.06200000000000001,0.5498500781337093,0.08200027853258766,0.48791680243293145,0.6117833538344872,0.09646629488107676,0.03381124274606204,0.06951654039612132,0.12262740997745732,0.5,0.0,0.5,0.5,0.0,0.0,0.0,0.0,0.07124593061784207,0.008611681216432101,0.06354468713884216,0.07732032952174485,0.5498500781337093,0.09646629488107676,0.0,0.0
rfm,record,later_clean_enhancement_path,B+M+L,logistic,5,1000,0.06200000000000001,0.5518682039910443,0.12799988011811653,0.4558643233216288,0.6463328796108183,0.1377949421832753,0.09619680588586706,0.06646601204183182,0.2179344428526754,0.5349077701928995,0.13199521506678022,0.4306591258204161,0.6354450616130431,0.12537174021493067,0.06383816832174546,0.07568690958164641,0.1745931044900117,0.22794019271339025,0.04275362026179416,0.19764519425049415,0.2629489983788331,0.5624035310872423,0.16187755171059334,-0.010535327096197977,-0.024082609527318055
rfm,record,later_clean_enhancement_path,B+M+L,random_forest,5,1000,0.06200000000000001,0.5378137324501052,0.09756595538212683,0.4632950084562988,0.6136712221747426,0.08636130436270487,0.021956363621350058,0.07031309044558559,0.10491804861796719,0.5,0.0,0.5,0.5,0.0,0.0,0.0,0.0,0.07214486058390665,0.009071195906714761,0.0647330172700904,0.0789255512473249,0.5498500781337093,0.09646629488107676,-0.012036345683604122,-0.010104990518371895
rfm,record,later_clean_enhancement_path,B+M+L+G,logistic,5,1000,0.06200000000000001,0.5333164359156569,0.12080987410167864,0.43970193486322523,0.6269309369680888,0.1272987517413726,0.1012275604808234,0.05926164103525315,0.21600359265902763,0.5024337971766315,0.10505805622838427,0.4211477292122453,0.5837198651410176,0.10654705894101799,0.06940746569332296,0.053838619514409256,0.1593555959614731,0.22293855914590993,0.040794095539394296,0.1911689456004544,0.25371843559384255,0.5624035310872423,0.16187755171059334,-0.029087095171585364,-0.03457879996922075
rfm,record,later_clean_enhancement_path,B+M+L+G,random_forest,5,1000,0.06200000000000001,0.5986492606416706,0.0834870080763295,0.5364466477369703,0.6603732004870524,0.12319944238639753,0.05892353233887538,0.0774769828233089,0.16892190194948617,0.5,0.0,0.5,0.5,0.0,0.0,0.0,0.0,0.06936851017145665,0.008683936814766709,0.06250899825458896,0.07600118901207069,0.5498500781337093,0.09646629488107676,0.048799182507961225,0.02673314750532077
rfm,record,later_clean_enhancement_path,B+M+L+G+R,logistic,5,1000,0.06200000000000001,0.7499404987524432,0.07513289919677131,0.6918401354296689,0.8070201356728871,0.21767980110615587,0.06289319697738781,0.16630787772939146,0.2649347262270768,0.698534523611923,0.04586580206075989,0.6575330708108098,0.7250500395661685,0.27228129287242586,0.06584099436031064,0.21601731601731605,0.3199539376879278,0.1488316841036801,0.03722146401572354,0.12349697390692191,0.1810265028810874,0.5624035310872423,0.16187755171059334,0.1875369676652009,0.055802249395562525
rfm,record,later_clean_enhancement_path,B+M+L+G+R,random_forest,5,1000,0.06200000000000001,0.84396648336147,0.0681631970449677,0.7834344789964485,0.8898899738032867,0.29645723648897865,0.07148937333528438,0.2446045526698149,0.35625624682277335,0.5085532746823069,0.02066125257854177,0.49838709677419357,0.5272727272727272,0.03333333333333333,0.07453559924999299,0.0,0.1,0.05774128607554493,0.006325352783725695,0.052990428851123636,0.06282627662816748,0.5498500781337093,0.09646629488107676,0.2941164052277606,0.19999094160790187
rfm,record,later_clean_suppression_path,B,logistic,5,1000,0.047,0.5726726450476058,0.08405096288547037,0.5048445708807134,0.6365904476974036,0.06721930059620221,0.018019251617217572,0.052450141275954244,0.08024861816174401,0.5501675261995672,0.09663109145445661,0.47636697842744125,0.6239680739716931,0.0916612700770609,0.03641209767706936,0.06496211432381645,0.12191182311664239,0.2183952988897993,0.0154518225648118,0.206611375219536,0.23017922256006268,0.48067961493571304,0.05818427498718372,0.0919930301118928,0.00903502560901849
rfm,record,later_clean_suppression_path,B,random_forest,5,1000,0.047,0.7151469000559405,0.06792011542128239,0.6677255230629269,0.7700397140187716,0.23867660797162663,0.10205670570796457,0.16281882633936778,0.31488453321913457,0.521175101803374,0.04734896706282277,0.5,0.5635253054101221,0.06153846153846154,0.1376041832307563,0.0,0.18461538461538463,0.04985272778604474,0.012632223614596885,0.039868929254837204,0.059084621506587366,0.6999997700720914,0.23476845540679983,0.01514712998384915,0.0039081525648267945
rfm,record,later_clean_suppression_path,B+M,logistic,5,1000,0.047,0.48067961493571304,0.12010644921784393,0.3985257713006404,0.5853269627954767,0.05818427498718372,0.024623156067257443,0.040392466063670654,0.07938132493510337,0.5062596310780738,0.04875064561971629,0.467147163482242,0.54229051925387,0.07792743284576316,0.029568286579070766,0.056467356648844856,0.10255428781744572,0.21409016017539945,0.01716357058486806,0.19887080725874942,0.2255794843133912,0.48067961493571304,0.05818427498718372,0.0,0.0
rfm,record,later_clean_suppression_path,B+M,random_forest,5,1000,0.047,0.6999997700720914,0.09943528354655708,0.6226603745857251,0.7780428227137277,0.23476845540679983,0.08817783694785153,0.15838759963702276,0.29407016978160494,0.5456648977217414,0.06280318780320374,0.5,0.5946444895584762,0.1282051282051282,0.17578601539489858,0.0,0.2615384615384615,0.051201664704096615,0.013061297234340864,0.04103596356818843,0.0607525372662033,0.6999997700720914,0.23476845540679983,0.0,0.0
rfm,record,later_clean_suppression_path,B+M+L,logistic,5,1000,0.047,0.4655863186911876,0.09009793160061617,0.40008310479514664,0.542691244431117,0.054845459907150895,0.01981596887335757,0.03970640601118938,0.06998451380311241,0.4849310822065183,0.03413399599049711,0.45768212092071475,0.5121800434923218,0.07408541498791298,0.03591782868008142,0.04504431909750202,0.10018967334035826,0.21465797913226653,0.017077072899868376,0.19962092895574185,0.22606721225474263,0.48067961493571304,0.05818427498718372,-0.015093296244525434,-0.0033388150800328226
rfm,record,later_clean_suppression_path,B+M+L,random_forest,5,1000,0.047,0.6886283344377416,0.11154881211001334,0.6021551193650501,0.7772396742292029,0.19709561987246832,0.08042225945515256,0.13462507298152676,0.2595661667634098,0.5467120181405896,0.06408854894127713,0.5,0.5956916099773244,0.1393939393939394,0.1911734581283334,0.0,0.28484848484848485,0.05130789238729268,0.01306565687202466,0.04107945137310933,0.06096620688640029,0.6999997700720914,0.23476845540679983,-0.011371435634349725,-0.03767283553433151
rfm,record,later_clean_suppression_path,B+M+L+G,logistic,5,1000,0.047,0.5025560580778691,0.0943871777097255,0.43047175822044925,0.5746403579352888,0.06478851423077295,0.02968837589339318,0.04254070942082645,0.08903442463865854,0.5339002157324352,0.12305524066950567,0.45260508349513584,0.6321569217677501,0.0858811713483461,0.04939660032729804,0.05147526257600884,0.13066997777160322,0.19171488784277807,0.01380835893135709,0.1794417591240432,0.2007440894672649,0.48067961493571304,0.05818427498718372,0.021876443142156032,0.00660423924358923
rfm,record,later_clean_suppression_path,B+M+L+G,random_forest,5,1000,0.047,0.6562320233366992,0.13617735259479266,0.5602482877609545,0.7625023744227184,0.16836174531039289,0.09049380273074313,0.10197546783305034,0.24509890754833896,0.4994623655913978,0.0012021870846773053,0.49838709677419357,0.5,0.0,0.0,0.0,0.0,0.05171290319636603,0.012965337687652234,0.041486702165688075,0.060667958028422654,0.6999997700720914,0.23476845540679983,-0.04376774673539219,-0.06640671009640695
rfm,record,later_clean_suppression_path,B+M+L+G+R,logistic,5,1000,0.047,0.7392782982765369,0.05818647917532329,0.6908839975780888,0.7819310109970471,0.19109592080567137,0.07191576057625788,0.14645028639238783,0.25534005568109946,0.6439261010599104,0.04465726243520277,0.6106457242582898,0.6787380492467108,0.19758972210585113,0.05256797774022852,0.1571596145789694,0.2391547968160871,0.11583920100343603,0.011647205667677643,0.10668229722029458,0.12499610478657748,0.48067961493571304,0.05818427498718372,0.25859868334082386,0.13291164581848763
rfm,record,later_clean_suppression_path,B+M+L+G+R,random_forest,5,1000,0.047,0.8398525987157252,0.0905560393676526,0.7584438847462407,0.9064038180717313,0.3490508547034637,0.10292032178295824,0.2673291593775193,0.42857154959925553,0.5211640211640212,0.031469251993043186,0.4978835978835979,0.5444444444444445,0.08,0.10954451150103324,0.0,0.16,0.04348529022615687,0.011959131519980218,0.03356955225094611,0.05137616010835856,0.6999997700720914,0.23476845540679983,0.1398528286436338,0.11428239929666387
rfm,record,later_enhancement_path,B,logistic,5,1000,0.068,0.608386201084897,0.10652123087192397,0.533039066716486,0.6989884629212014,0.14726365112511022,0.05969850851902548,0.10268755615944378,0.1936662971164023,0.5937327100607814,0.10371828802158269,0.5239946329308032,0.6785918244943641,0.16876817911881026,0.055972137345079116,0.1274520804114072,0.21117117117117118,0.22672205256451913,0.0336114715778453,0.20369299680169314,0.2574483814426382,0.5993669671730756,0.16272282580298644,0.009019233911821467,-0.01545917467787622
rfm,record,later_enhancement_path,B,random_forest,5,1000,0.068,0.6073309183288593,0.06674132220497284,0.5515345984282154,0.6529096033969061,0.1370230876615945,0.0409919491407644,0.09951772580600729,0.1632618795741959,0.49891891891891893,0.002417370786486259,0.4967567567567568,0.5,0.0,0.0,0.0,0.0,0.07384761315030093,0.006137216495497888,0.06844256893837289,0.07766483841757574,0.5971800445901339,0.1192460332084484,0.010150873738725474,0.01777705445314609
rfm,record,later_enhancement_path,B+M,logistic,5,1000,0.068,0.5993669671730756,0.08321840717926397,0.5292234042553191,0.659250520939608,0.16272282580298644,0.09849569652315425,0.087297030035875,0.24057032663590214,0.5708480781987989,0.10233992381532761,0.4899855135064469,0.6517106428911508,0.15916046680696944,0.05994027817042948,0.11166627895928419,0.20665465465465466,0.2222467744919016,0.04817964668189426,0.189864823420315,0.26347525142427275,0.5993669671730756,0.16272282580298644,0.0,0.0
rfm,record,later_enhancement_path,B+M,random_forest,5,1000,0.068,0.5971800445901339,0.09807876785926993,0.526193789534215,0.68263787476073,0.1192460332084484,0.036337269244550136,0.08674076701869703,0.1458865059667933,0.49891891891891893,0.002417370786486259,0.4967567567567568,0.5,0.0,0.0,0.0,0.0,0.07504567834115107,0.007455157469047471,0.06883026669243134,0.08007863761876807,0.5971800445901339,0.1192460332084484,0.0,0.0
rfm,record,later_enhancement_path,B+M+L,logistic,5,1000,0.068,0.5924915377677903,0.12032237774839902,0.49035844354993297,0.6799043228933414,0.14841759536686622,0.08857024272695435,0.08008565594633982,0.21674953478739267,0.5838361869075663,0.09263285795929152,0.5109178430317758,0.6567545307833571,0.16526710856645827,0.057498261407138644,0.12127775407206862,0.20925646306084794,0.2207028489485932,0.045345902837660636,0.18944328858292053,0.2575364715302523,0.5993669671730756,0.16272282580298644,-0.006875429405285294,-0.014305230436120225
rfm,record,later_enhancement_path,B+M+L,random_forest,5,1000,0.068,0.5792267233406561,0.08331063452218258,0.5192712286754839,0.6429704457865062,0.109479198805897,0.03307049064870764,0.08305942982301415,0.1376816297046808,0.4994594594594595,0.0012086853932431172,0.49837837837837834,0.5,0.0,0.0,0.0,0.0,0.07577429093793644,0.007430970826272168,0.0695837489885027,0.08123864113103312,0.5971800445901339,0.1192460332084484,-0.017953321249477794,-0.009766834402551397
rfm,record,later_enhancement_path,B+M+L+G,logistic,5,1000,0.068,0.563894243297126,0.10511321888161154,0.4778044853364003,0.6422964413575258,0.13392509836482897,0.09414250772231363,0.07090041467878098,0.21686895589022187,0.5500779841514227,0.08052013444396404,0.4852252252252252,0.6097802734590655,0.14363096416364557,0.05852306387884132,0.09279891750041004,0.18609195402298848,0.21669514763351222,0.04044254614750009,0.1838467635024523,0.2479124772442256,0.5993669671730756,0.16272282580298644,-0.035472723875949574,-0.028797727438157478
rfm,record,later_enhancement_path,B+M+L+G,random_forest,5,1000,0.068,0.6343510748713219,0.09669932351302117,0.5617297297297297,0.7087688326624497,0.1630100755736037,0.09092016567278889,0.10012577624851753,0.24088098669299662,0.49891891891891893,0.001480331236500434,0.49783783783783786,0.5,0.0,0.0,0.0,0.0,0.07377724736845173,0.008176644545318084,0.06743318373342008,0.0799541299270484,0.5971800445901339,0.1192460332084484,0.03717103028118807,0.0437640423651553
rfm,record,later_enhancement_path,B+M+L+G+R,logistic,5,1000,0.068,0.7715909221801466,0.06332340134902109,0.7227408472302089,0.8204409971300842,0.2684268075503473,0.0729560128455401,0.21159004213902408,0.32442162148361803,0.7175881931544251,0.051204896434592376,0.6722709610286824,0.7503340638412704,0.3054866978780022,0.07233805959937215,0.24890370572435788,0.36243386243386244,0.14367880190719207,0.0411607153127204,0.11761540056270696,0.18025938082660528,0.5993669671730756,0.16272282580298644,0.172223955007071,0.10570398174736087
rfm,record,later_enhancement_path,B+M+L+G+R,random_forest,5,1000,0.068,0.854055418346084,0.06294301955177556,0.7999567759248609,0.89637489985328,0.36196114741368685,0.08787810087854236,0.29574740858772397,0.43078294904396863,0.5077927927927928,0.018972200817599472,0.49837837837837834,0.5249999999999999,0.03076923076923077,0.06880209161537815,0.0,0.09230769230769231,0.06067796984170337,0.006317181715656648,0.05589152560909165,0.06546441407431511,0.5971800445901339,0.1192460332084484,0.25687537375595015,0.24271511420523845
rfm,record,later_neighbor_damage_any_path,B,logistic,5,1000,0.08800000000000001,0.6573623919449579,0.05880886660861468,0.6076926267395052,0.698255316490587,0.14909221916131055,0.046642422172495104,0.11916856177702939,0.189476851737025,0.5919223914375932,0.09238959401371452,0.5210771896254162,0.6635118813243978,0.20745116887212783,0.06910946149491382,0.15409260478384904,0.26095692761126704,0.22166307033169938,0.021302061034589637,0.20258615195393648,0.2363186554252636,0.6938277071151655,0.1649908572782341,-0.03646531517020757,-0.015898638116923547
rfm,record,later_neighbor_damage_any_path,B,random_forest,5,1000,0.08800000000000001,0.5923445732608273,0.03478451541960625,0.5613708544715106,0.6118137117149852,0.13007321725081206,0.04655524895554511,0.09938642356052385,0.1704009089429212,0.501303507221299,0.015709844444142453,0.4922692397815416,0.5149690275829827,0.02222222222222222,0.04969039949999532,0.0,0.06666666666666667,0.09640591076078736,0.008228237729621998,0.0892318109200358,0.10206126653254122,0.6103458466824344,0.1198086076525631,-0.018001273421607067,0.010264609598248958
rfm,record,later_neighbor_damage_any_path,B+M,logistic,5,1000,0.08800000000000001,0.6938277071151655,0.0720694793864228,0.6338914356952899,0.7493625732515108,0.1649908572782341,0.04484662971804253,0.13202703418518377,0.2023241778679834,0.6536425183325166,0.053582768799731714,0.6088355375190655,0.6982719235054795,0.25101260221911365,0.046731733400378825,0.21705153949129855,0.29015293383270907,0.2058567772422797,0.024850014659570364,0.1833438554813957,0.22196568015712442,0.6938277071151655,0.1649908572782341,0.0,0.0
rfm,record,later_neighbor_damage_any_path,B+M,random_forest,5,1000,0.08800000000000001,0.6103458466824344,0.09121476443277696,0.5397227013159329,0.6809689920489359,0.1198086076525631,0.02628451147844318,0.1006981946350457,0.13901867371982474,0.4928336373701729,0.0037933792093867596,0.4899472679680443,0.4956582141570674,0.0,0.0,0.0,0.0,0.09903837845229994,0.01269056958413565,0.08913584884603913,0.10856053413318971,0.6103458466824344,0.1198086076525631,0.0,0.0
rfm,record,later_neighbor_damage_any_path,B+M+L,logistic,5,1000,0.08800000000000001,0.6891387368717724,0.08078906200094774,0.6238369709119256,0.7490224043235088,0.1670641980399193,0.05082891865598283,0.12784601372365337,0.20628238235618515,0.6397957361053187,0.07959673770928284,0.5779194035119853,0.6974745212104663,0.24048979602035528,0.06752315559235629,0.19100903718884105,0.2899705548518695,0.2049791583094634,0.022398963799545986,0.18497218361914788,0.21940069554912647,0.6938277071151655,0.1649908572782341,-0.004688970243393098,0.002073340761685194
rfm,record,later_neighbor_damage_any_path,B+M+L,random_forest,5,1000,0.08800000000000001,0.5977443346957552,0.10279936987608544,0.5069472147370565,0.6709162255949599,0.11945175901591745,0.03146008558863076,0.0954100167957747,0.14265229458629963,0.49753527988690854,0.015071412756209329,0.4880602739407605,0.5106055518577508,0.02,0.044721359549995794,0.0,0.06000000000000001,0.09940464852986505,0.011129384241607261,0.09084874200706797,0.10796055505266214,0.6103458466824344,0.1198086076525631,-0.012601511986679248,-0.0003568486366456458
rfm,record,later_neighbor_damage_any_path,B+M+L+G,logistic,5,1000,0.08800000000000001,0.6620778153291362,0.08625488513157055,0.6010569200794675,0.7343327152009211,0.18470600097188297,0.11905176645516188,0.11410630250890652,0.2942336663693997,0.6113145088271693,0.12126699565275723,0.5117557498627049,0.7143811093977519,0.22130371420693998,0.10266073681985444,0.14044349915317653,0.29777777777777775,0.20170864251905588,0.02451549938765331,0.178859401045449,0.21768841253439858,0.6938277071151655,0.1649908572782341,-0.03174989178602927,0.01971514369364888
rfm,record,later_neighbor_damage_any_path,B+M+L+G,random_forest,5,1000,0.08800000000000001,0.6026556322572081,0.08162264570863552,0.5299433440442511,0.6592938389528501,0.11795215012775773,0.026756310242315957,0.09634977599213009,0.13777981103908257,0.49618945564816164,0.002436092763039532,0.4945471415593044,0.49835762064022937,0.0,0.0,0.0,0.0,0.09698604068043323,0.012191581132485361,0.08770583432087317,0.10626624703999328,0.6103458466824344,0.1198086076525631,-0.007690214425226327,-0.0018564575248053716
rfm,record,later_neighbor_damage_any_path,B+M+L+G+R,logistic,5,1000,0.08800000000000001,0.8574012769678377,0.08492171696615411,0.7860702779956035,0.9241078198235456,0.4464118208458407,0.19609754377785305,0.30839775899145355,0.5979472458949413,0.7949144694404293,0.07991057071990254,0.7331306774615569,0.8566982614193016,0.4429999691889373,0.06438169714333185,0.39369701941482094,0.49230291896305367,0.12661759450131937,0.023700565531389765,0.10541257126950913,0.14275832684792755,0.6938277071151655,0.1649908572782341,0.16357356985267224,0.2814209635676066
rfm,record,later_neighbor_damage_any_path,B+M+L+G+R,random_forest,5,1000,0.08800000000000001,0.8536789711268643,0.06507449968099897,0.798807415223066,0.8994459475121277,0.41017945134601314,0.1280489813515644,0.3061911234290143,0.5035385824190762,0.5471094854339142,0.04928101491312147,0.5152735375653578,0.5922254805499094,0.1565811965811966,0.14065270554829498,0.05743589743589743,0.28376068376068375,0.07212232688036965,0.00854287810511516,0.06552711748941353,0.07870988674915673,0.6103458466824344,0.1198086076525631,0.2433331244444299,0.29037084369345
rfm,record,later_suppression_path,B,logistic,5,1000,0.052000000000000005,0.54848479627427,0.05793130181581744,0.5035284115284115,0.5954378954378955,0.06909492905522827,0.02412009368866093,0.05120914173634282,0.08923528076958907,0.5268285131443026,0.03781035520512249,0.4976749576749577,0.5559820686136476,0.09951851892119568,0.03198871304275,0.07282738559035894,0.12131293692988465,0.2219566093064144,0.012616990963813739,0.21257997568744216,0.23206686716987796,0.47461385145595675,0.057849480424773406,0.0738709448183133,0.01124544863045486
rfm,record,later_suppression_path,B,random_forest,5,1000,0.052000000000000005,0.7139030341135604,0.08728585655334625,0.6505498225498225,0.7827209749315013,0.20998025697620207,0.06591480004139394,0.15659512949614623,0.25540091379733365,0.5189473684210526,0.04236760378420652,0.5,0.5568421052631578,0.05714285714285714,0.12777531299998798,0.0,0.17142857142857143,0.05485258443204723,0.012425629926214932,0.04491754086772306,0.06362501542120286,0.6872412577675735,0.1909769505711014,0.026661776345986876,0.019003306405100673
rfm,record,later_suppression_path,B+M,logistic,5,1000,0.052000000000000005,0.47461385145595675,0.1264358270197812,0.3872914609756716,0.582901119743225,0.057849480424773406,0.01438526989668357,0.047206668659091115,0.06872567193588332,0.49383888489151645,0.08435184906079526,0.44041305146568305,0.568496279548911,0.07442046596976173,0.022349775893901924,0.05844817623690862,0.0940739656232614,0.2165130886678575,0.01879477107174526,0.20069606876015195,0.2302817075163272,0.47461385145595675,0.057849480424773406,0.0,0.0
rfm,record,later_suppression_path,B+M,random_forest,5,1000,0.052000000000000005,0.6872412577675735,0.07943575919524372,0.6251815397078555,0.7493009758272917,0.1909769505711014,0.07295797815939707,0.1348139486459579,0.24212683958232462,0.5384345479082321,0.05263732277734434,0.5,0.5774089068825912,0.11428571428571428,0.15649215928719032,0.0,0.22857142857142856,0.056572806418029906,0.01179865248666818,0.04676378258535081,0.06467460044959132,0.6872412577675735,0.1909769505711014,0.0,0.0
rfm,record,later_suppression_path,B+M+L,logistic,5,1000,0.052000000000000005,0.45949908360434677,0.11302751623467994,0.3799592921698186,0.5546832986832986,0.05603422104929708,0.015001519523967752,0.04455492927142114,0.06751351282717302,0.4896594596594596,0.0805077147654173,0.4388140088140088,0.5607662707662707,0.07259576690100679,0.021125958695620724,0.05752694861022053,0.09075209763539283,0.21760518385244318,0.018610057139961014,0.2020534822067362,0.2309312776883222,0.47461385145595675,0.057849480424773406,-0.015114767851609978,-0.0018152593754763233
rfm,record,later_suppression_path,B+M+L,random_forest,5,1000,0.052000000000000005,0.6582569763622395,0.12031649807155419,0.5736102418207683,0.7553936433936433,0.18916053995389775,0.07215900354444182,0.12372140026203886,0.23879115269958007,0.52,0.04472135954999579,0.5,0.56,0.06666666666666667,0.14907119849998599,0.0,0.2,0.05687398743083614,0.012654829749799553,0.046683134601459834,0.0654527140186602,0.6872412577675735,0.1909769505711014,-0.028984281405334045,-0.0018164106172036398
rfm,record,later_suppression_path,B+M+L+G,logistic,5,1000,0.052000000000000005,0.47190749674960203,0.11136970641436507,0.3804509252930306,0.5532835132835132,0.06394076263410839,0.023931273619767057,0.04618890183231864,0.08415464677502763,0.4758053705422126,0.08427206777200107,0.41083572567783094,0.5362970362970362,0.06776556776556777,0.04374491419597394,0.032355311355311354,0.10058608058608058,0.20173887878131516,0.01910458307184362,0.18468935880647047,0.21502403159406297,0.47461385145595675,0.057849480424773406,-0.002706354706354719,0.006091282209334983
rfm,record,later_suppression_path,B+M+L+G,random_forest,5,1000,0.052000000000000005,0.6396277206803522,0.1340637739440493,0.5549908760435076,0.7537918177918177,0.16131556179005524,0.07948798358474406,0.1000207301863483,0.2230884926494035,0.4994594594594595,0.0012086853932431172,0.49837837837837834,0.5,0.0,0.0,0.0,0.0,0.057316251939222615,0.012954183088585432,0.04671268266144288,0.0658013831005639,0.6872412577675735,0.1909769505711014,-0.04761353708722127,-0.029661388781046155
rfm,record,later_suppression_path,B+M+L+G+R,logistic,5,1000,0.052000000000000005,0.7140057310583625,0.05610851974801694,0.6690018850018851,0.7560594141646773,0.2031959896408954,0.07962098408527793,0.15007115665445941,0.26894368005849484,0.6655328876381508,0.04436889995601878,0.6336439378544642,0.7023376623376624,0.23210877585706585,0.05442670422716859,0.19089665464494465,0.2743904157857646,0.12245017874039477,0.014026878081456126,0.11167743065588473,0.1332229268249048,0.47461385145595675,0.057849480424773406,0.23939187960240577,0.14534650921612202
rfm,record,later_suppression_path,B+M+L+G+R,random_forest,5,1000,0.052000000000000005,0.8329096259622574,0.10260694936119424,0.742351360177676,0.899958763958764,0.2943397091450688,0.05954064991056172,0.24721418036328538,0.3384607042237485,0.5089417989417989,0.02306629519131576,0.49682539682539684,0.53,0.03636363636363636,0.08131156281817417,0.0,0.10909090909090909,0.048175827299895,0.011744633412600559,0.03849942968825552,0.05585151928168469,0.6872412577675735,0.1909769505711014,0.14566836819468387,0.1033627585739674
rfm,record,later_target_any_path,B,logistic,5,1000,0.11499999999999999,0.5984035775144536,0.06518370575183567,0.5499292374292374,0.6459967858269355,0.17101606118963153,0.03774839663750168,0.13933145862081497,0.19544544577110706,0.5528208279486586,0.07514838122543693,0.49706292459101453,0.6085787313063028,0.22235413392237655,0.0847416485448714,0.1635103578154426,0.2944360902255639,0.23422683613402834,0.016994823797459434,0.22206933111903213,0.24911249161765942,0.5967917483719252,0.1717656449357567,0.0016118291425284426,-0.0007495837461251598
rfm,record,later_target_any_path,B,random_forest,5,1000,0.11499999999999999,0.6608722298209757,0.04777401131471759,0.6192380029458682,0.6932562501481552,0.2083562826513914,0.0583517375280716,0.16263969399997696,0.24977918707532326,0.5121384736780727,0.01859496081477603,0.4974955436720143,0.5261812434470995,0.0685185185185185,0.06664094153869103,0.016666666666666666,0.12037037037037038,0.11264316148315764,0.011275242623237551,0.10420041617890119,0.12136081430858847,0.6470509369274811,0.21486398756664116,0.013821292893494652,-0.006507704915249768
rfm,record,later_target_any_path,B+M,logistic,5,1000,0.11499999999999999,0.5967917483719252,0.05351680250374033,0.5546969455326197,0.6388865512112307,0.1717656449357567,0.05298940288017498,0.13045735826952826,0.21307393160198504,0.5907660430116002,0.05225496567136169,0.5505974362715935,0.6309346497516066,0.24991913059710394,0.06710021479473445,0.20379880981495066,0.30596393897364765,0.23372441721647733,0.02756975050852266,0.21401566828547353,0.2547613063034273,0.5967917483719252,0.1717656449357567,0.0,0.0
rfm,record,later_target_any_path,B+M,random_forest,5,1000,0.11499999999999999,0.6470509369274811,0.039664517887524724,0.6119635874791765,0.677094081507829,0.21486398756664116,0.046118985499237854,0.1763310003745663,0.24910843472159003,0.5152261169472803,0.012578100829585699,0.5051470588235294,0.5248437084330939,0.07319659650694134,0.0504133675349366,0.029610389610389608,0.11236901030004479,0.11506793854170325,0.010433700819998403,0.10734460479890799,0.12279127228449849,0.6470509369274811,0.21486398756664116,0.0,0.0
rfm,record,later_target_any_path,B+M+L,logistic,5,1000,0.11499999999999999,0.5935353975035171,0.054412531035462196,0.5520049609410563,0.6350658340659778,0.18559303489696227,0.0653291266030474,0.13444985885969274,0.23673621093423186,0.5625694969441992,0.05761840558584182,0.5224126113461371,0.607731076387008,0.23007428481112688,0.07898435929602525,0.1773099415204678,0.2954954954954955,0.2319337938107823,0.025807753689140248,0.21303299144231122,0.25080307979607913,0.5967917483719252,0.1717656449357567,-0.003256350868408031,0.013827389961205583
rfm,record,later_target_any_path,B+M+L,random_forest,5,1000,0.11499999999999999,0.6502801581463085,0.04398649067850478,0.6149924397497928,0.6828048854318391,0.21178294642392456,0.06316530633045847,0.16175715568693616,0.25962107538532536,0.5087993492705125,0.0216217915296024,0.49199741435035554,0.5256012841906698,0.05517241379310345,0.0755479389662298,0.0,0.1103448275862069,0.11399212756898958,0.00992298062931959,0.10653439827685969,0.12164346569647726,0.6470509369274811,0.21486398756664116,0.003229221218827405,-0.003081041142716595
rfm,record,later_target_any_path,B+M+L+G,logistic,5,1000,0.11499999999999999,0.5746212914939794,0.03417637536800385,0.5482563219396084,0.6009862610483502,0.16151283943003528,0.047777695625991115,0.1252552238622619,0.20002261192138654,0.5529578829090602,0.036320138478404686,0.5252749701279114,0.5780546604430487,0.2186756317149861,0.058384571408031806,0.1731681979722582,0.2649084249084249,0.2311115608247996,0.02273891020816481,0.21221529272775377,0.24983916207123627,0.5967917483719252,0.1717656449357567,-0.02217045687794572,-0.010252805505721413
rfm,record,later_target_any_path,B+M+L+G,random_forest,5,1000,0.11499999999999999,0.6716171370942867,0.029307420735209522,0.6484498647419996,0.6939202230615198,0.22338451591488248,0.0427000055820554,0.18550691287981674,0.2473310753204733,0.5164729121519296,0.01834343081157733,0.5020749838396897,0.5299977718360072,0.07653345044649393,0.053518680247221076,0.034782608695652174,0.11840140535792709,0.11160428117332824,0.009707114392424943,0.10491828717054208,0.11977059153587222,0.6470509369274811,0.21486398756664116,0.024566200166805663,0.008520528348241324
rfm,record,later_target_any_path,B+M+L+G+R,logistic,5,1000,0.11499999999999999,0.5519873920943439,0.03274975414918085,0.5267743923253425,0.5751806840713815,0.16526233781567717,0.0638686898599275,0.11923339724332652,0.2208445291752797,0.5360066983254433,0.06504142109019186,0.4838957946150684,0.5845985549480262,0.2074512245036963,0.08330383716209393,0.14168676851603682,0.27077524078938503,0.23155649942743012,0.02092037983198305,0.21455614090698055,0.24846172384388593,0.5967917483719252,0.1717656449357567,-0.04480435627758128,-0.006503307120079516
rfm,record,later_target_any_path,B+M+L+G+R,random_forest,5,1000,0.11499999999999999,0.7763224376997424,0.03921380731896998,0.7403882959956986,0.7987124461897507,0.3365505648438297,0.0813869226272722,0.26341941013937975,0.38931759067401756,0.5148382857503809,0.020646999699612187,0.5007549313431666,0.5314050523171476,0.06559742351046699,0.07179415938247524,0.014814814814814814,0.12034782608695652,0.10070938552274085,0.007068847810701631,0.09620551426485471,0.10677352750048481,0.6470509369274811,0.21486398756664116,0.12927150077226135,0.12168657727718857
