cohort,split,target,feature_set,model,n_folds,n_test_total,positive_rate_mean,auroc_mean,auroc_std,auroc_ci_low,auroc_ci_high,average_precision_mean,average_precision_std,average_precision_ci_low,average_precision_ci_high,balanced_accuracy_mean,balanced_accuracy_std,balanced_accuracy_ci_low,balanced_accuracy_ci_high,f1_mean,f1_std,f1_ci_low,f1_ci_high,brier_mean,brier_std,brier_ci_low,brier_ci_high,baseline_auroc_mean,baseline_average_precision_mean,delta_auroc_vs_BM,delta_ap_vs_BM
all,dataset,later_capability_damage_any_path,B,logistic,5,4000,0.06483247339251297,0.5497055438413333,0.0546166425689582,0.5089074629050003,0.5885911340182621,0.07970920417650862,0.016372823156749344,0.0676120495470096,0.09265701351664805,0.5403835633225905,0.06299159036501134,0.49374115096611637,0.5889834588148327,0.13069215173053622,0.031802206201914617,0.10401770191243875,0.15666204445284054,0.23323444091202689,0.014273126015892123,0.22169334375012878,0.244406147348524,0.5641413639547069,0.07878998361948755,-0.014435820113373632,0.0009192205570210665
all,dataset,later_capability_damage_any_path,B,random_forest,5,4000,0.06483247339251297,0.5016277957012248,0.04936264859912543,0.47341667616664224,0.5451211149943795,0.07838339096363862,0.031585951991005105,0.05395122979728388,0.10281555212999335,0.4986863711001642,0.0029373635172410995,0.4960591133004926,0.5,0.0,0.0,0.0,0.0,0.07856971152439443,0.013854645700846555,0.06617067099643943,0.08855517629565982,0.48709352885413615,0.06864092634726537,0.014534266847088695,0.00974246461637325
all,dataset,later_capability_damage_any_path,B+M,logistic,5,4000,0.06483247339251297,0.5641413639547069,0.05749017589121756,0.5214210497601603,0.6046837643087688,0.07878998361948755,0.01688760666744478,0.06657960648190456,0.09371969856923626,0.518032836607345,0.04503312379357938,0.48312678435587525,0.5528099496068799,0.10996913646398183,0.03298159044891087,0.0823076923076923,0.13315000964485502,0.20460974671342683,0.018409074344405956,0.19051191469068265,0.21870757873617092,0.5641413639547069,0.07878998361948755,0.0,0.0
all,dataset,later_capability_damage_any_path,B+M,random_forest,5,4000,0.06483247339251297,0.48709352885413615,0.06465087760468388,0.4406618991870178,0.5437547227903906,0.06864092634726537,0.029497830222153527,0.045863922933126064,0.09141792976140468,0.5,0.0,0.5,0.5,0.0,0.0,0.0,0.0,0.07698792389244999,0.012829623838980656,0.06532599156670453,0.08604510993929675,0.48709352885413615,0.06864092634726537,0.0,0.0
all,dataset,later_capability_damage_any_path,B+M+L,logistic,5,4000,0.06483247339251297,0.5793767521899043,0.046735179139974964,0.5429716840818603,0.6154376468698711,0.08330858102358087,0.025504909036073053,0.06462000725979525,0.10632502420854584,0.5375916711645815,0.039657983635089634,0.5081240848653803,0.5670592574637828,0.12906149136208678,0.036406522275395425,0.10073945286927033,0.15646356033452807,0.20448238814982228,0.014730567989601654,0.19465256614163975,0.21814388442349103,0.5641413639547069,0.07878998361948755,0.015235388235197322,0.0045185974040933136
all,dataset,later_capability_damage_any_path,B+M+L,random_forest,5,4000,0.06483247339251297,0.5003502030653056,0.0631388047732408,0.4542378523417973,0.5511544153222603,0.07727762863156586,0.03873610450675975,0.04758281417670662,0.10786889167237287,0.5,0.0,0.5,0.5,0.0,0.0,0.0,0.0,0.07441917573226242,0.012237042100054807,0.06322379074209197,0.0827691753173772,0.48709352885413615,0.06864092634726537,0.013256674211169495,0.008636702284300482
all,dataset,later_capability_damage_any_path,B+M+L+R,logistic,5,4000,0.06483247339251297,0.8441550522511946,0.03228856915556458,0.8194919243436732,0.8688181801587159,0.414914048613739,0.10931866928164438,0.32440522043501463,0.4923498641476284,0.7527744822151392,0.04503079274670589,0.7230252188210043,0.790358424487779,0.2946038441286354,0.045611547063196506,0.25871559633027524,0.33108108108108103,0.1458367573227818,0.009677794184795882,0.13891685751316657,0.15378472283725583,0.5641413639547069,0.07878998361948755,0.28001368829648765,0.3361240649942514
all,dataset,later_capability_damage_any_path,B+M+L+R,random_forest,5,4000,0.06483247339251297,0.8196673943873097,0.029250101472323518,0.7985168113964072,0.8407238560384964,0.29775358544975955,0.07915669413841968,0.23721739304639633,0.35885039300751786,0.5246662377621275,0.028149780651513235,0.5067210208893765,0.5499979319380783,0.0922280491143826,0.09141112944530481,0.0297719087635054,0.17425917735515256,0.05736583631296727,0.010050806062920806,0.0485966647112363,0.06388432233086525,0.48709352885413615,0.06864092634726537,0.3325738655331736,0.22911265910249418
all,dataset,later_clean_any_path,B,logistic,5,4000,0.1712597748287017,0.6097765686564264,0.0575051100743134,0.5657114853932051,0.6538416519196477,0.28205579745120574,0.0639852699667055,0.2259155109347351,0.3221354871358984,0.5900958601090713,0.03492162532723879,0.5656265803758685,0.6221845241496433,0.3246925063605344,0.055640781512976974,0.2828982965135862,0.3659814608137891,0.23414404840062053,0.011516156060425171,0.2250848773020077,0.24337809387058223,0.692365633235594,0.343753385049704,-0.08258906457916759,-0.06169758759849825
all,dataset,later_clean_any_path,B,random_forest,5,4000,0.1712597748287017,0.6229874139332116,0.037988129203893994,0.5891393586173564,0.6490327185777851,0.28032146367795513,0.05289803170397151,0.2370779434929956,0.3154665681760281,0.5668519282996565,0.03558296683427689,0.5389510743942136,0.593389076146853,0.25221031518476106,0.08887172773992923,0.18587372245033704,0.3214939893398191,0.16180241255310998,0.02214197791516334,0.14573997358229634,0.1800943552953547,0.6883889208454741,0.3467220880535876,-0.06540150691226254,-0.06640062437563249
all,dataset,later_clean_any_path,B+M,logistic,5,4000,0.1712597748287017,0.692365633235594,0.051794342828791584,0.6539508930134614,0.7307803734577265,0.343753385049704,0.06428902272171501,0.2942498372639325,0.3935193996178463,0.6438451098599957,0.04609098864589873,0.6094291995139681,0.6787717660015001,0.37334961559937474,0.049275863366481064,0.33518453866769127,0.4115858804027009,0.20836265737934587,0.012999251586824233,0.198610633421351,0.2196296047814843,0.692365633235594,0.343753385049704,0.0,0.0
all,dataset,later_clean_any_path,B+M,random_forest,5,4000,0.1712597748287017,0.6883889208454741,0.04238042084282578,0.6549335655164286,0.7206427302762581,0.3467220880535876,0.05708453701696022,0.3025231528864625,0.390195406291868,0.5827465583742117,0.020176622555616034,0.5671299751800334,0.5979550857496989,0.29476621050646984,0.031805396848922196,0.2719490328189524,0.3213078779899057,0.14782118489487894,0.01996840498861852,0.1328436525583832,0.16306282664759528,0.6883889208454741,0.3467220880535876,0.0,0.0
all,dataset,later_clean_any_path,B+M+L,logistic,5,4000,0.1712597748287017,0.697172970356143,0.05118247812355812,0.6583688918007307,0.7359770489115555,0.3506584209102651,0.06822203891856377,0.29884419818972485,0.4022320850834438,0.6463984443874787,0.047864018575305624,0.6101471104032115,0.6826497783717459,0.37514603109300676,0.05211383368402532,0.33454518957559765,0.41413039595059714,0.20632140203764737,0.011558535295012572,0.1983049839468611,0.2167156378541979,0.692365633235594,0.343753385049704,0.004807337120549038,0.006905035860561126
all,dataset,later_clean_any_path,B+M+L,random_forest,5,4000,0.1712597748287017,0.7087961928357781,0.03796003369004521,0.6792181918120449,0.7383741938595112,0.3701551841563341,0.05097699776709644,0.3263605803638681,0.40700944055541494,0.5972139458871473,0.02910408974963166,0.5758357118765185,0.6213761306094387,0.3189994546198872,0.035019915764009306,0.292576197165067,0.3454333093644703,0.14552862299024336,0.0182278200653976,0.13180960127417923,0.15924764470630745,0.6883889208454741,0.3467220880535876,0.02040727199030401,0.023433096102746465
all,dataset,later_clean_any_path,B+M+L+R,logistic,5,4000,0.1712597748287017,0.6970850403021812,0.050421461916359794,0.6593159986819066,0.7348540819224558,0.36909093619002886,0.05497256441918209,0.3265887325580534,0.41159313982200435,0.6426358962446459,0.038999901710398,0.6129537545334955,0.6723180379557963,0.37323515883092584,0.04684635310213014,0.3366217780132859,0.4079701733732765,0.20538632694433373,0.01146712671295294,0.19758176862361515,0.21584711327865955,0.692365633235594,0.343753385049704,0.0047194070665872445,0.025337551140324877
all,dataset,later_clean_any_path,B+M+L+R,random_forest,5,4000,0.1712597748287017,0.7726912746287192,0.018459261176839967,0.7592462414700198,0.7875990011850893,0.44886441599073673,0.05353757883728914,0.40543114564206845,0.4885294889107069,0.6220768157349212,0.0165830423504074,0.6081479145627027,0.6334638071709545,0.37378669871126313,0.027652339681882306,0.35268126250751164,0.39489213491501446,0.13114448733231618,0.016281486401796705,0.11895476182646278,0.1433342128381696,0.6883889208454741,0.3467220880535876,0.08430235378324513,0.10214232793714911
all,dataset,later_clean_enhancement_path,B,logistic,5,4000,0.0924252705855133,0.6126510033691616,0.024547610771689047,0.5937538067463047,0.6315481999920183,0.1941844222187767,0.04380332767749869,0.15850224755747427,0.2268264830345849,0.6136324464617839,0.010854027418674295,0.6051032905957392,0.6221616023278286,0.22846096450977518,0.044909741615494526,0.1923506103300526,0.2611673582667773,0.22830491503714692,0.012859450151986938,0.21663234513413698,0.23522780302687324,0.688544763082636,0.21841583374009735,-0.07589375971347445,-0.02423141152132066
all,dataset,later_clean_enhancement_path,B,random_forest,5,4000,0.0924252705855133,0.6550271166548798,0.04949077476824185,0.6210555912506843,0.6980943594095675,0.20043705157662034,0.050928371454203716,0.15524552292824023,0.2322271085200399,0.5301310900169488,0.0365777912178979,0.5034737213296511,0.5608562870385709,0.10213848583969072,0.09030161817104873,0.03711340206185567,0.17212055994850164,0.09824406575583414,0.01375684209014592,0.08740989673580875,0.10882214092653339,0.6895992284033307,0.23607419057202206,-0.03457211174845087,-0.03563713899540172
all,dataset,later_clean_enhancement_path,B+M,logistic,5,4000,0.0924252705855133,0.688544763082636,0.04454111569504099,0.6523466122716856,0.7207124421652836,0.21841583374009735,0.03389921300310682,0.19570629163504422,0.24923557280080794,0.6377100407086868,0.03671699548030585,0.6091629022540065,0.6656385271134291,0.25059879152077247,0.05892739940400686,0.20412358306269987,0.29737745199162,0.19774668955923386,0.02130630972073998,0.18078963122527486,0.21470374789319285,0.688544763082636,0.21841583374009735,0.0,0.0
all,dataset,later_clean_enhancement_path,B+M,random_forest,5,4000,0.0924252705855133,0.6895992284033307,0.05207896404473598,0.6497815645939443,0.727147918163253,0.23607419057202206,0.05233642871836265,0.19473702477194813,0.2763765955071978,0.5523756374822462,0.046189675933857165,0.5166753010824305,0.5880759738820618,0.17143236332450354,0.1146951016417474,0.08018842805939581,0.2626762985896113,0.09284144470706664,0.014566308917413515,0.08171683009974798,0.1039660593143853,0.6895992284033307,0.23607419057202206,0.0,0.0
all,dataset,later_clean_enhancement_path,B+M+L,logistic,5,4000,0.0924252705855133,0.6990068899663504,0.039576637694384804,0.6656891264330593,0.7282469648411012,0.22388890410204274,0.02871561153541373,0.20434139596581136,0.24879568624533982,0.6489883247380248,0.03333128141728831,0.6211925668750251,0.6716755890069853,0.2607993959430515,0.051611015885724185,0.22100708103855235,0.30429751073148886,0.1944710941711449,0.019672290375540327,0.17965424092213514,0.20925357110771622,0.688544763082636,0.21841583374009735,0.010462126883714395,0.005473070361945387
all,dataset,later_clean_enhancement_path,B+M+L,random_forest,5,4000,0.0924252705855133,0.7111635879019641,0.053642961887636856,0.6750099808517265,0.7547221005428371,0.26044721388092096,0.07145209614918299,0.2121787831712371,0.32574539866731095,0.5539923207889454,0.03628091975105938,0.5284638137069594,0.5857063753321297,0.178580781041525,0.07838413864189606,0.11595959595959597,0.24301219829170137,0.09095790346265846,0.01411955831887094,0.08016209676044597,0.10175371016487096,0.6895992284033307,0.23607419057202206,0.021564359498633445,0.0243730233088989
all,dataset,later_clean_enhancement_path,B+M+L+R,logistic,5,4000,0.0924252705855133,0.8303132279798708,0.031795431444431636,0.8070411793280815,0.8554134558958866,0.41889434417508137,0.09684842169785064,0.3419435960465515,0.49310269105314236,0.7448957946090506,0.031418230397477834,0.7221717167696214,0.7710782981881694,0.3706662595901503,0.08167293910872868,0.3090567146635322,0.43232605226099174,0.1478767764007077,0.001615581811915274,0.14663285867630393,0.14911225293147018,0.688544763082636,0.21841583374009735,0.14176846489723482,0.20047851043498402
all,dataset,later_clean_enhancement_path,B+M+L+R,random_forest,5,4000,0.0924252705855133,0.8363853443279998,0.04417717828382635,0.8016329920567585,0.8671997791393362,0.43593720238537353,0.06627908213492537,0.3850126329701735,0.48686177180057355,0.6153586006777106,0.02878227721170423,0.5906768586082511,0.6338257901504402,0.3362676277604937,0.056972369830491844,0.2857245641822515,0.37239696359627333,0.07429098735907987,0.010754181642547923,0.06584614292869816,0.08273583178946156,0.6895992284033307,0.23607419057202206,0.14678611592466917,0.19986301181335148
all,dataset,later_clean_suppression_path,B,logistic,5,4000,0.09456673814709153,0.5233983030842392,0.0747543451434762,0.4629413671977762,0.5863188700344377,0.11783299589794578,0.026048578225351143,0.09599343608880098,0.13715707146970937,0.5128649078238916,0.05421057294975725,0.46857180901387335,0.5539652301154172,0.15825170703440908,0.06016265438161607,0.10460318579633154,0.1968572750786926,0.23599726247144384,0.01794138993396058,0.22233087145136227,0.2496636534915254,0.625090414077151,0.15054258849577246,-0.10169211099291187,-0.03270959259782667
all,dataset,later_clean_suppression_path,B,random_forest,5,4000,0.09456673814709153,0.6005608215727423,0.048874671642620666,0.5636948253108987,0.637426817834586,0.1498713108230845,0.026159205157968265,0.12833800433929235,0.16721854415128376,0.5169540091625042,0.023300453075768335,0.49905494138663914,0.535971776535804,0.08282044196937813,0.07470928403040498,0.023789543789543788,0.14185134014921247,0.10629326630511449,0.01596841924099935,0.09432059338463591,0.11826593922559303,0.6457801158312156,0.18949332264708663,-0.045219294258473375,-0.03962201182400213
all,dataset,later_clean_suppression_path,B+M,logistic,5,4000,0.09456673814709153,0.625090414077151,0.0839219408977903,0.5634020481379542,0.6949907303829392,0.15054258849577246,0.03692520559383072,0.12125243017477798,0.17852823183629435,0.5890936916606863,0.06768967118668055,0.5411786263032636,0.6456062915066793,0.21068833170147488,0.048477497003543875,0.17297306017932346,0.24574019663195382,0.2113106234822192,0.012751126739113283,0.2016113595970433,0.22129973454603813,0.625090414077151,0.15054258849577246,0.0,0.0
all,dataset,later_clean_suppression_path,B+M,random_forest,5,4000,0.09456673814709153,0.6457801158312156,0.06682685896980803,0.5936933681884232,0.6978668634740082,0.18949332264708663,0.056759005497117744,0.1412788446328445,0.2272284449854931,0.5232235764944948,0.029024751450404868,0.5017069243575114,0.5468527900263697,0.09144966779375381,0.09595380493166102,0.019276419276419276,0.16900556470448944,0.09750599699481881,0.013102389154746511,0.08778188377284044,0.10846441987076456,0.6457801158312156,0.18949332264708663,0.0,0.0
all,dataset,later_clean_suppression_path,B+M+L,logistic,5,4000,0.09456673814709153,0.6314583484652616,0.084153648438692,0.5701602902251828,0.703488687866922,0.1626435760994375,0.039815235265657,0.13138833419561063,0.1925230366053738,0.5918415496020144,0.07355477154014765,0.5402086780411056,0.652434407887341,0.21395965725471497,0.05574180130496132,0.16620763102107522,0.25173032660026196,0.20942331724819488,0.012605155406396432,0.20005838513819607,0.21888295422438606,0.625090414077151,0.15054258849577246,0.006367934388110563,0.012100987603665042
all,dataset,later_clean_suppression_path,B+M+L,random_forest,5,4000,0.09456673814709153,0.6797148006396856,0.06459239433316134,0.6297349650283854,0.7296946362509857,0.19965950354542852,0.0458358964434228,0.15971561335716628,0.23006407968370648,0.5245558230543816,0.028920017167924396,0.5040080433866301,0.5502317114630276,0.09616939023797068,0.0895802292454244,0.03119588744588745,0.17355760162008452,0.09537166991499443,0.013408689547053059,0.08546567684027054,0.10650672696652892,0.6457801158312156,0.18949332264708663,0.03393468480846995,0.010166180898341898
all,dataset,later_clean_suppression_path,B+M+L+R,logistic,5,4000,0.09456673814709153,0.799704107675202,0.019269187097871128,0.782177193986385,0.8131151320016021,0.36754900396961737,0.025079386041462377,0.3471962854698504,0.3863062038638333,0.7172930716906551,0.018191655391293127,0.7029565736300384,0.7307659303680261,0.3368825327092786,0.05082493838702806,0.29940607012035586,0.3781461685769,0.1677393598480054,0.021337889176503727,0.15350143253592527,0.187024365068078,0.625090414077151,0.15054258849577246,0.1746136935980509,0.21700641547384492
all,dataset,later_clean_suppression_path,B+M+L+R,random_forest,5,4000,0.09456673814709153,0.8126084563431263,0.02114332997964065,0.7983815322183281,0.8307360042909717,0.37337783720395923,0.04530556576597746,0.3351474949280272,0.40482245886228296,0.5724425599396392,0.03177417364760537,0.5500719847015045,0.5997091405471975,0.23588898955245843,0.07391403678586808,0.18369759663996266,0.2992302082489264,0.08078262386402107,0.01221958521607074,0.07097025342487637,0.08939559535588502,0.6457801158312156,0.18949332264708663,0.16682834051191064,0.1838845145568726
all,dataset,later_enhancement_path,B,logistic,5,4000,0.0985847990269747,0.6128179756446613,0.027983795336650165,0.5923730780154289,0.6340963815843607,0.20521582590188112,0.04788215686976876,0.16994111010650204,0.24390308844595004,0.6144974508506582,0.02477734283614023,0.5937077127125303,0.6302512786032,0.24118866329084043,0.052888171671959125,0.1992737154935397,0.2811195405254811,0.22903308538694972,0.013967380230703319,0.2169597271850604,0.23716076607858838,0.6861167222100356,0.22575264165455863,-0.07329874656537427,-0.020536815752677517
all,dataset,later_enhancement_path,B,random_forest,5,4000,0.0985847990269747,0.650060876066317,0.061371077957553095,0.6092959814309636,0.7022719252684568,0.2280785348191054,0.05841654874943062,0.17932091737753103,0.2731215726808274,0.5434317989902808,0.05131689008163048,0.5064377316280246,0.5846796559587119,0.1395551148208535,0.13332369271673958,0.04339684780051752,0.2559106984969054,0.10220007358131793,0.016145337383552578,0.09016061772068734,0.11477556846347077,0.6943238889638804,0.27284031867623887,-0.0442630128975634,-0.044761783857133475
all,dataset,later_enhancement_path,B+M,logistic,5,4000,0.0985847990269747,0.6861167222100356,0.05005297223106491,0.6474919681517872,0.7236490571597674,0.22575264165455863,0.04300791270924387,0.19823939528059226,0.2653656256593277,0.6355059948809845,0.037251276699043184,0.6066930858401942,0.663046288460943,0.2601625014823081,0.06117382797028669,0.20857281083696178,0.304228836490143,0.19968877275467833,0.02397558103843762,0.18089598565445728,0.2184815598548994,0.6861167222100356,0.22575264165455863,0.0,0.0
all,dataset,later_enhancement_path,B+M,random_forest,5,4000,0.0985847990269747,0.6943238889638804,0.056991782345068714,0.6570735526988434,0.7413788072181821,0.27284031867623887,0.07874135370327812,0.2188502360359335,0.3417486571570996,0.5588178077156264,0.049983263581458506,0.5215890485196902,0.5960028215106454,0.1890816373690511,0.12605084302194144,0.09288605901985884,0.2827274323849666,0.09616359210612138,0.016965335248145575,0.08307714283325933,0.10925004137898342,0.6943238889638804,0.27284031867623887,0.0,0.0
all,dataset,later_enhancement_path,B+M+L,logistic,5,4000,0.0985847990269747,0.6964231563355153,0.04231955958497195,0.6614976529671304,0.7274250762139407,0.23370155772911055,0.03722034543819486,0.21131054205920305,0.26592440214971536,0.6486653147152853,0.03395942241111237,0.6221951806498076,0.674639251993157,0.27123719500677784,0.05471468176431233,0.22924834279056464,0.31609928436327295,0.19678355799304229,0.02192678402102877,0.17904156310555092,0.21316983713474746,0.6861167222100356,0.22575264165455863,0.010306434125479713,0.00794891607455192
all,dataset,later_enhancement_path,B+M+L,random_forest,5,4000,0.0985847990269747,0.716540217810351,0.04739770444578045,0.684725426880335,0.7551648569684304,0.2847056835038796,0.060173890516986905,0.24178924333430835,0.3379134432100523,0.5551256773325859,0.04579339499383321,0.5222693250831897,0.5897148846193713,0.17894030734991034,0.10770621643792762,0.0976546471147826,0.260211604555563,0.09419560559425418,0.015080900010136029,0.08247587507383058,0.10591533611467771,0.6943238889638804,0.27284031867623887,0.022216328846470623,0.011865364827640723
all,dataset,later_enhancement_path,B+M+L+R,logistic,5,4000,0.0985847990269747,0.8337302683877109,0.03502747749678981,0.8084069411721535,0.8630431266824943,0.44984600405316416,0.10215563420850389,0.36276950565708704,0.5197423553974184,0.7489191596857326,0.030517346306308743,0.7279012842830699,0.7760968404184233,0.38762706022215676,0.0826212042180723,0.3255125702072147,0.4577253032058451,0.1465500040059209,0.005219109483180511,0.14225713678485918,0.15059391081561146,0.6861167222100356,0.22575264165455863,0.1476135461776753,0.22409336239860553
all,dataset,later_enhancement_path,B+M+L+R,random_forest,5,4000,0.0985847990269747,0.8523850338337617,0.04100370499260683,0.8203390581422102,0.8809448552072416,0.4858074292921454,0.0650150748942326,0.4355814216551003,0.5361393354815662,0.6254270830506459,0.016281185357580958,0.6107152480839158,0.6350038811616916,0.36305413720416413,0.033234648398408444,0.33639143730886856,0.38786398586722387,0.0756405938855071,0.010893005854013654,0.06701414120135099,0.0842670465696632,0.6943238889638804,0.27284031867623887,0.15806114486988132,0.2129671106159065
all,dataset,later_neighbor_damage_any_path,B,logistic,5,4000,0.08531294177768155,0.5144005014218872,0.04630775573678071,0.4761072103988028,0.5458052391603186,0.11412509112465603,0.03980896088097919,0.08331162891566389,0.1438271680525265,0.5239874165367413,0.08695205300706721,0.4541384009215393,0.5848705066194976,0.16046156997101751,0.05675328591764674,0.11072493176836096,0.19723092875872023,0.24087718744783532,0.02892347025960408,0.214009186852614,0.25894617389371416,0.5001956314313025,0.10502339308383454,0.014204869990584679,0.00910169804082149
all,dataset,later_neighbor_damage_any_path,B,random_forest,5,4000,0.08531294177768155,0.4999262830620335,0.046443377077130005,0.4691041342764145,0.5407225829109099,0.09731907024455075,0.025547318487740573,0.08128392868395064,0.11935632028279039,0.49769384345841994,0.0036069633900658675,0.4947276209102392,0.5,0.0,0.0,0.0,0.0,0.09806738495245874,0.013397214251539464,0.08831328631438515,0.10996586033394753,0.5059328082253405,0.09244512157734094,-0.006006525163306964,0.004873948667209804
all,dataset,later_neighbor_damage_any_path,B+M,logistic,5,4000,0.08531294177768155,0.5001956314313025,0.04913596389756984,0.45654735990958456,0.5359032364106985,0.10502339308383454,0.04248973211856444,0.07395479772247364,0.14224877068440417,0.49809456082647197,0.06591201658203219,0.44878154481677524,0.5549737942685534,0.1422997429130875,0.05183474932473064,0.10178449025189887,0.18281499557427616,0.22877952762006432,0.03630375670963235,0.2001724967428613,0.25664243146487253,0.5001956314313025,0.10502339308383454,0.0,0.0
all,dataset,later_neighbor_damage_any_path,B+M,random_forest,5,4000,0.08531294177768155,0.5059328082253405,0.056856910890330035,0.46153143792594503,0.5503341785247359,0.09244512157734094,0.03273504186112252,0.06991932303859467,0.12068638335689981,0.4993399339933994,0.001475952460395894,0.498019801980198,0.5,0.0,0.0,0.0,0.0,0.09531026220050591,0.012520869480673989,0.08651700447933175,0.10613285730641238,0.5059328082253405,0.09244512157734094,0.0,0.0
all,dataset,later_neighbor_damage_any_path,B+M+L,logistic,5,4000,0.08531294177768155,0.5032136615359452,0.04962282803205297,0.45851252318381197,0.5382115319652829,0.1065417724924281,0.04353087653049504,0.07488207158394027,0.14486598084851474,0.4902139716993899,0.05335563809611179,0.45193077040947677,0.5355918769814633,0.1346689626959337,0.044201965116037585,0.09977263707933173,0.16956528831253567,0.22782099358372795,0.03714977198872908,0.19992478548275694,0.2579887941786236,0.5001956314313025,0.10502339308383454,0.0030180301046426328,0.001518379408593562
all,dataset,later_neighbor_damage_any_path,B+M+L,random_forest,5,4000,0.08531294177768155,0.533946426763832,0.03780190101681442,0.5064552888707157,0.5615952411620377,0.09980693057692255,0.02687441553812542,0.08064048193366691,0.12303803008361305,0.49983498349834987,0.00036898811509896725,0.49950495049504956,0.5,0.0,0.0,0.0,0.0,0.0926849110059464,0.012336500575753518,0.08389182958110195,0.10370712031868104,0.5059328082253405,0.09244512157734094,0.02801361853849149,0.007361808999581609
all,dataset,later_neighbor_damage_any_path,B+M+L+R,logistic,5,4000,0.08531294177768155,0.7703874908555116,0.04714984628849236,0.7310685814851193,0.8062288839199693,0.3188407527312235,0.061663937321024175,0.2781633312466721,0.37516524692901315,0.7028103657405917,0.0334411340941737,0.6755811091842434,0.7288948012362059,0.29724074314644877,0.03729177690939883,0.2696903279008702,0.32879098438832,0.18019079325650428,0.02204260957839906,0.16262877270171489,0.19939610021408322,0.5001956314313025,0.10502339308383454,0.2701918594242091,0.21381735964738893
all,dataset,later_neighbor_damage_any_path,B+M+L+R,random_forest,5,4000,0.08531294177768155,0.7727809911187027,0.03146425008859971,0.7481674344550227,0.797394547782383,0.2954301711347252,0.05760543863734999,0.2523957432273943,0.3433187506844543,0.5152771981575724,0.015419433470223657,0.5051597367477393,0.5278261466580785,0.060636061512072514,0.05675757467331744,0.022285714285714287,0.1066288668389894,0.07681863026028615,0.011016363530622358,0.06918264422945275,0.08644247006360217,0.5059328082253405,0.09244512157734094,0.2668481828933622,0.20298504955738425
all,dataset,later_suppression_path,B,logistic,5,4000,0.10454333188992757,0.5262679736110597,0.08248678789107439,0.45915575133605946,0.5935465884904323,0.13435475984610268,0.03516842211645588,0.1038783736731641,0.15947568805468534,0.5196821226987949,0.07144929488342197,0.4675878257544192,0.580898012638125,0.1773371408528599,0.07678072699406789,0.11196817710134903,0.23170198568309147,0.23558603048218316,0.017377919175090403,0.22197416217344804,0.24919789879091825,0.6269092788432256,0.17371384826639724,-0.10064130523216586,-0.03935908842029456
all,dataset,later_suppression_path,B,random_forest,5,4000,0.10454333188992757,0.5844476472400899,0.06396086798215271,0.5357257817058771,0.6331695127743027,0.16132436908457043,0.052918379886175745,0.12219753386747237,0.20507151544586583,0.516346076985305,0.028859313724699097,0.4950879650358804,0.5412310610250716,0.07952545375633066,0.09895306968010559,0.005529953917050691,0.15924140147862426,0.11456794614295362,0.017423430903377314,0.10110636482421168,0.12802952746169557,0.6472887814459821,0.20949146300699759,-0.06284113420589221,-0.04816709392242716
all,dataset,later_suppression_path,B+M,logistic,5,4000,0.10454333188992757,0.6269092788432256,0.08850429856193479,0.5605875625964485,0.7004750050189579,0.17371384826639724,0.03830198750514988,0.144512436402366,0.20456100107156622,0.6003257508612292,0.07814239363071174,0.5441174845711919,0.6661322264235976,0.23727337482499888,0.0621733679046307,0.1831501831501831,0.27816063864450963,0.21274469860869955,0.010320196623955127,0.20491003522960766,0.22096985804146319,0.6269092788432256,0.17371384826639724,0.0,0.0
all,dataset,later_suppression_path,B+M,random_forest,5,4000,0.10454333188992757,0.6472887814459821,0.07015447192465829,0.5966556530337688,0.7077445197838068,0.20949146300699759,0.06686883520573289,0.15977456520379144,0.25976061894171704,0.5249070887383605,0.032104245548843086,0.5002567926776544,0.5495573847990666,0.10061589002237477,0.10364971717430474,0.02135979679839329,0.17987198324635628,0.10463350284686013,0.014862216709282354,0.0931115971600184,0.11615540853370185,0.6472887814459821,0.20949146300699759,0.0,0.0
all,dataset,later_suppression_path,B+M+L,logistic,5,4000,0.10454333188992757,0.6330613385276531,0.08990372663698314,0.5672102293238945,0.7101498152669815,0.18353962590235287,0.043300660479953894,0.15128676713005368,0.21723726608296579,0.5907681146742478,0.060439501879300875,0.5472607012041092,0.6399249212482023,0.23135633848042864,0.05445953568877295,0.18253857367642534,0.2636269499731038,0.21119788670876272,0.011381513848297236,0.20293564950535248,0.22080941792381115,0.6269092788432256,0.17371384826639724,0.006152059684427558,0.00982577763595563
all,dataset,later_suppression_path,B+M+L,random_forest,5,4000,0.10454333188992757,0.6698349248431683,0.0780412139474446,0.6118878696789121,0.7349485889550182,0.21978282861865353,0.052437838606677285,0.1774737473248016,0.25625838211937657,0.5362221013815621,0.029974303185856907,0.5127997937006562,0.5596444090624682,0.14154988626263537,0.08948071004251808,0.07201602868290626,0.21108374384236456,0.10362949489030737,0.01614219167952886,0.09157879649685328,0.11617694582130053,0.6472887814459821,0.20949146300699759,0.02254614339718619,0.010291365611655945
all,dataset,later_suppression_path,B+M+L+R,logistic,5,4000,0.10454333188992757,0.7980922853691018,0.01945673158162991,0.780808612846541,0.8108982633430184,0.3867566593208714,0.0210289042242859,0.36927667584969526,0.40130332295749377,0.7232123410915994,0.012685121573176762,0.7130780247718442,0.7336588055220525,0.36265589707679363,0.04851567690439173,0.3253824135510501,0.40071008852137363,0.16911127342731627,0.017350847946704936,0.1570838636983599,0.1846648579479399,0.6269092788432256,0.17371384826639724,0.17118300652587626,0.21304281105447415
all,dataset,later_suppression_path,B+M+L+R,random_forest,5,4000,0.10454333188992757,0.8092730734214936,0.018829737997290947,0.7948790638292537,0.8241373500016259,0.38187115705125063,0.03359844288963374,0.3531424568353325,0.40612579180182695,0.5846990290112539,0.03336358443412066,0.5604923267068824,0.6127500218042083,0.269036743374719,0.07633623500172904,0.21461708860759496,0.3287767133382461,0.08738909031296903,0.013148232799434044,0.07716246710244828,0.09694097486656506,0.6472887814459821,0.20949146300699759,0.16198429197551145,0.17237969404425305
all,dataset,later_target_any_path,B,logistic,5,4000,0.1832343180862987,0.6094060171287158,0.05158330585239004,0.5718146836115554,0.6469973506458762,0.2933993993672682,0.06774001062364249,0.23861825451895627,0.34282095830866594,0.5769115052888683,0.05186413314861878,0.5350935097640316,0.6137352070196632,0.32434986779230685,0.08634530936832534,0.25196775006298816,0.38715203426124195,0.23456787824554376,0.011123056621712776,0.22587152156921558,0.24326423492187202,0.686778819495125,0.3516430126326007,-0.0773728023664092,-0.058243613265332506
all,dataset,later_target_any_path,B,random_forest,5,4000,0.1832343180862987,0.6309921424048281,0.03246194961816284,0.6048975884162358,0.6556415919519659,0.30028203504078566,0.049403876069315275,0.2570198030681606,0.3296861044645593,0.5811162066870237,0.04816942638757185,0.5464196698925753,0.6247241276790957,0.2819684921126765,0.08109668237008025,0.22373177068517572,0.3402121922319699,0.1663530328401353,0.024174355453390257,0.14845755108449638,0.18567680642858836,0.6856961446915385,0.3658534218409258,-0.05470400228671035,-0.06557138680014013
all,dataset,later_target_any_path,B+M,logistic,5,4000,0.1832343180862987,0.686778819495125,0.052240390639581503,0.647815418863784,0.7257422201264657,0.3516430126326007,0.07190814881383881,0.29631039360403144,0.4055515227276942,0.6416557432159449,0.04620663803378786,0.6066354986891258,0.676675987742764,0.38370607381846894,0.046155617885172286,0.34853670710271045,0.4204865166827485,0.2113474390443625,0.013340267874270322,0.20160185811969739,0.22267128018893936,0.686778819495125,0.3516430126326007,0.0,0.0
all,dataset,later_target_any_path,B+M,random_forest,5,4000,0.1832343180862987,0.6856961446915385,0.044184091203297804,0.6478297569022893,0.7180289877694981,0.3658534218409258,0.05088685517498967,0.3223218393114143,0.4027992173664533,0.5856290090853504,0.02727862932328802,0.5642378195492832,0.6070201986214177,0.3018352887609481,0.03719510282938984,0.2739046010975095,0.3325854191212391,0.15423225073546284,0.022676363499009783,0.1374376648594287,0.1722782909620545,0.6856961446915385,0.3658534218409258,0.0,0.0
all,dataset,later_target_any_path,B+M+L,logistic,5,4000,0.1832343180862987,0.6915065182889775,0.05269261833235261,0.6512781906004219,0.731734845977533,0.36122967194473854,0.07147838983740423,0.3055956788736366,0.4149281668836724,0.6394827106440524,0.054284092516796174,0.5976904198457085,0.6813514881688837,0.3796021157499447,0.05278825736819654,0.3400399311330708,0.41916430036681857,0.20964896449442455,0.012256437042743526,0.2006809491234837,0.219967228680262,0.686778819495125,0.3516430126326007,0.004727698793852486,0.009586659312137813
all,dataset,later_target_any_path,B+M+L,random_forest,5,4000,0.1832343180862987,0.7002867357822758,0.03854002093506385,0.6694337174301338,0.7287113710428782,0.37766871043755046,0.05214109862456491,0.339645390451762,0.4156920304233389,0.5950905561373573,0.03106281219455928,0.5712628125698859,0.619638961762485,0.32096647192283745,0.029699240961646146,0.29831001311289834,0.34279167031498603,0.1530436681588659,0.020460795894689254,0.13735344631670265,0.16885121046740428,0.6856961446915385,0.3658534218409258,0.014590591090737348,0.011815288596624673
all,dataset,later_target_any_path,B+M+L+R,logistic,5,4000,0.1832343180862987,0.6920129551379232,0.05391517810293547,0.651279612038943,0.7332795184238458,0.3782659657307493,0.06153228125851622,0.3320926770602475,0.42159582392982387,0.6392462003229525,0.041159392688646206,0.6096882603260321,0.6751805918348954,0.38264357925526526,0.049132964928552555,0.34231032125768973,0.41856734589110617,0.2083903872148687,0.012036613562341291,0.19950009265913593,0.21856115548056448,0.686778819495125,0.3516430126326007,0.005234135642798177,0.02662295309814855
all,dataset,later_target_any_path,B+M+L+R,random_forest,5,4000,0.1832343180862987,0.7734293433924566,0.017837415624944078,0.7587942649378252,0.7870582778657422,0.4610118896183035,0.056868661649880074,0.4134566017021145,0.5021743425873929,0.6139962953505063,0.026585157796528064,0.5934446405280772,0.6345479501729356,0.35939415546481085,0.05631729366622146,0.3169807226006401,0.4004589516359573,0.13614359503315515,0.017819728380323873,0.12269523571534732,0.1495919543509629,0.6856961446915385,0.3658534218409258,0.08773319870091811,0.09515846777737774
all,domain,later_capability_damage_any_path,B,logistic,5,4000,0.06633249528598366,0.5138133376071667,0.09790197780391899,0.4255576237224954,0.579741885082269,0.07671843621038502,0.0282712453888287,0.05119791402767204,0.09269942118166533,0.5279799539057412,0.05995818219070135,0.48187636532765693,0.5740835424838253,0.1296807823220037,0.05284358426478167,0.08388124852246989,0.16354337265787633,0.23718728380612392,0.014007238849086938,0.2266526881610782,0.24746446546614448,0.5244682202838017,0.076856470643426,-0.010654882676634947,-0.00013803443304098717
all,domain,later_capability_damage_any_path,B,random_forest,5,4000,0.06633249528598366,0.49150387939331813,0.07697518077993032,0.428337710729496,0.5449525988773317,0.0830542195076481,0.03414795540103589,0.052426674675866904,0.10646915567661044,0.5,0.0,0.5,0.5,0.0,0.0,0.0,0.0,0.07863853054231276,0.012338611207614324,0.0675692149826744,0.08613967008166526,0.4708436286049979,0.07061288278576468,0.020660250788320234,0.012441336721883425
all,domain,later_capability_damage_any_path,B+M,logistic,5,4000,0.06633249528598366,0.5244682202838017,0.08798027582773578,0.44671743185823276,0.5842547515712844,0.076856470643426,0.0280593754753823,0.0509756774597826,0.09286918701339704,0.5122421270255512,0.06272882481189958,0.4648674231806469,0.5610368072276258,0.11919363683493955,0.05216300286828338,0.07755211691381904,0.15725061646390842,0.21760762181915583,0.022893623110527547,0.19978307220080221,0.23543217143750947,0.5244682202838017,0.076856470643426,0.0,0.0
all,domain,later_capability_damage_any_path,B+M,random_forest,5,4000,0.06633249528598366,0.4708436286049979,0.0772834665166279,0.41136023472748473,0.5354810723210731,0.07061288278576468,0.029588612779407126,0.045707859154075534,0.09291304516508332,0.5,0.0,0.5,0.5,0.0,0.0,0.0,0.0,0.07812932363412535,0.013584115087784178,0.06613079481175521,0.08668491965178246,0.4708436286049979,0.07061288278576468,0.0,0.0
all,domain,later_capability_damage_any_path,B+M+L,logistic,5,4000,0.06633249528598366,0.5471617770435085,0.07439126631071738,0.4858669335669129,0.5972209476720302,0.08279070021796726,0.03087779509639986,0.05608070975357149,0.10088753153719088,0.5232619816261629,0.05938694934645966,0.4769543788599987,0.5689452837068114,0.13138003109426222,0.05561527271445667,0.07994950449614063,0.16745824840238685,0.21592840843689948,0.024694398573200278,0.19690381218288536,0.23495300469091357,0.5244682202838017,0.076856470643426,0.022693556759706857,0.005934229574541261
all,domain,later_capability_damage_any_path,B+M+L,random_forest,5,4000,0.06633249528598366,0.5041504188078639,0.08108812789070753,0.432449757206525,0.5614041332115225,0.08450039618208718,0.03675561218890862,0.05303267954761983,0.11138551731921371,0.5,0.0,0.5,0.5,0.0,0.0,0.0,0.0,0.0744225720326256,0.012511075519269653,0.06339570886002541,0.0825714941973152,0.4708436286049979,0.07061288278576468,0.03330679020286603,0.013887513396322507
all,domain,later_capability_damage_any_path,B+M+L+R,logistic,5,4000,0.06633249528598366,0.8260168899537763,0.03791498373083034,0.7922340537497016,0.8532445133461405,0.3796316236989909,0.11877879259074892,0.2759510418411695,0.4677147119560573,0.7436869518493502,0.02920625266300459,0.7201595675975365,0.7665483101111018,0.2929958959901769,0.09245209212277737,0.2075192451089983,0.3455999380654605,0.1515757250449457,0.009650495587910365,0.1454820401829806,0.16026450852191218,0.5244682202838017,0.076856470643426,0.3015486696699746,0.3027751530555649
all,domain,later_capability_damage_any_path,B+M+L+R,random_forest,5,4000,0.06633249528598366,0.8097700360688833,0.05842840863498578,0.757871164459208,0.8494216387191551,0.29875959462682,0.15767439760773685,0.16892515926310284,0.4322412899495507,0.5257105367044572,0.04022513681293515,0.5011148601796735,0.5612323086616867,0.09506481134964107,0.12997746420530742,0.013445378151260503,0.20793522267206477,0.058229954116558603,0.008858893120704115,0.05066181744226235,0.06428679496404294,0.4708436286049979,0.07061288278576468,0.3389264074638854,0.22814671184105534
all,domain,later_clean_any_path,B,logistic,5,4000,0.17070588029890355,0.5841805908543375,0.12977961116381462,0.4865025622178328,0.6769383223003386,0.2611012880921998,0.10649238426262678,0.1741322675764398,0.3386372685166973,0.5729018015960017,0.07129050229110849,0.5203257551634783,0.6277013847904066,0.3038686119768918,0.11143391694808985,0.21450303410755386,0.38631032911495067,0.23540517709049563,0.008450848426569615,0.22935279363340655,0.24266643918408723,0.6601773649260443,0.31236194956561897,-0.0759967740717068,-0.05126066147341918
all,domain,later_clean_any_path,B,random_forest,5,4000,0.17070588029890355,0.6078736722752103,0.10705643369356307,0.5305199710326912,0.6926540461363667,0.2646205486956901,0.09330206113050638,0.1952184464640837,0.33452934313639415,0.5526204975845862,0.043214633744112226,0.5234548092506645,0.5900922233907184,0.2174755155866562,0.09557357747012828,0.1497144675097431,0.29769254435442516,0.1618628225050707,0.009372697989960547,0.15607328279215263,0.169944345354042,0.6710071506594925,0.32979545628984586,-0.06313347838428218,-0.06517490759415573
all,domain,later_clean_any_path,B+M,logistic,5,4000,0.17070588029890355,0.6601773649260443,0.09268570164384293,0.5775433287586302,0.7318089261933028,0.31236194956561897,0.13017808244937182,0.21230630681598606,0.4124175923152518,0.6209676247788982,0.06365850310898119,0.5651550773343857,0.6702936000569863,0.356949832457747,0.09629396581341389,0.2735343733703237,0.42432266882897307,0.2049287222524508,0.008798366794309979,0.19765404188973917,0.21079411080034394,0.6601773649260443,0.31236194956561897,0.0,0.0
all,domain,later_clean_any_path,B+M,random_forest,5,4000,0.17070588029890355,0.6710071506594925,0.06112760636473351,0.6277041478761458,0.721368405688491,0.32979545628984586,0.10743418953241655,0.241724373155364,0.40892567141959607,0.5675486094210929,0.04723118429443037,0.5302035593169369,0.6040362708783598,0.25534157717458417,0.10377388799021504,0.16526434195725534,0.33614883542223284,0.14947134289020034,0.01010957260429999,0.14354300238937956,0.15830059786276057,0.6710071506594925,0.32979545628984586,0.0,0.0
all,domain,later_clean_any_path,B+M+L,logistic,5,4000,0.17070588029890355,0.6670719406483585,0.09596444032303632,0.5895311092759148,0.7385802733179871,0.31948587019697017,0.13370393842659253,0.21698270620933008,0.4219890341846102,0.6247772269329328,0.07435779553077407,0.5627395335979717,0.6844305248982664,0.35873881092429316,0.10636977029699848,0.2711734290681659,0.43330051240831907,0.20252964092415943,0.01171478560194652,0.19228437938741472,0.21085751694690053,0.6601773649260443,0.31236194956561897,0.006894575722314222,0.007123920631351199
all,domain,later_clean_any_path,B+M+L,random_forest,5,4000,0.17070588029890355,0.6890552567512487,0.052470516667763666,0.6489002120384896,0.732967611076514,0.35215525387191116,0.11169922565030473,0.2594301091042189,0.4338467038019188,0.584203818154814,0.052829570702780784,0.5466751179997449,0.6301707279150065,0.2909106296877908,0.10899858981691052,0.2083440458104476,0.3799487836107554,0.14632776546863674,0.010226089543694389,0.1396002619543724,0.15475855987160467,0.6710071506594925,0.32979545628984586,0.018048106091756222,0.0223597975820653
all,domain,later_clean_any_path,B+M+L+R,logistic,5,4000,0.17070588029890355,0.6685399009382162,0.09344391540468742,0.5926535840737733,0.7391071942679327,0.33431342005212866,0.13997759854655054,0.22950668632891488,0.44284619434211514,0.6218774659522823,0.062574976365431,0.5823394712144441,0.6764270806445892,0.35757344095042093,0.09013690487883463,0.2907337830217008,0.42441309887914114,0.2021595962185645,0.01100843373552754,0.19260741417372707,0.2098772821963384,0.6601773649260443,0.31236194956561897,0.008362536012171962,0.021951470486509694
all,domain,later_clean_any_path,B+M+L+R,random_forest,5,4000,0.17070588029890355,0.7641618070385674,0.038399466601607375,0.7346740581653366,0.7945731766025441,0.43393653167067436,0.09364813218830445,0.35835400848682547,0.5038546119386131,0.6207504947167793,0.033253456883259015,0.5973406605899353,0.6464567878129138,0.37098043489944693,0.06478425173906222,0.3194931083182867,0.4241202925735596,0.1321787967889576,0.009814889097272494,0.12578249117011003,0.14076555851208356,0.6710071506594925,0.32979545628984586,0.09315465637907494,0.10414107538082851
all,domain,later_clean_enhancement_path,B,logistic,5,4000,0.09229755918709408,0.596186753547322,0.11801764572171106,0.5108746815241527,0.6877264796781253,0.17726761572472421,0.09386600432434734,0.10670605742006825,0.24977593672314596,0.5842331919545154,0.08988392889818655,0.5158486393473523,0.6526177445616786,0.20658472038546144,0.09335339144351612,0.13059713278391333,0.2750725641483419,0.2315935888433054,0.01689217198161429,0.21760392203421877,0.2444153720484314,0.6689575014247305,0.20492272237073425,-0.07277074787740856,-0.027655106646010036
all,domain,later_clean_enhancement_path,B,random_forest,5,4000,0.09229755918709408,0.6554445955568207,0.05910601644424137,0.6111728655414963,0.699716325572145,0.19976858967201597,0.05655474025004452,0.15195694354281816,0.23880350747904458,0.5534646333694652,0.06240691531431834,0.5115087474380889,0.6002521566025216,0.16468422647103761,0.1376107776649146,0.0675619006102877,0.27130211805733623,0.09880942881766297,0.005869705476321134,0.09396747432796551,0.10368411651568703,0.7032442008443875,0.23165220112279336,-0.04779960528756688,-0.031883611450777394
all,domain,later_clean_enhancement_path,B+M,logistic,5,4000,0.09229755918709408,0.6689575014247305,0.0805730097296111,0.6139081949717021,0.7403282214571277,0.20492272237073425,0.12111540592703582,0.12094141176470401,0.3018466820283533,0.6210915186242119,0.06095691484172015,0.5807333102424608,0.6747247492175028,0.24073668906179177,0.06482236212913256,0.19194065565924862,0.2895327224643349,0.1960903600711636,0.01972163960619864,0.18222019221362365,0.21340362316885303,0.6689575014247305,0.20492272237073425,0.0,0.0
all,domain,later_clean_enhancement_path,B+M,random_forest,5,4000,0.09229755918709408,0.7032442008443875,0.05806861831349309,0.6579192870117269,0.7485691146770482,0.23165220112279336,0.07657466656864417,0.17429701734696157,0.29099789402067605,0.5513284896098113,0.0672734203352894,0.5148220628114136,0.612435301924353,0.16032855280312908,0.16057932371312064,0.06898789346246972,0.3083285528031291,0.09179340704307384,0.008152158297666091,0.08593574608980681,0.09829360782965889,0.7032442008443875,0.23165220112279336,0.0,0.0
all,domain,later_clean_enhancement_path,B+M+L,logistic,5,4000,0.09229755918709408,0.6807939862220306,0.0819835571147969,0.6265139218761525,0.7474467613305518,0.21590142513776506,0.13248614128081043,0.12693350805113715,0.32267162213082856,0.6242938083915065,0.08715353025395428,0.5640447357415515,0.6975582112201829,0.24230736421336604,0.08690446773762871,0.17553928458085868,0.3090754438458733,0.19287551533411146,0.025860832706605656,0.17531556442952462,0.21495920050375417,0.6689575014247305,0.20492272237073425,0.01183648479730004,0.010978702767030807
all,domain,later_clean_enhancement_path,B+M+L,random_forest,5,4000,0.09229755918709408,0.7111281682186795,0.04580036986761693,0.6812204950032448,0.7519955805268337,0.2419270983023117,0.0835247795246893,0.17964233180694741,0.30421186479767603,0.5507096370850034,0.06454728811927099,0.5120803366442503,0.608347710683477,0.15843249363782105,0.15810699426913202,0.05888518929584412,0.29845626072041165,0.09130972023167105,0.008587788594608141,0.08463764401527729,0.09775831777330808,0.7032442008443875,0.23165220112279336,0.007883967374291978,0.01027489717951835
all,domain,later_clean_enhancement_path,B+M+L+R,logistic,5,4000,0.09229755918709408,0.826564795451802,0.030304348570945886,0.8071791750160251,0.8522446966536009,0.42479676880276307,0.08454582251591237,0.35541668830391515,0.48840500999096825,0.7443639828846302,0.027196259571004855,0.7263653001924479,0.766322894389822,0.3704193452574997,0.0621523474519342,0.31841529257259593,0.4167832734641245,0.14867967768254012,0.012839373652123592,0.13837657210825605,0.15813830799968248,0.6689575014247305,0.20492272237073425,0.1576072940270714,0.21987404643202882
all,domain,later_clean_enhancement_path,B+M+L+R,random_forest,5,4000,0.09229755918709408,0.8432200672805171,0.01409843841875881,0.8337621870119489,0.8555420261004201,0.41137006738995563,0.08774214897226086,0.34277276209867724,0.4753327739445566,0.6154046460845406,0.04159471303754685,0.585827557940234,0.6520211412411816,0.326150333004098,0.07246515230176073,0.27055658321630915,0.3906287282125403,0.07541671213662945,0.005807212381967735,0.07117185354454447,0.08039655200741892,0.7032442008443875,0.23165220112279336,0.13997586643612958,0.17971786626716227
all,domain,later_clean_suppression_path,B,logistic,5,4000,0.09394624275438229,0.49961734875200736,0.10437889805585436,0.4315593676265371,0.5861172044451424,0.11901835700926902,0.039464675365727626,0.08963845238253416,0.15122162660098543,0.5047529404992341,0.08333874110413515,0.44897730726498253,0.5734923682606727,0.15388066597657818,0.08574050797728403,0.0918660550278479,0.22825923727419295,0.23297142275728194,0.027009149402405792,0.21291843763713145,0.25578264377985155,0.5975716400765292,0.1413222975874831,-0.09795429132452182,-0.022303940578214082
all,domain,later_clean_suppression_path,B,random_forest,5,4000,0.09394624275438229,0.5810606840274508,0.0819660692482037,0.5213867352094121,0.6514758673800521,0.14057185652582077,0.052576466238070635,0.10222983005380082,0.1818889136801294,0.5036161728102161,0.007729215705200163,0.498687729004392,0.5108324288000291,0.0336899814720649,0.03771493532734591,0.0041025641025641026,0.0632773988415657,0.10564583801209362,0.01418840938649454,0.09468204040981956,0.11658448438741072,0.634070325585274,0.17441284181034059,-0.05300964155782317,-0.033840985284519814
all,domain,later_clean_suppression_path,B+M,logistic,5,4000,0.09394624275438229,0.5975716400765292,0.09657999927931128,0.5280024007756378,0.6720473857369973,0.1413222975874831,0.05849757793845586,0.09786839086114202,0.1889015650876445,0.5664321320620948,0.058166664550970304,0.5242705054596712,0.611454779365945,0.20125048314215782,0.07202508302112169,0.14864444339243438,0.26163851997595233,0.201461310666644,0.01724499097206992,0.18838407929156575,0.21472241752949145,0.5975716400765292,0.1413222975874831,0.0,0.0
all,domain,later_clean_suppression_path,B+M,random_forest,5,4000,0.09394624275438229,0.634070325585274,0.051677540540163595,0.5962226843381742,0.677613597445496,0.17441284181034059,0.07258964590317792,0.11777607067701665,0.23216226901327758,0.5098200314549686,0.009082394581508548,0.5035320666812259,0.5179585376352763,0.051116873592121116,0.04277429453420321,0.01888888888888889,0.08906490649064906,0.09681452367049789,0.013010365325766993,0.08717562079705392,0.10645342654394185,0.634070325585274,0.17441284181034059,0.0,0.0
all,domain,later_clean_suppression_path,B+M+L,logistic,5,4000,0.09394624275438229,0.6055381128316771,0.10456469310088859,0.5276452082182214,0.6874019770305282,0.14990794007025907,0.06636350671488785,0.10165157994174442,0.2058882827344585,0.5904667797595009,0.06017061234841914,0.5451287919006583,0.6380792584433824,0.22089455960105558,0.07029447340304483,0.16962085308056873,0.2802069400783151,0.19927826823352707,0.020127737985507342,0.1841720277013756,0.21438450876567855,0.5975716400765292,0.1413222975874831,0.007966472755147946,0.008585642482775963
all,domain,later_clean_suppression_path,B+M+L,random_forest,5,4000,0.09394624275438229,0.6604475487276771,0.04171792952086439,0.6337614620093378,0.6966102082211977,0.19039436616293925,0.07280251638861603,0.13424131143202467,0.24792227915852222,0.5139518053578719,0.0152458136769154,0.5023738767842758,0.5256689479733232,0.06814024390243903,0.054153532819462544,0.02703125,0.10919715447154472,0.09566342486191744,0.012435089899228459,0.08645332929122473,0.10487352043261014,0.634070325585274,0.17441284181034059,0.026377223142403095,0.01598152435259867
all,domain,later_clean_suppression_path,B+M+L+R,logistic,5,4000,0.09394624275438229,0.7797424448952124,0.021238358827024482,0.7628477814738667,0.796637108316558,0.3409298409701069,0.05075284878859499,0.30245772366069607,0.38155317372176506,0.706777954037096,0.030546229825359417,0.6817187820954386,0.729567323268325,0.33228310511706244,0.06871686419175019,0.27826773141278915,0.38438352926103264,0.16370427321114436,0.013726854313270113,0.15195228180061662,0.17315134643549981,0.5975716400765292,0.1413222975874831,0.1821708048186832,0.19960754338262382
all,domain,later_clean_suppression_path,B+M+L+R,random_forest,5,4000,0.09394624275438229,0.7902389414625144,0.04051915976740482,0.7541578550100985,0.8189250003437675,0.35546453947701206,0.0735594033254292,0.2895178998520295,0.4023389185398199,0.5701698888594178,0.022771647294091587,0.5517378894859898,0.5872129181912081,0.2353383042703431,0.06263222699049376,0.18449328449328448,0.2826424205064981,0.08120655656535564,0.009329928698436529,0.07412830136082905,0.088753859592351,0.634070325585274,0.17441284181034059,0.1561686158772404,0.18105169766667148
all,domain,later_enhancement_path,B,logistic,5,4000,0.09851831482645436,0.6023058117422532,0.11562755291623403,0.516970479704797,0.6922699226174803,0.189408800383806,0.0948557387786123,0.11722154929572699,0.2633114132586886,0.6007923348903438,0.07512928573480897,0.5436045349783303,0.6579801348023573,0.22907848993586777,0.07530742839033605,0.16942188984650963,0.2859695818699045,0.23203446024463478,0.01613419870266778,0.21912527752022995,0.24286048517758224,0.6653117531576554,0.20980351069377717,-0.06300594141540228,-0.02039471030997117
all,domain,later_enhancement_path,B,random_forest,5,4000,0.09851831482645436,0.6615993307259795,0.07222696377411053,0.6079276153754819,0.716947200255095,0.21803860813066084,0.0674458578314898,0.1647392294427148,0.26846660990455484,0.5490399983602655,0.08654066653178899,0.4967949994036894,0.62720813913088,0.13924786324786323,0.18583294293403338,0.014358974358974357,0.30266666666666664,0.10198370904367968,0.0072726081956064085,0.09696543158021106,0.10854490174115852,0.7027499215685321,0.2507295979958104,-0.04115059084255257,-0.03269098986514957
all,domain,later_enhancement_path,B+M,logistic,5,4000,0.09851831482645436,0.6653117531576554,0.08102639279672628,0.6093197256726037,0.735371854806335,0.20980351069377717,0.11692218827744762,0.12879102578346904,0.30299639299841097,0.6107659282575364,0.07175854122609332,0.5583350142396302,0.6694064348624489,0.2405315969387752,0.06992932004419293,0.18165157042019991,0.2907907877424646,0.19812111556209594,0.018121045657606197,0.18440509199526156,0.2130863112738543,0.6653117531576554,0.20980351069377717,0.0,0.0
all,domain,later_enhancement_path,B+M,random_forest,5,4000,0.09851831482645436,0.7027499215685321,0.05754746096894261,0.6601278464915059,0.7470360978394845,0.2507295979958104,0.08426780890410833,0.18932897541406837,0.3140485990577973,0.566054270347803,0.08235323273044558,0.5127852110994566,0.6392827899737343,0.1933971545840158,0.18429649114120217,0.06743722050223598,0.35584494071601247,0.09585627531099584,0.009298873230465115,0.08921045856744758,0.10378601196948489,0.7027499215685321,0.2507295979958104,0.0,0.0
all,domain,later_enhancement_path,B+M+L,logistic,5,4000,0.09851831482645436,0.6776280839534101,0.08295175564168254,0.6210728669727363,0.7458038493106673,0.2180496149993559,0.12006987999806817,0.13512503986736185,0.3122477101978415,0.6242544359442308,0.08275477981682595,0.5707545538007447,0.6913336086485238,0.2519881933210502,0.078338003774735,0.1921507535186414,0.31088275966126344,0.1948354966092644,0.02364748711942601,0.17814890941968042,0.2141283839862526,0.6653117531576554,0.20980351069377717,0.01231633079575467,0.008246104305578733
all,domain,later_enhancement_path,B+M+L,random_forest,5,4000,0.09851831482645436,0.7160816821491295,0.05342736201546504,0.679786550293481,0.7637382451106761,0.2656739418818317,0.09329271660079713,0.19842658740886485,0.33526061847468924,0.5531146902702962,0.06086534061547205,0.5183857862298299,0.6065747258915926,0.17405070245879634,0.15110395187056727,0.08343732029902243,0.306579528718704,0.09465535105602475,0.008622530700439236,0.08747043605519193,0.10158286805458612,0.7027499215685321,0.2507295979958104,0.013331760580597374,0.014944343886021283
all,domain,later_enhancement_path,B+M+L+R,logistic,5,4000,0.09851831482645436,0.8333473465137748,0.028883874150922147,0.8127793158941697,0.8560292522143313,0.45696359987675156,0.04319245601070722,0.4237003966289832,0.4899484604960123,0.7503432865117747,0.0205175547825826,0.735012318828427,0.7665004631455237,0.39402649665557804,0.04725610970710871,0.35211104684788896,0.4252716852238157,0.14689176525130415,0.012079028566769066,0.1366492482282957,0.1555655886629508,0.6653117531576554,0.20980351069377717,0.1680355933561194,0.24716008918297439
all,domain,later_enhancement_path,B+M+L+R,random_forest,5,4000,0.09851831482645436,0.8531639772454349,0.008820467390439029,0.847696126827086,0.8610562495985794,0.46100308765198506,0.06848027023796724,0.40681668306378105,0.5104880721627237,0.6366150363144305,0.034482736293597695,0.6118718844786916,0.6673441701728282,0.3834411290445335,0.0542922059911836,0.34589864569681084,0.4280369043742538,0.07684154203762276,0.006059786057703736,0.07254665340494378,0.08223918097793151,0.7027499215685321,0.2507295979958104,0.1504140556769028,0.21027348965617465
all,domain,later_neighbor_damage_any_path,B,logistic,5,4000,0.08531618828130456,0.5517536766932336,0.032215765351134636,0.5266672683725645,0.5768400850139027,0.12898857083214327,0.03623777136918584,0.10080385953037821,0.1573646871440812,0.5396861443504241,0.023485674582918628,0.5224545085854476,0.5569177801154005,0.16521067190355185,0.028389512576188287,0.14304923010193016,0.1873721137051736,0.23877081544126325,0.02301690238824152,0.22039941752480394,0.25627575313697204,0.5364433928068628,0.11011588956411751,0.01531028388637079,0.018872681268025757
all,domain,later_neighbor_damage_any_path,B,random_forest,5,4000,0.08531618828130456,0.5096872061825009,0.09966975754502218,0.42180267481546957,0.5749103341504322,0.11305531353640333,0.03985866542529424,0.08345576969532377,0.14661968116241414,0.49870372698343746,0.0033650486230605283,0.4957791031328652,0.5011014732204323,0.0064516129032258064,0.014426245016127676,0.0,0.01935483870967742,0.09733019933660138,0.01767575796040689,0.08355356750043613,0.11110683117276662,0.5429507102286785,0.10265710604598369,-0.03326350404617762,0.010398207490419642
all,domain,later_neighbor_damage_any_path,B+M,logistic,5,4000,0.08531618828130456,0.5364433928068628,0.03481069349591272,0.5104652950181499,0.5630092891239841,0.11011588956411751,0.030207227406284128,0.08769850671710341,0.1342212092239557,0.5166550065333558,0.044990881561476494,0.48454662350378425,0.556022138527287,0.14579178789262226,0.05084857263709711,0.1073240355599054,0.18565423371888942,0.2122402917364253,0.040081608250910374,0.1877150369691948,0.24805738348445955,0.5364433928068628,0.11011588956411751,0.0,0.0
all,domain,later_neighbor_damage_any_path,B+M,random_forest,5,4000,0.08531618828130456,0.5429507102286785,0.06177348817203638,0.4962722956119575,0.5943244050225246,0.10265710604598369,0.029198446112156034,0.08106587216392347,0.12563199060196653,0.4993399339933994,0.001475952460395894,0.498019801980198,0.5,0.0,0.0,0.0,0.0,0.09284183734530269,0.01635699560775443,0.08048881764028522,0.10526785720186749,0.5429507102286785,0.10265710604598369,0.0,0.0
all,domain,later_neighbor_damage_any_path,B+M+L,logistic,5,4000,0.08531618828130456,0.5387604765217716,0.031162502946451877,0.5149648871208442,0.562556065922699,0.11052701115170957,0.030136244999706265,0.08721527615676869,0.13388406234382635,0.5153545426704219,0.04438139477923572,0.48183773580012135,0.5498983418964328,0.14355904429585814,0.04371901811076049,0.10870679248419182,0.17841129610752446,0.2111244793457178,0.04232549883319955,0.18536550288353507,0.24783355900307186,0.5364433928068628,0.11011588956411751,0.0023170837149087964,0.00041112158759205875
all,domain,later_neighbor_damage_any_path,B+M+L,random_forest,5,4000,0.08531618828130456,0.5229683195174133,0.07779250264528162,0.4627712454969221,0.581265169612652,0.10527536975534495,0.03191354737614606,0.07993336340899074,0.13061737610169916,0.49983498349834987,0.00036898811509896725,0.49950495049504956,0.5,0.0,0.0,0.0,0.0,0.09146701970391917,0.015837751479023703,0.07942627945920237,0.10350775994863597,0.5429507102286785,0.10265710604598369,-0.019982390711265174,0.00261826370936126
all,domain,later_neighbor_damage_any_path,B+M+L+R,logistic,5,4000,0.08531618828130456,0.7753403608414551,0.04380758790820697,0.7369600748025178,0.8060802664735505,0.3241601109718924,0.09073149218195396,0.25118717855794526,0.3925992341203732,0.7096268158378674,0.030971063788305272,0.6868623403431815,0.7363089058932271,0.31112777226672544,0.05482710999609686,0.26914285714285713,0.35311268739059376,0.16830886476905946,0.029573555739633335,0.14775360052086822,0.19206531003672445,0.5364433928068628,0.11011588956411751,0.23889696803459226,0.2140442214077749
all,domain,later_neighbor_damage_any_path,B+M+L+R,random_forest,5,4000,0.08531618828130456,0.777062288744767,0.03717492338365062,0.7436556371064601,0.8019748257890711,0.28974334119821177,0.09625768227803791,0.21442242831630048,0.36155279977200466,0.5151513864692425,0.017394393223872505,0.5026930012035606,0.5280048594911926,0.06149320436921537,0.06302136103658813,0.01564245810055866,0.1073439506378721,0.07612087848092335,0.011810844601364319,0.06819985527682959,0.08566930043005352,0.5429507102286785,0.10265710604598369,0.23411157851608855,0.18708623515222808
all,domain,later_suppression_path,B,logistic,5,4000,0.1038640093581954,0.5207290743182367,0.09213312505256531,0.46492320766233775,0.5996215718507697,0.1419150084770636,0.04359317350081517,0.11061594406933646,0.17448045622352684,0.5146189872143812,0.08973536106277227,0.4485995619680662,0.5883526951900134,0.17381960635729882,0.08939013053490147,0.10339718791846453,0.2505061559507524,0.23254443607904868,0.02553932155820144,0.2132264807838382,0.2534439575446381,0.6054148868691055,0.17701732471482357,-0.08468581255086882,-0.03510231623775997
all,domain,later_suppression_path,B,random_forest,5,4000,0.1038640093581954,0.5933928402865849,0.07180435331376062,0.5378953854276401,0.6488902951455296,0.15804823134098178,0.04759626407508329,0.11976395817695747,0.19141545873090382,0.5213183617553099,0.031603913994477456,0.49837338598043884,0.5474685959888099,0.08478731627300459,0.10611163705970489,0.005529953917050691,0.17016645326504481,0.11330032113584868,0.015505588063444108,0.10114043608525387,0.12496580137596058,0.6413618912077638,0.2033657190495805,-0.04796905092117887,-0.045317487708598725
all,domain,later_suppression_path,B+M,logistic,5,4000,0.1038640093581954,0.6054148868691055,0.09709712624873061,0.5395020244834537,0.6818500389125063,0.17701732471482357,0.06798039051711569,0.12759287716180281,0.2303344659032521,0.5766552477563012,0.042926579254734684,0.5461379057702862,0.6109438293391759,0.22443847975578693,0.06307516186267706,0.17844084166954122,0.275987900987901,0.20063018163232232,0.0179680833223287,0.18717964548034455,0.2153641716018638,0.6054148868691055,0.17701732471482357,0.0,0.0
all,domain,later_suppression_path,B+M,random_forest,5,4000,0.1038640093581954,0.6413618912077638,0.04935720262826264,0.6056325528304003,0.6813611321690625,0.2033657190495805,0.06276323445644107,0.15270421593518219,0.2503367052678432,0.5165126704437177,0.01877473115396382,0.5021578434153213,0.5308674974721141,0.07778013874102721,0.06529541688143273,0.0271701982228298,0.12649460631112008,0.10320007469577748,0.013455238548061544,0.09327297976290518,0.11297521958602492,0.6413618912077638,0.2033657190495805,0.0,0.0
all,domain,later_suppression_path,B+M+L,logistic,5,4000,0.1038640093581954,0.611806621444307,0.10466912051104808,0.5379348420625717,0.6941264335788123,0.18142394054805994,0.07386798633522654,0.12667641761159615,0.24276894936130783,0.5841729133944138,0.05741890415000686,0.5445358878242221,0.6342140041847463,0.23220233080621525,0.07390456805851822,0.18127541502485434,0.29786609858265906,0.19890626081475365,0.02045422117891293,0.18406452075514,0.2161763196507085,0.6054148868691055,0.17701732471482357,0.00639173457520148,0.004406615833236371
all,domain,later_suppression_path,B+M+L,random_forest,5,4000,0.1038640093581954,0.6453944302361292,0.059683727076945504,0.6018961203493219,0.6941141676577718,0.20075107837673695,0.08601128470297914,0.13508158245316043,0.2691623304641602,0.5225579393508306,0.026825277006573667,0.5016051882830588,0.5435106904186023,0.09928720450945609,0.08703951381686917,0.030799475753604193,0.16777493326530799,0.10388013194908907,0.012636032097240096,0.09411312074565224,0.11354863593922296,0.6413618912077638,0.2033657190495805,0.004032539028365423,-0.00261464067284356
all,domain,later_suppression_path,B+M+L+R,logistic,5,4000,0.1038640093581954,0.7818616921549022,0.0162617122047579,0.770010135861463,0.7951107863623061,0.3722190236499777,0.03947504233004459,0.3405775398179621,0.4055280318575557,0.7100418061080488,0.01993237163495176,0.694697089025202,0.7251026413132398,0.358405491811365,0.06160125503356008,0.30830424203956414,0.404611570459546,0.1629098798216742,0.01466356904457014,0.151178406017162,0.17337911397933609,0.6054148868691055,0.17701732471482357,0.1764468052857967,0.19520169893515416
all,domain,later_suppression_path,B+M+L+R,random_forest,5,4000,0.1038640093581954,0.7901529236514955,0.042783636069302265,0.7554077614915903,0.8221851808857533,0.3589885104676447,0.08867946163195026,0.28171301338801313,0.42151346402598017,0.581222779309174,0.012489375098712297,0.5720411764609923,0.5909231057980079,0.26574697621321475,0.0343997299240671,0.24158840342997143,0.2955726092089729,0.08807382323893219,0.008966626185850259,0.08179983968372817,0.09604637089021767,0.6413618912077638,0.2033657190495805,0.1487910324437317,0.15562279141806418
all,domain,later_target_any_path,B,logistic,5,4000,0.18282247363642715,0.5925957806004043,0.11346555822836991,0.5093200947243564,0.6771985891788469,0.28084145037253305,0.0996195609173178,0.20070190028307183,0.3542776763572356,0.5768101549160229,0.06516518851480374,0.5272188274039185,0.6277975582853839,0.32275759885736266,0.09595467870041545,0.25127899691261224,0.39632888753173756,0.23540425109983415,0.009933738486967133,0.2278449072735896,0.24321293668301136,0.6572928052494664,0.3240492644597749,-0.06469702464906213,-0.043207814087241836
all,domain,later_target_any_path,B,random_forest,5,4000,0.18282247363642715,0.6276205754055895,0.09731339369989342,0.5513375349325902,0.703903615878589,0.3004645291463092,0.09448933222067071,0.23224183708892104,0.3713045285793771,0.564788621828568,0.058864856167422416,0.525479164778098,0.6174038437777789,0.24680913603610213,0.12525510197366618,0.15780294853687366,0.35717348771043184,0.16611589557279363,0.01271438944724259,0.15704916079772607,0.17650641116016147,0.6748824114362854,0.3609733073130515,-0.04726183603069589,-0.06050877816674227
all,domain,later_target_any_path,B+M,logistic,5,4000,0.18282247363642715,0.6572928052494664,0.09177589057792139,0.5773308812925808,0.7286247484908552,0.3240492644597749,0.12561218569239632,0.23020498833270592,0.42203922725285026,0.6149212454810089,0.0669501296381912,0.5571823078318889,0.6680320250350171,0.36338136011388794,0.09473490162900036,0.28249770768384375,0.4300379815518177,0.20643790565891687,0.009681670363369334,0.19824854591172278,0.2142190288104171,0.6572928052494664,0.3240492644597749,0.0,0.0
all,domain,later_target_any_path,B+M,random_forest,5,4000,0.18282247363642715,0.6748824114362854,0.054974925219534815,0.6355813040941363,0.7217273470916867,0.3609733073130515,0.09788602498145273,0.2836179921270346,0.4346303883818094,0.5684105907157084,0.04522553446551963,0.5361351747355049,0.6056939385109212,0.2608949238740018,0.09365489702200612,0.1958273929368232,0.3375280801177332,0.1541762698190121,0.011673013765501046,0.14626026447472212,0.1642382355614617,0.6748824114362854,0.3609733073130515,0.0,0.0
all,domain,later_target_any_path,B+M+L,logistic,5,4000,0.18282247363642715,0.6641974988392728,0.09536471328191261,0.5887851139516345,0.7347507595356632,0.3313522732430563,0.12568870754917558,0.23471162150981928,0.4279929249762932,0.6240013378305965,0.06946550981089539,0.5698316860226784,0.6788315733973672,0.37186305008662235,0.09549525822284974,0.2937157541636274,0.43835860232679347,0.2043075488206505,0.011953664816874928,0.19420957927889043,0.21355457365208816,0.6572928052494664,0.3240492644597749,0.006904693589806388,0.007303008783281384
all,domain,later_target_any_path,B+M+L,random_forest,5,4000,0.18282247363642715,0.6896393826772371,0.049285579956806144,0.6559422942323277,0.7292925111485457,0.36446334406758896,0.10091697510619659,0.28256609253808446,0.43748186037061476,0.5862577287005001,0.04336933038542229,0.5566852933103997,0.6233700713433172,0.3047622705107763,0.08508319665070886,0.2427198284595124,0.37535211177607974,0.15218013738448738,0.01141752070006715,0.14496056915943545,0.16184647954719902,0.6748824114362854,0.3609733073130515,0.014756971240951766,0.003490036754537462
all,domain,later_target_any_path,B+M+L+R,logistic,5,4000,0.18282247363642715,0.6661522435767593,0.0930862730147765,0.592632369822564,0.7361101403274921,0.3459505745576118,0.12659088298895668,0.24886506807158995,0.4430360810436337,0.6221493874888995,0.06257421520272623,0.5764251616951529,0.6755224751911622,0.37062943609617427,0.08677470075759294,0.30428184775773925,0.434192460343328,0.20375663089686685,0.011822882702230838,0.19402890927083755,0.21259017203892072,0.6572928052494664,0.3240492644597749,0.008859438327292857,0.021901310097836912
all,domain,later_target_any_path,B+M+L+R,random_forest,5,4000,0.18282247363642715,0.7688010647820163,0.04084545710938418,0.7380101371578256,0.7995919924062067,0.4556386588826024,0.08963131382368564,0.38164114618205236,0.5230719340675309,0.6273990203882345,0.030326180255004845,0.6068151366498009,0.652653417359931,0.38902720569539795,0.05415288345085126,0.34974218154080855,0.4344541062801932,0.13670090148485414,0.010860156639308645,0.1302515526281147,0.14644502648669439,0.6748824114362854,0.3609733073130515,0.09391865334573091,0.09466535156955092
all,record,later_capability_damage_any_path,B,logistic,5,4000,0.06749999999999999,0.5393207895879645,0.05844460563946202,0.49515953968352466,0.5834820394924043,0.08117623756854575,0.019079058396164222,0.06460057002626304,0.09353425922945527,0.520758305364757,0.08119244533007892,0.45941372886994813,0.5852124647569693,0.12854092869460623,0.048774175510617884,0.09037247768672688,0.1658517834712995,0.23994734278458493,0.018521554697326827,0.22375803104199293,0.2542970893659808,0.5409118301100537,0.07629003767741405,-0.0015910405220892487,0.004886199891131704
all,record,later_capability_damage_any_path,B,random_forest,5,4000,0.06749999999999999,0.5148248250738557,0.04730372722044815,0.4786084318332665,0.5510310885563101,0.10795246922582805,0.0330630285614487,0.08023251789300147,0.13206174920891992,0.5,0.0,0.5,0.5,0.0,0.0,0.0,0.0,0.07944871680854741,0.01357146722992764,0.06958881966009202,0.08935835773249809,0.5101185522986738,0.09521105767094533,0.0047062727751819855,0.012741411554882717
all,record,later_capability_damage_any_path,B+M,logistic,5,4000,0.06749999999999999,0.5409118301100537,0.04633615999638124,0.505852008511286,0.5771784362169259,0.07629003767741405,0.02059584074590645,0.0605059216285078,0.09207415372632029,0.521201484282406,0.024789162983776786,0.5043141443108553,0.5435136346498937,0.1271691270689674,0.034063081025992634,0.10159024115836932,0.1527480129795655,0.23269895137466148,0.014714464775626511,0.22001313906149708,0.2438640551740209,0.5409118301100537,0.07629003767741405,0.0,0.0
all,record,later_capability_damage_any_path,B+M,random_forest,5,4000,0.06749999999999999,0.5101185522986738,0.03353713496459865,0.48352653116420646,0.5339179475098663,0.09521105767094533,0.02867588092509708,0.07240315697021908,0.11672935266829487,0.5,0.0,0.5,0.5,0.0,0.0,0.0,0.0,0.07730024519476761,0.011386266399241046,0.06944532567687306,0.08625828984204012,0.5101185522986738,0.09521105767094533,0.0,0.0
all,record,later_capability_damage_any_path,B+M+L,logistic,5,4000,0.06749999999999999,0.5590251410426135,0.05958432531687944,0.5134224384075157,0.6063290156472263,0.08161329382163389,0.025055150012051993,0.061468916955420796,0.10067450931079798,0.53959530875693,0.03676483958287201,0.5177195271964695,0.5725182550972026,0.13699268397908332,0.038367399894050996,0.1073536767644975,0.16688470895550164,0.22951514600587095,0.015081968016069378,0.21841967629483636,0.24215027440585762,0.5409118301100537,0.07629003767741405,0.018113310932559745,0.005323256144219843
all,record,later_capability_damage_any_path,B+M+L,random_forest,5,4000,0.06749999999999999,0.5319914919443868,0.03468386643972965,0.5037806322194196,0.5561697951635847,0.0985053577363404,0.028530493218986607,0.07332333376238129,0.11875961481298503,0.5,0.0,0.5,0.5,0.0,0.0,0.0,0.0,0.07466964442687135,0.011534144285642048,0.0669054217512478,0.08390709716790742,0.5101185522986738,0.09521105767094533,0.02187293964571302,0.0032943000653950644
all,record,later_capability_damage_any_path,B+M+L+R,logistic,5,4000,0.06749999999999999,0.8404764710839684,0.03170039560754117,0.8159226560744344,0.8640787466503547,0.3648097480210673,0.07603784720180297,0.313737828306244,0.43205302364096776,0.7546860121755989,0.03783609809968634,0.7254146735884086,0.7831261035737602,0.3072880060473945,0.03925223064906551,0.2739438819606924,0.33302818807114376,0.1503309336513668,0.01618773253446665,0.1386746728777935,0.1637369276069334,0.5409118301100537,0.07629003767741405,0.29956464097391466,0.28851971034365326
all,record,later_capability_damage_any_path,B+M+L+R,random_forest,5,4000,0.06749999999999999,0.8194593791435455,0.04757137093960831,0.7821999043275978,0.8539288271696802,0.29626498222605535,0.09080588688781172,0.2259023002302995,0.36239453765805824,0.5403675450128909,0.041101794084029045,0.5114592697961118,0.5726348293957331,0.14014786171743693,0.13005262690531916,0.0460019114367633,0.2436781609195402,0.059230261607264766,0.010939428312898666,0.05173535373638173,0.06837045124035963,0.5101185522986738,0.09521105767094533,0.30934082684487174,0.20105392455511
all,record,later_clean_any_path,B,logistic,5,4000,0.18175,0.6183777716394571,0.03868154857034859,0.587718068325746,0.6478281023568863,0.291164614452655,0.07383518055893663,0.2286366933554917,0.34411099144024504,0.5726564757177102,0.0259666598731851,0.5580001456526378,0.5962798696808455,0.3207012429660182,0.05691995841781763,0.28138599386581664,0.3710560874859722,0.23598286141829403,0.013756758698864937,0.2264523797152727,0.2485624713151791,0.6959971476358271,0.3395835718396583,-0.07761937599637003,-0.0484189573870033
all,record,later_clean_any_path,B,random_forest,5,4000,0.18175,0.6049818818833237,0.0341364716028376,0.5809523359850342,0.6344611681549628,0.272846366927342,0.05282883899647891,0.2302602079778259,0.3115767579754857,0.5319725169770737,0.020229259673083297,0.5183659142164058,0.550658524541644,0.1937065983149576,0.0546649690927695,0.16543694577946252,0.24369895889555346,0.16639100338557528,0.009105370768032955,0.15920712154232863,0.17357488522882186,0.681427293381262,0.3396462192743588,-0.07644541149793826,-0.0667998523470168
all,record,later_clean_any_path,B+M,logistic,5,4000,0.18175,0.6959971476358271,0.058657277695372614,0.6507077300352931,0.7437831914406429,0.3395835718396583,0.08007745137053286,0.2719541238961081,0.39607049924659693,0.6426743701867412,0.04194361291835088,0.6068106438734822,0.6742313489145342,0.3955091052893062,0.06808725023398385,0.33751148999875996,0.4432158777860484,0.21650014222939484,0.018941335588970095,0.2018709643367579,0.23089337649735447,0.6959971476358271,0.3395835718396583,0.0,0.0
all,record,later_clean_any_path,B+M,random_forest,5,4000,0.18175,0.681427293381262,0.04114241069113405,0.6474278734576028,0.7121048920564945,0.3396462192743588,0.06604509647469274,0.2865425239463113,0.3900005671889552,0.5789610809834752,0.028832696394283115,0.5569595847039371,0.6009625772630135,0.2931640011088283,0.06645354034066592,0.24380257645430808,0.34814894588052286,0.1527981447073327,0.010174195343951486,0.14412706335804376,0.159683576879742,0.681427293381262,0.3396462192743588,0.0,0.0
all,record,later_clean_any_path,B+M+L,logistic,5,4000,0.18175,0.6970898402945356,0.053617303695279506,0.6546704331851172,0.7366368679200039,0.3550449984297079,0.08335710782500291,0.28209830403661545,0.4121318655391485,0.6477853677254479,0.042211712716808236,0.6175297807065351,0.6833792865463507,0.4000715201202832,0.058142349384555946,0.3480147869242409,0.4409268720898717,0.21514193708462298,0.01595556489995603,0.2025043243330888,0.2270789398561023,0.6959971476358271,0.3395835718396583,0.0010926926587084829,0.015461426590049565
all,record,later_clean_any_path,B+M+L,random_forest,5,4000,0.18175,0.6959823410431032,0.03316307956133014,0.667518697964171,0.7189091245133676,0.3660588984059806,0.06331145212699958,0.3141782920581054,0.41389522392199735,0.5874426140903191,0.021031971835425538,0.5710916688477873,0.6037935593328507,0.31104700134654095,0.05044712615672788,0.27280720859223195,0.35077672642357793,0.14959451727542544,0.00905741950917436,0.14168607930062133,0.15612083599467702,0.681427293381262,0.3396462192743588,0.014555047661841236,0.02641267913162182
all,record,later_clean_any_path,B+M+L+R,logistic,5,4000,0.18175,0.7013225607901887,0.05014685508793045,0.6634857192486372,0.7412760904484286,0.3609787670178904,0.07475237316845472,0.29607582068497196,0.41354824855023875,0.6511832520154796,0.03499846341215696,0.6252985748057551,0.6799567036248965,0.4048145583585848,0.054978260531973126,0.36105347253094033,0.4466188916926038,0.21316927561925625,0.016977243009928134,0.1996981401138971,0.22555395384901492,0.6959971476358271,0.3395835718396583,0.005325413154361636,0.021395195178232074
all,record,later_clean_any_path,B+M+L+R,random_forest,5,4000,0.18175,0.7704539095441978,0.01906219143210698,0.7554938001997514,0.7851033170591585,0.436696296543024,0.08150395491035639,0.3765516953325388,0.49701735584954976,0.6144285911280158,0.02631439863915421,0.5939363641394472,0.6349208181165846,0.36774643869282797,0.06540482438416977,0.31611560838875324,0.4193772689969027,0.13530616292987402,0.007409997325886931,0.1295124693131893,0.14080083562678752,0.681427293381262,0.3396462192743588,0.08902661616293583,0.09705007726866521
all,record,later_clean_enhancement_path,B,logistic,5,4000,0.0975,0.6057118871562962,0.061256061395578675,0.558950677419132,0.6530183354933954,0.19308751551335193,0.07523532572427948,0.13380612876154663,0.2600435095985385,0.5748722065104903,0.07786025161723081,0.5116332773435475,0.6330019401400648,0.20928481985471564,0.07515885989563555,0.1493974543005449,0.26649251132009755,0.22808721315829533,0.01840433054544623,0.2145970755812147,0.244685265643,0.6528164415794304,0.20944744998958081,-0.047104554423134215,-0.016359934476228882
all,record,later_clean_enhancement_path,B,random_forest,5,4000,0.0975,0.6113515733767609,0.04202467208542193,0.5787528868138222,0.6417832448888807,0.18511253508524975,0.04265599730149524,0.15217989983995553,0.218045170330544,0.5423677252108698,0.02063503520809829,0.5239637366292259,0.5551763948849159,0.15624048829017773,0.06604136552697665,0.09874001774622891,0.1973283858998145,0.10351626547273465,0.014676985650465187,0.09368055146452361,0.11701073335548566,0.6548610519248287,0.20040967489934194,-0.04350947854806775,-0.015297139814092198
all,record,later_clean_enhancement_path,B+M,logistic,5,4000,0.0975,0.6528164415794304,0.08969795689745477,0.5826233495506076,0.717106976491006,0.20944744998958081,0.05850533033481997,0.1588431656657047,0.2456329776252076,0.6032048576349445,0.05312455720997081,0.5618343977168208,0.6445753175530677,0.23578031617730405,0.06423794542815048,0.18315839994092994,0.28376720512456116,0.20983951562500716,0.023413034280640406,0.19281156925155135,0.22765726109221635,0.6528164415794304,0.20944744998958081,0.0,0.0
all,record,later_clean_enhancement_path,B+M,random_forest,5,4000,0.0975,0.6548610519248287,0.04774685043114133,0.6128854875498649,0.6866293445418494,0.20040967489934194,0.0388699549161139,0.17782606161498943,0.23608105235044027,0.5343889869201036,0.018898092636944128,0.5188274950456613,0.5474029042168113,0.1319867620369382,0.06584778248768698,0.07416462047613963,0.1743859649122807,0.09818490151913994,0.012166655574241908,0.08940666515062583,0.10781257770434319,0.6548610519248287,0.20040967489934194,0.0,0.0
all,record,later_clean_enhancement_path,B+M+L,logistic,5,4000,0.0975,0.6537752204117074,0.07804709983187903,0.5907582515376519,0.7123441743580724,0.21457102316832896,0.0667248642818806,0.15360354724696085,0.25087429321473426,0.6064245726182538,0.07138870851703985,0.5507981646686197,0.6620509805678878,0.23960730340747252,0.07745037694708232,0.17431190889789616,0.29700931382069784,0.2072271710921587,0.02061921594846054,0.19244454641881412,0.22292219769649776,0.6528164415794304,0.20944744998958081,0.0009587788322770185,0.0051235731787481475
all,record,later_clean_enhancement_path,B+M+L,random_forest,5,4000,0.0975,0.6696870103411212,0.05196925926675465,0.6270939641986167,0.7046647919671598,0.21228960890083232,0.05562334884978362,0.17918662991482615,0.26368228954331163,0.5305801861086057,0.02073602510043919,0.5137432836097252,0.5456348576937908,0.11962984139641517,0.07395484226286368,0.05718216840946615,0.1699749703103619,0.0965875580096192,0.010603768967077775,0.08856530118517972,0.10552712056377031,0.6548610519248287,0.20040967489934194,0.014825958416292528,0.011879934001490372
all,record,later_clean_enhancement_path,B+M+L+R,logistic,5,4000,0.0975,0.8120973834795693,0.041146572106192734,0.774923972250685,0.8399221247274553,0.40953429472233116,0.13406893663777683,0.29744177994798965,0.5057616929851642,0.7271212145192972,0.03865780426353461,0.6948293997105583,0.7558088618195276,0.36832287250530904,0.08378834881201142,0.30219650675141596,0.4314844928855578,0.15302594189510127,0.016098515247362916,0.14017580427227574,0.1658760795179268,0.6528164415794304,0.20944744998958081,0.15928094190013886,0.20008684473275035
all,record,later_clean_enhancement_path,B+M+L+R,random_forest,5,4000,0.0975,0.8233347463347405,0.0333597135218215,0.7990246474194287,0.8521864352874312,0.399107629658986,0.08335153747361114,0.3389833491111765,0.47173782935973624,0.5947146697569783,0.02204729356925415,0.5773993825232242,0.6101581293040317,0.2987277078986543,0.055462431045419015,0.2516018586451455,0.3380923935674485,0.07917358479011477,0.006459542138510511,0.07470678777197662,0.08505380807861015,0.6548610519248287,0.20040967489934194,0.16847369440991178,0.19869795475964405
all,record,later_clean_suppression_path,B,logistic,5,4000,0.10049999999999999,0.5668558474594952,0.05025398815424841,0.5307035125443111,0.6074548916245919,0.13690353731444008,0.03517211291175629,0.11161961611175095,0.16558944348743104,0.5656904351367354,0.036814973627754,0.5380502247369376,0.5958269292414878,0.20536159447427327,0.019024616152983894,0.1904412634567609,0.2199836938544467,0.24165963420064895,0.017424331276327462,0.2310018343331705,0.2570650941064648,0.6320169054356698,0.1506992645700515,-0.06516105797617455,-0.013795727255611429
all,record,later_clean_suppression_path,B,random_forest,5,4000,0.10049999999999999,0.5714147150913409,0.04129400919427744,0.5437424931953909,0.6087076602854975,0.14006415352563759,0.03355921114156735,0.1137869108833933,0.16498978775233616,0.5016680235767316,0.008106091478048277,0.4955857953940058,0.5081364975243953,0.031699718866347544,0.044554215869561216,0.0,0.069082896436441,0.11054053584411913,0.0079073744897224,0.10511021215589889,0.1167242019723953,0.6400034985912767,0.17270824555946407,-0.0685887834999358,-0.03264409203382648
all,record,later_clean_suppression_path,B+M,logistic,5,4000,0.10049999999999999,0.6320169054356698,0.03790455624559268,0.6029448771458001,0.6593176031271448,0.1506992645700515,0.029519146302711297,0.1268644690812945,0.1725562722635961,0.5979869432314913,0.03979299331359737,0.5688990514272172,0.6303688530708572,0.22991573246144834,0.03187274021561682,0.20318691128075997,0.25136739559782745,0.2263045356944779,0.01311564727558606,0.21611618343399036,0.23649288795496543,0.6320169054356698,0.1506992645700515,0.0,0.0
all,record,later_clean_suppression_path,B+M,random_forest,5,4000,0.10049999999999999,0.6400034985912767,0.020104406100246497,0.6245710347327671,0.6563172248901672,0.17270824555946407,0.047562610674451083,0.13548833391587398,0.20937033075124564,0.5042303004418461,0.00758726952297939,0.4975575035410049,0.5087491581886534,0.04254419761666138,0.014475575784582669,0.030917874396135265,0.05365319865319862,0.10274002906809454,0.006602096433158302,0.09798097959027616,0.10852267269443513,0.6400034985912767,0.17270824555946407,0.0,0.0
all,record,later_clean_suppression_path,B+M+L,logistic,5,4000,0.10049999999999999,0.6307267334533211,0.03746183697993303,0.6019479914662171,0.6595054754404249,0.1560483522920699,0.026730897904306723,0.13454242481167264,0.17579834869534555,0.6030229254375808,0.037182980184795635,0.5749076257451751,0.6313005234096745,0.23403038790692648,0.03350758201743294,0.20894259160985698,0.259118184203996,0.2250211579369882,0.010743339938860959,0.2167790384317944,0.23351712490401075,0.6320169054356698,0.1506992645700515,-0.001290171982348709,0.005349087722018392
all,record,later_clean_suppression_path,B+M+L,random_forest,5,4000,0.10049999999999999,0.6646050958666857,0.011791105911509,0.6546432334549763,0.6732286314842243,0.19239398724038576,0.04082741031110785,0.15857340587527152,0.22172711684001803,0.5136722912170468,0.011507541976863144,0.5049611237502355,0.5226839309572776,0.06998757200027353,0.03912461665652913,0.04136636023152877,0.09979296066252588,0.1009317015078434,0.007526149585659764,0.09535184630591628,0.10724545354701878,0.6400034985912767,0.17270824555946407,0.024601597275409004,0.019685741680921687
all,record,later_clean_suppression_path,B+M+L+R,logistic,5,4000,0.10049999999999999,0.8013231524865292,0.029972821656494158,0.7775938998158956,0.8238978490693135,0.36863515987536943,0.06314045662846422,0.3190932574813249,0.41508775821148414,0.7374041924053236,0.034588011139058586,0.7115569284291435,0.7644522194224577,0.3711511493758496,0.04721117973004029,0.3344755700325733,0.4090495314591701,0.16677148336768124,0.010445576970751737,0.1584965650649794,0.17478608228518736,0.6320169054356698,0.1506992645700515,0.1693062470508594,0.21793589530531793
all,record,later_clean_suppression_path,B+M+L+R,random_forest,5,4000,0.10049999999999999,0.8211558743970127,0.027759004905461418,0.8008156638401264,0.8433425652831967,0.3638785604962795,0.06604285097075298,0.3097650591034561,0.409803209269449,0.5580490065948173,0.022678497999696873,0.5403248167544785,0.5757731964351562,0.20622876661790532,0.06602219689028063,0.15410455177897037,0.25835298145684027,0.08337659322195314,0.007081583225707923,0.07806293358660499,0.0889957003065292,0.6400034985912767,0.17270824555946407,0.18115237580573595,0.1911703149368154
all,record,later_enhancement_path,B,logistic,5,4000,0.10375000000000001,0.6046708710507268,0.06279174682924275,0.5581523653276823,0.6562918250361546,0.20211586510604138,0.0795898738357359,0.1402406711698129,0.2728595229989453,0.5701802849828278,0.0631743039218336,0.519610945369697,0.6152203883148497,0.2161586946238967,0.07316127683327804,0.15684672999278318,0.27233172698290686,0.22835804151580774,0.016211390160782258,0.21648638775552653,0.2427997661373884,0.6410996364397432,0.20689156368479567,-0.036428765389016404,-0.004775698578754289
all,record,later_enhancement_path,B,random_forest,5,4000,0.10375000000000001,0.6101862059088317,0.051487071215860165,0.5717846323213812,0.6483335302799085,0.19209394006696118,0.04093642618625102,0.16062650735197984,0.22356137278194255,0.5413533760680898,0.021992833029780504,0.5221218048587237,0.5573558847379353,0.1579565734752661,0.06923370771495571,0.09720200158667358,0.20114367901601943,0.10764660360440528,0.013186475906694257,0.09867057535250087,0.1195607763936332,0.6640989809014655,0.22258853859848485,-0.053912774992633805,-0.03049459853152367
all,record,later_enhancement_path,B+M,logistic,5,4000,0.10375000000000001,0.6410996364397432,0.09100076672700487,0.5666581520994706,0.7063166216524894,0.20689156368479567,0.0630305187831674,0.15051868672048901,0.2426373698545256,0.5904102641939705,0.06447303331348647,0.5380381488774583,0.6378508807334803,0.2372387314330146,0.07386339515202069,0.1722340974096322,0.28909889327003957,0.21192678241600685,0.022128860404564424,0.19514368284808226,0.2287098819839314,0.6410996364397432,0.20689156368479567,0.0,0.0
all,record,later_enhancement_path,B+M,random_forest,5,4000,0.10375000000000001,0.6640989809014655,0.043915839464313225,0.6302438118390048,0.6962572092405864,0.22258853859848485,0.04820725859435477,0.1882378858374803,0.26264895295658963,0.5384548763013434,0.026921675971640805,0.5154292621742342,0.5582660744417669,0.14273717108445366,0.0917850774588824,0.062100038182512404,0.2075025348892945,0.1018424505089659,0.01029196567396854,0.09412591567820171,0.11058650567772091,0.6640989809014655,0.22258853859848485,0.0,0.0
all,record,later_enhancement_path,B+M+L,logistic,5,4000,0.10375000000000001,0.6402056575085888,0.07632364682300019,0.5752855772632598,0.6961922278279694,0.213118485394349,0.06716635867928948,0.15138090714053712,0.2500015805257737,0.5939034497677397,0.06199194076268466,0.5439357498997682,0.6410240202245879,0.24100109813937726,0.07509596034846976,0.178380529705674,0.29688470054070387,0.20996870364420742,0.019177669057511594,0.1956271952435548,0.22431021204486007,0.6410996364397432,0.20689156368479567,-0.0008939789311543933,0.006226921709553329
all,record,later_enhancement_path,B+M+L,random_forest,5,4000,0.10375000000000001,0.6684340020543657,0.05511135166239322,0.6244679832529971,0.7087671891183839,0.24321311581957938,0.050864123110353515,0.21190945650945067,0.2891930014797507,0.5407679194352392,0.028599261692858896,0.518800069919891,0.5627357689505874,0.15155739715240935,0.09111010098109944,0.08110599078341015,0.22200880352140856,0.1001601049245037,0.009184380608351247,0.09312792281016044,0.10749569443972098,0.6640989809014655,0.22258853859848485,0.004335021152900187,0.020624577221094537
all,record,later_enhancement_path,B+M+L+R,logistic,5,4000,0.10375000000000001,0.8136768702754058,0.04225008313704524,0.7777113180219818,0.8445819008917151,0.42180122722241914,0.12531522731721279,0.3153710901439443,0.511525484528293,0.7268612999777919,0.042236971832178415,0.6929934390751316,0.7587551407257735,0.38164764885932134,0.08365744354218536,0.31550589195750484,0.4478644424978736,0.1521240264852162,0.015050811784011532,0.14013227537157485,0.1639429837903888,0.6410996364397432,0.20689156368479567,0.1725772338356626,0.21490966353762347
all,record,later_enhancement_path,B+M+L+R,random_forest,5,4000,0.10375000000000001,0.8355232441165091,0.03544441937474692,0.8105113146259576,0.8668486016536712,0.4460634564332226,0.09159560512227713,0.3801525162910432,0.5256269612049156,0.5957236743252243,0.027448408834323958,0.5774698279630182,0.6205825028698856,0.3038629591066927,0.07258334261222976,0.25460598494306363,0.3695983925942195,0.08051872056736528,0.005095029263866273,0.0765480781722468,0.08505572728483261,0.6640989809014655,0.22258853859848485,0.17142426321504367,0.22347491783473775
all,record,later_neighbor_damage_any_path,B,logistic,5,4000,0.09125000000000001,0.5274147583276914,0.08316146755080024,0.46686236761323885,0.5955202911436832,0.11195946386066888,0.027651311781015812,0.09108304830848149,0.13327763198009726,0.5112302796420256,0.06682182141455457,0.4611618983374258,0.5632031986494812,0.1528892712125161,0.03761778622079736,0.124760182202675,0.18230265292673895,0.24106119910189444,0.012367136869075873,0.23154073407829534,0.25032687098570283,0.5086377633851499,0.10932003537760844,0.01877699494254148,0.002639428483060438
all,record,later_neighbor_damage_any_path,B,random_forest,5,4000,0.09125000000000001,0.49737733411371166,0.024302701948281116,0.48037665037448746,0.5175656816170934,0.10170794508597403,0.01609556311022046,0.08945250993234369,0.11396338023960435,0.4960869659496643,0.002412906360195693,0.49451038892339005,0.4982572543911008,0.004651162790697674,0.010400316174417626,0.0,0.013953488372093023,0.10186606540777295,0.0072025024585464096,0.09650948164794658,0.1072226491675993,0.4884048053581411,0.09534491988948772,0.00897252875557053,0.006363025196486308
all,record,later_neighbor_damage_any_path,B+M,logistic,5,4000,0.09125000000000001,0.5086377633851499,0.027894080327488684,0.4877562562723449,0.5295249387540152,0.10932003537760844,0.02510398177054836,0.08929760091341361,0.1284951557808818,0.5126006737147616,0.040923217635902544,0.48253852361656724,0.5435119242201321,0.15707961268131726,0.038509466162347475,0.13144394377267382,0.19207591182163233,0.24399313487082006,0.01765759280114313,0.23094841751837544,0.2583278883808686,0.5086377633851499,0.10932003537760844,0.0,0.0
all,record,later_neighbor_damage_any_path,B+M,random_forest,5,4000,0.09125000000000001,0.4884048053581411,0.032259445599941164,0.4623067795428694,0.5127969965296008,0.09534491988948772,0.014985410308427743,0.08200599505273494,0.10408806786332801,0.4981843575418994,0.004059899959147674,0.4945530726256983,0.5,0.0,0.0,0.0,0.0,0.10047731260229531,0.008502789598311654,0.0940615419692122,0.10689308323537838,0.4884048053581411,0.09534491988948772,0.0,0.0
all,record,later_neighbor_damage_any_path,B+M+L,logistic,5,4000,0.09125000000000001,0.5134639761336734,0.022561281609981304,0.4967468812930724,0.5305818264367861,0.10709256212057183,0.019157078311700545,0.09051041440662774,0.11993441779734412,0.5257472800997449,0.03859114995615139,0.49555931817073134,0.5547154677070869,0.1646163761033185,0.0337558962673597,0.14033042373358423,0.19330831435128742,0.2436631746391838,0.016883468064954613,0.23146897073049327,0.2576175157149989,0.5086377633851499,0.10932003537760844,0.004826212748523573,-0.002227473257036608
all,record,later_neighbor_damage_any_path,B+M+L,random_forest,5,4000,0.09125000000000001,0.4826694489215907,0.03360690147590642,0.45776918459830584,0.5103649531525303,0.09353026548194286,0.019481874378022037,0.07846997493518379,0.10859055602870196,0.4987537307721742,0.0017271055822329075,0.49735708272748147,0.5,0.0,0.0,0.0,0.0,0.09866533984312884,0.00830576547490455,0.09224451857237219,0.1049093716358156,0.4884048053581411,0.09534491988948772,-0.005735356436550432,-0.0018146544075448579
all,record,later_neighbor_damage_any_path,B+M+L+R,logistic,5,4000,0.09125000000000001,0.7695802293638875,0.02333749203995833,0.7548674528568441,0.7902668936151972,0.33466567649656304,0.054661504135754636,0.2942613959068419,0.3785018326652062,0.6813949857551164,0.03292155378699611,0.6575347658154935,0.706194697810812,0.2989988550431941,0.05348419597041266,0.2601752703248147,0.33915535444947215,0.17397167775433792,0.016110184382729955,0.16172960311237816,0.186761425154111,0.5086377633851499,0.10932003537760844,0.2609424659787376,0.2253456411189546
all,record,later_neighbor_damage_any_path,B+M+L+R,random_forest,5,4000,0.09125000000000001,0.7717694427324299,0.020214083685512318,0.7545314258148854,0.7858359505876044,0.2713984352518994,0.07726549054909579,0.21895463004246069,0.333864620055575,0.52405038507979,0.02008215375563347,0.50813938603798,0.5390147378121973,0.09325736111479506,0.07158519538829539,0.03778348882239043,0.14589019394135205,0.08166332231880102,0.006628977074114064,0.07660711304015759,0.08688265104476445,0.4884048053581411,0.09534491988948772,0.28336463737428874,0.17605351536241165
all,record,later_suppression_path,B,logistic,5,4000,0.1105,0.5754053466270618,0.04352056352448632,0.5439557684859518,0.61193940810723,0.1475598166783207,0.03134998198112086,0.12424564658491037,0.17087398677173102,0.5694586639492085,0.04555510804932703,0.5370671971612991,0.6078870938798376,0.22193332377023242,0.011511660037190084,0.21204641019280931,0.22984768631529767,0.24050281653145497,0.016870406111290356,0.2305294848298322,0.25530564860206045,0.6457709896934924,0.1687209955240402,-0.07036564306643067,-0.021161178845719525
all,record,later_suppression_path,B,random_forest,5,4000,0.1105,0.5830655358438255,0.04689194071322203,0.5467352736975282,0.6197963652585902,0.16407450201705548,0.056389653064752736,0.11972473510233003,0.20842426893178095,0.4986223294714251,0.0044781109827334775,0.49536014368587916,0.5019836096107282,0.023066666666666666,0.03642831621448103,0.0,0.05253333333333332,0.11802481534906603,0.008115558457934664,0.11202642223244012,0.12400057674914189,0.6451761330397263,0.2002583928195097,-0.06211059719590084,-0.03618389080245421
all,record,later_suppression_path,B+M,logistic,5,4000,0.1105,0.6457709896934924,0.027416061215946436,0.6261227224548153,0.6657678906945206,0.1687209955240402,0.03404674892900053,0.1425230547253517,0.19482233371911545,0.6026416245146159,0.025870055637727575,0.5825568427465558,0.622726406282676,0.2516660143848203,0.04023820256948379,0.22063630939182677,0.2823143530267541,0.22466139236549032,0.013896421540028518,0.21410983588862723,0.2352129488423534,0.6457709896934924,0.1687209955240402,0.0,0.0
all,record,later_suppression_path,B+M,random_forest,5,4000,0.1105,0.6451761330397263,0.021099238350259984,0.631879479174627,0.6645324062991786,0.2002583928195097,0.064221084492143,0.15078636137866144,0.24973042426035788,0.5131535367931226,0.013206465692236808,0.5029167445711671,0.5233903290150785,0.07484888518658125,0.0441514109183008,0.041592903388699524,0.10978512396694215,0.10931690541285133,0.008185787192930177,0.10335734521195435,0.11639228522201472,0.6451761330397263,0.2002583928195097,0.0,0.0
all,record,later_suppression_path,B+M+L,logistic,5,4000,0.1105,0.6452850482970259,0.027362903317985587,0.6249881316016219,0.6671103663481126,0.16957331078769994,0.025787290491799165,0.1497065785900012,0.1894400429853987,0.6068181633640621,0.028347355733913348,0.5859013120441844,0.6300904472711095,0.2544063110338598,0.03932218111055281,0.22507474051417048,0.28373788155354907,0.22364468704637025,0.011535637879825523,0.2149912057378734,0.23240531322281271,0.6457709896934924,0.1687209955240402,-0.000485941396466516,0.0008523152636597253
all,record,later_suppression_path,B+M+L,random_forest,5,4000,0.1105,0.665400342158912,0.013321734003810329,0.655004840292857,0.675795844024967,0.20464057023793267,0.04932157060133308,0.166332878557294,0.2414073201299211,0.5183897563955329,0.01455262197640703,0.5074651707725958,0.5300393636866287,0.09071494287678686,0.05075427027977074,0.05027128797603766,0.12872203680592537,0.10798425418782029,0.009209965120483424,0.10105229427143028,0.11538213056593385,0.6451761330397263,0.2002583928195097,0.020224209119185654,0.004382177418422978
all,record,later_suppression_path,B+M+L+R,logistic,5,4000,0.1105,0.8012268893331557,0.015017062112542173,0.7893107135613915,0.8131430651049196,0.3891558550504869,0.05301704579411841,0.3490604569073879,0.42811396936726887,0.7287089431578873,0.020511356089851607,0.7134180678058434,0.744880306653531,0.38322568765951137,0.040912897207504184,0.35061084420041183,0.4168656140554313,0.16752728522699953,0.010684408126495981,0.15886094707802387,0.17536697580842733,0.6457709896934924,0.1687209955240402,0.15545589963966322,0.22043485952644667
all,record,later_suppression_path,B+M+L+R,random_forest,5,4000,0.1105,0.8225539452707065,0.01993559079876865,0.8077146051852615,0.8375137120049733,0.3866691569167683,0.0719220941596064,0.3297574199025416,0.4388819752831248,0.5897285295215754,0.016912217070003184,0.5767536138789188,0.6027034451642319,0.2893867389383345,0.04433132011923595,0.25334106920845423,0.3223915343915344,0.08867011252050608,0.008463229387934505,0.08223523750462451,0.09503704769339558,0.6451761330397263,0.2002583928195097,0.17737781223098015,0.1864107640972586
all,record,later_target_any_path,B,logistic,5,4000,0.19424999999999998,0.6200051933524502,0.038367986587912094,0.5913867000649988,0.6501757121868348,0.30355010903860596,0.07665206405014553,0.24362210619468816,0.3640512702817069,0.5813569493099078,0.03388668134011759,0.5557034277234643,0.611084826662338,0.3427830927054005,0.06406328025539161,0.29757299626156497,0.3993368659642245,0.23614992707517657,0.011758737812921497,0.228052031761215,0.24633596856206025,0.6957316301541108,0.3579122410249071,-0.07572643680166058,-0.05436213198630113
all,record,later_target_any_path,B,random_forest,5,4000,0.19424999999999998,0.6144411372603826,0.03554847971519878,0.5876091114663355,0.6433916077164288,0.29316984039266575,0.053430924295441516,0.25113428377141733,0.3300078248232749,0.5397285779511345,0.014982612836700467,0.5280270409677866,0.551430114934482,0.21526819913509473,0.0409689584349835,0.18521825174564055,0.2476353601674755,0.17164358940467211,0.009358374849126341,0.16428063079071423,0.17900654801863003,0.6842452043200687,0.3572231509398485,-0.06980406705968611,-0.06405331054718277
all,record,later_target_any_path,B+M,logistic,5,4000,0.19424999999999998,0.6957316301541108,0.058220034870854885,0.6507223244680717,0.741188452962637,0.3579122410249071,0.08048106694822779,0.2930811710175477,0.41821021296181565,0.6454165922541666,0.04120923459437734,0.613615789512532,0.6772173949958011,0.4131609654144189,0.06793266128151244,0.3566663125263234,0.46339476308717475,0.21678890645727766,0.01882417905145505,0.20200266365460956,0.23070957742019776,0.6957316301541108,0.3579122410249071,0.0,0.0
all,record,later_target_any_path,B+M,random_forest,5,4000,0.19424999999999998,0.6842452043200687,0.04499327230106668,0.6472483754300169,0.7180887946791197,0.3572231509398485,0.07191449954036262,0.30163069678901777,0.41281560509067916,0.5789830152926405,0.031191274248660913,0.5552590827866639,0.6057274743126202,0.2970958783049674,0.07078675187745445,0.24324659457685222,0.3509451620330825,0.15833491504328434,0.009945763625269674,0.1494688057918673,0.16480918953327217,0.6842452043200687,0.3572231509398485,0.0,0.0
all,record,later_target_any_path,B+M+L,logistic,5,4000,0.19424999999999998,0.6964932928686942,0.05601155005440565,0.6545223167180914,0.7414833457951534,0.3666299510559974,0.08407613556598242,0.2945809805228718,0.4274381385739227,0.6466503189705908,0.05025569450963564,0.609808257284561,0.6873377636021603,0.41425677393266147,0.06712511330384023,0.3582457750826874,0.46435767283278784,0.2157783914638866,0.01605358840417397,0.20277422424353658,0.22785455434902796,0.6957316301541108,0.3579122410249071,0.0007616627145834443,0.008717710031090287
all,record,later_target_any_path,B+M+L,random_forest,5,4000,0.19424999999999998,0.6951149055096254,0.036313695168421034,0.6649993364502708,0.7203517189494526,0.3758682905773509,0.06591349393754341,0.32406042582244454,0.42651526584267074,0.5831031306617555,0.02571407933972798,0.5627380727232065,0.6035836744629108,0.30896179730301815,0.060762775863678634,0.2609170250383383,0.35700656956769794,0.15545029684184425,0.01006656081763698,0.1467776066886412,0.16249747195458356,0.6842452043200687,0.3572231509398485,0.010869701189556658,0.01864513963750236
all,record,later_target_any_path,B+M+L+R,logistic,5,4000,0.19424999999999998,0.6975472620817438,0.05201349466265783,0.6577560136103907,0.7373385105530973,0.37191119961099983,0.07789577707895796,0.30632797457979677,0.42942054256470374,0.6478635105588209,0.03973064484246824,0.6196994960080974,0.6803430439733249,0.41576962054151945,0.058093226339036595,0.3702873319894596,0.46010376132639125,0.2146199671934061,0.01636941582757762,0.20123514679892218,0.22693990124698488,0.6957316301541108,0.3579122410249071,0.0018156319276330102,0.013998958586092736
all,record,later_target_any_path,B+M+L+R,random_forest,5,4000,0.19424999999999998,0.7785172075698958,0.017900269953151384,0.7631184305965643,0.7915693152053239,0.46481251770756826,0.07504032121921556,0.4064992583314628,0.521133995056704,0.6184263908302936,0.020852046800779178,0.6020755769592212,0.6332513298456063,0.381183522836377,0.053807998726057744,0.3413392660953637,0.42141109128004617,0.13919807437648907,0.008443432473757586,0.13270899944046793,0.1454187318985621,0.6842452043200687,0.3572231509398485,0.0942720032498271,0.10758936676771974
learned,dataset,later_capability_damage_any_path,B,logistic,5,3000,0.06467153851487698,0.5559987643983255,0.05247401469812468,0.513192777534637,0.591813198758542,0.0818590909063237,0.01921961884129034,0.06508775678906524,0.0959179098955994,0.5158179889790911,0.06425654084024095,0.46183260384067637,0.5570660803600195,0.11927285472987703,0.0439195810858272,0.08353823302729707,0.15180077217354512,0.23286174504317653,0.015362794725204432,0.22030706870343067,0.24389942800103728,0.5696660090124371,0.08078102803365475,-0.013667244614111618,0.0010780628726689556
learned,dataset,later_capability_damage_any_path,B,random_forest,5,3000,0.06467153851487698,0.5375641413410428,0.04941410251527732,0.4969422036614091,0.5764297785908781,0.07993591303502758,0.024493919233199424,0.06113125641824032,0.09874056965181481,0.49868995633187774,0.0029293466954145786,0.4960698689956331,0.5,0.0,0.0,0.0,0.0,0.07663664771870676,0.012867071096299488,0.0650765236926225,0.08589975678900368,0.5190191027764246,0.07300392716835984,0.0185450385646182,0.006931985866667739
learned,dataset,later_capability_damage_any_path,B+M,logistic,5,3000,0.06467153851487698,0.5696660090124371,0.065969264238762,0.5197243129122515,0.6165692820793259,0.08078102803365475,0.018213140518126926,0.06552194270276376,0.09523263595341527,0.5150895344069415,0.069705633690928,0.4610539902680341,0.5651062787237124,0.1123841049478429,0.05027687229880192,0.06955470266585659,0.150100342712857,0.2021618415461533,0.015617130301014645,0.19153488146409198,0.21541295635182559,0.5696660090124371,0.08078102803365475,0.0,0.0
learned,dataset,later_capability_damage_any_path,B+M,random_forest,5,3000,0.06467153851487698,0.5190191027764246,0.06256474167179077,0.46906886698541933,0.5689693385674299,0.07300392716835984,0.02871728838118291,0.05040745877524182,0.09560039556147787,0.5,0.0,0.5,0.5,0.0,0.0,0.0,0.0,0.07577864970370629,0.011441371620194655,0.06534508891482704,0.08372450693705194,0.5190191027764246,0.07300392716835984,0.0,0.0
learned,dataset,later_capability_damage_any_path,B+M+L,logistic,5,3000,0.06467153851487698,0.5766725007603355,0.057041024670047985,0.5318777154140657,0.6193504332238099,0.0837750665391001,0.02212693708246694,0.06770128981920467,0.10147748445671304,0.5278533274357078,0.06099752149453931,0.4771978125201966,0.5683305480648037,0.12343221465027909,0.05166785179842905,0.08085787473170455,0.16350278407226307,0.2022692853013844,0.019070908751377014,0.19316219385402994,0.2193361591919194,0.5696660090124371,0.08078102803365475,0.007006491747898358,0.0029940385054453428
learned,dataset,later_capability_damage_any_path,B+M+L,random_forest,5,3000,0.06467153851487698,0.5265458775372209,0.06081882193944742,0.47310214963752656,0.5683377622156132,0.07667116418349854,0.024380016356975735,0.05810250730410671,0.09568537387978333,0.49978165938864627,0.00048822444923575064,0.49934497816593887,0.5,0.0,0.0,0.0,0.0,0.07418073726862442,0.012013954181447063,0.06315237283617264,0.08219480316935181,0.5190191027764246,0.07300392716835984,0.007526774760796329,0.0036672370151386996
learned,dataset,later_capability_damage_any_path,B+M+L+R,logistic,5,3000,0.06467153851487698,0.8368718900418625,0.053211377425821174,0.7942835271163302,0.8761015225360108,0.403923511073503,0.1321267841348238,0.2899780564687501,0.4918600722129023,0.749383005518486,0.0703766721378811,0.6935286467635446,0.7986197180721316,0.295473413998893,0.06307936503709682,0.2466940541351958,0.34621386276558686,0.14513890708700922,0.007617030967513016,0.13921560355402068,0.15047593290573555,0.5696660090124371,0.08078102803365475,0.26720588102942533,0.32314248303984827
learned,dataset,later_capability_damage_any_path,B+M+L+R,random_forest,5,3000,0.06467153851487698,0.8293138479517852,0.04614031838966295,0.7956950334131958,0.8616660293218178,0.3213199194204269,0.11007006047953372,0.23265158521495755,0.3971352114261828,0.5215350744972053,0.03711630432230497,0.5006489825274676,0.5544491075525138,0.07838124127305118,0.11584766075241044,0.009523809523809523,0.18048533872598585,0.05734757572499595,0.008902616782941953,0.04954774455242948,0.062400417289564435,0.5190191027764246,0.07300392716835984,0.3102947451753606,0.24831599225206707
learned,dataset,later_clean_any_path,B,logistic,5,3000,0.2049084197961685,0.6125852118422703,0.0596204219929593,0.5691158673352464,0.6592515130628713,0.3460360438734572,0.07173731358357142,0.2842278920453818,0.38646571594203233,0.5890822084363068,0.03285808398662609,0.5652650736423536,0.6180186239928074,0.36326965794109844,0.0543091682715965,0.32263359043846845,0.4026464512696877,0.23370420437785966,0.011179344914398759,0.22596053517708584,0.24269637879528433,0.6693202379098142,0.3663237612304752,-0.05673502606754388,-0.02028771735701801
learned,dataset,later_clean_any_path,B,random_forest,5,3000,0.2049084197961685,0.6235626374777864,0.03224111555519697,0.5961275268753833,0.6448984459667215,0.33935694199522876,0.06104454996461066,0.28443973808595857,0.3806050711648326,0.5817017602567113,0.03966248703572082,0.551805356164951,0.611005171299289,0.30523876127436644,0.09190487540228373,0.23483360404767145,0.37564391850106144,0.17646999485692227,0.020299532411116084,0.16195209220187826,0.19381951078829424,0.6720043628595962,0.3788734979016235,-0.0484417253818098,-0.039516555906394746
learned,dataset,later_clean_any_path,B+M,logistic,5,3000,0.2049084197961685,0.6693202379098142,0.05147708327353488,0.6306101993575117,0.7079911341327998,0.3663237612304752,0.07213664892598988,0.3107482757454068,0.42077491138210243,0.6229592826779917,0.03772548013537342,0.5951752323057059,0.652606660788486,0.3933901329647306,0.062336614026075814,0.3447175163153794,0.4420627496140817,0.2157029784197854,0.011960433938045873,0.2063209907361415,0.2249936913060191,0.6693202379098142,0.3663237612304752,0.0,0.0
learned,dataset,later_clean_any_path,B+M,random_forest,5,3000,0.2049084197961685,0.6720043628595962,0.03395293415581098,0.6422813530659861,0.6934582448506363,0.3788734979016235,0.07561262651624073,0.3201920388593042,0.43755495694394286,0.5945329249382533,0.024032440518608512,0.5738854040776863,0.6094599013137485,0.3394807362322559,0.028532418392924138,0.3158838480842841,0.3615990977469022,0.16664601448966382,0.018566273058646162,0.1529106422783066,0.1821558717375042,0.6720043628595962,0.3788734979016235,0.0,0.0
learned,dataset,later_clean_any_path,B+M+L,logistic,5,3000,0.2049084197961685,0.6779622584864138,0.054051370374817394,0.6363984326775532,0.7195260842952743,0.3810294558902812,0.07823663165533294,0.32081767078997264,0.44053764293102005,0.6263786107164211,0.04663435592350125,0.5926439160099748,0.6632780796429666,0.39534553591409904,0.06291226171398683,0.34864353531690584,0.4417263427109974,0.21349428928171985,0.010413796553484274,0.20594224563882735,0.22250681212100049,0.6693202379098142,0.3663237612304752,0.008642020576599574,0.014705694659805979
learned,dataset,later_clean_any_path,B+M+L,random_forest,5,3000,0.2049084197961685,0.6855157340161953,0.03296020870181058,0.6588400005813096,0.7082619284633,0.4067501225431599,0.059008139636903,0.3623566548772047,0.448667939791408,0.5948620654573559,0.027929399304757616,0.5703119591212483,0.6126081914592927,0.33826583097106433,0.030706893483949893,0.3107716271267673,0.358677910755044,0.16492795174932515,0.016462396699050138,0.15238272539207318,0.1780882350025074,0.6720043628595962,0.3788734979016235,0.013511371156599061,0.027876624641536396
learned,dataset,later_clean_any_path,B+M+L+R,logistic,5,3000,0.2049084197961685,0.6789949019317635,0.054902311331221844,0.6367752757809276,0.7212145280825993,0.4043476157255821,0.060470071302064644,0.35804082573009055,0.4506235769246142,0.6203805113235525,0.03419535627747403,0.5935429839503555,0.6473107699072959,0.38745628692588063,0.050744584348066085,0.3492153928227725,0.42644345491560615,0.2122329430545288,0.009776971405406157,0.20533839101026255,0.22046414672889997,0.6693202379098142,0.3663237612304752,0.009674664021949275,0.03802385449510687
learned,dataset,later_clean_any_path,B+M+L+R,random_forest,5,3000,0.2049084197961685,0.7485392852523115,0.01650097561589461,0.7358747741249207,0.7612037963797021,0.4628300635530092,0.059100208476790726,0.4123427280591073,0.5092935038425399,0.6091896455229195,0.011517914916439168,0.6001143755506357,0.6182649154952033,0.36306797999488744,0.028983368450009133,0.3417022765934934,0.38449200942261086,0.15080476427523973,0.014966334422719623,0.13948292677145874,0.16212660177902066,0.6720043628595962,0.3788734979016235,0.07653492239271531,0.0839565656513857
learned,dataset,later_clean_enhancement_path,B,logistic,5,3000,0.11144941818012007,0.6206858209812203,0.03728279547337379,0.5917519957433721,0.6485852666694619,0.2505660118766494,0.052934560768093074,0.2110667073517969,0.29273673607774986,0.6150472945883511,0.026523649492105644,0.5919110762789164,0.633938887944743,0.263737681316201,0.0518202060671105,0.22066477248986754,0.30219378794721263,0.2281080597062514,0.014444917931450777,0.21545529920345746,0.23707047408231513,0.6693235737032053,0.23541512016794117,-0.048637752721985006,0.01515089170870823
learned,dataset,later_clean_enhancement_path,B,random_forest,5,3000,0.11144941818012007,0.6393516215131514,0.05203563201803939,0.6055719671017306,0.6836801452673497,0.24538895384224965,0.05006093748126582,0.206824842689967,0.2875225591690665,0.5564651736179497,0.05586048566705942,0.5143558735988885,0.5985744736370109,0.18127852172795994,0.13477383399472598,0.07763347763347764,0.2877250090733237,0.11190170394369232,0.013952939118598226,0.10086282472177303,0.12264848790474385,0.6798066990125295,0.25927678584465524,-0.040455077499378156,-0.013887832002405592
learned,dataset,later_clean_enhancement_path,B+M,logistic,5,3000,0.11144941818012007,0.6693235737032053,0.04428525151893225,0.6328998500672534,0.7012306586549457,0.23541512016794117,0.04518349526197983,0.2066054971134635,0.27597823079724704,0.6137092282020419,0.03369883367392559,0.5872494982716197,0.6388631477697354,0.263341973461021,0.054840902116792885,0.22369316424373645,0.3094560753863492,0.2056024348484648,0.025895946498296414,0.18560285467446022,0.22573261289500124,0.6693235737032053,0.23541512016794117,0.0,0.0
learned,dataset,later_clean_enhancement_path,B+M,random_forest,5,3000,0.11144941818012007,0.6798066990125295,0.05409572571920325,0.6364862746529257,0.7203388197294669,0.25927678584465524,0.057731179486799684,0.21043375264405978,0.30154296145400006,0.5504680835010409,0.044680360984119774,0.5180133981230312,0.5882623268652573,0.17390509392816667,0.09516949796851282,0.0958174931171045,0.24795567859421333,0.10790519162376158,0.014608411672453405,0.09637853568358995,0.1187999964404105,0.6798066990125295,0.25927678584465524,0.0,0.0
learned,dataset,later_clean_enhancement_path,B+M+L,logistic,5,3000,0.11144941818012007,0.6857553004206691,0.03832927288236241,0.6523213751068536,0.7126411264429254,0.24899040300163292,0.0380217653493509,0.22090609044248075,0.2800626338197288,0.6233537694002088,0.037656428002730724,0.5940171848380593,0.6526903539623584,0.2687367150767956,0.03737093895328092,0.23620385147356102,0.2974631361148215,0.20188763152378084,0.02460395768711386,0.18371104722319212,0.22222572768991394,0.6693235737032053,0.23541512016794117,0.016431726717463846,0.013575282833691749
learned,dataset,later_clean_enhancement_path,B+M+L,random_forest,5,3000,0.11144941818012007,0.6878070770821353,0.04629305841651096,0.6541183392073078,0.7233399430926005,0.28060702616038224,0.05089836312565184,0.2422664462436598,0.3204513525540417,0.5626282297811853,0.03716539921710315,0.5363582648034498,0.5947088508077192,0.20674605298809787,0.08365998357986183,0.14084736017764032,0.27344539939332657,0.10673439384032006,0.013350209958063885,0.09677113586341492,0.11710794006006124,0.6798066990125295,0.25927678584465524,0.00800037806960574,0.021330240315727
learned,dataset,later_clean_enhancement_path,B+M+L+R,logistic,5,3000,0.11144941818012007,0.8233175990311603,0.036726519623525196,0.7968977355586452,0.853450742965336,0.4538871164351169,0.10001603588436159,0.36957842741580177,0.5241750564116165,0.7284013241060396,0.03730612786038112,0.705095833573354,0.7629176594681166,0.39521785035332696,0.0864439590951666,0.3313596207713855,0.46455026455026455,0.15047371384153782,0.006119309241312886,0.1470585813428536,0.15614869684616603,0.6693235737032053,0.23541512016794117,0.15399402532795503,0.21847199626717576
learned,dataset,later_clean_enhancement_path,B+M+L+R,random_forest,5,3000,0.11144941818012007,0.8201892506797369,0.05174744273342354,0.7748964153740977,0.849926937189203,0.44687194849090756,0.06845486486206506,0.3977864119765314,0.5068302706003565,0.6164357008294827,0.029931150232161002,0.5916926616321815,0.6376716516931032,0.3441071738752822,0.0563716209522832,0.29191419141914193,0.37963348966475596,0.08794211395846838,0.011968894814035564,0.07873183559992022,0.09715239231701656,0.6798066990125295,0.25927678584465524,0.14038255166720737,0.1875951626462523
learned,dataset,later_clean_suppression_path,B,logistic,5,3000,0.11443531348791927,0.5146502828859546,0.06789747519947986,0.4617814008344101,0.5716043572393539,0.140978711540768,0.036929426185684476,0.11235607860365064,0.16925297236863585,0.514777406191931,0.05166842697184047,0.47364257013920746,0.5516919025411464,0.18530651741250567,0.06177092223498377,0.13083377555798345,0.22407022739629792,0.23749059489262203,0.01850422198693674,0.22320046772377614,0.25178072206146795,0.5798274534760961,0.16336709111777192,-0.0651771705901415,-0.02238837957700393
learned,dataset,later_clean_suppression_path,B,random_forest,5,3000,0.11443531348791927,0.5843787362991748,0.040119790548227965,0.5535362638694694,0.6156091006971667,0.17723664648598172,0.042246717877432685,0.1422138254710603,0.20986666352027955,0.5140236547643158,0.03409586823924246,0.49411764705882355,0.5453496134134448,0.07639119303635433,0.10037846378162163,0.006857142857142858,0.16415770609318997,0.12141403334954848,0.015557335070899219,0.1097244537446301,0.13310361295446688,0.6304791983681758,0.19984481937023815,-0.04610046206900098,-0.022608172884256428
learned,dataset,later_clean_suppression_path,B+M,logistic,5,3000,0.11443531348791927,0.5798274534760961,0.075416104394148,0.5256230879206608,0.6463103178553855,0.16336709111777192,0.044913569679341056,0.12960887175662497,0.199405234263959,0.5740672310085044,0.05912178248521293,0.5335565056165478,0.6225280445073965,0.23261700433819912,0.05707147092666775,0.18726590980648283,0.27486611565738994,0.217286948954649,0.011061341171545579,0.20865812239760104,0.22606682919992194,0.5798274534760961,0.16336709111777192,0.0,0.0
learned,dataset,later_clean_suppression_path,B+M,random_forest,5,3000,0.11443531348791927,0.6304791983681758,0.05407870206456562,0.588457269373184,0.6725011273631677,0.19984481937023815,0.04903907869225392,0.1586779279474961,0.23273429958102274,0.510285569408859,0.01998885177384044,0.49538286243134033,0.5267055867120224,0.06413412228796844,0.07216378116106456,0.009467455621301775,0.12133333333333333,0.11438865670826918,0.013001158149034117,0.1046943196024279,0.12539927663229333,0.6304791983681758,0.19984481937023815,0.0,0.0
learned,dataset,later_clean_suppression_path,B+M+L,logistic,5,3000,0.11443531348791927,0.5908196205155709,0.07334757659529366,0.5404429996167068,0.6571582847930187,0.17069870875214913,0.03877191409468792,0.1400886412982741,0.20071580060917688,0.5694944978799471,0.07198903128010549,0.5161202950463322,0.6250849542964784,0.22940428121215756,0.07270551845706148,0.17017058784660366,0.28245517792323255,0.21504504949896242,0.011377629284167917,0.2077962819750679,0.22479995425262067,0.5798274534760961,0.16336709111777192,0.01099216703947481,0.007331617634377202
learned,dataset,later_clean_suppression_path,B+M+L,random_forest,5,3000,0.11443531348791927,0.637136274114722,0.06832510320063477,0.5883438041914948,0.6964854455734398,0.2071634051790953,0.04927677244379277,0.16317794281533016,0.2419433123116344,0.5200129483403086,0.017188197192866222,0.5075099727953714,0.5348739421714741,0.09192881759355748,0.05755298659859306,0.05012104145052122,0.14099528099528097,0.11321363307669041,0.01363489464081766,0.10304803363185433,0.12465998397764677,0.6304791983681758,0.19984481937023815,0.0066570757465461705,0.0073185858088571365
learned,dataset,later_clean_suppression_path,B+M+L+R,logistic,5,3000,0.11443531348791927,0.7763340156794235,0.023123905828703765,0.7595018697173574,0.7953800716528718,0.38408731815834585,0.04099325091784389,0.35270690913414876,0.41563493322177403,0.7148923837506054,0.009909149221847083,0.7067175902589659,0.7213359929544376,0.38173048689965006,0.04382027564205718,0.3477907414879108,0.41595616098765714,0.173022266825099,0.015799185610519784,0.16026905902068006,0.185185125169063,0.5798274534760961,0.16336709111777192,0.1965065622033274,0.22072022704057392
learned,dataset,later_clean_suppression_path,B+M+L+R,random_forest,5,3000,0.11443531348791927,0.789810583493369,0.020388258654396734,0.7761910438844436,0.8069272395009502,0.3855095884265368,0.02940342580746888,0.36147471207048804,0.4053020995040222,0.5659461917995976,0.02396291417667274,0.5496334616429898,0.5861055098943778,0.22711051024641465,0.060329954889149495,0.18444868756260163,0.2750346348877561,0.09552762707235636,0.013392602234631455,0.08424152778579616,0.10511362985239647,0.6304791983681758,0.19984481937023815,0.15933138512519318,0.18566476905629867
learned,dataset,later_enhancement_path,B,logistic,5,3000,0.11842225314223773,0.6270572153797888,0.03935540524184739,0.5969721435349854,0.6574893444221985,0.265328764327556,0.05307536307985243,0.22849092986073888,0.313095789230461,0.6061554562964722,0.025144051158445573,0.5870592012629652,0.6256026306798118,0.2673096254081283,0.043950791022180156,0.23152923558518532,0.3003692936277206,0.2278634721978996,0.015477641976887073,0.21399943698693363,0.23743034819183353,0.6690713142339837,0.24625522896851998,-0.04201409885419494,0.019073535359035998
learned,dataset,later_enhancement_path,B,random_forest,5,3000,0.11842225314223773,0.6478661812178089,0.047963132634428224,0.6144277193165222,0.6873798472984359,0.26579429655712883,0.056155391177125966,0.22172636170769547,0.30749976856909833,0.5592797784789435,0.058371578902562164,0.5142058608822854,0.6047299346521908,0.18762120318892123,0.13683394349749742,0.07955496931811665,0.2956874370597259,0.11468429076786438,0.01627000362067442,0.10243744004455384,0.1276392761337421,0.6817000393308609,0.28300764510737686,-0.03383385811305195,-0.01721334855024803
learned,dataset,later_enhancement_path,B+M,logistic,5,3000,0.11842225314223773,0.6690713142339837,0.04879070663998002,0.6305248944751012,0.7059861172890025,0.24625522896851998,0.0512445786594821,0.21607685066299523,0.29227229313587094,0.6185644362324989,0.037412923011757984,0.589667257418667,0.6470990841625299,0.27750431009804616,0.05894124271623911,0.2317138828355339,0.3224781578906091,0.2079779651019548,0.02879254551687513,0.18585258085353307,0.2303400062135739,0.6690713142339837,0.24625522896851998,0.0,0.0
learned,dataset,later_enhancement_path,B+M,random_forest,5,3000,0.11842225314223773,0.6817000393308609,0.043204132570518625,0.6495163556648633,0.715371265347109,0.28300764510737686,0.0558041575920258,0.23879859472488163,0.3272166954898721,0.5674022656037551,0.04809321502892488,0.5308002780811695,0.6040042531263408,0.2223654545054122,0.10993726843469061,0.13718853040611043,0.307542378604714,0.11123489495515629,0.016962926636238267,0.09835927494326965,0.12488393001892273,0.6817000393308609,0.28300764510737686,0.0,0.0
learned,dataset,later_enhancement_path,B+M+L,logistic,5,3000,0.11842225314223773,0.6849848844553634,0.042628892832394794,0.6496634806712308,0.7156186385510649,0.25977921458282016,0.04146831787535182,0.23171616615374058,0.2963495965552128,0.6265672335233742,0.03378068554762077,0.5999256111990932,0.6518787924658932,0.28364997460414915,0.04913089917142008,0.24020972538959837,0.31808552288883185,0.20461500444381836,0.026775968246951443,0.18446185526928643,0.22538139749887812,0.6690713142339837,0.24625522896851998,0.015913570221379736,0.013523985614300182
learned,dataset,later_enhancement_path,B+M+L,random_forest,5,3000,0.11842225314223773,0.7012789741403904,0.05420798812937774,0.6638118143966697,0.746328157482251,0.3104682325664404,0.08252265942610293,0.2524249043237358,0.3806781854179602,0.5633231426500064,0.04706817980861851,0.5287571449227403,0.5978354468103195,0.2069393024403992,0.10797235108015121,0.12514916527671047,0.2887169756239965,0.11015554787269892,0.0161656655922149,0.09818670600777465,0.12305322478837236,0.6817000393308609,0.28300764510737686,0.019578934809529547,0.027460587459063546
learned,dataset,later_enhancement_path,B+M+L+R,logistic,5,3000,0.11842225314223773,0.8278732764045273,0.0369908636192338,0.801488757514168,0.8576574546843633,0.4809142743255457,0.11093311017203324,0.38219010168927026,0.5601617630545246,0.7340946389348212,0.0438150636500289,0.7089114234307946,0.7730249280334914,0.4166360364567899,0.10493540871625362,0.33423824597170804,0.5006839032527106,0.14966398598829167,0.00884879418685693,0.143024181378198,0.15690670697064069,0.6690713142339837,0.24625522896851998,0.15880196217054365,0.2346590453570257
learned,dataset,later_enhancement_path,B+M+L+R,random_forest,5,3000,0.11842225314223773,0.827895677880945,0.049822886609946486,0.7842043161881819,0.8602263725931901,0.49140271974904676,0.07254171179493506,0.4369370918871064,0.5459218348762103,0.6362206642244417,0.020442814802774396,0.6201878763566927,0.6516719672046724,0.39146577285694717,0.05211787205755934,0.35343882893471523,0.43273071126474266,0.08993083972462439,0.011435406067059235,0.0810263888541973,0.09883529059505149,0.6817000393308609,0.28300764510737686,0.1461956385500841,0.2083950746416699
learned,dataset,later_neighbor_damage_any_path,B,logistic,5,3000,0.09074520421361273,0.5307487118268415,0.05601280570435128,0.48572693192056304,0.5773232588489942,0.1323075458880962,0.05981277345806232,0.08826830200627758,0.1814339877063745,0.5260661233306688,0.08489084624105467,0.45333742464163224,0.5958894386479398,0.17183165475686596,0.06288280928291301,0.12209717635959297,0.2201015719226897,0.24084121391774876,0.03059177260851568,0.2126098469672737,0.2605844008097627,0.51795026490787,0.12756226032026635,0.012798446918971473,0.0047452855678298544
learned,dataset,later_neighbor_damage_any_path,B,random_forest,5,3000,0.09074520421361273,0.5244975754050073,0.03514279957114455,0.5001367152806662,0.5526058170773649,0.11014698930267171,0.02824088162939879,0.09131606897612428,0.13401248942512542,0.49632902156707565,0.0050639579482117695,0.49231116442421846,0.5,0.0,0.0,0.0,0.0,0.10153298531577329,0.01660550415050965,0.0893543632080022,0.11576971449778226,0.5260191608595217,0.10291776586334114,-0.001521585454514418,0.007229223439330565
learned,dataset,later_neighbor_damage_any_path,B+M,logistic,5,3000,0.09074520421361273,0.51795026490787,0.07403090920482806,0.46049303267970054,0.5830765045727642,0.12756226032026635,0.0714383335067078,0.0785398263322695,0.19094938290203442,0.5016126724737976,0.09098342614669941,0.43880777817975025,0.5859074052378259,0.1531453107627601,0.07668207117500057,0.09716369513853088,0.21848398355608278,0.22680573284553543,0.04282556066424758,0.1927152952888088,0.2581561378095726,0.51795026490787,0.12756226032026635,0.0,0.0
learned,dataset,later_neighbor_damage_any_path,B+M,random_forest,5,3000,0.09074520421361273,0.5260191608595217,0.027617904204416885,0.5058507692999499,0.5486908635768218,0.10291776586334114,0.026459797922876786,0.0871184846199575,0.12723914076605877,0.4993303571428571,0.0014973669492186162,0.49799107142857146,0.5,0.0,0.0,0.0,0.0,0.09971103288181787,0.015911596361267974,0.08830028600855509,0.11379435262398307,0.5260191608595217,0.10291776586334114,0.0,0.0
learned,dataset,later_neighbor_damage_any_path,B+M+L,logistic,5,3000,0.09074520421361273,0.5158506403140635,0.08010779821575392,0.45713226786246036,0.5844896213454072,0.12565602152001237,0.06875026916960869,0.07766449766461439,0.18662391957621305,0.5044525108126938,0.08733046661579938,0.446587355350494,0.5828520792240525,0.1559992876893062,0.07387023098758376,0.10102941176470588,0.22027959071960926,0.22567434030903494,0.04323566666955123,0.19214693981178596,0.258297562022046,0.51795026490787,0.12756226032026635,-0.002099624593806526,-0.0019062388002539787
learned,dataset,later_neighbor_damage_any_path,B+M+L,random_forest,5,3000,0.09074520421361273,0.5243557238070423,0.05132673431550239,0.4817399027664768,0.5586457548985433,0.10423277170721108,0.034388321752924805,0.07951307905163484,0.13318355038360857,0.4997229916897507,0.0006194094120497973,0.49916897506925206,0.5,0.0,0.0,0.0,0.0,0.09815920956581801,0.015092820362947127,0.087326194662502,0.11074720111713418,0.5260191608595217,0.10291776586334114,-0.0016634370524793995,0.0013150058438699402
learned,dataset,later_neighbor_damage_any_path,B+M+L+R,logistic,5,3000,0.09074520421361273,0.7678632667964628,0.051015263390653855,0.7318250927532824,0.8100191317608216,0.33221373291582135,0.08013019015078493,0.27249358452166544,0.4018062631050367,0.7011477319514249,0.05519640792718068,0.661235165925163,0.7491916534872376,0.31034391833362235,0.06520535813718868,0.25969145355415524,0.36099638311308935,0.1782278257279761,0.02668942861682701,0.1551746590363023,0.19900375980317653,0.51795026490787,0.12756226032026635,0.24991300188859278,0.204651472595555
learned,dataset,later_neighbor_damage_any_path,B+M+L+R,random_forest,5,3000,0.09074520421361273,0.765093850846713,0.025340546873265094,0.7461981843366153,0.7862939067672523,0.31858438213542495,0.06748496336704213,0.265500137269269,0.367023103824432,0.52773004456172,0.013785516396906363,0.5170861409742111,0.538373948149229,0.10664746977702186,0.04630745621824709,0.0712959594418561,0.14199898011218764,0.08079818327188595,0.011852580048198691,0.07171823614033097,0.09114722805683148,0.5260191608595217,0.10291776586334114,0.23907468998719128,0.2156666162720838
learned,dataset,later_suppression_path,B,logistic,5,3000,0.12575742540280926,0.5195697758618277,0.06987882254242286,0.46442363666561937,0.57720305118485,0.15942774004315766,0.03813071767134047,0.12748974988029255,0.1875669091940097,0.5138457903148598,0.07119075566833438,0.45390193795699163,0.5729710744007012,0.2000140166183447,0.08332045827257442,0.12272376746060956,0.25436492441568587,0.23777790976690422,0.01775270782372493,0.22384370921945865,0.2517121103143497,0.5836680096591784,0.1858027022771692,-0.06409823379735069,-0.026374962234011534
learned,dataset,later_suppression_path,B,random_forest,5,3000,0.12575742540280926,0.579092396914053,0.06949182253003781,0.5219749882630856,0.6339025751682952,0.19124170922833367,0.060858511229569735,0.14443232220445254,0.24062210070009185,0.5204096018281827,0.0406243658833157,0.4938767314856266,0.5573346101402958,0.09425526336417427,0.1220722975159382,0.006486486486486487,0.19865986598659868,0.12915980024692025,0.015077100395141027,0.11796013993063854,0.14043938929953118,0.6227668459129101,0.2302256581756536,-0.043674448998857085,-0.038983948947319935
learned,dataset,later_suppression_path,B+M,logistic,5,3000,0.12575742540280926,0.5836680096591784,0.07817660493711855,0.5303217793202512,0.6534964024534662,0.1858027022771692,0.04289885155553345,0.15517432098235454,0.2233503310852083,0.5601705707071618,0.05749099432244277,0.5210733653481656,0.6104646032316865,0.23619088464920268,0.060457259160504206,0.19114007807191147,0.282825509095532,0.21798984720084738,0.009832024703469729,0.21116886482264058,0.2259431260474575,0.5836680096591784,0.1858027022771692,0.0,0.0
learned,dataset,later_suppression_path,B+M,random_forest,5,3000,0.12575742540280926,0.6227668459129101,0.07820140954049312,0.5657664006027401,0.6879979001648611,0.2302256581756536,0.06760349054483955,0.17556147332712269,0.27664642434850534,0.5345265575962175,0.050206502542639725,0.4972008299797057,0.5737859624484138,0.13357386956018072,0.14838134423140453,0.02127659574468085,0.24793557168784033,0.12268765926183756,0.01403395954303239,0.1122196672834972,0.13383325123869932,0.6227668459129101,0.2302256581756536,0.0,0.0
learned,dataset,later_suppression_path,B+M+L,logistic,5,3000,0.12575742540280926,0.5950679295164552,0.0770035575506513,0.5430820461808981,0.6655776909579455,0.19347654088022992,0.040687995254867465,0.16292361037725783,0.22663969097766587,0.5760556800341448,0.0529038086686732,0.5407966119381993,0.6222062035671587,0.2514030038939549,0.05459233261977945,0.2051418271511242,0.29069956019791093,0.21608853415835544,0.011183862874540314,0.20908599615057857,0.2262700132597233,0.5836680096591784,0.1858027022771692,0.01139991985727673,0.007673838603060729
learned,dataset,later_suppression_path,B+M+L,random_forest,5,3000,0.12575742540280926,0.6392235639995834,0.0747778355303872,0.5858633712175709,0.7015955479546523,0.23000523338937168,0.05786488534050138,0.1816074383620618,0.27342532116542967,0.5339357146385394,0.04449631540013954,0.5011840419225144,0.568437244368529,0.13590903036718607,0.13089735128941984,0.03815618449864752,0.2344931556413194,0.12116450644681342,0.014616132959531928,0.11017841103664214,0.13264747298390897,0.6227668459129101,0.2302256581756536,0.01645671808667326,-0.0002204247862819253
learned,dataset,later_suppression_path,B+M+L+R,logistic,5,3000,0.12575742540280926,0.7762027344240047,0.025385791082201823,0.7585648049682393,0.7973189990462065,0.4102563374417487,0.03506574705282408,0.3819745595786251,0.4367100485896495,0.7111964599517864,0.006731617550210948,0.7064156303250257,0.7165632874309819,0.3970287148236282,0.03567246991551525,0.3704311722367145,0.4249347623326353,0.17467346762814737,0.012478659015998712,0.16551430685528115,0.18462916336996385,0.5836680096591784,0.1858027022771692,0.19253472476482625,0.22445363516457953
learned,dataset,later_suppression_path,B+M+L+R,random_forest,5,3000,0.12575742540280926,0.7924502288958297,0.019586411388070685,0.7805822335648124,0.8091842100539438,0.41330662618544656,0.024095416943518393,0.3926081205249134,0.4309773271748888,0.587715147459037,0.02013620294514667,0.5740025224560613,0.6060553758848275,0.28863644057199495,0.04825914855152511,0.2543463762316521,0.33129156156844763,0.1017693156561931,0.0132525392366539,0.09037397979832255,0.11115013655113777,0.6227668459129101,0.2302256581756536,0.16968338298291963,0.18308096800979295
learned,dataset,later_target_any_path,B,logistic,5,3000,0.21765459477090884,0.6154922097775595,0.05752789819025005,0.5716077807170465,0.6593766388380724,0.360429048322945,0.07289455242762599,0.30182029127322785,0.4074644494985032,0.5796586022159974,0.047755333652861734,0.5426081232399212,0.621194413507877,0.3649274343870709,0.06589247891134214,0.3077511153901162,0.4089654348980802,0.23408379080953257,0.010559484824395176,0.2266109657544549,0.24349873044552806,0.6665494696507062,0.3822206584877309,-0.05105725987314669,-0.021791610164785924
learned,dataset,later_target_any_path,B,random_forest,5,3000,0.21765459477090884,0.6300962510330964,0.026806685876719458,0.6067151910737355,0.6470816137710205,0.36207497870188865,0.0629556489965502,0.30642306323043156,0.40355371270835405,0.5884229760917761,0.04789442122180463,0.5539024783784355,0.6246497394838844,0.3229455348127705,0.09685212582509169,0.24886036723224536,0.3970307023932957,0.17973409247759436,0.020761242065327843,0.16449654187144594,0.1970477040266246,0.6716190323976362,0.40204707421199204,-0.041522781364539796,-0.03997209551010339
learned,dataset,later_target_any_path,B+M,logistic,5,3000,0.21765459477090884,0.6665494696507062,0.05227549367382368,0.6275249020724983,0.7055296388480826,0.3822206584877309,0.06898110259368559,0.3278945086617517,0.43654680831371007,0.6203175060549758,0.03894956803243295,0.5925631543925556,0.6505796397295038,0.40171744283470756,0.06249608019125629,0.35292753974963487,0.45050734591978037,0.21833469981530715,0.012610836090836467,0.20871373882815153,0.22829061064183942,0.6665494696507062,0.3822206584877309,0.0,0.0
learned,dataset,later_target_any_path,B+M,random_forest,5,3000,0.21765459477090884,0.6716190323976362,0.03750682464031128,0.6405134930461209,0.696243185429724,0.40204707421199204,0.05477311404085307,0.3582009398606106,0.4449828220394035,0.5897859650428365,0.01808825783053349,0.5758494776718324,0.6033889738631467,0.33361632933282503,0.010638624390706954,0.325680227158135,0.34173783922171025,0.17292232287775658,0.020318074559340066,0.15781312696441402,0.18965167809948938,0.6716190323976362,0.40204707421199204,0.0,0.0
learned,dataset,later_target_any_path,B+M+L,logistic,5,3000,0.21765459477090884,0.6740712637041085,0.05659710608410331,0.630747115182064,0.7173954122261531,0.39465179337776785,0.07174438169812615,0.34243029609222275,0.4507213738573975,0.6250883888603355,0.04405661693691635,0.5924155620050229,0.660085487836844,0.4056147245078915,0.06278653011142406,0.3575367655771674,0.4536926834386155,0.21652055230819803,0.011285953100830177,0.2079953142321526,0.2265352134770046,0.6665494696507062,0.3822206584877309,0.007521794053402364,0.012431134890036943
learned,dataset,later_target_any_path,B+M+L,random_forest,5,3000,0.21765459477090884,0.6753213757880128,0.04249399007952455,0.6373430973227685,0.7045244818358325,0.40894475045608375,0.06292964756052377,0.36108350968309927,0.4567322810141284,0.5957122412295164,0.033388631592011254,0.5679325732327356,0.6201842615455478,0.34453432990850935,0.04410335911685735,0.31197728486013243,0.3818214899361806,0.1727659229771028,0.01929013147893699,0.1586145882664322,0.18921475398286497,0.6716190323976362,0.40204707421199204,0.0037023433903765612,0.0068976762440917105
learned,dataset,later_target_any_path,B+M+L+R,logistic,5,3000,0.21765459477090884,0.675680185538744,0.05923096005565061,0.6304144893254227,0.7209458817520653,0.4157211591003585,0.0562006488265369,0.37198574147115926,0.4577514190939784,0.6250577098654553,0.04349471193425836,0.5935199249062488,0.6589204663096909,0.40336126974279807,0.05326912959805821,0.3639670312856936,0.4421499532400901,0.2151538795066769,0.01069425182330758,0.20701804444914312,0.22451852874802064,0.6665494696507062,0.3822206584877309,0.009130715888037821,0.033500500612627604
learned,dataset,later_target_any_path,B+M+L+R,random_forest,5,3000,0.21765459477090884,0.7479419688328102,0.01724304604424352,0.7347350056696157,0.7611489319960045,0.4810512908494003,0.05531709651070594,0.43465362603686825,0.5253215216526252,0.6225271390450056,0.022377098492216117,0.6038503374077249,0.637876514189205,0.3942272425661988,0.052060256592228515,0.35128800483794215,0.42818893454789764,0.15643621310119532,0.016496842706884483,0.14408777933058184,0.16938099551669467,0.6716190323976362,0.40204707421199204,0.07632293643517396,0.07900421663740825
learned,domain,later_capability_damage_any_path,B,logistic,5,3000,0.06623099844030077,0.5112375145331491,0.11911894844830631,0.40148257131741466,0.5825668939361286,0.07967111342821485,0.03486051459731694,0.04791250437836085,0.10067894414431433,0.5003943509932175,0.06868957115434154,0.4365591397849462,0.5397181847395764,0.12032034593695724,0.0580106787600636,0.0669898161409146,0.15203970683070092,0.2342745611308079,0.01625538215181953,0.22252896803182712,0.2461995814559986,0.5220176942470348,0.08124445347272684,-0.010780179713885674,-0.0015733400445119838
learned,domain,later_capability_damage_any_path,B,random_forest,5,3000,0.06623099844030077,0.5040486853261901,0.11104400554093935,0.40271300441355284,0.5738586745317674,0.08829412115581416,0.04073446685989211,0.05245965207997398,0.11283069015842598,0.4987903225806452,0.002704920940523937,0.4963709677419355,0.5,0.0,0.0,0.0,0.0,0.07731573405023401,0.013995557669787509,0.06479774520232638,0.085311109896155,0.49744179494795293,0.0745482621160416,0.00660689037823714,0.01374585903977256
learned,domain,later_capability_damage_any_path,B+M,logistic,5,3000,0.06623099844030077,0.5220176942470348,0.10852878603797447,0.4240642547425004,0.5912089255422504,0.08124445347272684,0.03581510152837539,0.048474458558442554,0.10576670666763485,0.5008813143070515,0.05957254870581349,0.4513344055167307,0.5448552657421131,0.11654272449393818,0.056157886439002644,0.06816919303168377,0.15417932452908933,0.20961861419629363,0.027859806305955193,0.1888428388550269,0.23148503410795382,0.5220176942470348,0.08124445347272684,0.0,0.0
learned,domain,later_capability_damage_any_path,B+M,random_forest,5,3000,0.06623099844030077,0.49744179494795293,0.11154103413124829,0.3934757385189308,0.5666163577693222,0.0745482621160416,0.03452529562713039,0.04320857272405833,0.0973968877789643,0.5,0.0,0.5,0.5,0.0,0.0,0.0,0.0,0.0772139502638866,0.01292025106694453,0.06560991155966897,0.08422136441666292,0.49744179494795293,0.0745482621160416,0.0,0.0
learned,domain,later_capability_damage_any_path,B+M+L,logistic,5,3000,0.06623099844030077,0.534469839619012,0.09162409401490924,0.45507573732091033,0.5938800090881055,0.08314738248678606,0.037702291294523085,0.049821418529197525,0.10923993335073232,0.510038555783996,0.058065366566867505,0.4594494826970436,0.5514866860483673,0.1251410843993835,0.06009087831057967,0.06988111285593186,0.16642320994922363,0.20921362183027464,0.030074057334867333,0.18640039648702378,0.231917050977733,0.5220176942470348,0.08124445347272684,0.012452145371977141,0.0019029290140592237
learned,domain,later_capability_damage_any_path,B+M+L,random_forest,5,3000,0.06623099844030077,0.49819925099054635,0.0993055666421507,0.40671955307727625,0.5630810632337642,0.08515862675118543,0.026854345053386477,0.060135057281127266,0.10238326785714333,0.5,0.0,0.5,0.5,0.0,0.0,0.0,0.0,0.0751300661889819,0.0134029729509279,0.06317063366961743,0.08290764162780574,0.49744179494795293,0.0745482621160416,0.0007574560425934185,0.010610364635143837
learned,domain,later_capability_damage_any_path,B+M+L+R,logistic,5,3000,0.06623099844030077,0.8165601933242236,0.04558875011514312,0.7784169461044907,0.8500880605025998,0.3784426699423449,0.15887653411082756,0.24665401469398748,0.5042470714342933,0.7181257312769954,0.025040523796758432,0.6996543014320269,0.7384980012703343,0.27175422027481694,0.09807303927357451,0.18325439685442307,0.3243963161752611,0.1504246065845507,0.01596826170672508,0.1416742500147003,0.16524393899803488,0.5220176942470348,0.08124445347272684,0.29454249907718877,0.297198216469618
learned,domain,later_capability_damage_any_path,B+M+L+R,random_forest,5,3000,0.06623099844030077,0.8055564074206828,0.060309932424341677,0.7551801244002624,0.8481106555631583,0.29905580615148236,0.15781491965290345,0.16264523647837714,0.41567874604831084,0.5291673322400549,0.04020622670117854,0.5053874465987768,0.5666615759844557,0.10512968992154932,0.1232275553409186,0.02844984802431611,0.21935893893340702,0.05874843921446814,0.009065598584650508,0.05055456925096959,0.06412636241879668,0.49744179494795293,0.0745482621160416,0.30811461247272987,0.22450754403544076
learned,domain,later_clean_any_path,B,logistic,5,3000,0.20395360476755825,0.5837806755687794,0.15051509937674554,0.47054376200424375,0.6916722463584104,0.32202457522748007,0.14040814205288088,0.2126761056281759,0.4267954250624726,0.5755036291330301,0.0876538419687906,0.5113876573133227,0.6427426592984865,0.3438075799145608,0.13504771395746532,0.2377753896407473,0.4434230770704728,0.2355778468212651,0.00717196903617391,0.22959267022204297,0.240458483882983,0.6320319775379322,0.3354044968816227,-0.04825130196915273,-0.013379921654142646
learned,domain,later_clean_any_path,B,random_forest,5,3000,0.20395360476755825,0.6076252295309132,0.10637070598934581,0.5252578997127781,0.6898356470426329,0.32385111746370254,0.13197682243767228,0.21835969152074913,0.421398747478849,0.5500987636164761,0.058261307755325266,0.5074124607021742,0.5966890224757189,0.23904898732182644,0.12062777466655235,0.15400135511556123,0.33935658250379064,0.17746736789374595,0.007480580133973698,0.17180319150712478,0.18317820906339338,0.6494889915761498,0.35956610473267797,-0.04186376204523656,-0.03571498726897543
learned,domain,later_clean_any_path,B+M,logistic,5,3000,0.20395360476755825,0.6320319775379322,0.1062346604391145,0.5442244006232982,0.7140039971670348,0.3354044968816227,0.1381959245139475,0.2292059778526209,0.44234217593086667,0.5938296430906448,0.0712847635203076,0.5425912435949537,0.6508741006513478,0.36377026731908574,0.11706605390384281,0.27028353193958293,0.45142587012471547,0.21403574301567216,0.009372205272048477,0.20586868222683757,0.21956757487718948,0.6320319775379322,0.3354044968816227,0.0,0.0
learned,domain,later_clean_any_path,B+M,random_forest,5,3000,0.20395360476755825,0.6494889915761498,0.0741473078619805,0.5926707528955264,0.7063072302567733,0.35956610473267797,0.124659876885109,0.26030931987330497,0.45219425386872975,0.5803498975444581,0.0419926216693386,0.5510604563661179,0.6167714250498577,0.3053738621459028,0.086864800249168,0.24385296435359013,0.38011479233440326,0.16918755332595187,0.006557310423166417,0.16422605765978418,0.17475471032026418,0.6494889915761498,0.35956610473267797,0.0,0.0
learned,domain,later_clean_any_path,B+M+L,logistic,5,3000,0.20395360476755825,0.6414749376280255,0.11172165609129868,0.5477482312986496,0.7316101956329655,0.34475581881786854,0.14878453656618176,0.23004761983248861,0.45946401780324847,0.5987115549596856,0.08371061643090938,0.5358485477916141,0.662783996789998,0.36754887903667266,0.13344527407419052,0.25872147455709427,0.461787917922227,0.21155492863168787,0.01239691029236707,0.2004934038829426,0.21959658152755224,0.6320319775379322,0.3354044968816227,0.009442960090093377,0.009351321936245827
learned,domain,later_clean_any_path,B+M+L,random_forest,5,3000,0.20395360476755825,0.6621463959439465,0.0648676296190826,0.6162090876444688,0.7104509810611342,0.3664549469817258,0.12315117603037126,0.2627363458823185,0.4556627922007726,0.5807625555521619,0.050265824769660135,0.5456105362764399,0.6199739837224773,0.3069902747379757,0.10564976611273905,0.23173528404167426,0.385390365738843,0.1671395367117733,0.007523168734733669,0.16083274750234855,0.1725969506426846,0.6494889915761498,0.35956610473267797,0.01265740436779672,0.006888842249047844
learned,domain,later_clean_any_path,B+M+L+R,logistic,5,3000,0.20395360476755825,0.6461869754014435,0.10389397857212174,0.5596659221325473,0.7292139390029924,0.3628477002631497,0.15314315539201187,0.2465982968223886,0.47909710370391084,0.6023090413945891,0.0664958045786071,0.5551734044029389,0.6591635572899909,0.371474423589012,0.1074211123321927,0.2907528819603123,0.44954582810004495,0.2104461751866395,0.011960378896721415,0.20035700629766673,0.21868190306928476,0.6320319775379322,0.3354044968816227,0.014154997863511376,0.027443203381527004
learned,domain,later_clean_any_path,B+M+L+R,random_forest,5,3000,0.20395360476755825,0.7363421705079419,0.051777135887237,0.6912349499556989,0.7722138691943814,0.44767494442747247,0.11295291164005383,0.3622643861900182,0.5314643043256748,0.6107865566414271,0.033882037622476754,0.5873460959468264,0.639647958271409,0.36471676482846627,0.07260879559877939,0.3106029554524863,0.42212304382376836,0.15264857799060277,0.008568588248180412,0.14611312030457585,0.15919471904682275,0.6494889915761498,0.35956610473267797,0.08685317893179212,0.0881088396947945
learned,domain,later_clean_enhancement_path,B,logistic,5,3000,0.11080266312824452,0.6009421216351241,0.12271152296692422,0.5107986244843795,0.6981150827121351,0.21784601942784443,0.12084524035694824,0.12895427160878273,0.3099682253185222,0.5766072735960618,0.10030227472691997,0.5006353891924309,0.6526352570909477,0.23375378514172715,0.10303725484955235,0.1493673439365088,0.30986902850010817,0.23176566731741072,0.017401855594231633,0.2182950793655726,0.24561429144217586,0.6433417460325119,0.2190963036176258,-0.04239962439738787,-0.0012502841897813755
learned,domain,later_clean_enhancement_path,B,random_forest,5,3000,0.11080266312824452,0.6509527128460207,0.07349536574578243,0.595870952502638,0.7061081350629864,0.2295807491853557,0.08600341174370196,0.16527401789074087,0.29571792321399865,0.5549786363885715,0.06183220896837652,0.5131704496698499,0.6043502580378325,0.17050864907822522,0.14849231609080643,0.06335273921480818,0.28077803236825666,0.1098500215034817,0.008130961544607442,0.10385690971935486,0.11587305946319397,0.6918650662873326,0.25358334493203116,-0.04091235344131183,-0.02400259574667546
learned,domain,later_clean_enhancement_path,B+M,logistic,5,3000,0.11080266312824452,0.6433417460325119,0.09092565289001431,0.5842131727034954,0.7200755805659032,0.2190963036176258,0.122571622322031,0.13172801524155336,0.31366750005968325,0.609827846611726,0.06985788918549526,0.5685430787309016,0.6729094679549148,0.26105289853184477,0.06927685698539389,0.20707978574935773,0.3155834378617711,0.2028549812131213,0.02255827351796648,0.18706033922685428,0.22260262238281436,0.6433417460325119,0.2190963036176258,0.0,0.0
learned,domain,later_clean_enhancement_path,B+M,random_forest,5,3000,0.11080266312824452,0.6918650662873326,0.06622199789723422,0.6420183538738096,0.743423332203314,0.25358334493203116,0.08864102920888539,0.18312882923128126,0.3200802375004473,0.5625796430957124,0.06988604910114282,0.5189030601909221,0.6246765069150235,0.19403980704554927,0.1622565205468578,0.08701616854483096,0.3384406425493013,0.10621387431430947,0.007609601523385741,0.10055857839273483,0.11225836621681733,0.6918650662873326,0.25358334493203116,0.0,0.0
learned,domain,later_clean_enhancement_path,B+M+L,logistic,5,3000,0.11080266312824452,0.6627930472661198,0.09479358197335534,0.6024900042177557,0.7434696846347718,0.2336802039580667,0.13667211895085557,0.13990907458390947,0.3418542996604799,0.6079682831540894,0.08979008838872382,0.5518910218251795,0.6857742726485171,0.2582960829726121,0.09163204674710694,0.18949867336964113,0.32709349257558323,0.19902693974590419,0.028036709320252446,0.18045107041316055,0.2231911263316571,0.6433417460325119,0.2190963036176258,0.01945130123360783,0.014583900340440908
learned,domain,later_clean_enhancement_path,B+M+L,random_forest,5,3000,0.11080266312824452,0.6861059994366955,0.04719585312120439,0.6520060034083213,0.7247816649700182,0.2619491951727154,0.09028206919673777,0.19305967563691226,0.3305001430439315,0.5555833311505364,0.06963695261874464,0.5157607923496462,0.616790406568891,0.17700580244484762,0.16972268949269512,0.0751981307821035,0.32561872909698997,0.10627787473811585,0.00892739495930468,0.09940478834881612,0.1131509611274156,0.6918650662873326,0.25358334493203116,-0.005759066850637096,0.008365850240684258
learned,domain,later_clean_enhancement_path,B+M+L+R,logistic,5,3000,0.11080266312824452,0.8204231945106197,0.03165308484144302,0.8018799472983528,0.8485408850935443,0.45800956801031134,0.07425189259019205,0.3993258824176242,0.513380734110694,0.7368994800743139,0.030889689377405338,0.7148613128407896,0.7627280847495752,0.401335348484016,0.05656604809194404,0.35759210136663494,0.445078595601397,0.15199306726481152,0.013563847325629923,0.1410069054354452,0.16206434046357607,0.6433417460325119,0.2190963036176258,0.1770814484781078,0.23891326439268554
learned,domain,later_clean_enhancement_path,B+M+L+R,random_forest,5,3000,0.11080266312824452,0.8248815902427538,0.016074878563395286,0.8117104406477086,0.8381342831803401,0.43826752093904914,0.09455307915159489,0.3653410134377555,0.5090759867889176,0.6095721195690014,0.04619886408521767,0.576482839002092,0.6484526745810417,0.3198245614035088,0.08733600469577467,0.26105263157894737,0.39508771929824554,0.08842281728686964,0.006452397192484429,0.08347679999866459,0.0933688345750747,0.6918650662873326,0.25358334493203116,0.13301652395542118,0.18468417600701797
learned,domain,later_clean_suppression_path,B,logistic,5,3000,0.11386817049607748,0.4967389471635332,0.10777372437166292,0.4204827850054522,0.5828662198680759,0.14699686438485368,0.048506647076455224,0.11206088162524756,0.1840264090510846,0.5248804215156216,0.05446635338836764,0.4934087341892733,0.5733640583939668,0.19338221305630487,0.07361714069797216,0.14281955410207453,0.25469009806945037,0.23413593675918393,0.024754044753537645,0.21601153527531447,0.25541455822740505,0.557760147665601,0.15680829046822858,-0.06102120050206783,-0.009811426083374902
learned,domain,later_clean_suppression_path,B,random_forest,5,3000,0.11386817049607748,0.5774932081773031,0.09602081099255752,0.5086261492331449,0.6530760029509362,0.16378951605051129,0.07177799102709898,0.1104922694734471,0.2203413232313641,0.5090796942876825,0.01729117243726475,0.499206200058633,0.5247635848651901,0.053901376011338806,0.0771174119694192,0.006857142857142858,0.12162050434063662,0.11942695460039203,0.015034961849892432,0.10760624996722501,0.13124765923355902,0.6177420931297052,0.1891102274215281,-0.040248884952402086,-0.025320711371016824
learned,domain,later_clean_suppression_path,B+M,logistic,5,3000,0.11386817049607748,0.557760147665601,0.0976703592567374,0.48874114978980476,0.6327917518308732,0.15680829046822858,0.059360139340654684,0.11441295835064688,0.20802958034559804,0.5507279934971532,0.04689459669057698,0.5161412269904638,0.5871661018894727,0.2166171492876011,0.0707332839763417,0.16447768970265342,0.2728046938599684,0.21047489542897396,0.01951492075517508,0.19566393439391896,0.2256068800026337,0.557760147665601,0.15680829046822858,0.0,0.0
learned,domain,later_clean_suppression_path,B+M,random_forest,5,3000,0.11386817049607748,0.6177420931297052,0.04422811014548133,0.5845484138596293,0.6535439079703977,0.1891102274215281,0.061584349133922835,0.14045792845195387,0.23776252639110235,0.5088959413593315,0.010319765873710602,0.5025168890923587,0.5178995902620598,0.053220667179391376,0.053085880270624025,0.017142857142857144,0.10003022618407234,0.11378789201485576,0.014162842459813384,0.10317949021935635,0.12464651177372184,0.6177420931297052,0.1891102274215281,0.0,0.0
learned,domain,later_clean_suppression_path,B+M+L,logistic,5,3000,0.11386817049607748,0.5682012770517837,0.10370446645359693,0.4918742636841709,0.6502549464954337,0.16421337261675134,0.07104023354349197,0.11322505924064488,0.22499666817647462,0.5616410247952454,0.055525139557224386,0.5180858358384501,0.6034757049448674,0.22677959818673116,0.07579526465988684,0.16820040093208571,0.28535879544137654,0.20804709985537567,0.02265810721138348,0.19136323973838126,0.2252310734910588,0.557760147665601,0.15680829046822858,0.01044112938618269,0.007405082148522757
learned,domain,later_clean_suppression_path,B+M+L,random_forest,5,3000,0.11386817049607748,0.6120440933397902,0.04515233604232543,0.5810602569829426,0.6504900590604492,0.19072489465909098,0.0700604189588047,0.13745635809862394,0.2455197405319675,0.5068796361113975,0.013230874720808713,0.498273158215446,0.5183066454700234,0.04597094460910187,0.05506998782537739,0.009248554913294797,0.09065497396546998,0.11370038317061408,0.013890670744188836,0.10339743626022864,0.12400333008099954,0.6177420931297052,0.1891102274215281,-0.005697999789915031,0.0016146672375628723
learned,domain,later_clean_suppression_path,B+M+L+R,logistic,5,3000,0.11386817049607748,0.7551204309514542,0.01320884586311825,0.7447390125526999,0.7646239871124323,0.35810592932261975,0.0441277572667589,0.3270792953073916,0.3963854351282142,0.700450712864382,0.02327887116694606,0.6799502244660312,0.7140857696163055,0.3675106471377757,0.0604893540187,0.3165448504983389,0.41228079962808,0.1710015291500663,0.014482684712154371,0.15812198663840482,0.18049126277278998,0.557760147665601,0.15680829046822858,0.1973602832858532,0.20129763885439117
learned,domain,later_clean_suppression_path,B+M+L+R,random_forest,5,3000,0.11386817049607748,0.7700093089988634,0.05209428250274705,0.7231111745793609,0.8042363943627452,0.36658366075248283,0.08166171108047235,0.29515249569750224,0.42362485973347397,0.5623291070594129,0.021606885726083273,0.5460281188168309,0.5786300953019948,0.2167635249309468,0.05967242138766274,0.17217578035125394,0.26135126951063964,0.0960608299012096,0.012046701854414041,0.08649127812393809,0.10566925600179422,0.6177420931297052,0.1891102274215281,0.15226721586915826,0.17747343333095472
learned,domain,later_enhancement_path,B,logistic,5,3000,0.1178085061805992,0.6099779830353986,0.12027748157967716,0.5235058449013673,0.7082486883825556,0.23266092363296514,0.12298147640867901,0.14209178174777282,0.32825235163900096,0.5838097014961929,0.08531989547355133,0.521538937963245,0.6483970640343638,0.24763552727549346,0.09093289108178344,0.17264038231780168,0.31424643926274953,0.23115196198106464,0.016611089221179046,0.21750174173782982,0.24336908503209945,0.6412721562071566,0.22616279114082727,-0.03129417317175798,0.006498132492137876
learned,domain,later_enhancement_path,B,random_forest,5,3000,0.1178085061805992,0.6555401249420354,0.0673016082571606,0.6038376592609003,0.7072425906231706,0.25820707466023923,0.07766086220852825,0.20016349207147072,0.32211848257139697,0.5841011386313809,0.09708588317002723,0.515822403609184,0.6626305773609632,0.2296757384562263,0.2049727286966008,0.08108108108108109,0.390780048341024,0.11316411725415401,0.008660378141117817,0.10698479775267847,0.1199798692877726,0.6905127247002848,0.2726143176545547,-0.0349725997582494,-0.01440724299431545
learned,domain,later_enhancement_path,B+M,logistic,5,3000,0.1178085061805992,0.6412721562071566,0.08819575484228634,0.583686232438098,0.7125861783893138,0.22616279114082727,0.11815780859753969,0.14154625154853673,0.31647970611833737,0.6054883423661106,0.0735106172163486,0.5565047527099766,0.6664498720922388,0.26860635089951707,0.07901637691995707,0.20704852561688142,0.33016417618215266,0.20404980007450696,0.021057414406142054,0.1888814658394163,0.2215405058823076,0.6412721562071566,0.22616279114082727,0.0,0.0
learned,domain,later_enhancement_path,B+M,random_forest,5,3000,0.1178085061805992,0.6905127247002848,0.06621897933401028,0.6419359992451678,0.7442827877751055,0.2726143176545547,0.09628840627679934,0.1995944204511594,0.34563421485795,0.5624812121679403,0.08445210338739374,0.5048690769074564,0.6319949487310395,0.19301030353661933,0.20120578244960965,0.050682261208576995,0.3571428571428571,0.11024223566784538,0.00965282221224071,0.10263589450727886,0.11782043075040824,0.6905127247002848,0.2726143176545547,0.0,0.0
learned,domain,later_enhancement_path,B+M+L,logistic,5,3000,0.1178085061805992,0.6586600591128843,0.09411713763017898,0.5976167462009679,0.7366915584415584,0.24046829901335087,0.1305621156726557,0.1484758778555117,0.34226246063078325,0.6103790070863108,0.08172929089647808,0.5584543773450499,0.6809312100126091,0.27052316127733517,0.08626117055203296,0.20446366885945153,0.33367743617196866,0.2003085094277902,0.025639052926981768,0.1823110389153777,0.22216376357188655,0.6412721562071566,0.22616279114082727,0.01738790290572767,0.014305507872523604
learned,domain,later_enhancement_path,B+M+L,random_forest,5,3000,0.1178085061805992,0.6977404356067642,0.051446637353163266,0.6617418352988717,0.7427493258379168,0.28949463349903687,0.0976147321688039,0.21714122733650898,0.36283450988073096,0.5558681078359712,0.06905043061319811,0.5160159461481424,0.618535401669269,0.17936404332520128,0.16543618000092228,0.07871184233591266,0.3291878402903811,0.10931986953662305,0.009523118294923251,0.1015059096658378,0.11636955212164808,0.6905127247002848,0.2726143176545547,0.007227710906479445,0.016880315844482185
learned,domain,later_enhancement_path,B+M+L+R,logistic,5,3000,0.1178085061805992,0.8271149037461484,0.02732623356163354,0.8111155888256102,0.852045477659894,0.4833958293250875,0.04941011159606094,0.4452568982289856,0.5205024627517182,0.7432551281629656,0.0213192727943754,0.7277811712097426,0.7613429838618051,0.42520280504238783,0.0400196935593068,0.3917773254499046,0.45453221661994603,0.14953536926854466,0.011109074344427263,0.14078984734258543,0.15737961869451775,0.6412721562071566,0.22616279114082727,0.18584274753899177,0.25723303818426024
learned,domain,later_enhancement_path,B+M+L+R,random_forest,5,3000,0.1178085061805992,0.8370645706009272,0.017040466791761924,0.823715044777145,0.849361098986349,0.4732567140090561,0.06465307323192783,0.42353951677062784,0.5229739112474844,0.630194002443273,0.05299269246687095,0.5913505462791177,0.6756537774218448,0.3638741232706884,0.08861431601614203,0.29740356875734586,0.437929366231253,0.09017305598340894,0.006494585645739158,0.08532571238024768,0.09539000846739233,0.6905127247002848,0.2726143176545547,0.1465518459006424,0.20064239635450143
learned,domain,later_neighbor_damage_any_path,B,logistic,5,3000,0.09059082338152107,0.5598729778278884,0.03458796913723844,0.5346051870418135,0.5851407686139632,0.1334118996751069,0.05153851743331914,0.09420826116929917,0.17261553818091457,0.5408510832510697,0.04644592133815372,0.5055289121787598,0.5747201121075136,0.17359697309341235,0.0389951124233346,0.14370373350319043,0.20438044625063498,0.23768881038849807,0.02475125545855893,0.21808710204542567,0.25664969215442646,0.5484231202348312,0.12244329345096767,0.011449857593057167,0.010968606224139213
learned,domain,later_neighbor_damage_any_path,B,random_forest,5,3000,0.09059082338152107,0.517949124633778,0.056951472952811076,0.47265737241159905,0.5620439165743194,0.126864612245086,0.046767334219125684,0.09132200276866262,0.1629940683180419,0.4963192575032004,0.0060143392772905365,0.4918884550379977,0.5014544836667941,0.00784313725490196,0.01753778805882188,0.0,0.023529411764705882,0.10104704823524244,0.019236902435450662,0.08643883316987305,0.11596492754604501,0.5416200483190364,0.10980626672837537,-0.02367092368525847,0.01705834551671062
learned,domain,later_neighbor_damage_any_path,B+M,logistic,5,3000,0.09059082338152107,0.5484231202348312,0.03528530651856708,0.5220389291313343,0.5759667043100534,0.12244329345096767,0.04719100022166236,0.0875495676877538,0.16134948044198358,0.5098210627467987,0.05103972171729522,0.4802931713884681,0.5551231054335404,0.1455658803721732,0.06966359230867904,0.09428878153515835,0.20160523295865368,0.20459836917076119,0.045858529359685006,0.17655815864728996,0.2457529698684901,0.5484231202348312,0.12244329345096767,0.0,0.0
learned,domain,later_neighbor_damage_any_path,B+M,random_forest,5,3000,0.09059082338152107,0.5416200483190364,0.07660557984586033,0.48980787974117523,0.6086223778902012,0.10980626672837537,0.0316240974211251,0.08443402555339305,0.13225793334365052,0.4993303571428571,0.0014973669492186162,0.49799107142857146,0.5,0.0,0.0,0.0,0.0,0.09694640922385882,0.019190017595082907,0.08294395580529128,0.11194050986688735,0.5416200483190364,0.10980626672837537,0.0,0.0
learned,domain,later_neighbor_damage_any_path,B+M+L,logistic,5,3000,0.09059082338152107,0.5454843473210984,0.03632111580750419,0.5197184533966445,0.5735517978330995,0.11836451326005348,0.0429096802709046,0.08569472186172869,0.15196550496802094,0.5059505310608553,0.05494570670771984,0.47034170079837834,0.5539250866581602,0.1384278558349575,0.07333493004375219,0.08477397874247662,0.194847921806916,0.20325099386830586,0.04667797780251145,0.17464614571892478,0.24484439397247282,0.5484231202348312,0.12244329345096767,-0.00293877291373279,-0.004078780190914191
learned,domain,later_neighbor_damage_any_path,B+M+L,random_forest,5,3000,0.09059082338152107,0.5338072381009541,0.06052126076179507,0.48694892803024814,0.58066554817166,0.10672336181001596,0.03391696484619951,0.08119484223711128,0.13367705541571867,0.5,0.0,0.5,0.5,0.0,0.0,0.0,0.0,0.09613605782888876,0.017897394221070284,0.08282901620282872,0.10980538010126664,0.5416200483190364,0.10980626672837537,-0.007812810218082333,-0.0030829049183594137
learned,domain,later_neighbor_damage_any_path,B+M+L+R,logistic,5,3000,0.09059082338152107,0.767067132741054,0.05678638616742491,0.7191746115738654,0.811490821333541,0.32928816309062575,0.0970252780386857,0.24379988706688435,0.39845125924158376,0.7028348513686132,0.057744429035187325,0.6584643555517119,0.7490771022918056,0.32569696384642105,0.08547873614312049,0.2585623164928622,0.39283161119997995,0.16356344418549287,0.029955408114033414,0.14279079587934038,0.1889271092672269,0.5484231202348312,0.12244329345096767,0.21864401250622278,0.2068448696396581
learned,domain,later_neighbor_damage_any_path,B+M+L+R,random_forest,5,3000,0.09059082338152107,0.7640647556666164,0.05162400641246572,0.7181414833134682,0.7991186089741056,0.307816787083604,0.1300657564595611,0.20796098713613845,0.4053362648508374,0.527981465810895,0.029808441505071205,0.5073126588019983,0.5527523444468441,0.10396174803469635,0.10030558772268114,0.03334780720798958,0.18820861678004533,0.0796720843714834,0.012190326467014493,0.07145014034003337,0.09003821514247645,0.5416200483190364,0.10980626672837537,0.22244470734757993,0.19801052035522862
learned,domain,later_suppression_path,B,logistic,5,3000,0.12496531415136065,0.5141243022886243,0.09829145869802515,0.44718308125462086,0.5941034923669879,0.17054760072873393,0.05414828649033016,0.1325130927011151,0.21218823055145966,0.5316093015521814,0.05505220150442104,0.4971830562904541,0.5794348667828972,0.21356824164116356,0.07665887598532274,0.15957654015042824,0.27323274646993917,0.23398266073514393,0.021829923961762164,0.2175951356620105,0.2518065711854821,0.5706656786104796,0.1896548835659285,-0.0565413763218553,-0.019107282837194567
learned,domain,later_suppression_path,B,random_forest,5,3000,0.12496531415136065,0.5866523107430136,0.09129541006463414,0.51590456420848,0.6582364659184113,0.19014761105102657,0.06757174587557493,0.1368886178045272,0.24340660429752595,0.5089586631042958,0.013686793035514382,0.4989046644465204,0.5200508853364811,0.05931547567911204,0.06874496312380193,0.006486486486486487,0.11233312142403051,0.1265229953001731,0.015063565725484077,0.11467796821062685,0.13836802238971935,0.613100685644687,0.21372705484486354,-0.0264483749016734,-0.023579443793836974
learned,domain,later_suppression_path,B+M,logistic,5,3000,0.12496531415136065,0.5706656786104796,0.09441559581135432,0.5050540054005401,0.6486746760165081,0.1896548835659285,0.07126965343957677,0.13789217732848044,0.24694096525735093,0.5567941153597145,0.05247096258275001,0.5195818447229338,0.5994690928224403,0.23620588157482764,0.07949860522117322,0.17875193006627552,0.304392578598734,0.20941010749596564,0.01721500071052851,0.19684834823755384,0.2238346695270695,0.5706656786104796,0.1896548835659285,0.0,0.0
learned,domain,later_suppression_path,B+M,random_forest,5,3000,0.12496531415136065,0.613100685644687,0.06303098768952149,0.5694076809862031,0.6668340394235531,0.21372705484486354,0.06967175779724445,0.1561762970356679,0.26724358564734985,0.5194439147631102,0.031246638573636524,0.4982207833265588,0.5461122674073402,0.0916139606276642,0.10220421530634687,0.02089470812875068,0.17754237288135594,0.12207774937941059,0.013426024894601415,0.1121305638826632,0.1323778031576756,0.613100685644687,0.21372705484486354,0.0,0.0
learned,domain,later_suppression_path,B+M+L,logistic,5,3000,0.12496531415136065,0.5792661820166408,0.09762969819482167,0.5126694838171355,0.6555907141788002,0.19484872972707426,0.07694779734337259,0.1379720821345895,0.25978917462524875,0.5664287452199629,0.06164053652597456,0.5194256857138104,0.6178888945489154,0.24598154581929937,0.08302156043892839,0.18799665236461716,0.3175020535117789,0.2075042252580232,0.020477019047494383,0.1924777604503502,0.22429457666954922,0.5706656786104796,0.1896548835659285,0.008600503406161253,0.005193846161145765
learned,domain,later_suppression_path,B+M+L,random_forest,5,3000,0.12496531415136065,0.6082441798830842,0.07473006539713682,0.5543883593774014,0.6699881858544392,0.21892892620655485,0.08245536866749172,0.15490192173804782,0.28295593067506186,0.5149508109153642,0.01992441549518608,0.49966941636116535,0.5302322054695632,0.0800857132021087,0.06853213740707984,0.028416075650118205,0.13409387997623293,0.12165112640232445,0.012104369692924897,0.1128128115411335,0.13077234792780365,0.613100685644687,0.21372705484486354,-0.004856505761602792,0.005201871361691313
learned,domain,later_suppression_path,B+M+L+R,logistic,5,3000,0.12496531415136065,0.7582525309340942,0.011252438830349126,0.7498710980432819,0.766679530881612,0.39644179044970657,0.03486469325609915,0.367913393300127,0.4232563211268879,0.6854321771367892,0.029399834385488828,0.6592812605953423,0.7045786103145671,0.37573932920712827,0.06925447002331962,0.31765041345879663,0.4276085415052175,0.1707236651431316,0.015367113357922294,0.15722557903844972,0.1809617700384487,0.5706656786104796,0.1896548835659285,0.1875868523236146,0.20678690688377807
learned,domain,later_suppression_path,B+M+L+R,random_forest,5,3000,0.12496531415136065,0.7725974281789803,0.05608092546939545,0.7239942282733489,0.810120553833379,0.40080167256818156,0.08082840636757532,0.3276527983788736,0.45128141211112416,0.598641576292188,0.02359405832821758,0.5799959707896113,0.6172871817947645,0.3134692435374647,0.0538126799650992,0.27102435176969336,0.355914135305236,0.10224683335834943,0.011373144203039084,0.09385028484799995,0.11055522634364275,0.613100685644687,0.21372705484486354,0.15949674253429325,0.18707461772331802
learned,domain,later_target_any_path,B,logistic,5,3000,0.21669401960099632,0.5925899851867176,0.13998738924074453,0.48956723833556726,0.695612732037868,0.34023186154672513,0.13685199666329528,0.23324534145645187,0.4440588393934785,0.5766529038887003,0.0824901907433767,0.5172470488578059,0.6414734586415815,0.3583016778406644,0.12323667378207248,0.2635129409597495,0.4530904147215794,0.23535417796180255,0.006807356714266302,0.2291654072167327,0.23954868644001182,0.6309911754333183,0.34816480598974586,-0.038401190246600714,-0.007932944443020729
learned,domain,later_target_any_path,B,random_forest,5,3000,0.21669401960099632,0.6239818463542013,0.11283391352823945,0.5373751326967853,0.7131799430695327,0.35363343078524057,0.13607094460468322,0.2554176080104653,0.45339095598735646,0.5758425046443436,0.06995556936510709,0.5250849993560172,0.6364166389089821,0.29403368706677824,0.14058449065789408,0.19053194333066023,0.4083482246052723,0.18028775419986479,0.010904625899519063,0.1713898818337422,0.18841830663590822,0.6531002537720363,0.3844974526743246,-0.029118407417835,-0.030864021889084048
learned,domain,later_target_any_path,B+M,logistic,5,3000,0.21669401960099632,0.6309911754333183,0.10179545791114826,0.5473794345819379,0.708756579967341,0.34816480598974586,0.13367693058345664,0.2446455251464567,0.451684086833035,0.5938703933128788,0.0630059027818434,0.5486229217106292,0.6426485625978333,0.3732722130896885,0.10927151582260448,0.28257558635566715,0.4530569686052952,0.2151275871118441,0.009082642019478334,0.2072149045778362,0.22080785456483634,0.6309911754333183,0.34816480598974586,0.0,0.0
learned,domain,later_target_any_path,B+M,random_forest,5,3000,0.21669401960099632,0.6531002537720363,0.06729181260522277,0.6034715169709344,0.7056986074613897,0.3844974526743246,0.11583568968504102,0.2907055361708076,0.4702959480284883,0.5833095227911251,0.04338779543826292,0.5533176491883767,0.6199166246949619,0.31687417010702407,0.08606937606688994,0.25398724520024574,0.3867084460255396,0.17409412172905508,0.007395584757747495,0.16871415968018746,0.18003173139653658,0.6531002537720363,0.3844974526743246,0.0,0.0
learned,domain,later_target_any_path,B+M+L,logistic,5,3000,0.21669401960099632,0.6403086829387548,0.10637927266070565,0.5495383637488319,0.7264879618917577,0.357374640410071,0.13999503080959844,0.24959378540017374,0.46515549541996837,0.5966437197426339,0.07932698124669459,0.5336954336018503,0.6539476763129679,0.37543719353135174,0.1309707854879126,0.26283987257772734,0.4654924166974931,0.21304214962779056,0.011761208124515051,0.20293723631114985,0.22042874419621877,0.6309911754333183,0.34816480598974586,0.009317507505436473,0.009209834420325136
learned,domain,later_target_any_path,B+M+L,random_forest,5,3000,0.21669401960099632,0.6675554154229496,0.05837043642391535,0.6254242072694263,0.7112683596605464,0.39688127725717537,0.12304391603172887,0.2941501513507836,0.48705675127262466,0.5833890020847583,0.042180574390777756,0.5510237313794428,0.6164923719521057,0.3169981059720885,0.08543644967661242,0.2523402909550917,0.38422619047619044,0.17123814527200426,0.007651155335527626,0.16511412915468887,0.17787932072443463,0.6531002537720363,0.3844974526743246,0.014455161650913317,0.012383824582850755
learned,domain,later_target_any_path,B+M+L+R,logistic,5,3000,0.21669401960099632,0.6444436801480633,0.10225731544963593,0.5566454438885768,0.7264710939637469,0.37805333971382327,0.14319252939186508,0.2685722613291717,0.4875344180984749,0.5974756332916182,0.06087455708621516,0.5547552820498935,0.6480999411500539,0.37784347532697926,0.09705027684818905,0.3047206995675181,0.45096625108644045,0.21179325196240645,0.01147932274439434,0.2017364555711186,0.21912898073640236,0.6309911754333183,0.34816480598974586,0.013452504714745017,0.029888533724077404
learned,domain,later_target_any_path,B+M+L+R,random_forest,5,3000,0.21669401960099632,0.7451081572473971,0.05989065374684993,0.6942556089540822,0.7847275270203877,0.4687794957029364,0.1033848305021405,0.3849283654693873,0.544310776039957,0.6226680772382001,0.039737284856890404,0.5941828779163454,0.6581528458172843,0.39309599877705564,0.07622336276701698,0.33490023125292995,0.456286438624568,0.15605905288603714,0.009177216761167383,0.1492103034218027,0.1637389793401983,0.6531002537720363,0.3844974526743246,0.09200790347536081,0.08428204302861181
learned,record,later_capability_damage_any_path,B,logistic,5,3000,0.06733333333333333,0.5508985457731851,0.05966543034873003,0.49993335308572984,0.592996086718504,0.08956555477489211,0.030550310402308548,0.0631440942513591,0.1117993642544636,0.5241317697727703,0.07609355544260427,0.46460692638083345,0.5786891656988177,0.13159333039053464,0.06504499036596671,0.08208380941220128,0.181102851368868,0.23793483082020256,0.018856780794201552,0.22115319257257493,0.25252851024663636,0.5662234897351418,0.08456174756303332,-0.015324943961956716,0.005003807211858793
learned,record,later_capability_damage_any_path,B,random_forest,5,3000,0.06733333333333333,0.5383611588377228,0.03292030354515819,0.5115477094841322,0.5633965694242201,0.11205621649423222,0.05016860472060779,0.07365529955228764,0.1487459979387233,0.5,0.0,0.5,0.5,0.0,0.0,0.0,0.0,0.0769390767814645,0.016490504200800685,0.06512639387541627,0.0897566796511924,0.5496255843894433,0.09762314183932688,-0.01126442555172047,0.014433074654905342
learned,record,later_capability_damage_any_path,B+M,logistic,5,3000,0.06733333333333333,0.5662234897351418,0.058011633851947915,0.5233205612206188,0.6141848564677972,0.08456174756303332,0.036260898954198234,0.05722105840788303,0.11403568501379002,0.537783701943625,0.04610153923204527,0.5020816332571111,0.5730132944922252,0.13826455519789124,0.0560835526735973,0.09541361049991806,0.18111549989586445,0.22793877465723927,0.014822359287273714,0.2159275372052729,0.23938323686563012,0.5662234897351418,0.08456174756303332,0.0,0.0
learned,record,later_capability_damage_any_path,B+M,random_forest,5,3000,0.06733333333333333,0.5496255843894433,0.02831910361780767,0.5277238679040214,0.571527300874865,0.09762314183932688,0.041392030848480504,0.06879663151933076,0.12892754216125715,0.5,0.0,0.5,0.5,0.0,0.0,0.0,0.0,0.07548004527638123,0.014606280755136591,0.06506499142407686,0.08728820343462283,0.5496255843894433,0.09762314183932688,0.0,0.0
learned,record,later_capability_damage_any_path,B+M+L,logistic,5,3000,0.06733333333333333,0.5738239038975601,0.06486930613374643,0.5324909795505759,0.6320060377118164,0.0882797563929584,0.04180283482248576,0.057969657568744594,0.12466090215704968,0.5391285922481523,0.04323669905145336,0.5068079383045582,0.5744651140563024,0.13819691714428559,0.0544027211140439,0.0960925760925761,0.18030125819599502,0.22656044397329653,0.013911440955099375,0.21616183494240762,0.23763551108612338,0.5662234897351418,0.08456174756303332,0.007600414162418301,0.003718008829925082
learned,record,later_capability_damage_any_path,B+M+L,random_forest,5,3000,0.06733333333333333,0.5462465849351135,0.024877018813712373,0.5265885457175743,0.5659656467682348,0.10368073824202602,0.05131062247472332,0.06425691757087514,0.14310455891317692,0.5,0.0,0.5,0.5,0.0,0.0,0.0,0.0,0.07416209879672948,0.014486959033468801,0.06428566127718154,0.08564483717268791,0.5496255843894433,0.09762314183932688,-0.003378999454329845,0.006057596402699136
learned,record,later_capability_damage_any_path,B+M+L+R,logistic,5,3000,0.06733333333333333,0.8348813206658381,0.03974445913019638,0.8053969625250481,0.8660631401374095,0.3900557795581301,0.07692056578149141,0.3393497145814891,0.4589697142192426,0.7588661482312951,0.03370763895964594,0.7351729957554282,0.7841637038752234,0.3164395361474102,0.06218321587827697,0.26631352593471264,0.3620368128603423,0.14629922963661995,0.016175195973010772,0.13429075297685222,0.158672316365091,0.5662234897351418,0.08456174756303332,0.2686578309306963,0.3054940319950968
learned,record,later_capability_damage_any_path,B+M+L+R,random_forest,5,3000,0.06733333333333333,0.818904273241442,0.04932594910248042,0.7810228913084286,0.8567856551744552,0.3009265996059164,0.11934314744238,0.19787337748965278,0.38524987709776826,0.5454829219025205,0.048765298301927475,0.5078641638021961,0.5831016800028448,0.15598372845770275,0.15450654182399573,0.03571428571428571,0.27625317120111975,0.059613540624695927,0.012292467424614177,0.05184949013226912,0.07041848830121553,0.5496255843894433,0.09762314183932688,0.2692786888519987,0.2033034577665895
learned,record,later_clean_any_path,B,logistic,5,3000,0.21600000000000003,0.6167806025902307,0.04106738098792398,0.5849548843397396,0.6488976913929088,0.34869155452341716,0.09164410913275493,0.2782180225761747,0.41459878630834923,0.5836303210075947,0.02757441819921186,0.562330899222596,0.6068837619686983,0.3682157901917487,0.0693814762453139,0.3157135374741705,0.4228295457290434,0.23585262384261685,0.01099455651909884,0.22797070287457705,0.2455227467699043,0.6756156212806882,0.36710421654853675,-0.058835018690457486,-0.018412662025119597
learned,record,later_clean_any_path,B,random_forest,5,3000,0.21600000000000003,0.6126967248330114,0.04970780441641038,0.5743429828279641,0.6552623571209415,0.33111813459217243,0.07653481976582398,0.2650866552116877,0.38600922262504506,0.5525606632145637,0.04451382887052528,0.5173763442639102,0.5852129090129977,0.2571752040426484,0.09291448093587655,0.18651687607785167,0.32950897655033395,0.18031359700321098,0.011479723391115127,0.17169834948469115,0.1889288445217308,0.6563203654929352,0.3623436354753634,-0.043623640659923746,-0.031225500883190982
learned,record,later_clean_any_path,B+M,logistic,5,3000,0.21600000000000003,0.6756156212806882,0.04863314497036405,0.6403252956848137,0.7134355842269537,0.36710421654853675,0.0812545036709747,0.3006147471886361,0.425697757590686,0.6270064738588748,0.041235805095514645,0.5948417221944371,0.6577626443150276,0.4182280585076005,0.06763462213547948,0.3613823895934266,0.46779920238480727,0.223185979143528,0.016829497515076314,0.2096183556571519,0.23588970421724814,0.6756156212806882,0.36710421654853675,0.0,0.0
learned,record,later_clean_any_path,B+M,random_forest,5,3000,0.21600000000000003,0.6563203654929352,0.04119776268807782,0.6237437486996557,0.6888969822862145,0.3623436354753634,0.07140588427868129,0.29965685489192245,0.41292000912417975,0.5849039522856184,0.03965750231977459,0.5548938349950118,0.6149140695762252,0.32255782046805415,0.0863671217118909,0.2569817616938036,0.3912166648958776,0.17281352703503947,0.010426724201019331,0.1639816313082511,0.18005048357062295,0.6563203654929352,0.3623436354753634,0.0,0.0
learned,record,later_clean_any_path,B+M+L,logistic,5,3000,0.21600000000000003,0.6756922049449494,0.045107174158195706,0.6407246449788547,0.7106597649110441,0.3792815038876264,0.08694535355263261,0.3057077372609285,0.44192553381530797,0.6335707861342177,0.03662562465277599,0.6068333882479013,0.6643696313934141,0.4240331155068013,0.05854740394026848,0.3748887043251058,0.46743115362749565,0.22202588911400375,0.013690157551511262,0.21035586268397574,0.23206292448235546,0.6756156212806882,0.36710421654853675,7.658366426122054e-05,0.012177287339089626
learned,record,later_clean_any_path,B+M+L,random_forest,5,3000,0.21600000000000003,0.6651601194384558,0.03707218268499372,0.6362801211165552,0.6947264041910488,0.38562115091254634,0.06540309676184863,0.3311156498708498,0.4328567432794738,0.5882492041987313,0.03397280388112965,0.5624902929967005,0.6140081154007618,0.3304381327417977,0.07554445244395544,0.2736534359571009,0.38761090761090766,0.17059750940609286,0.010444933901438478,0.16240015355621182,0.17871799658855364,0.6563203654929352,0.3623436354753634,0.008839753945520612,0.023277515437182927
learned,record,later_clean_any_path,B+M+L+R,logistic,5,3000,0.21600000000000003,0.6849133182192275,0.037945207176248844,0.6570061373302354,0.7146125674921943,0.39007530748317054,0.07824577399789848,0.32448079697266075,0.4488488038827458,0.6428787643166031,0.025296729179536872,0.6229702588564159,0.6611434859634537,0.4340758970324762,0.05171013457689091,0.3936135908479058,0.47454283898163324,0.21894217792869317,0.014145098789621864,0.20771306516093255,0.2297287220561605,0.6756156212806882,0.36710421654853675,0.009297696938539324,0.022971090934633787
learned,record,later_clean_any_path,B+M+L+R,random_forest,5,3000,0.21600000000000003,0.7494937598887758,0.020997152988277448,0.7325848347271928,0.7642438146295776,0.46207773793191204,0.08199471468742586,0.4003829501530058,0.5198261688422947,0.6102279369111239,0.023017332339060823,0.5913870712279411,0.6274616472005732,0.3731670175262948,0.05863234584674251,0.32435406698564595,0.4165686323588306,0.1540776620575659,0.01008488107601703,0.1464815328217541,0.16167379129337767,0.6563203654929352,0.3623436354753634,0.0931733943958406,0.09973410245654862
learned,record,later_clean_enhancement_path,B,logistic,5,3000,0.11666666666666667,0.6015402332523465,0.0635381702220338,0.5528677790288861,0.650212687475807,0.22237948476117078,0.08071435330371307,0.1578493122831912,0.29307438408866565,0.5748180293675121,0.08482353805400031,0.5111777156306894,0.6447683389289265,0.23789220394890687,0.08735154795015693,0.16953354800329415,0.3062508598945196,0.22901299276069884,0.015924827598007327,0.21711088423273775,0.24327863058673108,0.6360128534733377,0.22773967090951547,-0.03447262022099118,-0.005360186148344687
learned,record,later_clean_enhancement_path,B,random_forest,5,3000,0.11666666666666667,0.600526028598731,0.060701113889962785,0.5574421947386248,0.6462931951606783,0.21445860226425065,0.05831503081025947,0.1740196713831331,0.2670244165045761,0.5479821630450517,0.028165863520798605,0.5256260045244516,0.5711077055569078,0.17680285441970722,0.0897195148139544,0.1035823293172691,0.2498309668695064,0.11662191951292164,0.012766558780143815,0.10736166440224326,0.12817618279010917,0.6390835368693366,0.22791656709279828,-0.038557508270605556,-0.013457964828547636
learned,record,later_clean_enhancement_path,B+M,logistic,5,3000,0.11666666666666667,0.6360128534733377,0.07928849308758772,0.5710174956541846,0.6943697995683202,0.22773967090951547,0.062370893674978015,0.17344402046360236,0.2671946309755177,0.5904699916348337,0.056238537040691594,0.5469687684881321,0.6339712147815352,0.2565793521643733,0.0719604498137165,0.19427184904959507,0.30829034485042556,0.21591755805947485,0.022906816842957842,0.19865510854410187,0.2331800075748478,0.6360128534733377,0.22773967090951547,0.0,0.0
learned,record,later_clean_enhancement_path,B+M,random_forest,5,3000,0.11666666666666667,0.6390835368693366,0.06540996088084525,0.5837761672380942,0.6901896196968578,0.22791656709279828,0.06029550465913317,0.19524986687076215,0.28251691177644317,0.5450057964072343,0.02734800850090992,0.5198357027957204,0.560369115413165,0.16661198560671314,0.09398342213005578,0.0813970588235294,0.21646492678318374,0.11243885867630155,0.009599417321130168,0.10525116214763304,0.12047098231591402,0.6390835368693366,0.22791656709279828,0.0,0.0
learned,record,later_clean_enhancement_path,B+M+L,logistic,5,3000,0.11666666666666667,0.6417608429304277,0.06946086409932226,0.584638217416632,0.6939682826326008,0.23572312004254833,0.0712221907990904,0.17115368825426183,0.27484727009118787,0.5955805870319638,0.050025970113311995,0.5536052125753033,0.6301462776075458,0.2606797818435653,0.07014500756217922,0.19685060335921442,0.30871385945464863,0.21377016817447667,0.01900387633527945,0.19940563786006732,0.2279694174407226,0.6360128534733377,0.22773967090951547,0.005747989457089986,0.007983449133032866
learned,record,later_clean_enhancement_path,B+M+L,random_forest,5,3000,0.11666666666666667,0.6376512129238324,0.07713470935846611,0.577313437276388,0.6924307982279476,0.24681026739298514,0.05772254730416129,0.2069013105366717,0.30007571207586076,0.5446361156827102,0.021612404054069664,0.5279259363700389,0.560458474667188,0.16612946614730198,0.07551799620698896,0.10689137474241979,0.21957333530520945,0.11198219028319137,0.009945931510872988,0.10446673080700335,0.11949764975937938,0.6390835368693366,0.22791656709279828,-0.001432323945504188,0.01889370030018686
learned,record,later_clean_enhancement_path,B+M+L+R,logistic,5,3000,0.11666666666666667,0.8044086270101655,0.04022173928769983,0.773495525853423,0.8371536114913033,0.4291456337695393,0.12902270074756997,0.32505805820436917,0.5206074029954224,0.727260653440814,0.04138247849324663,0.6957201938612633,0.7598441576929036,0.4036966847875451,0.08297237824867543,0.3405183775874021,0.4706377972393397,0.15868892648710894,0.015236419429716234,0.14681080113695236,0.17034384670447353,0.6360128534733377,0.22773967090951547,0.16839577353682778,0.20140596286002382
learned,record,later_clean_enhancement_path,B+M+L+R,random_forest,5,3000,0.11666666666666667,0.8037061871523827,0.05024894277284447,0.763952083685289,0.8459970508099925,0.41858229772722366,0.09777635084898803,0.3480553570226613,0.5004788877836509,0.6016118673410912,0.029214733456140497,0.5815979584449691,0.627846795555462,0.3179017163161067,0.07511790622356006,0.26592176644142,0.38471875892262297,0.09273561506283044,0.005725693834580143,0.08839242388577925,0.09732794181961163,0.6390835368693366,0.22791656709279828,0.16462265028304612,0.19066573063442538
learned,record,later_clean_suppression_path,B,logistic,5,3000,0.121,0.5626361086035455,0.05941366651670281,0.5201004320714836,0.6105195852885197,0.16572035202078123,0.04102094515796854,0.1356430407433326,0.19725746516920356,0.5605321688832431,0.05340384656658629,0.5200665093161081,0.6017801165941772,0.23350175969684667,0.04486591894602904,0.19723723843874866,0.265483316133471,0.24234149117396311,0.017486286382119277,0.23159835560431663,0.2577034112633504,0.5972749083282534,0.1605399260165799,-0.03463879972470785,0.005180426004201322
learned,record,later_clean_suppression_path,B,random_forest,5,3000,0.121,0.5702169658202475,0.043637945812467015,0.5384923417987791,0.6019415898417159,0.16288324862397074,0.0391920273121029,0.13103899694236304,0.18994102238615684,0.49352269366586954,0.010556455719703263,0.4849995300604656,0.500462802292827,0.023177662466024214,0.017183363694833254,0.00944332662642522,0.036591478696741855,0.1254766453477021,0.013076691289105337,0.11570238908675853,0.13525090160864564,0.6175912186387937,0.18766804636196524,-0.047374252818546236,-0.024784797737994496
learned,record,later_clean_suppression_path,B+M,logistic,5,3000,0.121,0.5972749083282534,0.04828089462621871,0.5626729790619469,0.6348894291874961,0.1605399260165799,0.029058561368303898,0.1360087476745871,0.1813550155242118,0.5704086491055758,0.045131620090808046,0.5365167178724449,0.6046829961161159,0.24110496534413475,0.04288950158199768,0.20522423702449716,0.26819170421003574,0.23517753954330822,0.014632966735357637,0.22389472160321738,0.2464603574833991,0.5972749083282534,0.1605399260165799,0.0,0.0
learned,record,later_clean_suppression_path,B+M,random_forest,5,3000,0.121,0.6175912186387937,0.020922717238347197,0.6026524508325761,0.6350820878535954,0.18766804636196524,0.05428325771361839,0.14442863394048977,0.22754812699656302,0.5090264871488156,0.005170087700545565,0.5051736612209434,0.5128793130766877,0.06466673216453095,0.018365259838863456,0.049873107611513035,0.07864614514342283,0.12033813750697901,0.010857536232246702,0.11209980601422476,0.12904997695371825,0.6175912186387937,0.18766804636196524,0.0,0.0
learned,record,later_clean_suppression_path,B+M+L,logistic,5,3000,0.121,0.5963056986726679,0.053309896781592925,0.5575817362360864,0.6409146864398341,0.16646476538781374,0.02595518281349357,0.14402993820385512,0.18257114895118023,0.5616254371716382,0.03377588045378931,0.5365846339199731,0.586835206963148,0.23324951774495295,0.030316361010628404,0.20925512942693306,0.2544929883124071,0.23407357794075306,0.012054941091112718,0.22514675946582904,0.24373049165794308,0.5972749083282534,0.1605399260165799,-0.0009692096555854457,0.0059248393712338365
learned,record,later_clean_suppression_path,B+M+L,random_forest,5,3000,0.121,0.6311948383140175,0.018200739884447717,0.617593968476356,0.6447788227395337,0.20025175513561738,0.04427312777717961,0.16351597289066705,0.232349286539622,0.5106083017258259,0.012867690870672766,0.5012799958290889,0.5212186562659322,0.06692190162778397,0.03585949548037621,0.04489941431117902,0.09997120526532291,0.11866354501692325,0.012107740645057345,0.10962832149369935,0.12871181104329493,0.6175912186387937,0.18766804636196524,0.013603619675223722,0.012583708773652141
learned,record,later_clean_suppression_path,B+M+L+R,logistic,5,3000,0.121,0.7714373687830712,0.03113068213830239,0.7447417032637711,0.7940049654741953,0.37883650230783533,0.05797816921680717,0.33761700168679704,0.42578538446821057,0.7071497603795263,0.01750913305044517,0.6919432483260063,0.719393703429768,0.3779436579609361,0.04162881001686483,0.3456129321957791,0.4119052089935628,0.1766325294688252,0.010560376036202782,0.1682116301106435,0.18464762028733075,0.5972749083282534,0.1605399260165799,0.17416246045481787,0.21829657629125543
learned,record,later_clean_suppression_path,B+M+L+R,random_forest,5,3000,0.121,0.7916899739960765,0.04284054573141391,0.7582102285000614,0.8251697194920917,0.37894670256426843,0.07846275383968791,0.31226425123565066,0.4386179041941235,0.5596419662459416,0.02477500139367596,0.5401540784580667,0.5791298540338164,0.21549596569027657,0.0719478161475649,0.15865166016447277,0.27234027121608034,0.0990291886263643,0.010489599254738758,0.09106431802831838,0.10699405922441019,0.6175912186387937,0.18766804636196524,0.1740987553572828,0.1912786562023032
learned,record,later_enhancement_path,B,logistic,5,3000,0.12366666666666667,0.6105151597916134,0.06685728213059243,0.5589991187722767,0.6620312008109501,0.23474768851365063,0.08580376605612415,0.1672677854584977,0.31076952750301173,0.5767479508303326,0.07856373064447532,0.5170370057255844,0.641241857477606,0.24942692821524665,0.08616015644843888,0.18233440607936585,0.3165194503511274,0.22820374428341844,0.014567407471095934,0.21737407138272452,0.24108606623223866,0.6326176577107783,0.2326800334392733,-0.022102497919164854,0.002067655074377339
learned,record,later_enhancement_path,B,random_forest,5,3000,0.12366666666666667,0.6116833512446167,0.06286038589032233,0.5658889614053028,0.6643657736488764,0.23785560582290627,0.05331997454957821,0.20094691283050614,0.28585159572978425,0.544566038850905,0.026863822325194447,0.5223653207665151,0.5643875230208757,0.17237544267937463,0.08702089240430515,0.10239080459770115,0.23763384589244754,0.11978581635768985,0.010474055323459013,0.11190378161422251,0.12932373176891163,0.6508203471320579,0.2487435080196124,-0.03913699588744124,-0.010887902196706128
learned,record,later_enhancement_path,B+M,logistic,5,3000,0.12366666666666667,0.6326176577107783,0.08749165420856475,0.5596312473352598,0.6985795443212928,0.2326800334392733,0.0607893396094103,0.1776767739604667,0.26613467812481434,0.5902116178235193,0.055503553717277034,0.5466183866093032,0.6342412446047884,0.2677121668684571,0.07296588896008671,0.20375186110480228,0.31934981291786785,0.21710689617282716,0.0232413812519885,0.19913363315278926,0.23508015919286512,0.6326176577107783,0.2326800334392733,0.0,0.0
learned,record,later_enhancement_path,B+M,random_forest,5,3000,0.12366666666666667,0.6508203471320579,0.05039955948408681,0.6122796836894081,0.6902585550369479,0.2487435080196124,0.0508454563874727,0.2147387727882646,0.2946555063724424,0.5435646161329178,0.030613062988277047,0.5201257342286898,0.5653565330034354,0.16414067363733828,0.09957929402635596,0.08187857961053838,0.22868852045322635,0.11598627002436787,0.009303991570346448,0.10927011244717197,0.12388254830629233,0.6508203471320579,0.2487435080196124,0.0,0.0
learned,record,later_enhancement_path,B+M+L,logistic,5,3000,0.12366666666666667,0.6347082483039491,0.07431298072396268,0.5707264417428994,0.6897480448940077,0.2386304861715698,0.06889015202136901,0.17490559591175195,0.2783975623427043,0.5923533765912652,0.056176668516635,0.5508469494945631,0.6382827363039671,0.26844930264939365,0.07121243493969505,0.20669347692842507,0.31968976134911165,0.21580060742289361,0.01948749348534645,0.20078732035274802,0.23081389449303927,0.6326176577107783,0.2326800334392733,0.002090590593170849,0.005950452732296496
learned,record,later_enhancement_path,B+M+L,random_forest,5,3000,0.12366666666666667,0.6432369499741308,0.07214533863702192,0.5890235393825491,0.6974417429580853,0.2501530920065538,0.0645243658771785,0.2105601215964698,0.30669058913182756,0.5380337708724701,0.0252994373204662,0.51753706123118,0.5559128704586638,0.1470001543172275,0.08975489727648951,0.07182817182817183,0.2071067144237876,0.11659231180395317,0.008511983800874657,0.10990205323925677,0.12296231726768214,0.6508203471320579,0.2487435080196124,-0.0075833971579271076,0.0014095839869413818
learned,record,later_enhancement_path,B+M+L+R,logistic,5,3000,0.12366666666666667,0.8082566197894139,0.04406336175842941,0.7738621699011455,0.8426510696776826,0.44534839542467564,0.12432514347492618,0.3367338790679923,0.5326748891494967,0.7294929646393307,0.04446639641437013,0.6983293805035193,0.7690899524571378,0.4196400280726736,0.0855925026485287,0.35598617756512496,0.49085569349886526,0.15747712375180606,0.014918125399804088,0.14585349770498546,0.16838321660332833,0.6326176577107783,0.2326800334392733,0.1756389620786356,0.21266836198540234
learned,record,later_enhancement_path,B+M+L+R,random_forest,5,3000,0.12366666666666667,0.8065804842673032,0.048820430272005284,0.7697164308027993,0.8493013861804506,0.4454674883159397,0.1014650154961406,0.3730175078299551,0.5327817162315773,0.6121893551527567,0.03213398653661451,0.5895260119453961,0.6367197498860874,0.342184632330686,0.07608734044367006,0.2902820749425537,0.4072103735655138,0.09550375748980898,0.004458402445375903,0.09143025540737332,0.0987476601586629,0.6508203471320579,0.2487435080196124,0.15576013713524528,0.1967239802963273
learned,record,later_neighbor_damage_any_path,B,logistic,5,3000,0.09766666666666668,0.5457156865378968,0.08184082241264726,0.48482763245424537,0.6115148427369937,0.1252425926435281,0.029843540271101924,0.10295479584036275,0.1475303894466935,0.5353501435927817,0.05282606934276677,0.4958664675439099,0.5748338196416534,0.1761131179604484,0.03514832120936855,0.1493545296688821,0.20287170625201473,0.2399671499804578,0.01282683600866183,0.23106438314773584,0.25009422364489686,0.5307097118585877,0.12735118694940745,0.015005974679309086,-0.002108594305879341
learned,record,later_neighbor_damage_any_path,B,random_forest,5,3000,0.09766666666666668,0.5086155223994142,0.031983502687088286,0.4832129981909956,0.53571478069679,0.1133581110342409,0.020642537088057564,0.0972292704782853,0.1284258654786205,0.4974918037337598,0.00435686370179642,0.49446534101404377,0.5012749426150018,0.00625,0.013975424859373687,0.0,0.01875,0.10512374761787932,0.010043580925553386,0.09702418549019264,0.11212333197454571,0.5119416203137025,0.1119443187444302,-0.003326097914288284,0.0014137922898107003
learned,record,later_neighbor_damage_any_path,B+M,logistic,5,3000,0.09766666666666668,0.5307097118585877,0.041537409064453176,0.49630929802084695,0.5593442144788596,0.12735118694940745,0.035040166709721376,0.10122720781620784,0.15612170889359048,0.5107340773006482,0.044738753147219645,0.4754665497755738,0.544525626196615,0.16422333539905387,0.03273492137989536,0.13905797101449274,0.19104101047759853,0.24246033837707887,0.020341509032463914,0.22753923250637312,0.2584436448628281,0.5307097118585877,0.12735118694940745,0.0,0.0
learned,record,later_neighbor_damage_any_path,B+M,random_forest,5,3000,0.09766666666666668,0.5119416203137025,0.02791881238759523,0.4873225164772813,0.5315038412635169,0.1119443187444302,0.019806667680925445,0.09502667778212145,0.1259482654445026,0.4988700564971751,0.0025266304830506114,0.4966101694915254,0.5,0.0,0.0,0.0,0.0,0.1038842351968764,0.009642808901130518,0.09596025910734696,0.11097652204529021,0.5119416203137025,0.1119443187444302,0.0,0.0
learned,record,later_neighbor_damage_any_path,B+M+L,logistic,5,3000,0.09766666666666668,0.5293727028500567,0.038941647448728,0.4989955013603177,0.5572131599608632,0.11996258130916923,0.02337559348150823,0.09983752612356253,0.13536409828596815,0.5164116996869443,0.046935256580039726,0.47722253792736324,0.5510837927847188,0.16929719847467736,0.040327887178188984,0.13985028927621537,0.20558232121942743,0.24222513147224758,0.0195793626689212,0.2286384102959902,0.25843197374190874,0.5307097118585877,0.12735118694940745,-0.0013370090085310649,-0.007388605640238216
learned,record,later_neighbor_damage_any_path,B+M+L,random_forest,5,3000,0.09766666666666668,0.527191300700561,0.04071570745115662,0.4924973960137688,0.55452353125289,0.11325749490695733,0.022075157149105358,0.09460143846578671,0.12943467132809716,0.49962335216572507,0.0008422101610168787,0.4988700564971751,0.5,0.0,0.0,0.0,0.0,0.10284724625084454,0.009414676750144738,0.09513403229534287,0.1092530841672148,0.5119416203137025,0.1119443187444302,0.015249680386858477,0.0013131761625271299
learned,record,later_neighbor_damage_any_path,B+M+L+R,logistic,5,3000,0.09766666666666668,0.77490099224204,0.01555928292052685,0.7625074298174059,0.787294554666674,0.34790782290725497,0.05429502018234958,0.3090376241320626,0.3927694801216178,0.6861439146311845,0.027247873779121492,0.666841140539141,0.7098758462348673,0.3188041191929231,0.05082718374477951,0.27858829408025737,0.359019944305589,0.17047739043102297,0.012637918079818204,0.16053769962916276,0.18013506173486,0.5307097118585877,0.12735118694940745,0.24419128038345228,0.22055663595784752
learned,record,later_neighbor_damage_any_path,B+M+L+R,random_forest,5,3000,0.09766666666666668,0.7808987263710212,0.020684070690295087,0.7648409127216885,0.7962353549233238,0.3178786054137367,0.078764513716618,0.2567517431065568,0.37905383708692314,0.5330103278462597,0.0185628722995675,0.5162665682584857,0.5459403123533926,0.12532241829499058,0.062146627363394984,0.06864744019673598,0.16779828358775725,0.0846075099037307,0.007708399722659457,0.0781045355132817,0.0902616610971696,0.5119416203137025,0.1119443187444302,0.2689571060573187,0.2059342866693065
learned,record,later_suppression_path,B,logistic,5,3000,0.132,0.5702472245661695,0.05985875749100686,0.5269042969595799,0.616715599635607,0.1805570276916067,0.04428214899554422,0.14823404781565636,0.21288000756755707,0.5658480396293113,0.04699041358589516,0.5319079650634885,0.6023595736731859,0.2508935661303541,0.021086567566288926,0.23403482756090854,0.26521544496836197,0.2417131758868986,0.017782445412069973,0.2310017878283661,0.2574027655857016,0.6122993684907054,0.1787231394862853,-0.042052143924535934,0.0018338882053214045
learned,record,later_suppression_path,B,random_forest,5,3000,0.132,0.5848693735705852,0.05220684516001853,0.5463621094811827,0.6262568546848705,0.18888699747907373,0.05873879490961566,0.14312590893332394,0.23401535857871583,0.5011025346340984,0.00912731782355533,0.4940703800252707,0.5081346892429262,0.050015735898088845,0.04136341281387889,0.01829895594601477,0.08169425345895935,0.13257944305187513,0.012448245037909682,0.12288073226913702,0.14165462851303717,0.6194584525532187,0.2082485995282632,-0.034589078982633525,-0.019361602049189464
learned,record,later_suppression_path,B+M,logistic,5,3000,0.132,0.6122993684907054,0.03942615094852176,0.5848166503928153,0.6430794769506851,0.1787231394862853,0.032832219696023075,0.15324692979052276,0.2031574420680955,0.5900473806851945,0.038192100645462114,0.5629059296764829,0.6188282309284235,0.27214329827151557,0.04815158682402862,0.23576135947964358,0.30777940055646574,0.23373174104541242,0.015337881879527386,0.22191385906320732,0.24554962302761751,0.6122993684907054,0.1787231394862853,0.0,0.0
learned,record,later_suppression_path,B+M,random_forest,5,3000,0.132,0.6194584525532187,0.02315103661664313,0.6018935773281701,0.6370233277782675,0.2082485995282632,0.060396471651006464,0.16125429966243476,0.25326092738120215,0.5144780306083964,0.007409714380549009,0.5090199100070328,0.5210029843533287,0.09196289778333122,0.026065753648801548,0.07234647705235939,0.11183788347875034,0.12819644243447045,0.012456969783829106,0.11866468497226257,0.13811438634327736,0.6194584525532187,0.2082485995282632,0.0,0.0
learned,record,later_suppression_path,B+M+L,logistic,5,3000,0.132,0.6121232846214385,0.045936841615004026,0.5792437495164449,0.6513967753390775,0.18102127329895007,0.02561781997163497,0.16087333283660746,0.19995916511181244,0.5847798993112149,0.03709062617290548,0.5569393002751806,0.6136580318275887,0.2674947034250227,0.04284425746657504,0.23475366502424916,0.3002357418257963,0.23314170575018064,0.01284175913985025,0.22319052466474293,0.24312797033336536,0.6122993684907054,0.1787231394862853,-0.00017608386926692976,0.0022981338126647766
learned,record,later_suppression_path,B+M+L,random_forest,5,3000,0.132,0.6255292778131839,0.021894340228768724,0.6094505669659782,0.6416079886603896,0.21168493148894166,0.05991116189340027,0.1652465648093012,0.25600566153239096,0.513510393612642,0.007703723979354043,0.5074086956377213,0.5196120915875626,0.0828538184342432,0.027075044898647874,0.060733427307484586,0.10353457703311823,0.1271167956017433,0.011395773704811282,0.11834555881613718,0.13608240783566397,0.6194584525532187,0.2082485995282632,0.006070825259965162,0.003436331960678468
learned,record,later_suppression_path,B+M+L+R,logistic,5,3000,0.132,0.7708295909068775,0.019049479529816463,0.7551936995984131,0.7849568131081109,0.3975351432007419,0.051975062055516365,0.35412769803029037,0.4327558249662222,0.7089992793871784,0.018913246350374755,0.6969740790479767,0.7263706621163118,0.39852197037410747,0.04248406685461199,0.3636149786502581,0.4310312157175626,0.1785240159722936,0.011351998261231299,0.16838236899893935,0.1865369557592449,0.6122993684907054,0.1787231394862853,0.1585302224161721,0.2188120037144566
learned,record,later_suppression_path,B+M+L+R,random_forest,5,3000,0.132,0.7956052148132665,0.024771027539794554,0.7773123770164501,0.8150992250893078,0.40172485072579367,0.07717898419777196,0.3400943225316337,0.4571635442499356,0.5807280664652972,0.026960147179111556,0.5573040102756571,0.6002407156901002,0.2740029291536238,0.07156876013652724,0.21388795452252013,0.32724060205812033,0.10426771870569433,0.010313561137494756,0.09673094783516174,0.1122848448790176,0.6194584525532187,0.2082485995282632,0.17614676226004777,0.19347625119753048
learned,record,later_target_any_path,B,logistic,5,3000,0.229,0.6210549403460767,0.03895487901478519,0.5930563530153377,0.654182597241164,0.36091706380064964,0.09157488814908356,0.2872304909607537,0.4290024914109326,0.5810177981066851,0.02895482597137565,0.5579882301775253,0.6048664695905974,0.3783993839043084,0.06860131651017008,0.32882360500383107,0.43735845465791223,0.23572977190178449,0.009607467514984374,0.2288778935692439,0.24418551581552048,0.6781135218208331,0.38644303727723955,-0.0570585814747564,-0.025525973476589914
learned,record,later_target_any_path,B,random_forest,5,3000,0.229,0.6147694545507363,0.045219647263001574,0.5750348125330754,0.648348543262407,0.3417361283827768,0.06915628919072263,0.2802553192838949,0.3898758067037618,0.5670568670073826,0.056502974908182235,0.5230575381695151,0.6100886866434678,0.2932932776727598,0.11697468104631056,0.2066534968994851,0.3902194795365896,0.18621264978670166,0.011364857395279577,0.1773298157604473,0.19472499740248667,0.6671381660213737,0.3893199063086465,-0.052368711470637375,-0.04758377792586971
learned,record,later_target_any_path,B+M,logistic,5,3000,0.229,0.6781135218208331,0.05452623982233853,0.6372731053441377,0.723258725813513,0.38644303727723955,0.08466337932980811,0.31726227628090553,0.4497743709209333,0.6336788983659709,0.03974585052277393,0.6037614408761226,0.6661741165198332,0.43845911830669493,0.06397227264474421,0.38772445970686775,0.48748195504227676,0.22293887674522073,0.017539478348437845,0.20829556970855473,0.23593014336262358,0.6781135218208331,0.38644303727723955,0.0,0.0
learned,record,later_target_any_path,B+M,random_forest,5,3000,0.229,0.6671381660213737,0.03793857133691163,0.6375903504500677,0.6966859815926796,0.3893199063086465,0.0743226430749864,0.32595599127574026,0.44325374453145905,0.5826566874453383,0.03264720095888254,0.557291487731909,0.6080218871587675,0.33040839730366395,0.07275352117022243,0.2743535241296324,0.3872261778518406,0.1764404732852019,0.011069173792378538,0.16739073387081288,0.18432285705293852,0.6671381660213737,0.3893199063086465,0.0,0.0
learned,record,later_target_any_path,B+M+L,logistic,5,3000,0.229,0.6784598111997273,0.05291040721669751,0.637163311249925,0.7197563111495296,0.39622002859868993,0.08487756661785754,0.32667641932117164,0.4582129320643927,0.6376934942381468,0.040482642845020504,0.6079569611952623,0.6718197568672196,0.4418477677305179,0.06021602647931773,0.39194346151042225,0.4880126849894292,0.2223191861818688,0.014919416895032112,0.21018694881744762,0.2335479130477923,0.6781135218208331,0.38644303727723955,0.00034628937889424893,0.009776991321450379
learned,record,later_target_any_path,B+M+L,random_forest,5,3000,0.229,0.6739644675059404,0.04274517880371665,0.6416826328626831,0.7076289882868021,0.402021716015631,0.08028386328773139,0.33329777750298706,0.45965579957535513,0.5913814399158118,0.03118416471116821,0.5670534406918261,0.6157094391397978,0.34627507434221416,0.06877069234709321,0.2937871049656932,0.4020367751060821,0.1747772719299404,0.012054823251986535,0.16447724628400726,0.18324101587809166,0.6671381660213737,0.3893199063086465,0.006826301484566755,0.012701809706984535
learned,record,later_target_any_path,B+M+L+R,logistic,5,3000,0.229,0.683830417042529,0.047490485266886054,0.6485757752539403,0.7208712051866863,0.40370940208748,0.08195658463667345,0.3371268992334818,0.4648750414216448,0.6384066659823001,0.03931630092530721,0.607785004893719,0.6694832318264874,0.4435144990997495,0.05983753665049731,0.3974565285713979,0.4895724696281011,0.22029597994638966,0.015144411403936672,0.20813980930710674,0.23172155778020925,0.6781135218208331,0.38644303727723955,0.005716895221695939,0.017266364810240464
learned,record,later_target_any_path,B+M+L+R,random_forest,5,3000,0.229,0.7514109273573166,0.021705122308858314,0.7353895095890677,0.7674323451255656,0.47389581937725467,0.07947478686300674,0.407669634362352,0.5333512559402536,0.6212492657756695,0.029005743186955153,0.5976621989876661,0.6429056446730478,0.4035476351275097,0.06682522624044618,0.3509264578551697,0.4536126555695178,0.1589555089260236,0.01044662109093772,0.1509658254679065,0.16682169680999995,0.6671381660213737,0.3893199063086465,0.08427276133594297,0.08457591306860818
rfm,dataset,later_capability_damage_any_path,B,logistic,5,1000,0.0681774667379879,0.563872038244939,0.07597012967178039,0.5001494511550522,0.6143661918787799,0.09776422647178436,0.025133608121442715,0.07689592519575694,0.11447285611099174,0.5462747817866082,0.07655770135738042,0.4790753191074734,0.595663718512409,0.14373361825670614,0.06120549236574483,0.09586132177681472,0.19160591473659755,0.224934891167482,0.024683714427338327,0.20493247299603795,0.24277954637384003,0.5829233235774056,0.09735207588218567,-0.019051285332466583,0.00041215058959868933
rfm,dataset,later_capability_damage_any_path,B,random_forest,5,1000,0.0681774667379879,0.6032314110755271,0.08916983435186207,0.5287934030870576,0.6657938571431802,0.10437152382505552,0.03996649457671199,0.07433181467612768,0.13441123297398336,0.502708759621943,0.00605697064937096,0.5,0.5081262788658287,0.011428571428571429,0.025555062599997593,0.0,0.03428571428571429,0.07743894279919136,0.015876677839664573,0.06346779707024278,0.0883484496905678,0.5770538011497088,0.09843668357995942,0.0261776099258183,0.005934840245096093
rfm,dataset,later_capability_damage_any_path,B+M,logistic,5,1000,0.0681774667379879,0.5829233235774056,0.10514629605366278,0.5017485064865432,0.664098140668268,0.09735207588218567,0.026567089034717894,0.07619712570144957,0.11766042563298855,0.5386513432436517,0.05303475769478934,0.4967302743281559,0.5805724121591476,0.13183297363363278,0.03486140456863118,0.10509623204120358,0.15913870060941357,0.18403459371982384,0.011597357237281567,0.17426814021815284,0.1923972394365379,0.5829233235774056,0.09735207588218567,0.0,0.0
rfm,dataset,later_capability_damage_any_path,B+M,random_forest,5,1000,0.0681774667379879,0.5770538011497088,0.07185474079697972,0.5248235038557618,0.6360379909717266,0.09843668357995942,0.0267351315528635,0.07817743010585151,0.1195074947656101,0.5,0.0,0.5,0.5,0.0,0.0,0.0,0.0,0.07850376344472658,0.01578554005007524,0.06521703936276696,0.08965184087566813,0.5770538011497088,0.09843668357995942,0.0,0.0
rfm,dataset,later_capability_damage_any_path,B+M+L,logistic,5,1000,0.0681774667379879,0.5805712049992553,0.10119970723529868,0.5007319250812726,0.660410484917238,0.10197706983299401,0.03062115978128266,0.07667417844276314,0.124713194791672,0.5286986179455572,0.05890145703357777,0.48431248951960126,0.573084746371513,0.12248475320786731,0.030048078057583128,0.10291705528575563,0.14856601997486335,0.18385308228976407,0.013997708220007527,0.17287405384440682,0.19373388340939826,0.5829233235774056,0.09735207588218567,-0.0023521185781503195,0.004624993950808343
rfm,dataset,later_capability_damage_any_path,B+M+L,random_forest,5,1000,0.0681774667379879,0.5856591601712713,0.07674767620710839,0.5236035360568236,0.6498946250563424,0.0961152310821376,0.03723055044089112,0.06773537063514659,0.12449509152912863,0.5,0.0,0.5,0.5,0.0,0.0,0.0,0.0,0.07747339044199594,0.01375548824961793,0.06600041363747709,0.08718205036229372,0.5770538011497088,0.09843668357995942,0.008605359021562453,-0.002321452497821827
rfm,dataset,later_capability_damage_any_path,B+M+L+G,logistic,5,1000,0.0681774667379879,0.5994482931934092,0.07741806254478464,0.5391821466717438,0.6597144397150748,0.10974002970773604,0.02675016644882101,0.08863145102825469,0.1308486083872174,0.5294126123298655,0.02514874157966228,0.5124933615825455,0.5497771158871554,0.12633524510237384,0.02575895333103905,0.10952544311034877,0.14938254048611782,0.1868364629400082,0.011002212286645064,0.1783881072498767,0.19528481863013963,0.5829233235774056,0.09735207588218567,0.016524969616003582,0.012387953825550371
rfm,dataset,later_capability_damage_any_path,B+M+L+G,random_forest,5,1000,0.0681774667379879,0.5891660086325752,0.07660783189805204,0.544676257473849,0.6588370950791251,0.09640942868240564,0.027542054246925976,0.07551132693021405,0.11730753043459723,0.4996784565916399,0.0007189929188102145,0.4990353697749196,0.5,0.0,0.0,0.0,0.0,0.07734749864668773,0.01528339414006442,0.06551177495587794,0.08928678542923361,0.5770538011497088,0.09843668357995942,0.012112207482866344,-0.0020272548975537874
rfm,dataset,later_capability_damage_any_path,B+M+L+G+R,logistic,5,1000,0.0681774667379879,0.7870598129646142,0.0828729421819749,0.724453745086429,0.8496658808427997,0.3904513882506174,0.1389281876931266,0.28621661603025583,0.4946861604709792,0.6995831361165449,0.0872217845914067,0.6303804967073361,0.7640376202974629,0.27375911192267005,0.06279081284539806,0.22507427213309567,0.3224439517122444,0.13410454240896655,0.014608643025118054,0.12425984479155913,0.14718094429756529,0.5829233235774056,0.09735207588218567,0.20413648938720863,0.2930993123684318
rfm,dataset,later_capability_damage_any_path,B+M+L+G+R,random_forest,5,1000,0.0681774667379879,0.8310730772350873,0.06714237105643737,0.7814992612344607,0.880958821984984,0.42886627126383203,0.12631315264495308,0.31968709416322455,0.5177761856808969,0.5433139061094423,0.04673486183013442,0.509090909090909,0.5802456627499185,0.1460268317853457,0.15003949768292815,0.03333333333333333,0.2674922600619195,0.0600377837476195,0.01325087013508375,0.04983984211025392,0.07026531387822438,0.5770538011497088,0.09843668357995942,0.25401927608537844,0.3304295876838726
rfm,dataset,later_clean_any_path,B,logistic,5,1000,0.21325441830747938,0.6069829726782235,0.06234674296272369,0.5623829635664166,0.6628790319037429,0.3520004575466432,0.037134664637291426,0.3228056005320677,0.3811953145612189,0.5794841814528779,0.067822394910105,0.5330600338062442,0.6335880632979374,0.3595219929056523,0.026713610725019325,0.3391275092519906,0.38091026764123675,0.23801499156353464,0.014517795436039867,0.22745846129421188,0.24987677995205243,0.6849900106198862,0.3866196035189549,-0.07800703794166264,-0.03461914597231169
rfm,dataset,later_clean_any_path,B,random_forest,5,1000,0.21325441830747938,0.609556840206387,0.03467455169007434,0.5793873921372533,0.6300030928286575,0.34105761720163486,0.0814879245883139,0.2786352954676903,0.40347993893557943,0.587889809792847,0.04172465001312729,0.5603132910131473,0.6264263130902331,0.30555923578272576,0.07158545330479975,0.2504230678979116,0.3652806223704056,0.18020997181379655,0.016084918520880818,0.16774697643119632,0.19267296719639676,0.6710283482021624,0.3891951234705846,-0.06147150799577539,-0.04813750626894975
rfm,dataset,later_clean_any_path,B+M,logistic,5,1000,0.21325441830747938,0.6849900106198862,0.07054037020911874,0.6263881382206183,0.7379188661274853,0.3866196035189549,0.055479925373615506,0.34433508129415624,0.42890412574375364,0.63965184302284,0.06012866269557732,0.5952568886765979,0.6879035016182516,0.41635359115848714,0.03517593275209239,0.38961052198572266,0.4430966603312517,0.21761961680163355,0.019311470983726233,0.2004783067243418,0.23019096629947908,0.6849900106198862,0.3866196035189549,0.0,0.0
rfm,dataset,later_clean_any_path,B+M,random_forest,5,1000,0.21325441830747938,0.6710283482021624,0.028520391291777268,0.6494717976862905,0.6942655566601568,0.3891951234705846,0.061606112539510045,0.33223945029610824,0.4256581723145086,0.5706036679942199,0.013502528813096383,0.5600565933797562,0.5811507426086837,0.28935951239008795,0.042663567035134,0.2625,0.32755395683453237,0.17313361114028297,0.01778468532258712,0.15988306682724462,0.18648144914127945,0.6710283482021624,0.3891951234705846,0.0,0.0
rfm,dataset,later_clean_any_path,B+M+L,logistic,5,1000,0.21325441830747938,0.6896333791985965,0.0735164572073253,0.6309171915943388,0.7457351979049042,0.3884374245086569,0.05145847195205316,0.3462722337850854,0.4274885135080215,0.6257593317221584,0.060314082250071656,0.5787105140455407,0.6723217149750816,0.40062323053652094,0.03365020415281272,0.372680656125314,0.4256374716026663,0.21751790707507998,0.01972117701092255,0.2009804359661956,0.23302328751642287,0.6849900106198862,0.3866196035189549,0.004643368578710283,0.0018178209897020126
rfm,dataset,later_clean_any_path,B+M+L,random_forest,5,1000,0.21325441830747938,0.6815456860651353,0.04091088721980228,0.6505581078752292,0.7140731795173197,0.4070949368426057,0.036378659913892546,0.37950630164741905,0.433070030032378,0.5830503587369427,0.026236251791012223,0.5656090927399664,0.6059078433791211,0.3119203792132375,0.04156513637853723,0.27992863514719,0.343436357593885,0.1720838427068226,0.01679434348337007,0.15935863000184694,0.1849930974315533,0.6710283482021624,0.3891951234705846,0.01051733786297293,0.017899813372021123
rfm,dataset,later_clean_any_path,B+M+L+G,logistic,5,1000,0.21325441830747938,0.698802396633366,0.07609026766891362,0.6399951720741577,0.757609621192574,0.40016699386150556,0.020156610037115493,0.38629533481822154,0.41606214976567363,0.6555382196896627,0.07339349656824594,0.6067665007394876,0.7219448878361424,0.43131652246059027,0.02466974952205834,0.4112509712509712,0.44790061633281975,0.21694445481080732,0.024338447484291034,0.19771302072082367,0.2380116873042044,0.6849900106198862,0.3866196035189549,0.013812386013479783,0.013547390342550647
rfm,dataset,later_clean_any_path,B+M+L+G,random_forest,5,1000,0.21325441830747938,0.7013931574343932,0.07179273431887156,0.6454448184802264,0.7573414963885601,0.4211211514821075,0.03845617630587018,0.393152111181764,0.4539011377930232,0.5970407645175908,0.038559048298458645,0.5681387928452252,0.6317627727592188,0.33785855801533293,0.03977688981359206,0.3047681396617567,0.3671519223590892,0.17006015512041056,0.0212438642784802,0.15350068815205403,0.18661962208876706,0.6710283482021624,0.3891951234705846,0.03036480923223084,0.03192602801152289
rfm,dataset,later_clean_any_path,B+M+L+G+R,logistic,5,1000,0.21325441830747938,0.6989781315006445,0.06601044082501609,0.6473055147486174,0.7488399771446834,0.4270905344041708,0.022513258424301342,0.410078619637253,0.44403386339568307,0.6400136825096772,0.0616710579315167,0.5952766543070306,0.6879063336588919,0.41426738202486646,0.01444048317364145,0.4031297266092973,0.4254050374404357,0.21516317545451943,0.029084323735822242,0.1936396406382421,0.24143417448083931,0.6849900106198862,0.3866196035189549,0.013988120880758292,0.04047093088521586
rfm,dataset,later_clean_any_path,B+M+L+G+R,random_forest,5,1000,0.21325441830747938,0.7325368879766618,0.05875088637179488,0.6916974942268832,0.7793441037292201,0.4625715325762975,0.03266427645798468,0.4381371673652922,0.48932606126491585,0.6392818418129472,0.034904139434059525,0.6136663418332685,0.6675280746794805,0.42416843686529404,0.03204440930286804,0.39946442834651485,0.4488724453840732,0.15887301612140886,0.01898207135016674,0.14404275193805613,0.17381041980564757,0.6710283482021624,0.3891951234705846,0.06150853977449944,0.07337640910571291
rfm,dataset,later_clean_enhancement_path,B,logistic,5,1000,0.11525931951909116,0.6036775690195704,0.10177436518677989,0.5261045807005778,0.6833015277801657,0.250568082948543,0.07320878854599178,0.19154848486148884,0.30308694339058406,0.5820157982273513,0.06479941229475884,0.5340954605762095,0.6332120783199838,0.23700498223557984,0.056434976107051976,0.1904389707690305,0.27795795330524753,0.23541832578753938,0.01272551753652607,0.22456899064213795,0.24270398049815606,0.6721404533165324,0.23133851581978906,-0.06846288429696201,0.019229567128753927
rfm,dataset,later_clean_enhancement_path,B,random_forest,5,1000,0.11525931951909116,0.6043184737955477,0.12286543074986435,0.49596360172310716,0.684450463464548,0.25813138290880067,0.0976473304048252,0.18474455290997882,0.3315182129076226,0.5770918179080853,0.05628413037034416,0.5342529119465672,0.6216182179676045,0.2292897639994414,0.11664658700326398,0.13948889819857563,0.3190906298003072,0.11663943563991777,0.016011889095773033,0.10393020224844032,0.12849481959219514,0.6543878575019975,0.28866750047448775,-0.050069383706449755,-0.030536117565687082
rfm,dataset,later_clean_enhancement_path,B+M,logistic,5,1000,0.11525931951909116,0.6721404533165324,0.07588291516915609,0.6124953378427255,0.731592070532325,0.23133851581978906,0.04037926885462827,0.1994878020658178,0.2621301830349182,0.5980436661878159,0.06926330402720508,0.5442594093083201,0.651827923067312,0.2454423546325275,0.05084247045796988,0.21582679225536366,0.2894332843377429,0.2068308013477788,0.029013888771579708,0.18499836831483152,0.2287470439398394,0.6721404533165324,0.23133851581978906,0.0,0.0
rfm,dataset,later_clean_enhancement_path,B+M,random_forest,5,1000,0.11525931951909116,0.6543878575019975,0.10369188495126673,0.5646581241836987,0.7217017152501025,0.28866750047448775,0.10533666839562779,0.2214375190322812,0.3768242394571653,0.5641572090188286,0.03890029462248701,0.5352466038033278,0.5968500957635083,0.21176230899830223,0.08649412262731053,0.14421052631578948,0.2787096774193548,0.11492883230674997,0.01382948556088418,0.10446671906650688,0.1252931986330495,0.6543878575019975,0.28866750047448775,0.0,0.0
rfm,dataset,later_clean_enhancement_path,B+M+L,logistic,5,1000,0.11525931951909116,0.6747452710646599,0.08411402095953649,0.6088187730045747,0.7406717691247451,0.25834802859124323,0.046906690739997425,0.22379431297558652,0.29739305446548264,0.6116884432451808,0.08065924740018793,0.5523499311986275,0.6743091658362229,0.26168342711349435,0.07553534660155264,0.20863079553454691,0.32820974290296795,0.20923907189232147,0.029142385489721423,0.18656421123447242,0.2319139325501705,0.6721404533165324,0.23133851581978906,0.002604817748127486,0.027009512771454164
rfm,dataset,later_clean_enhancement_path,B+M+L,random_forest,5,1000,0.11525931951909116,0.6616143726389008,0.10034179416634748,0.5801078159482645,0.7306724978203851,0.2962756593171266,0.07275586687969587,0.24545005423757266,0.35806111705020466,0.5742676625680312,0.0549076220707983,0.5351429902496696,0.6207580029138412,0.22814220262496124,0.10764667758435074,0.14467601364153088,0.31160839160839165,0.1151105131595112,0.012114109026842948,0.10540319842633936,0.12424905214709914,0.6543878575019975,0.28866750047448775,0.007226515136903311,0.007608158842638879
rfm,dataset,later_clean_enhancement_path,B+M+L+G,logistic,5,1000,0.11525931951909116,0.6938095446055137,0.08117719345133695,0.6342309904435558,0.7580618201194126,0.2351358250593525,0.03987680413211728,0.20623773223521724,0.2661148213499408,0.6362878943928084,0.07714652509124097,0.5812091568711933,0.6999620262778157,0.28255719738914997,0.054602237941673785,0.2412846147273217,0.3264021193397686,0.2050433483233162,0.03505417149901756,0.17756010766160252,0.23252658898502993,0.6721404533165324,0.23133851581978906,0.021669091288981313,0.0037973092395634234
rfm,dataset,later_clean_enhancement_path,B+M+L+G,random_forest,5,1000,0.11525931951909116,0.6763835067182083,0.046279260433096325,0.643600711581818,0.7118529960416875,0.3194819742684487,0.03738582057551157,0.2924862847320175,0.34875549714865894,0.5823090915931692,0.047036057955771225,0.5536466951198695,0.6260181612445139,0.25586786438713416,0.08090369599644695,0.20032840722495893,0.32877426832802087,0.11411751360812938,0.011998859999858846,0.10453149562677524,0.12370353158948351,0.6543878575019975,0.28866750047448775,0.02199564921621089,0.03081447379396096
rfm,dataset,later_clean_enhancement_path,B+M+L+G+R,logistic,5,1000,0.11525931951909116,0.8004581849194958,0.05980798032308109,0.7533957760235318,0.8475205938154599,0.4458836224157638,0.15118814543426945,0.3291997346813792,0.5625675101501486,0.737203028114608,0.0558753283221659,0.695514831656032,0.7819237573724171,0.4077500065948362,0.09989080354496645,0.33253299276287784,0.4859708961500585,0.15142810468863072,0.022605850024341713,0.13513128536648353,0.16930159293841646,0.6721404533165324,0.23133851581978906,0.12831773160296345,0.21454510659597473
rfm,dataset,later_clean_enhancement_path,B+M+L+G+R,random_forest,5,1000,0.11525931951909116,0.8088658946628268,0.0805229994507716,0.741869413812356,0.8643734341280911,0.4052896821198072,0.12104325168667053,0.31524872040562707,0.49518821114592465,0.6029311773579951,0.038991192696611277,0.571795525319165,0.6318764621717825,0.31202682636439444,0.09112993195235357,0.24246823956442828,0.3857752489331437,0.09612331625959383,0.011189719605088456,0.08703697576104523,0.1046101768986569,0.6543878575019975,0.28866750047448775,0.1544780371608293,0.11662218164531946
rfm,dataset,later_clean_suppression_path,B,logistic,5,1000,0.1187372375336441,0.4858987143157961,0.09656213759830964,0.41311114941261406,0.5617047926124147,0.14807602423420618,0.04342241267351034,0.11630598803826724,0.1820277402131104,0.5099566298491218,0.08785842433272885,0.4433332425080782,0.5804901075083806,0.19002813930002369,0.08523477859886641,0.11689916301315265,0.2524218078076818,0.23947640966102984,0.02190065301890752,0.2226840450674003,0.25571752439783285,0.5834672021627796,0.19107047648674574,-0.09756848784698346,-0.04299445225253956
rfm,dataset,later_clean_suppression_path,B,random_forest,5,1000,0.1187372375336441,0.5233455664811882,0.10369085031865902,0.4316215160649097,0.5973493435865656,0.16348368818740147,0.06502865029332186,0.10965812888016573,0.21227581238204465,0.5070505750214014,0.017749070489633215,0.4979381443298969,0.5232135807343071,0.032,0.07155417527999328,0.0,0.096,0.12457465473594223,0.012797234293020127,0.11481420604021739,0.13433510343166705,0.609678035461236,0.20962272779369143,-0.08633246898004776,-0.046139039606289955
rfm,dataset,later_clean_suppression_path,B+M,logistic,5,1000,0.1187372375336441,0.5834672021627796,0.10478591529231653,0.5256909047237441,0.6794493789183852,0.19107047648674574,0.06976942193363624,0.1462695172143082,0.2522039691037842,0.5511202267120916,0.07107484876978072,0.4912541080822745,0.6087934054483574,0.21866545008658306,0.0776274663651874,0.15095443769471958,0.26474114332001025,0.2201949521776961,0.01884724693239984,0.20569893863797478,0.23469096571741738,0.5834672021627796,0.19107047648674574,0.0,0.0
rfm,dataset,later_clean_suppression_path,B+M,random_forest,5,1000,0.1187372375336441,0.609678035461236,0.07909052747530566,0.552681006721563,0.6789287629365709,0.20962272779369143,0.08574416024312533,0.13998324010260427,0.2776027669350012,0.5143199034963541,0.023267070948427445,0.4975073228113166,0.5338063943466764,0.07109270040304523,0.08379658624348797,0.007142857142857143,0.14381997313031794,0.1200109285754237,0.014108347186240723,0.10919766752752832,0.13090389986662093,0.609678035461236,0.20962272779369143,0.0,0.0
rfm,dataset,later_clean_suppression_path,B+M+L,logistic,5,1000,0.1187372375336441,0.5977334443076001,0.1087796985332727,0.538877829730957,0.6973178956149301,0.19902615343224964,0.05906952613351573,0.15792845396063393,0.250510129960872,0.5867905226348322,0.09399902426739482,0.5284310729704756,0.6718830109055621,0.24865505524243595,0.07165993071429326,0.1969603841536615,0.30423728813559325,0.21626356499457092,0.01748859123564306,0.20290167066455572,0.22997829090272925,0.5834672021627796,0.19107047648674574,0.014266242144820529,0.007955676945503892
rfm,dataset,later_clean_suppression_path,B+M+L,random_forest,5,1000,0.1187372375336441,0.598494298386027,0.09634057676417089,0.5495185957157582,0.6868381443405772,0.21233732364906413,0.07071355991656435,0.15555557503880063,0.26541003828277937,0.5111246267368166,0.01722634605328496,0.49747597672000854,0.5247732767536246,0.0628590831918506,0.05994442078417352,0.016,0.10971816638370117,0.1214033389351791,0.016279400827094215,0.10862915175534635,0.13345860478945953,0.609678035461236,0.20962272779369143,-0.011183737075209033,0.0027145958553727034
rfm,dataset,later_clean_suppression_path,B+M+L+G,logistic,5,1000,0.1187372375336441,0.5881471554763611,0.11598537504006975,0.5165059744594871,0.6896005332866381,0.21851629829666502,0.07745104384744123,0.17265596107999787,0.2854023157152092,0.5608776041036301,0.06801257530893236,0.5117613847784753,0.6203215924718678,0.22875470570369633,0.06192341170937832,0.18229701927889674,0.2767305192053505,0.21923902069523438,0.03210697975406062,0.19738648230075231,0.24617345405252794,0.5834672021627796,0.19107047648674574,0.004679953313581509,0.02744582180991928
rfm,dataset,later_clean_suppression_path,B+M+L+G,random_forest,5,1000,0.1187372375336441,0.6035220200886637,0.10251757787046675,0.5320021040115749,0.6950375175883466,0.2011037889707205,0.03820342342949096,0.1693417537490939,0.2313328466793867,0.5234243523295864,0.02713636423620236,0.5037973239136546,0.5462015634223085,0.10883782883782885,0.0873178866367655,0.04363636363636364,0.1820979020979021,0.12373648208464069,0.018814674828895993,0.10960107225159506,0.1378718919176863,0.609678035461236,0.20962272779369143,-0.0061560153725722655,-0.008518938822970917
rfm,dataset,later_clean_suppression_path,B+M+L+G+R,logistic,5,1000,0.1187372375336441,0.744322741616411,0.06806481163728084,0.6892711811178187,0.7949499175964131,0.4185671898748346,0.09106941551375523,0.35394962876272235,0.4921609433024856,0.6946290037994475,0.0707930591188001,0.6414973839267682,0.7463875205254515,0.3772412376297758,0.06137300230205737,0.3351173833932455,0.4319651365790268,0.16676982213078628,0.025594208993265363,0.1461486730076556,0.18923591898915268,0.5834672021627796,0.19107047648674574,0.1608555394536314,0.22749671338808886
rfm,dataset,later_clean_suppression_path,B+M+L+G+R,random_forest,5,1000,0.1187372375336441,0.7712969602683183,0.07731328729391253,0.7130937203052408,0.8330658938774604,0.39792089129961844,0.039215651868113564,0.3681213770139191,0.4282333931812741,0.5938248726212678,0.037813606437293784,0.5679266602415405,0.6262146335044084,0.2986439423621087,0.07875141344364758,0.2439205955334988,0.36545209176788124,0.10187232210168014,0.01760287799550119,0.08877939728985643,0.11604588408013625,0.609678035461236,0.20962272779369143,0.1616189248070823,0.188298163505927
rfm,dataset,later_enhancement_path,B,logistic,5,1000,0.11987341543764911,0.5998852050674783,0.10174650327605309,0.5230816242580948,0.6796140151568199,0.2523019923411578,0.07263556748745516,0.1941076936372273,0.30331505758112626,0.5745701577042285,0.06343337470947877,0.527595534024966,0.6256846504221367,0.23617480041235916,0.05197299844171179,0.1961615515771526,0.2733235991196885,0.23665538627357524,0.014082201614613321,0.2246876055340296,0.24582592839316758,0.6575835263279163,0.2350097046155629,-0.057698321260437946,0.017292287725594907
rfm,dataset,later_enhancement_path,B,random_forest,5,1000,0.11987341543764911,0.603074705274419,0.11262912840844246,0.5102085770017459,0.6941649748101361,0.25591053391133317,0.09456031350178484,0.19107922273009906,0.33193804121278414,0.5733990381299187,0.059766897311851516,0.5275407828469463,0.6195285001736613,0.22302945924132364,0.1224102976616635,0.1281779661016949,0.3178809523809524,0.12037659988844229,0.019286721162945605,0.1058783210097645,0.13456556906182457,0.6527773595777495,0.3037841385098706,-0.04970265430333054,-0.047873604598537456
rfm,dataset,later_enhancement_path,B+M,logistic,5,1000,0.11987341543764911,0.6575835263279163,0.08394407007000854,0.5925131951632654,0.7226538574925672,0.2350097046155629,0.02997324387911349,0.20988932886164346,0.2568557280144008,0.5992781708019612,0.0691987184761667,0.5447047030464015,0.6538516385575208,0.2480623225721265,0.055279679955173584,0.20949891067538123,0.29098039215686267,0.2124220619948452,0.03208148872283424,0.187833537314568,0.23710569315110455,0.6575835263279163,0.2350097046155629,0.0,0.0
rfm,dataset,later_enhancement_path,B+M,random_forest,5,1000,0.11987341543764911,0.6527773595777495,0.10760687986026557,0.5678985720162191,0.7365000700157538,0.3037841385098706,0.09363634738252008,0.24966351561467537,0.3860022828184433,0.5739674556295133,0.05615591580535693,0.5336128196236608,0.6235952219823188,0.22842712842712842,0.11554783934865681,0.13636363636363635,0.3220779220779221,0.11797776154253929,0.016947181707717113,0.10532529141832614,0.1305944338048416,0.6527773595777495,0.3037841385098706,0.0,0.0
rfm,dataset,later_enhancement_path,B+M+L,logistic,5,1000,0.11987341543764911,0.661778637822864,0.09119081822123093,0.5914125207590375,0.7321447548866903,0.24476735745193173,0.040240416807115285,0.21452386856160813,0.2777551404917603,0.5904602386357248,0.06641004106390788,0.5400762003171157,0.6413918876822102,0.24399355470015158,0.05609525898235734,0.2023381340973626,0.2946458264050548,0.21447452906443965,0.03182676683530689,0.1893963917142751,0.2395526664146042,0.6575835263279163,0.2350097046155629,0.0041951114949476676,0.00975765283636884
rfm,dataset,later_enhancement_path,B+M+L,random_forest,5,1000,0.11987341543764911,0.6487583570734382,0.08549880589448695,0.5839643058087988,0.7160519597792734,0.30523123266238816,0.08603396153970494,0.2567218557419119,0.3811084497753686,0.5506327531814705,0.04446781167071385,0.5180321215735791,0.5835330070494663,0.1720982957093255,0.10004733518982639,0.09549792166734969,0.24869866975130134,0.11829080397724963,0.01597844496973595,0.10602503754647004,0.1305565704080292,0.6527773595777495,0.3037841385098706,-0.004019002504311309,0.0014470941525175363
rfm,dataset,later_enhancement_path,B+M+L+G,logistic,5,1000,0.11987341543764911,0.6891177116077868,0.0848075455613985,0.6271528737459273,0.7591317500863759,0.2511329305318925,0.05040222198993644,0.2132492556747744,0.29019804737011534,0.620707659465358,0.059031722462643495,0.5802137743806084,0.6715147945034093,0.2772560516406671,0.054706966358950435,0.2394848484848485,0.3244848484848485,0.20885327523579197,0.036613280819532426,0.1801280528587087,0.2368532363836442,0.6575835263279163,0.2350097046155629,0.03153418527987051,0.016123225916329614
rfm,dataset,later_enhancement_path,B+M+L+G,random_forest,5,1000,0.11987341543764911,0.6730327602723676,0.066667568847149,0.624127141679842,0.7277629159792348,0.3164743202118701,0.036480648012042115,0.28522015037245996,0.3423379555627649,0.57215960505765,0.049409825941919144,0.5438639537535341,0.6175951752232587,0.22662120295514124,0.08266320933169473,0.1700342811050615,0.3026262626262627,0.11737138460702493,0.014585741412857161,0.10605813780494715,0.1286846314091027,0.6527773595777495,0.3037841385098706,0.020255400694618064,0.012690181701999481
rfm,dataset,later_enhancement_path,B+M+L+G+R,logistic,5,1000,0.11987341543764911,0.8102495077382553,0.055218168586042705,0.7672427735105911,0.8539434190098326,0.47153090279118653,0.13521694400709175,0.3676935421824073,0.5753682633999657,0.7322145742879045,0.050823217613259496,0.6910388998674483,0.7713171425348844,0.41556305591532505,0.09084235933779863,0.34401544401544404,0.48711066781520607,0.15023621955166536,0.0200282227462254,0.13542254494424638,0.1650498941590843,0.6575835263279163,0.2350097046155629,0.15266598141033905,0.23652119817562364
rfm,dataset,later_enhancement_path,B+M+L+G+R,random_forest,5,1000,0.11987341543764911,0.8097398170749809,0.07230454944787099,0.7478132581465244,0.8547868141416529,0.4211943667035136,0.0868059135741786,0.3551878667284843,0.48720086667854295,0.6135713200557027,0.043982324340659525,0.5802796282550348,0.6469041352912321,0.33319582378405904,0.08575546801229868,0.27158645276292337,0.3955844155844156,0.0983264501984796,0.012042940972771967,0.08822754386776244,0.1072792777705033,0.6527773595777495,0.3037841385098706,0.15696245749723137,0.117410228193643
rfm,dataset,later_neighbor_damage_any_path,B,logistic,5,1000,0.09239457831325301,0.49972228713065175,0.032841401020322146,0.47529613863994913,0.5241484356213544,0.12956739468425307,0.04825394292477613,0.09930671430717701,0.17191981248386462,0.5172006814237726,0.050225989227972036,0.4796429077209649,0.5547584551265804,0.16086854460093897,0.03612450905505696,0.13396927016645327,0.1892018779342723,0.24336652861955513,0.019898012424343886,0.22620043692756125,0.2573496283244502,0.4943887358612858,0.11466558152836781,0.005333551269365966,0.014901813155885263
rfm,dataset,later_neighbor_damage_any_path,B,random_forest,5,1000,0.09239457831325301,0.5298951433118811,0.05443498845697856,0.48001678740363857,0.5608052825411283,0.1184344866317442,0.02416089791216635,0.09950410367233517,0.13639390321670436,0.5039188224022297,0.016542118892387048,0.494671096345515,0.5184142745156594,0.025,0.055901699437494755,0.0,0.075,0.10106890172296668,0.01341391133217287,0.09178186216214378,0.11230441484956813,0.5220167760697793,0.12311940212563637,0.007878367242101891,-0.004684915493892161
rfm,dataset,later_neighbor_damage_any_path,B+M,logistic,5,1000,0.09239457831325301,0.4943887358612858,0.03962782188449735,0.463928424206868,0.5242904994368018,0.11466558152836781,0.04691632306485385,0.08259068829816643,0.1533803260810521,0.5068996031272002,0.06437052776147714,0.45793789739569724,0.5637518455590254,0.15740554526832362,0.06191395996842295,0.11175471145395957,0.21196405648267008,0.22088571560694073,0.03416086366565342,0.1943267707440761,0.2473163857609503,0.4943887358612858,0.11466558152836781,0.0,0.0
rfm,dataset,later_neighbor_damage_any_path,B+M,random_forest,5,1000,0.09239457831325301,0.5220167760697793,0.07870907616641784,0.45450985087508783,0.5759681755007044,0.12311940212563637,0.04919961847106672,0.08884768463285514,0.1624721922515592,0.5065810593900482,0.014715696160110989,0.5,0.5197431781701445,0.025,0.055901699437494755,0.0,0.075,0.10284249590197578,0.010771485573054724,0.09522674723083685,0.11137521343277354,0.5220167760697793,0.12311940212563637,0.0,0.0
rfm,dataset,later_neighbor_damage_any_path,B+M+L,logistic,5,1000,0.09239457831325301,0.49397265864972334,0.042006038416837956,0.46095945851455394,0.5261489842101197,0.10798415967762238,0.03461962670593766,0.08220009757202609,0.136549284717143,0.5044384183799749,0.061032841628611494,0.4603318401831597,0.5596059310418079,0.15497526424757543,0.05950370192415903,0.11085278413424866,0.20786749482401654,0.2247953420502855,0.041554854381369924,0.19343113413318846,0.25747641833238577,0.4943887358612858,0.11466558152836781,-0.0004160772115624489,-0.006681421850745425
rfm,dataset,later_neighbor_damage_any_path,B+M+L,random_forest,5,1000,0.09239457831325301,0.5342716740064423,0.052602030766786656,0.4920279732953722,0.5723127471040554,0.11690561323338415,0.03103237308371645,0.0932156375934734,0.1406255502390184,0.4987737504199485,0.0016888889455642531,0.4974448467654634,0.5,0.0,0.0,0.0,0.0,0.10133124562562512,0.011477867656829089,0.09391117728586629,0.11129877416302898,0.5220167760697793,0.12311940212563637,0.012254897936663012,-0.006213788892252214
rfm,dataset,later_neighbor_damage_any_path,B+M+L+G,logistic,5,1000,0.09239457831325301,0.5212107052227362,0.048393090438780234,0.4860896933283678,0.5582767243992777,0.1349419760431155,0.04608399408478301,0.10348337534802081,0.17314107701823572,0.5415087717823389,0.061238117909290374,0.49160061278097256,0.5938388429752066,0.17950533721969,0.05380198883321028,0.13859590779409448,0.21952794700223044,0.22209186958580052,0.048017584381135285,0.18569418664547768,0.26076737296680924,0.4943887358612858,0.11466558152836781,0.02682196936145037,0.020276394514747692
rfm,dataset,later_neighbor_damage_any_path,B+M+L+G,random_forest,5,1000,0.09239457831325301,0.5726533145332032,0.052515078323117796,0.5260799260183993,0.6090797386598297,0.13708485475462623,0.03115560255577384,0.10995302589165304,0.16105810100962334,0.5,0.0,0.5,0.5,0.0,0.0,0.0,0.0,0.09936661051563833,0.01206140588877293,0.09203273019949768,0.10974916729433118,0.5220167760697793,0.12311940212563637,0.050636538463423975,0.013965452628989863
rfm,dataset,later_neighbor_damage_any_path,B+M+L+G+R,logistic,5,1000,0.09239457831325301,0.7664308416325716,0.04242547020499696,0.7338814904413382,0.7989801928238052,0.2989714219568586,0.07860549568918362,0.23715899813077795,0.3584991852759529,0.7387117962714578,0.040666624275622905,0.7039053636272872,0.7638949724389363,0.3616972243442832,0.05653794604806721,0.3161344537815126,0.40469696969696967,0.17346183609239213,0.03213273461616501,0.1509207233959708,0.2005825250939946,0.4943887358612858,0.11466558152836781,0.2720421057712858,0.1843058404284908
rfm,dataset,later_neighbor_damage_any_path,B+M+L+G+R,random_forest,5,1000,0.09239457831325301,0.7605572677568088,0.06566997816959533,0.7067751958785016,0.8065676630733133,0.2816451190925519,0.09022993378982752,0.2131749668018476,0.3541319887186035,0.5054574638844301,0.01220326023033594,0.5,0.5163723916532905,0.02222222222222222,0.04969039949999532,0.0,0.06666666666666667,0.0852467864131632,0.007582527009009879,0.07969933972330556,0.09132734424417972,0.5220167760697793,0.12311940212563637,0.2385404916870295,0.15852571696691553
rfm,dataset,later_suppression_path,B,logistic,5,1000,0.1263423673552561,0.4843880002990918,0.07295992323346714,0.42854488039347194,0.5420930089735093,0.15551374785394353,0.0343813455403814,0.12938702350404468,0.18244442184580825,0.49243749282481686,0.07723289009632815,0.44063492063492066,0.5580765769542169,0.18201517631304864,0.07844747066166086,0.11568576104746317,0.24109090909090908,0.23957480303731452,0.02277334794097948,0.22225253457057312,0.2568970715040559,0.5814932056679416,0.18950041249638688,-0.09710520536884981,-0.03398666464244335
rfm,dataset,later_suppression_path,B,random_forest,5,1000,0.1263423673552561,0.5217147857112645,0.12717613781913312,0.40605158730158736,0.6078533891033889,0.19356115556273493,0.08091364964664174,0.12576826509282024,0.24963537401883631,0.5075729300729301,0.018673860824179853,0.49388888888888893,0.5233537108537109,0.046153846153846156,0.06880209161537815,0.0,0.10769230769230771,0.13000835300862984,0.014723631231435415,0.11833344132647747,0.14168326469078218,0.6090429882221255,0.21905769636697875,-0.08732820251086104,-0.025496540804243822
rfm,dataset,later_suppression_path,B+M,logistic,5,1000,0.1263423673552561,0.5814932056679416,0.10234391522743201,0.5106311479991057,0.6700959888459888,0.18950041249638688,0.044126262360973036,0.1593475474173575,0.2261201384257105,0.5491908243756836,0.058602940371076856,0.5079510395707578,0.5973396875245467,0.2281929619427096,0.06545724914061579,0.17535894226757803,0.2731656783681213,0.22368677863196837,0.022603325803609017,0.2057172382558871,0.24165631900804962,0.5814932056679416,0.18950041249638688,0.0,0.0
rfm,dataset,later_suppression_path,B+M,random_forest,5,1000,0.1263423673552561,0.6090429882221255,0.08230012876651213,0.5571031746031746,0.6837215060256433,0.21905769636697875,0.07813254544595262,0.15650910771276078,0.2846983526965064,0.5196000024169039,0.018595969057857823,0.5056746031746032,0.5342739620908636,0.09533708824031405,0.0730907488406533,0.04062126642771804,0.15005291005291005,0.12624121107275768,0.016539054731752732,0.1130587543729824,0.13942366777253296,0.6090429882221255,0.21905769636697875,0.0,0.0
rfm,dataset,later_suppression_path,B+M+L,logistic,5,1000,0.1263423673552561,0.5949945827366603,0.11143401034732014,0.5189840431477755,0.6946455383955384,0.2060832615155916,0.05406407450664008,0.1690509923411783,0.25187100844219895,0.566901023256657,0.07753513049421341,0.5224147663760339,0.6377059202059202,0.2428279244284365,0.06396820621818776,0.19284942980478065,0.29684942980478063,0.2210473351765311,0.022686492276772666,0.20325922775483013,0.2388354425982321,0.5814932056679416,0.18950041249638688,0.013501377068718678,0.016582849019204704
rfm,dataset,later_suppression_path,B+M+L,random_forest,5,1000,0.1263423673552561,0.6089111923795023,0.10982631130233589,0.5491504583053879,0.7085553410553411,0.2302050493609192,0.08183586005320222,0.1657785917805889,0.30041311267811743,0.5114669473296234,0.013894564928056963,0.4989889336016097,0.5198981803735325,0.0767948717948718,0.0469861255854445,0.037494505494505496,0.10833333333333332,0.12746673024940403,0.018845958205610906,0.11261482831481848,0.14231863218398957,0.6090429882221255,0.21905769636697875,-0.00013179584262323907,0.011147352993940457
rfm,dataset,later_suppression_path,B+M+L+G,logistic,5,1000,0.1263423673552561,0.5859397894499127,0.11903789019612213,0.5069402526268723,0.688354314135564,0.222381773464301,0.08018914740669925,0.17554013776996197,0.2946372723213052,0.5615093753209951,0.07457631674740331,0.5075114576346971,0.6263660982410982,0.2368551682767412,0.06789643499284974,0.18508192009198043,0.28977817213842055,0.2255269564591315,0.03958535993731339,0.1985481705976657,0.2577936762333515,0.5814932056679416,0.18950041249638688,0.004446583781971047,0.03288136096791411
rfm,dataset,later_suppression_path,B+M+L+G,random_forest,5,1000,0.1263423673552561,0.6222902401269479,0.12470445992448424,0.530972117426783,0.7296077327327327,0.23288289560464998,0.058120140729421496,0.19002322002384497,0.28151689979045114,0.5212752377629138,0.017673748490042322,0.507677767052767,0.5348727084730605,0.11663694286933723,0.04741234125147506,0.08086854460093897,0.15432900432900434,0.1293751701003913,0.021999566862693856,0.11247384395230511,0.14627649624847752,0.6090429882221255,0.21905769636697875,0.013247251904822344,0.013825199237671226
rfm,dataset,later_suppression_path,B+M+L+G+R,logistic,5,1000,0.1263423673552561,0.7191000375375376,0.04282262264146379,0.6828621031746032,0.7497972972972973,0.4051607883742306,0.08708054524330305,0.3360856212023107,0.476247206837132,0.6733567131014314,0.07226450883974596,0.6160901973401974,0.7282171255762805,0.36029982930058824,0.06768845200612292,0.3111442330263479,0.41895251183386784,0.1829168736784027,0.03459604743122065,0.15788513218522188,0.21431228034750513,0.5814932056679416,0.18950041249638688,0.137606831869596,0.2156603758778437
rfm,dataset,later_suppression_path,B+M+L+G+R,random_forest,5,1000,0.1263423673552561,0.7576459998731125,0.06437222713231533,0.7140181365973619,0.8133047836568963,0.4031586615461474,0.04390190636013568,0.3726243248179933,0.44167072995991674,0.5813068652153159,0.017503022443686195,0.5689264717433732,0.5967069081153589,0.2712964926417575,0.031696399301328636,0.24863013698630138,0.298297213622291,0.10859581660281563,0.017511443934731336,0.09501709566592245,0.12217453753970883,0.6090429882221255,0.21905769636697875,0.148603011650987,0.18410096517916863
rfm,dataset,later_target_any_path,B,logistic,5,1000,0.22202233882676584,0.6148834978592655,0.054680601325823225,0.5766297624487438,0.6640897411096356,0.36440008197985074,0.039570730369405456,0.3345977603843856,0.3946087206125581,0.5764898104295011,0.0489431016339708,0.5476263519442167,0.621455555455662,0.363515655256474,0.03699726979811952,0.3358293852109625,0.39367543305258546,0.23662858029531025,0.014531441548738004,0.2255125838423456,0.2479478070970075,0.6806628778805044,0.3957974445295199,-0.06577938002123884,-0.03139736254966918
rfm,dataset,later_target_any_path,B,random_forest,5,1000,0.22202233882676584,0.6129215852534224,0.020635159063229422,0.5967873166522863,0.6285840110033862,0.35477143239017106,0.07912894384698398,0.2949259280103191,0.41553069217971766,0.5851096805727158,0.033776952289703836,0.5614762343907328,0.6142509460084483,0.3097376356362532,0.04598857242676063,0.2767877284006316,0.34562009419152273,0.18414429128616094,0.0189646472992188,0.1692902651440972,0.19899831742822469,0.6622197881489337,0.4069496803181183,-0.049298202895511234,-0.05217824792794723
rfm,dataset,later_target_any_path,B+M,logistic,5,1000,0.22202233882676584,0.6806628778805044,0.07647138589056082,0.614099112610696,0.7358806495238118,0.3957974445295199,0.06442236356806938,0.3435671143125535,0.4439262433923504,0.6232940459733962,0.062027129165825104,0.5710010700897795,0.6658951994133884,0.40506444997620356,0.05588344734367811,0.36085901027077505,0.44926988968163195,0.21991674052988025,0.02087294456512687,0.20221442007634155,0.23361646378455658,0.6806628778805044,0.3957974445295199,0.0,0.0
rfm,dataset,later_target_any_path,B+M,random_forest,5,1000,0.22202233882676584,0.6622197881489337,0.04912358028126102,0.624787421356737,0.7020550468775701,0.4069496803181183,0.04553439574336089,0.3657449773555283,0.43687485537095877,0.5727136966105054,0.03122290391756663,0.5466720392356794,0.5934719810867718,0.29892504422114613,0.022115660080886123,0.2792137210615471,0.31067639257294427,0.17799675408344265,0.021678340941089003,0.1615386748325179,0.1954847650728297,0.6622197881489337,0.4069496803181183,0.0,0.0
rfm,dataset,later_target_any_path,B+M+L,logistic,5,1000,0.22202233882676584,0.6871383628658494,0.08270754195981002,0.6166671413392899,0.747963561257494,0.3949642618899416,0.053395145159314525,0.35349931119322164,0.43642921258666156,0.6253457287444371,0.07977266759067518,0.560072706435703,0.6794360835810824,0.405271750308515,0.06571117272815029,0.3497501885369533,0.45359848484848486,0.2207492656245666,0.022772010761081367,0.20272802174998789,0.2394081764440202,0.6806628778805044,0.3957974445295199,0.006475484985345004,-0.0008331826395783226
rfm,dataset,later_target_any_path,B+M+L,random_forest,5,1000,0.22202233882676584,0.669425404396188,0.048644560095378514,0.6339235768950063,0.7093294907736875,0.4133448048869566,0.03523781817769221,0.3875673839868838,0.4402038690732928,0.59404248810476,0.033002707959067505,0.5752301048463615,0.6245332968603217,0.33372397793978126,0.026404822488813862,0.31435897435897436,0.3562098536459959,0.1778174182278775,0.02051646933587587,0.161987545031633,0.19382693700740758,0.6622197881489337,0.4069496803181183,0.007205616247254354,0.006395124568838284
rfm,dataset,later_target_any_path,B+M+L+G,logistic,5,1000,0.22202233882676584,0.6947021017563794,0.08430014859809598,0.6290609730408419,0.7603432304719171,0.39828388250591795,0.026342878642103763,0.37869586884413253,0.4210633854028125,0.6323222958565553,0.06896639517193533,0.5878039967892937,0.6963824264338925,0.4091961191961192,0.04463925145549092,0.3781684981684982,0.44406729531729516,0.2215228167982374,0.030600847015498277,0.19692362883129105,0.247774352903467,0.6806628778805044,0.3957974445295199,0.014039223875874973,0.002486437976398026
rfm,dataset,later_target_any_path,B+M+L+G,random_forest,5,1000,0.22202233882676584,0.6941140751069683,0.08087324958074565,0.6341550249549271,0.7540731252590092,0.42438142116959643,0.04232807702092351,0.3954117095243349,0.46067314586961106,0.6031437227551755,0.040262134253136406,0.5744741057207126,0.6389137981289866,0.3492751213076347,0.04046228418594233,0.313512081168718,0.37808994120451295,0.1761112320887825,0.024837457575866195,0.15713495857119292,0.19552176410049182,0.6622197881489337,0.4069496803181183,0.031894286958034646,0.01743174085147814
rfm,dataset,later_target_any_path,B+M+L+G+R,logistic,5,1000,0.22202233882676584,0.6976476619511955,0.07834616183173312,0.636431658263511,0.7588636656388801,0.4290249202204233,0.028481777461855762,0.40587112099635253,0.45053452495991025,0.6406713126617536,0.04846738707850962,0.601941864885032,0.6794007604384751,0.42811774372964406,0.0362975810983511,0.3988625409678041,0.45340813316477035,0.21964040047106873,0.03718014771788084,0.1921847002457205,0.25267860637784495,0.6806628778805044,0.3957974445295199,0.01698478407069115,0.033227475690903396
rfm,dataset,later_target_any_path,B+M+L+G+R,random_forest,5,1000,0.22202233882676584,0.7453179309515323,0.06005820156580522,0.7017362738644556,0.7963726257128239,0.485996883996612,0.04668573772385207,0.4519938282644083,0.5253644129946178,0.6415411103007661,0.04123008885056066,0.6119888759438374,0.6761080505756764,0.42623220866416406,0.03982677420427656,0.3957469323994054,0.4543331573079857,0.1606786810200149,0.02152287713163419,0.14353808001073204,0.17781928202929778,0.6622197881489337,0.4069496803181183,0.08309814280259864,0.07904720367849372
rfm,domain,later_capability_damage_any_path,B,logistic,5,1000,0.06930616663174803,0.547107294825939,0.15791899607311854,0.4072992019541807,0.6639586795313365,0.09741648034914871,0.043894785617454336,0.05864011085316573,0.12519420392726976,0.531340633723974,0.09450957531866831,0.45843083891136926,0.6042504285365786,0.1369593569153283,0.07176733527313171,0.07400810526842447,0.18848484848484848,0.22470361470380565,0.022744735058502597,0.2058763708672339,0.24082840155215157,0.5441583818117545,0.1019896253891082,0.00294891301418454,-0.004573145039959495
rfm,domain,later_capability_damage_any_path,B,random_forest,5,1000,0.06930616663174803,0.5450078168426449,0.09583447408540795,0.4585468631977497,0.5952520001337097,0.0993968556384425,0.04749577827231967,0.057085178726258415,0.1363482691887338,0.502708759621943,0.00605697064937096,0.5,0.5081262788658287,0.011428571428571429,0.025555062599997593,0.0,0.03428571428571429,0.07982471610210497,0.016837682130070312,0.06559745299465951,0.09283869435494697,0.5379323919292415,0.1124861499377805,0.007075424913403405,-0.013089294299338
rfm,domain,later_capability_damage_any_path,B+M,logistic,5,1000,0.06930616663174803,0.5441583818117545,0.15306278255041467,0.41436861500921396,0.667591720712939,0.1019896253891082,0.051448622141348675,0.05981602780681532,0.13741846372428737,0.5026474641069717,0.08128041451199303,0.4287734002146596,0.5611326605825219,0.11911773842808326,0.0679166836726628,0.05909909909909909,0.15731593662628146,0.18466791328884877,0.02347275070999131,0.16440639907404725,0.2007818862583502,0.5441583818117545,0.1019896253891082,0.0,0.0
rfm,domain,later_capability_damage_any_path,B+M,random_forest,5,1000,0.06930616663174803,0.5379323919292415,0.11897464904413488,0.4278362407064022,0.6068076692778308,0.1124861499377805,0.06399324470686717,0.05972399149390376,0.16113208614287894,0.5,0.0,0.5,0.5,0.0,0.0,0.0,0.0,0.07973898638099045,0.016043771589825628,0.06700880007551996,0.0924691726864609,0.5379323919292415,0.1124861499377805,0.0,0.0
rfm,domain,later_capability_damage_any_path,B+M+L,logistic,5,1000,0.06930616663174803,0.5368518406009641,0.14841474841435046,0.41510628200942945,0.6497879133171012,0.10596695291869365,0.059996923393382716,0.05573041508262851,0.15192615774662108,0.4942586160518384,0.08359429386866606,0.4206849448655724,0.5544074762322351,0.11189740512974351,0.0645863870674932,0.051897405129743515,0.14955752212389378,0.18494943290487284,0.027970601899211484,0.1617234882516994,0.20426751334120521,0.5441583818117545,0.1019896253891082,-0.007306541210790329,0.003977327529585448
rfm,domain,later_capability_damage_any_path,B+M+L,random_forest,5,1000,0.06930616663174803,0.5494266745809976,0.11257795875875323,0.4451455611692531,0.6130407982520605,0.12339193172150757,0.06862046676964237,0.06663798285760264,0.1749480062462792,0.5,0.0,0.5,0.5,0.0,0.0,0.0,0.0,0.07817652061365542,0.015132422103692674,0.06614258302398618,0.09021045820332466,0.5379323919292415,0.1124861499377805,0.011494282651756116,0.010905781783727073
rfm,domain,later_capability_damage_any_path,B+M+L+G,logistic,5,1000,0.06930616663174803,0.5651390099145079,0.10852319959185587,0.48193530958395636,0.6581929676356191,0.10739347964748433,0.052742275615161545,0.062382371131481,0.1442112019391771,0.5120181229249298,0.07040976322202058,0.45557428862418237,0.564395309540015,0.11947401798242815,0.06306564182310152,0.06693992295889353,0.1660498274428798,0.18499389624893858,0.029311936824737466,0.1633399029204341,0.20904916619908492,0.5441583818117545,0.1019896253891082,0.020980628102753474,0.005403854258376126
rfm,domain,later_capability_damage_any_path,B+M+L+G,random_forest,5,1000,0.06930616663174803,0.5786416908953809,0.10768484970486318,0.4881341227936007,0.6523794348853036,0.10684597501670852,0.05001213849764785,0.06479552873009795,0.1413226081826182,0.4996784565916399,0.0007189929188102145,0.4990353697749196,0.5,0.0,0.0,0.0,0.0,0.0777686879751482,0.016192674651177928,0.06506039414101492,0.09047698180928147,0.5379323919292415,0.1124861499377805,0.040709298966139396,-0.00564017492107198
rfm,domain,later_capability_damage_any_path,B+M+L+G+R,logistic,5,1000,0.06930616663174803,0.7590549853939208,0.08000161999156286,0.6918277195473337,0.820252863123095,0.36666355518850624,0.13038889386952007,0.26599576432990224,0.46961799632969214,0.7021054961732218,0.0738601248264606,0.6488097736749271,0.7655910512844819,0.28930753856219693,0.10147221147400264,0.19599464028035457,0.35501976284584974,0.1394347067001637,0.03193800521864862,0.11648285861869781,0.16743552147275556,0.5441583818117545,0.1019896253891082,0.21489660358216633,0.264673929799398
rfm,domain,later_capability_damage_any_path,B+M+L+G+R,random_forest,5,1000,0.06930616663174803,0.808149698001766,0.0541637455707176,0.7676591138764772,0.8527727617992822,0.4150011481553621,0.09422997979415662,0.3380658042570953,0.48808943716376463,0.5892248219194565,0.04409795449311441,0.5544467275363814,0.621542800265428,0.2909941520467836,0.12687605875047198,0.18877192982456142,0.3866666666666666,0.061426240363031535,0.013833646575400767,0.05057346810098542,0.07227901262507766,0.5379323919292415,0.1124861499377805,0.2702173060725245,0.3025149982175816
rfm,domain,later_clean_any_path,B,logistic,5,1000,0.21216949507647181,0.5585872002646546,0.16818000476691827,0.4320458147302409,0.6796999070819683,0.3088142401340398,0.1275232513546758,0.2020825171729485,0.4004097129467515,0.5491185397860749,0.10387482572616863,0.4693009568521864,0.6301955579403915,0.32613952126400253,0.1437879871871136,0.20608108108108109,0.43284265296713426,0.24362378567957393,0.007896072978007816,0.23767830232085507,0.24956926903829277,0.6431346350953779,0.3446119565166394,-0.08454743483072336,-0.0357977163825996
rfm,domain,later_clean_any_path,B,random_forest,5,1000,0.21216949507647181,0.5884626111967146,0.11335786737262545,0.4993217681742272,0.6757499738449775,0.31093135482195156,0.11504338690771726,0.21974651486857985,0.39802154383219873,0.5634970375012504,0.05869595302253748,0.5263342291979359,0.6139362692929413,0.25148368426609763,0.12081587623410066,0.17224880382775118,0.35088559814169573,0.18229971310006207,0.007414263494239477,0.1768492680714068,0.18774963289076912,0.6394633968177086,0.35258181553299506,-0.05100078562099397,-0.0416504607110435
rfm,domain,later_clean_any_path,B+M,logistic,5,1000,0.21216949507647181,0.6431346350953779,0.09059148898125208,0.5716748921656316,0.7165057002147166,0.3446119565166394,0.12237845148218679,0.25146884813728754,0.43775506489599136,0.6015957109765206,0.066741946088611,0.5411890871864702,0.6481789178476912,0.3806581458305596,0.10092442905841471,0.2942617494341632,0.445986331158745,0.21780989507693277,0.013672639961721765,0.20676753686631688,0.22734294265853908,0.6431346350953779,0.3446119565166394,0.0,0.0
rfm,domain,later_clean_any_path,B+M,random_forest,5,1000,0.21216949507647181,0.6394633968177086,0.06928841595139576,0.5874422776189779,0.6907447702913476,0.35258181553299506,0.10089389497685096,0.27482675905799275,0.4303368720079974,0.5738490245032403,0.023673798303129615,0.5557411433748534,0.5919569056316272,0.3015141585778421,0.04310683877642122,0.2697882378757955,0.3375041820006691,0.1774571381296058,0.011253301566831015,0.16853681476256852,0.18585224807100711,0.6394633968177086,0.35258181553299506,0.0,0.0
rfm,domain,later_clean_any_path,B+M+L,logistic,5,1000,0.21216949507647181,0.6522500363326744,0.09250950051735293,0.5834174022698614,0.7264609314964383,0.35756080380045796,0.1299025287532695,0.2621820795047587,0.4581888496101766,0.59516084234847,0.0983969931077487,0.5209331651954603,0.6658497467822928,0.36918313288360216,0.1274779732195857,0.2561688895741783,0.4432908162325518,0.21802166581995142,0.01878186952139594,0.20245107524971764,0.23237687642990437,0.6431346350953779,0.3446119565166394,0.009115401237296483,0.012948847283818565
rfm,domain,later_clean_any_path,B+M+L,random_forest,5,1000,0.21216949507647181,0.648174311737468,0.07358782553520657,0.5990169238712332,0.7078473396402027,0.3739926060895359,0.12954598968552708,0.274899500269921,0.47308571190915066,0.5899440047071675,0.0576569669820622,0.5538941893416846,0.6406655890989278,0.3292671907472666,0.10681656738263182,0.2553641456582633,0.4180536730821361,0.1765262172070687,0.01426119304519335,0.1651435012911213,0.18610998422443686,0.6394633968177086,0.35258181553299506,0.008710914919759394,0.021410790556540826
rfm,domain,later_clean_any_path,B+M+L+G,logistic,5,1000,0.21216949507647181,0.6516027658703352,0.08959138607411152,0.5816034690301984,0.7268356950479363,0.342029124066616,0.11915062773804562,0.25328828556626154,0.4307699625669705,0.6190022201643979,0.06721234543704564,0.5732854348301817,0.6754401353636453,0.4011585001521388,0.0944808927561055,0.3263012537096481,0.47175001311853915,0.21787398137466588,0.02318781689288764,0.19953449727030143,0.23639674645319322,0.6431346350953779,0.3446119565166394,0.008468130774957228,-0.002582832450023387
rfm,domain,later_clean_any_path,B+M+L+G,random_forest,5,1000,0.21216949507647181,0.6474257636815108,0.07890050218421298,0.5836027112641191,0.7119884445179189,0.37571318294486905,0.14057066840152252,0.26363159594958563,0.4804357022360623,0.6000810074949244,0.06166924735018716,0.5567036034227837,0.6493547673504203,0.3526692609216279,0.11653994310939228,0.2611716474269069,0.43581906057183256,0.17781290082774684,0.012710713755238821,0.16677375835784253,0.1858442607432265,0.6394633968177086,0.35258181553299506,0.00796236686380225,0.023131367411873993
rfm,domain,later_clean_any_path,B+M+L+G+R,logistic,5,1000,0.21216949507647181,0.6684728332721563,0.06966086007118896,0.6181716125802741,0.7269483879567273,0.38208389491486033,0.11082470874087233,0.3002763217757586,0.4664648531234997,0.6210224056058667,0.06042634361859488,0.5784925370243996,0.6678875005242404,0.4000518974754992,0.0721508519638802,0.3414965986394558,0.4502512875763672,0.21682940767869238,0.027717150181435963,0.1970340461601274,0.23970649766894286,0.6431346350953779,0.3446119565166394,0.025338198176778404,0.03747193839822094
rfm,domain,later_clean_any_path,B+M+L+G+R,random_forest,5,1000,0.21216949507647181,0.720698551133387,0.05689136426259665,0.6799014149116542,0.7703963291649859,0.4402300316298592,0.1297815108939743,0.3407533836518551,0.5397066796078633,0.6189049092332881,0.0631583435607078,0.5774876821948975,0.67223022959548,0.391578607125032,0.1166714381310989,0.3092522432701894,0.4860943485333474,0.16279489275890785,0.016113055703236817,0.15090593685170267,0.17468384866611295,0.6394633968177086,0.35258181553299506,0.0812351543156784,0.08764821609686413
rfm,domain,later_clean_enhancement_path,B,logistic,5,1000,0.11410398770863887,0.5802599445664823,0.1412954783442658,0.47307099525414403,0.6911519864148536,0.21125341679433488,0.09728349803424988,0.14194977433250644,0.2814730237647288,0.5650942204219092,0.08062217709553744,0.5052810317144819,0.6267825745822858,0.2250852224930823,0.08495320244088823,0.16022686025408345,0.2867201287241773,0.2402723546016013,0.009179207148383554,0.23318858777438706,0.2473561214288155,0.6480144532652641,0.21503882380112635,-0.06775450869878175,-0.0037854070067914747
rfm,domain,later_clean_enhancement_path,B,random_forest,5,1000,0.11410398770863887,0.6200863902033478,0.041943252388744856,0.5891524020238559,0.6536307819411428,0.24812237109372726,0.0744915852686668,0.1851968555498104,0.30609685972865497,0.5650784393621782,0.07375358807412448,0.5121502759464525,0.6232844463642049,0.19785929470139996,0.16284400106249525,0.07368421052631578,0.32245259613680666,0.11677774459107362,0.004604572479249624,0.11393424092377089,0.12091433460453146,0.6645031695153346,0.2932850636261993,-0.04441677931198684,-0.04516269253247207
rfm,domain,later_clean_enhancement_path,B+M,logistic,5,1000,0.11410398770863887,0.6480144532652641,0.07740410203648349,0.5991025674119888,0.7134683724235963,0.21503882380112635,0.10252832749842505,0.148015590329957,0.29988365016226076,0.5962421646258294,0.08863017942942197,0.5380118565877833,0.6689647003079838,0.24929412180590882,0.07188196947059688,0.199208013044491,0.30681528662420376,0.20313757476118016,0.02023346497074345,0.18703071784018782,0.21924443168217253,0.6480144532652641,0.21503882380112635,0.0,0.0
rfm,domain,later_clean_enhancement_path,B+M,random_forest,5,1000,0.11410398770863887,0.6645031695153346,0.04196429874906347,0.6384058763279344,0.7028399464601037,0.2932850636261993,0.06699071701436639,0.2431154023494253,0.3412760566355355,0.5802417431017529,0.06617390774481066,0.5341247618703439,0.6313840211296032,0.24207988019240284,0.16263484146404178,0.12175193227824806,0.365253258538195,0.11390650067279115,0.006227834920330405,0.1101241195357367,0.11935774882522951,0.6645031695153346,0.2932850636261993,0.0,0.0
rfm,domain,later_clean_enhancement_path,B+M+L,logistic,5,1000,0.11410398770863887,0.6474385745143982,0.09325951899460784,0.5909427370017721,0.728493288031595,0.2232198535945432,0.12674581352369327,0.14488558242545505,0.3314189886817475,0.592759522537558,0.08420511016768366,0.5401235511333213,0.6648338317373703,0.24572769091862448,0.06538772405412722,0.2005754423401796,0.3033586689355266,0.20739079126428664,0.027774465243890715,0.18535062280207998,0.22943095972649327,0.6480144532652641,0.21503882380112635,-0.0005758787508658436,0.008181029793416839
rfm,domain,later_clean_enhancement_path,B+M+L,random_forest,5,1000,0.11410398770863887,0.6758341472165228,0.03776698111686676,0.6468293307481012,0.7062071105095411,0.287628039976772,0.061580088006108924,0.23604506435286918,0.3276113997955896,0.5601625975760294,0.06166761965760821,0.517621255812412,0.6143909281039758,0.19836161284437145,0.15391392840370566,0.09031928480204342,0.3291005291005291,0.11448809731679377,0.007393117367402011,0.10890616106170772,0.12032922282828622,0.6645031695153346,0.2932850636261993,0.011330977701188183,-0.0056570236494273285
rfm,domain,later_clean_enhancement_path,B+M+L+G,logistic,5,1000,0.11410398770863887,0.6555886707921306,0.09458594684410686,0.5883225256207443,0.7380468970038117,0.21483262001782286,0.10705481136056681,0.14202517722534577,0.30244375187837963,0.6105591991796702,0.09657497913687253,0.5575110094632338,0.6982538510723393,0.2666522791958332,0.0800297958029976,0.20910518053375196,0.3331191456626996,0.20083884335458085,0.024962874921301725,0.1810100874878989,0.22043410305493544,0.6480144532652641,0.21503882380112635,0.007574217526866489,-0.00020620378330349354
rfm,domain,later_clean_enhancement_path,B+M+L+G,random_forest,5,1000,0.11410398770863887,0.6694637308527527,0.038263272103146916,0.6425639013510793,0.7034875177883506,0.2896143347304555,0.06945373961409063,0.23127820872510463,0.334606782800415,0.5578398865577221,0.03804496706626869,0.5340085287846482,0.591373639100962,0.2038371137012139,0.08898191888529901,0.1443478260869565,0.28045557866228144,0.11593705533104375,0.00793976288014526,0.10974544965131221,0.12212866101077528,0.6645031695153346,0.2932850636261993,0.004960561337418068,-0.0036707288957438244
rfm,domain,later_clean_enhancement_path,B+M+L+G+R,logistic,5,1000,0.11410398770863887,0.79378503466514,0.04392181677292026,0.7674902553988963,0.8315032281274405,0.43007208012528614,0.07377499665942937,0.3759536270866533,0.4891844208806351,0.7309188399367434,0.029639187049461287,0.7078299745512071,0.7553232473246205,0.41027966854547493,0.03759480598040137,0.3812155050699525,0.43934383202099736,0.1514913318092781,0.013292390165196654,0.13953084148935005,0.1591079166603658,0.6480144532652641,0.21503882380112635,0.14577058139987598,0.2150332563241598
rfm,domain,later_clean_enhancement_path,B+M+L+G+R,random_forest,5,1000,0.11410398770863887,0.801561920038972,0.03958381641726926,0.7731152925744269,0.8355462686567166,0.39627373640814334,0.06710307367568533,0.3467239229921987,0.44563865419342574,0.5956193270875899,0.02805410055013219,0.5732439715038803,0.6179946826712995,0.29750145129455474,0.05653149459610377,0.25352142110762804,0.34148148148148144,0.09871662572599696,0.008025640387827646,0.09240036151462452,0.10503288993736941,0.6645031695153346,0.2932850636261993,0.13705875052363736,0.10298867278194401
rfm,domain,later_clean_suppression_path,B,logistic,5,1000,0.11865179132620991,0.4745138669849969,0.10328810808697877,0.40081105541631856,0.552109411067788,0.1389728235810644,0.058712875976491274,0.09537504217118684,0.18257060499094196,0.48258783484121065,0.05714056867528547,0.4370160588846284,0.5259037184367858,0.1600644633213101,0.08706020086861907,0.08798185941043082,0.22496641719439645,0.23843983890840867,0.02361834653106224,0.2209239911257505,0.2562084895679485,0.5754562102777047,0.17669158142934832,-0.10094234329270774,-0.037718757848283935
rfm,domain,later_clean_suppression_path,B,random_forest,5,1000,0.11865179132620991,0.5269024607539027,0.10805337394561507,0.4312418867682027,0.6007664567380576,0.16065892730587564,0.0566420733033466,0.11580728392081094,0.2040126146196644,0.5120145063463484,0.018198910453351466,0.4986254295532646,0.52660492547285,0.054252873563218396,0.07430658887664156,0.0,0.10942528735632184,0.12339739916662307,0.010178585863692404,0.11593644065891626,0.13104350535591103,0.5903845273627929,0.20661327744840366,-0.06348206660889022,-0.04595435014252802
rfm,domain,later_clean_suppression_path,B+M,logistic,5,1000,0.11865179132620991,0.5754562102777047,0.0850948028498832,0.5173550394543392,0.6408803980601399,0.17669158142934832,0.0687226881569536,0.12809981358390982,0.2292847917227694,0.5746140229854999,0.047983492784411004,0.5440558110146763,0.6160624751687314,0.2417853806748516,0.05371636312316122,0.20055335968379445,0.2830174016659088,0.21747495373035478,0.025215617928884406,0.19774231500784048,0.2372075924528691,0.5754562102777047,0.17669158142934832,0.0,0.0
rfm,domain,later_clean_suppression_path,B+M,random_forest,5,1000,0.11865179132620991,0.5903845273627929,0.06797230651187,0.549340480380315,0.6498225002032626,0.20661327744840366,0.0809459697610399,0.14710216098355605,0.27199277993383186,0.5092753430858347,0.0219734795531557,0.49284207518781986,0.5268633707312953,0.06019548872180451,0.07042435356779901,0.007142857142857143,0.11705263157894737,0.12053755478804587,0.012913464149806446,0.11073256502658109,0.13103454007716955,0.5903845273627929,0.20661327744840366,0.0,0.0
rfm,domain,later_clean_suppression_path,B+M+L,logistic,5,1000,0.11865179132620991,0.5896254515826789,0.09192421472637632,0.5229460939400641,0.6646811998549833,0.19447907691331506,0.09029403603980105,0.1344884065968679,0.26713247935675216,0.5964589709160191,0.06745880069208957,0.5435599761302318,0.6507553431965025,0.2643259314865616,0.057174298951411295,0.22658754311219315,0.31263265620838065,0.21225869302842856,0.026634925322481125,0.19152447389520905,0.23299291216164814,0.5754562102777047,0.17669158142934832,0.014169241304974212,0.017787495483966742
rfm,domain,later_clean_suppression_path,B+M+L,random_forest,5,1000,0.11865179132620991,0.585542123779616,0.08532742478895676,0.5310274199206313,0.6622357931247251,0.19540067231784297,0.08173854905450398,0.13752456136077895,0.2582625661412731,0.5103905209197289,0.018488103838544753,0.49657853367392835,0.5247073640552535,0.05937288517933679,0.0574570463952536,0.015384615384615385,0.1033611549740582,0.12083600044268497,0.014407597586838933,0.11042153647247215,0.1333386504449062,0.5903845273627929,0.20661327744840366,-0.004842403583176891,-0.011212605130560688
rfm,domain,later_clean_suppression_path,B+M+L+G,logistic,5,1000,0.11865179132620991,0.5803593550903361,0.11746334937059354,0.4977507466094317,0.6687099525968423,0.18783208169633836,0.07578679522071015,0.13679002517176833,0.25272992836130814,0.5892880806352229,0.06732013045403756,0.537188229256893,0.6413879320135527,0.2588467653726393,0.05990965804276274,0.2166007303712721,0.3076203833567087,0.21616682537398435,0.040224325689191306,0.18619243833538046,0.2494678255475215,0.5754562102777047,0.17669158142934832,0.0049031448126314325,0.011140500266990039
rfm,domain,later_clean_suppression_path,B+M+L+G,random_forest,5,1000,0.11865179132620991,0.5837861402550845,0.10404873444110177,0.5079371523604163,0.6681054838353746,0.1927460220024369,0.0687282913274705,0.13756914063182465,0.23849852288412016,0.5248632025356552,0.029764674358085698,0.502816496369128,0.5475083060620894,0.11004159239453357,0.10360461550593368,0.030303030303030304,0.18978015448603686,0.12393222640148657,0.016315421723455646,0.11173365354336076,0.13700089300954135,0.5903845273627929,0.20661327744840366,-0.006598387107708437,-0.013867255445966759
rfm,domain,later_clean_suppression_path,B+M+L+G+R,logistic,5,1000,0.11865179132620991,0.7398761454467261,0.07777439384421247,0.6794099883697442,0.7980953350963282,0.383721962235603,0.12199365535560819,0.27997243205486544,0.473636008726101,0.6817804100177742,0.0649271646706775,0.6394357193463961,0.7414334669523349,0.354709401794117,0.03661361648713525,0.32682033847648223,0.3835646258503401,0.17489223576033724,0.02410522688367269,0.15424690905878516,0.1930621382258149,0.5754562102777047,0.17669158142934832,0.16441993516902143,0.2070303808062547
rfm,domain,later_clean_suppression_path,B+M+L+G+R,random_forest,5,1000,0.11865179132620991,0.7496668113130838,0.06191989371982514,0.7053497918995364,0.8010446951720536,0.3821065486229627,0.11058387136781225,0.30185082612665814,0.4743613179350813,0.5702346973457447,0.05472798258402363,0.5310579868474605,0.6166758049776917,0.23937019969278034,0.1395733996224776,0.13714285714285715,0.35096774193548386,0.10357156544658093,0.015506904771956454,0.09221709705942405,0.11669761586517487,0.5903845273627929,0.20661327744840366,0.15928228395029087,0.17549327117455907
rfm,domain,later_enhancement_path,B,logistic,5,1000,0.11908059222012712,0.5760014530541142,0.12964804578928316,0.4803633866133866,0.6802078579856358,0.20909823522134618,0.09038227593287362,0.14278207370307397,0.27541439673961843,0.5692090237095897,0.08629682619519838,0.5086391192785225,0.6424772758106092,0.23248142244342063,0.08576225951403946,0.16506410256410256,0.2973268806028323,0.24252374239349925,0.013455891842919124,0.23167690939856703,0.2527121573132536,0.6243170575956827,0.21416281258021547,-0.04831560454156847,-0.005064577358869282
rfm,domain,later_enhancement_path,B,random_forest,5,1000,0.11908059222012712,0.6150372139469535,0.0515236728679633,0.5759386425994537,0.6576274284588098,0.2594286682694581,0.06416370573610489,0.21049205871368892,0.3083652778252272,0.5618653043471833,0.06325825661036352,0.5165301806538506,0.6107168674332853,0.18830435101621543,0.1555634051323375,0.07272727272727272,0.3073593073593074,0.12060286279606869,0.006770421235989314,0.11564093111206794,0.12597804938493776,0.6663411013050207,0.2922810376188653,-0.051303887358067124,-0.03285236934940722
rfm,domain,later_enhancement_path,B+M,logistic,5,1000,0.11908059222012712,0.6243170575956827,0.0939465809709589,0.5660624181088887,0.7070103681393248,0.21416281258021547,0.11751900255226957,0.13953519767229755,0.31394345317746236,0.5866919829812842,0.0886680961605221,0.5395515738694819,0.6670218394098991,0.24787575293904407,0.06494984404539808,0.20608058608058605,0.30206731875719195,0.2098376991944685,0.023776412589229547,0.19082179343921676,0.2288536049497203,0.6243170575956827,0.21416281258021547,0.0,0.0
rfm,domain,later_enhancement_path,B+M,random_forest,5,1000,0.11908059222012712,0.6663411013050207,0.05721954603702725,0.6293857887276685,0.7176342422436841,0.2922810376188653,0.0678083906845615,0.23599035146133412,0.3379595179306527,0.5698309035443504,0.06754923339695734,0.522199784589365,0.6276429988564458,0.21420571844134256,0.16230258874499845,0.09298366689671037,0.3452534562211982,0.1180321401843035,0.007025864231035597,0.11282432921962234,0.12340936903457009,0.6663411013050207,0.2922810376188653,0.0,0.0
rfm,domain,later_enhancement_path,B+M+L,logistic,5,1000,0.11908059222012712,0.6295566524574617,0.10753743961952274,0.5666871504704243,0.7229561855386722,0.22789984131587734,0.1498003188078466,0.14279146676347448,0.3598208801468311,0.5718153634360407,0.08504118253887397,0.5172524064639101,0.6433532817090336,0.23088179878617532,0.07251419294937579,0.18047697183639924,0.28965678615369517,0.21303589246181726,0.032471435058997765,0.1871977491524051,0.2388740357712294,0.6243170575956827,0.21416281258021547,0.005239594861779051,0.013737028735661877
rfm,domain,later_enhancement_path,B+M+L,random_forest,5,1000,0.11908059222012712,0.6656517051509673,0.045527001003560205,0.6365819912300456,0.707702435595954,0.29391746249992734,0.07757828509523262,0.22887351999005454,0.3464329262444214,0.5500709122831833,0.05952533724136326,0.5134476014683302,0.6042564643854021,0.16954835713456404,0.14662808330468874,0.07539765470799953,0.3020689655172414,0.1184133128841657,0.007903179741904288,0.11219867230899896,0.12537915457011412,0.6663411013050207,0.2922810376188653,-0.0006893961540533899,0.0016364248810620263
rfm,domain,later_enhancement_path,B+M+L+G,logistic,5,1000,0.11908059222012712,0.6477661290152945,0.1071013934978495,0.5636369942228099,0.7349819957295028,0.22111629120247828,0.10774307540128099,0.14420726023981184,0.31083815568860823,0.5986770439857282,0.08678726208606409,0.5483156205832601,0.6759643341732894,0.26289327369366733,0.07378210331576614,0.2073699221886855,0.3180890538033395,0.205649110193367,0.030107023840042105,0.18213050064775413,0.22901705147807655,0.6243170575956827,0.21416281258021547,0.023449071419611833,0.00695347862226281
rfm,domain,later_enhancement_path,B+M+L+G,random_forest,5,1000,0.11908059222012712,0.6728276852426957,0.05642154209838686,0.6334098912139309,0.721374279141001,0.29872447555726517,0.08060400357227665,0.23636193266843336,0.3610870184460969,0.552102319652212,0.043139780778655504,0.5272459927747408,0.5902470127224192,0.18946109932952038,0.10640749858352083,0.12500481974166183,0.28376068376068375,0.11931073435436616,0.008931310022225943,0.11218763202584534,0.12583252211304313,0.6663411013050207,0.2922810376188653,0.006486583937674983,0.006443437938399854
rfm,domain,later_enhancement_path,B+M+L+G+R,logistic,5,1000,0.11908059222012712,0.8008153090256942,0.04325867641957821,0.7731195500727277,0.8371439015196405,0.4463259433576791,0.0551202012417363,0.4038276653693365,0.48756648690754406,0.7338071858552984,0.03290190025416973,0.7093209961680111,0.7596314387628845,0.42413028484868665,0.05315578978988735,0.382030932030932,0.4633897192291353,0.15124551870595238,0.01448426374616538,0.13826472647099042,0.15863245897817033,0.6243170575956827,0.21416281258021547,0.17649825143001152,0.23216313077746364
rfm,domain,later_enhancement_path,B+M+L+G+R,random_forest,5,1000,0.11908059222012712,0.811253725925878,0.033378173199185054,0.7858613109017604,0.8382241301222783,0.4208344896636863,0.0573592279167575,0.3770907277172723,0.4660080939864174,0.6055841364241956,0.04190459252069418,0.5773449501880037,0.6400941480175405,0.3153095238095238,0.07546997495813422,0.264,0.3825,0.09964814016358566,0.007398703126906103,0.0937221437970493,0.10552472798867625,0.6663411013050207,0.2922810376188653,0.1449126246208573,0.128553452044821
rfm,domain,later_neighbor_damage_any_path,B,logistic,5,1000,0.09307807807807808,0.5073808590665085,0.0757289161572418,0.4544056428412359,0.5718054886262827,0.15729258921305173,0.05193306546435224,0.11665754917472677,0.1979276292513767,0.5064123534308053,0.07084917078822535,0.44423038308169005,0.5556152138755334,0.15850584748489385,0.06466666121815813,0.09828499027105299,0.2000573464369942,0.24467135094162043,0.00941296225744556,0.23854616594549743,0.25306806478144217,0.5262011004524074,0.12268561026758502,-0.018820241385898884,0.0346069789454667
rfm,domain,later_neighbor_damage_any_path,B,random_forest,5,1000,0.09307807807807808,0.5534971532256485,0.044339249256458185,0.5192559751122507,0.5887383505051561,0.15440651258160965,0.0555888136362171,0.11162562236747868,0.20375643211537553,0.4986710963455149,0.0029715189069764595,0.49601328903654485,0.5,0.0,0.0,0.0,0.0,0.10060740003061064,0.01788759863167003,0.08607761472394294,0.11426438966628402,0.5453604234870734,0.14909675372069944,0.008136729738575155,0.005309758860910202
rfm,domain,later_neighbor_damage_any_path,B+M,logistic,5,1000,0.09307807807807808,0.5262011004524074,0.062079694954273075,0.49001419934944745,0.5804483788647963,0.12268561026758502,0.04477128976266899,0.08653369420398478,0.1619406656117975,0.5078569365053612,0.07413231888434141,0.4551054634529118,0.5624022567052913,0.12920192575095982,0.09608798302180953,0.056862745098039215,0.2015411064038804,0.19784251908370915,0.036721886774377197,0.1730735211067381,0.2289683531607858,0.5262011004524074,0.12268561026758502,0.0,0.0
rfm,domain,later_neighbor_damage_any_path,B+M,random_forest,5,1000,0.09307807807807808,0.5453604234870734,0.06072162127578629,0.4936610829399718,0.5884558823529411,0.14909675372069944,0.034105026695811516,0.12804136467331628,0.17822131505745983,0.5,0.0,0.5,0.5,0.0,0.0,0.0,0.0,0.10045391482829222,0.017598289631468166,0.08615754786789478,0.11373864144123033,0.5453604234870734,0.14909675372069944,0.0,0.0
rfm,domain,later_neighbor_damage_any_path,B+M+L,logistic,5,1000,0.09307807807807808,0.5255660921816749,0.05798606592483307,0.4926489015080991,0.5794901820652545,0.11409349619621442,0.03327420610652422,0.08497859807529477,0.14024955712871287,0.5072494817357736,0.057797843724648294,0.47464750785810506,0.5595646565489497,0.1287513311413225,0.07797687237319934,0.07162162162162161,0.18921437399435675,0.2015306175672535,0.04668459654322,0.1718428708250825,0.241547521812924,0.5262011004524074,0.12268561026758502,-0.0006350082707324844,-0.008592114071370602
rfm,domain,later_neighbor_damage_any_path,B+M+L,random_forest,5,1000,0.09307807807807808,0.5506359581471476,0.03574202355193968,0.522798010344679,0.5784739059496162,0.17039970094493756,0.042606721682068256,0.14232420627188552,0.2087363717306042,0.49933554817275744,0.0014857594534882423,0.4980066445182724,0.5,0.0,0.0,0.0,0.0,0.0996016160877625,0.01721729330658757,0.0856901491031137,0.11224897036383688,0.5453604234870734,0.14909675372069944,0.005275534660074244,0.021302947224238117
rfm,domain,later_neighbor_damage_any_path,B+M+L+G,logistic,5,1000,0.09307807807807808,0.5227886971361463,0.06431225984683718,0.4848981649818743,0.5813200816411678,0.14437387894358888,0.07815686525997956,0.09146363818493226,0.21074134082786306,0.5099771699217156,0.03647165793980817,0.48201353674964675,0.5380115301934728,0.14043506403769973,0.060094113579305275,0.09558550464210841,0.1902664796633941,0.20152707467300773,0.04816793087457011,0.17543084017578875,0.24561740523700556,0.5262011004524074,0.12268561026758502,-0.0034124033162611367,0.02168826867600386
rfm,domain,later_neighbor_damage_any_path,B+M+L+G,random_forest,5,1000,0.09307807807807808,0.5741499563661809,0.03863397396759086,0.5412842761153056,0.6023274210447538,0.14232928730967753,0.0447260342412408,0.10880707649214609,0.17997188719123075,0.5,0.0,0.5,0.5,0.0,0.0,0.0,0.0,0.0992053563113322,0.01699050869876839,0.08544178183442844,0.1115868320332886,0.5453604234870734,0.14909675372069944,0.02878953287910757,-0.006767466411021911
rfm,domain,later_neighbor_damage_any_path,B+M+L+G+R,logistic,5,1000,0.09307807807807808,0.7523232686286907,0.09073627862215221,0.6682451354587637,0.8092838512419258,0.28544136660249997,0.09500071634224537,0.20067857802691846,0.3368590867458837,0.6823011010789164,0.11660309357771144,0.574970812752582,0.7465635428678838,0.3126832722474369,0.15088246672003655,0.17598293554710023,0.4039009139009134,0.16480648330114128,0.039597803078191454,0.13649881119937995,0.19898061498299663,0.5262011004524074,0.12268561026758502,0.22612216817628328,0.16275575633491496
rfm,domain,later_neighbor_damage_any_path,B+M+L+G+R,random_forest,5,1000,0.09307807807807808,0.7706802593573612,0.03786010576985347,0.7372966621763208,0.7977275081934406,0.2987986430809551,0.14098473948777998,0.18088347775604308,0.40439705539519305,0.5050520086083214,0.01300332021171314,0.49823529411764705,0.5169207317073171,0.02222222222222222,0.04969039949999532,0.0,0.06666666666666667,0.08457685112710114,0.010815669155174706,0.07631650527304254,0.0922249800689749,0.5453604234870734,0.14909675372069944,0.2253198358702878,0.14970188936025566
rfm,domain,later_suppression_path,B,logistic,5,1000,0.1264320134087576,0.47460029705152895,0.10446875401127315,0.39998929615705936,0.554948468767975,0.14815068584676588,0.06240784128304852,0.10249845765749759,0.19412510056466684,0.4854286635077494,0.06889005672158285,0.43260317460317466,0.5381923311926082,0.1712581516651066,0.09148309212119886,0.0943147637159122,0.23849196062400715,0.2394030459359089,0.019007621417202063,0.22459285107983287,0.25421324079198493,0.5676999807903286,0.1781409757643077,-0.09309968373879962,-0.029990289917541824
rfm,domain,later_suppression_path,B,random_forest,5,1000,0.1264320134087576,0.517145662122166,0.10309585139188414,0.4263669590643275,0.5908607478032291,0.1579318943677947,0.061280718143930504,0.10937767432575338,0.206486114409836,0.5006910252549274,0.013582058952526318,0.49292438084458456,0.5131182289703766,0.025806451612903226,0.05770498006451071,0.0,0.07741935483870968,0.13022025039931906,0.010860119354827846,0.12186385661304204,0.13857664418559607,0.5744315196731236,0.1912489788572896,-0.05728585755095761,-0.033317084489494886
rfm,domain,later_suppression_path,B+M,logistic,5,1000,0.1264320134087576,0.5676999807903286,0.10570725861967223,0.4944408573517126,0.6461207391546114,0.1781409757643077,0.07379882719307838,0.12704197390234556,0.23651407877996747,0.5629173848169003,0.05730552037539716,0.5280986336809766,0.613463539768835,0.24459428112273085,0.07174176990575408,0.1896656534954407,0.3010378030047582,0.2201776408779949,0.025328815272739936,0.20009937206781267,0.24025590968817712,0.5676999807903286,0.1781409757643077,0.0,0.0
rfm,domain,later_suppression_path,B+M,random_forest,5,1000,0.1264320134087576,0.5744315196731236,0.08362081449473009,0.5162244967256852,0.6458275536225291,0.1912489788572896,0.07808702028771858,0.12990008736460656,0.25259787034997266,0.5025288203796819,0.018414045858006853,0.48990055784622843,0.5188433819941712,0.040489432703003335,0.061217502349687,0.0,0.09566184649610679,0.12756541310696645,0.011263681742707188,0.11882789590113199,0.13621646689935718,0.5744315196731236,0.1912489788572896,0.0,0.0
rfm,domain,later_suppression_path,B+M+L,logistic,5,1000,0.1264320134087576,0.5813020327725787,0.11344415200046042,0.5000122857547094,0.6682276724766778,0.19685941855689962,0.09463945841537673,0.13551570720776215,0.27477698346652674,0.5721406824924639,0.05839361107199514,0.5302352318969467,0.6193018949455241,0.25243148326784987,0.05691405702847324,0.2149261279485605,0.3029886063941791,0.21672233427841583,0.027367877274666736,0.19507255836362708,0.23837211019320453,0.5676999807903286,0.1781409757643077,0.013602051982250174,0.01871844279259191
rfm,domain,later_suppression_path,B+M+L,random_forest,5,1000,0.1264320134087576,0.5754320636149801,0.0959590920101494,0.49783930887867694,0.6576342820406713,0.21317430185053116,0.09067464115752606,0.14463827503961396,0.28171032866144846,0.5134159812223407,0.026427805616212226,0.49365805818895064,0.5340844687103453,0.0780477453580902,0.0753133911652654,0.018461538461538463,0.13763395225464192,0.12762486143486515,0.012032873688652473,0.11860579872499206,0.1375572007797013,0.5744315196731236,0.1912489788572896,0.0010005439418565576,0.02192532299324157
rfm,domain,later_suppression_path,B+M+L+G,logistic,5,1000,0.1264320134087576,0.5732022168768741,0.13637840421842723,0.4757138941102757,0.6740589557886787,0.1926642491026905,0.09154175188800048,0.13453979841679686,0.27328865751719533,0.5777187566750034,0.08693602986009102,0.5146133815722101,0.6472641708253983,0.26074218735872867,0.08242968268209568,0.20590256304542018,0.3282665538304636,0.22203038240159728,0.04404984342394838,0.1903981895921259,0.2605596876177974,0.5676999807903286,0.1781409757643077,0.005502236086545542,0.014523273338382797
rfm,domain,later_suppression_path,B+M+L+G,random_forest,5,1000,0.1264320134087576,0.5796521553634792,0.14697511287605203,0.4714063854191931,0.6878979253077654,0.1963303839943093,0.07498536636996328,0.14205213920035642,0.2540512535342458,0.50599565525261,0.01889135463446643,0.492418945452804,0.5230876620314227,0.055868544600938964,0.07884668678919353,0.0,0.12253521126760562,0.13047538183990912,0.014611430824243082,0.11922201072407106,0.1417287529557472,0.5744315196731236,0.1912489788572896,0.0052206356903556905,0.005081405137019712
rfm,domain,later_suppression_path,B+M+L+G+R,logistic,5,1000,0.1264320134087576,0.7108164203922744,0.03960280459333855,0.6804293770969764,0.7411790591530506,0.35803447213556655,0.1153749875957527,0.2609482619713611,0.4432413931261895,0.6739391118142728,0.06729698308935962,0.6220229302312831,0.7302513136899296,0.35703122991258585,0.05554200444799541,0.31262748550884145,0.39914899914899915,0.18930433696667778,0.03111712199844542,0.1663176799302176,0.21532604159770002,0.5676999807903286,0.1781409757643077,0.14311643960194587,0.17989349637125884
rfm,domain,later_suppression_path,B+M+L+G+R,random_forest,5,1000,0.1264320134087576,0.7466426914160094,0.05702058809552156,0.7136930067103243,0.7992131255860504,0.3860785833656104,0.10788251397483134,0.30456783061803466,0.48078577894351293,0.5869162988145302,0.026908010448198006,0.5671720834343924,0.607977424753613,0.2843724161634016,0.06218129677271042,0.24142976383365244,0.33344444444444443,0.10916200977808879,0.012785265284757324,0.09977047285530709,0.11977122341134934,0.5744315196731236,0.1912489788572896,0.1722111717428858,0.19482960450832082
rfm,domain,later_target_any_path,B,logistic,5,1000,0.22135274809693417,0.5732862606774713,0.1562265799953516,0.4565732161630144,0.6899993051919282,0.3249938928979006,0.12905003854612848,0.21980047844201928,0.41965541204618806,0.5626766840144122,0.09683669069396053,0.4915442518443217,0.6387736598802173,0.3464927187507833,0.13095137277098873,0.24251748251748256,0.44569240795047244,0.2427736874709121,0.007808669058828899,0.2369180766081783,0.248316219232329,0.6404524241772063,0.3577289853756565,-0.06716616349973492,-0.03273509247775591
rfm,domain,later_target_any_path,B,random_forest,5,1000,0.22135274809693417,0.6001147729663051,0.10876906202547446,0.5104629616628544,0.6808370826116729,0.3352508829325878,0.12214272877600849,0.24010586717384164,0.430395898691334,0.5708741127950759,0.05863288614357692,0.5342976866182398,0.6212963999336949,0.2740924192086983,0.10881642676677102,0.20426859961743685,0.36450417799255,0.18612717109065563,0.008662912494913796,0.1798748951050996,0.1930588327233537,0.6317352113713947,0.3639926841432282,-0.031620438405089546,-0.028741801210640405
rfm,domain,later_target_any_path,B+M,logistic,5,1000,0.22135274809693417,0.6404524241772063,0.09890293552702024,0.5608533355871084,0.7245587919255951,0.3577289853756565,0.12684202590450516,0.25913832917629886,0.45631964157501426,0.5864570026656325,0.08946370454499515,0.5145069940201786,0.6529623746324565,0.3719753107547388,0.12305014737297923,0.26518413445136735,0.45725094577553593,0.21951275435414405,0.016041743876789603,0.20619685798423654,0.23013649874646092,0.6404524241772063,0.3577289853756565,0.0,0.0
rfm,domain,later_target_any_path,B+M,random_forest,5,1000,0.22135274809693417,0.6317352113713947,0.0861767479847838,0.5672840290092643,0.6961863937335249,0.3639926841432282,0.11830147830853913,0.272495291039425,0.45549007724703133,0.5711073137583671,0.04602240692603775,0.5370171695760098,0.6066771357795948,0.2928682318665139,0.0833975103326315,0.22934546621608867,0.35812786247568856,0.18164114355154143,0.011402306907496093,0.17168893273000924,0.18942191416515705,0.6317352113713947,0.3639926841432282,0.0,0.0
rfm,domain,later_target_any_path,B+M+L,logistic,5,1000,0.22135274809693417,0.6479060501386009,0.10490841007462723,0.5667210520334585,0.7339086444865134,0.3609830500928902,0.1331528610546515,0.2616424619453074,0.4641357061370618,0.5882776536006178,0.11198526433733146,0.49652676655303607,0.6674309219801023,0.36846054494236935,0.14829320438728036,0.23577423845397968,0.4584606125187466,0.22045708616108692,0.02218329476794164,0.20170497187206213,0.23775350535927164,0.6404524241772063,0.3577289853756565,0.00745362596139465,0.003254064717233718
rfm,domain,later_target_any_path,B+M+L,random_forest,5,1000,0.22135274809693417,0.6348360333960749,0.07871572729682692,0.5778176307614841,0.691928010421863,0.36524827905766016,0.13074373832962272,0.265413794890875,0.46398328123455423,0.5773904498550277,0.04922286665915067,0.5444101272982994,0.6193653221317155,0.3093645388816415,0.08715201167404978,0.2464213854555907,0.3760671722643554,0.18153823089540624,0.013471686707099313,0.16947397235314426,0.19030600311179396,0.6317352113713947,0.3639926841432282,0.0031008220246802054,0.0012555949144319456
rfm,domain,later_target_any_path,B+M+L+G,logistic,5,1000,0.22135274809693417,0.6461161531578039,0.09236724923879384,0.5784954248474785,0.725633765464708,0.34542575224042743,0.11895923026288814,0.25515219548382573,0.4356993089970291,0.6069245580343242,0.07448937207705278,0.5532544914517532,0.669804703800298,0.3952173864860432,0.10859672466677225,0.30498687879284897,0.47491238491238497,0.22259245804802125,0.02845958443404227,0.20173091277531507,0.2465329701845934,0.6404524241772063,0.3577289853756565,0.005663728980597638,-0.012303233135229075
rfm,domain,later_target_any_path,B+M+L+G,random_forest,5,1000,0.22135274809693417,0.6503337013213896,0.09498582794031364,0.5721723903772585,0.724754943095107,0.3898231135895168,0.1469102695542662,0.2736449497657336,0.4994696473476733,0.5981286525545786,0.08317645374847268,0.5372967212018521,0.6640429431925334,0.3483582354081357,0.15234579315721655,0.23479846150425754,0.46082505482214076,0.18025339535522425,0.014988031992838621,0.1673034639401501,0.19019276210380626,0.6317352113713947,0.3639926841432282,0.018598489949994912,0.025830429446288605
rfm,domain,later_target_any_path,B+M+L+G+R,logistic,5,1000,0.22135274809693417,0.6624313429296886,0.07970408796913754,0.6059526101870064,0.7290414863160765,0.3845751751328933,0.1119691449608993,0.2994512227259454,0.47051381682972443,0.6320489984021723,0.05131471629134455,0.5979935895885667,0.6741851035833595,0.4257971014492753,0.05802009161891602,0.38053830227743274,0.46960662525879915,0.2213321747746011,0.03506997235363701,0.1972960570483163,0.2515593328534571,0.6404524241772063,0.3577289853756565,0.021978918752482368,0.026846189757236794
rfm,domain,later_target_any_path,B+M+L+G+R,random_forest,5,1000,0.22135274809693417,0.7293835373904975,0.05625587416066595,0.6893484305406294,0.7788554921636818,0.4625480112093225,0.13511577301489164,0.3551564484569401,0.5621846502142628,0.6291376798123381,0.05860840161759038,0.5878774707375114,0.6773362871067788,0.4090933620929863,0.10916107296189277,0.33286830276169893,0.4945086611623766,0.16490999601751727,0.014635553246685414,0.1532749655117865,0.1750213863341485,0.6317352113713947,0.3639926841432282,0.0976483260191029,0.09855532706609427
rfm,record,later_capability_damage_any_path,B,logistic,5,1000,0.07400000000000001,0.5438652649338442,0.07132369465677028,0.4896479131559211,0.5992858410729895,0.10433985361253614,0.047129754284027166,0.06763011020611347,0.14104959701895883,0.5139022515438822,0.06315131768065808,0.4640843057559139,0.5637201973318506,0.12969300828989622,0.07503116696319063,0.07340245960935617,0.19098427025950754,0.2331430515136693,0.011774541694848586,0.22273649531864748,0.24154120188808528,0.5537273442838484,0.12230285991496195,-0.00986207935000416,-0.01796300630242581
rfm,record,later_capability_damage_any_path,B,random_forest,5,1000,0.07400000000000001,0.5590491295908157,0.0470485071160684,0.52389567571197,0.5974843118122429,0.10341670936635347,0.027090450330158958,0.07866484847937678,0.12204424469236144,0.4989071038251366,0.0024437901393440354,0.4967213114754099,0.5,0.0,0.0,0.0,0.0,0.08470638680640812,0.01932907181169337,0.07099417048136417,0.0988372082734457,0.5408803158469311,0.09555216923510543,0.01816881374388457,0.007864540131248043
rfm,record,later_capability_damage_any_path,B+M,logistic,5,1000,0.07400000000000001,0.5537273442838484,0.06724421018770194,0.49858150921658984,0.6018021984660842,0.12230285991496195,0.06295465144078839,0.06893294079130413,0.16847331134938265,0.5015497696451388,0.09096254503427781,0.426718509984639,0.5693586802243908,0.12765708819275987,0.0747415127887152,0.06715624402371392,0.18380370098638624,0.21998014857262982,0.01068438296858481,0.2115519412014674,0.22786058101083237,0.5537273442838484,0.12230285991496195,0.0,0.0
rfm,record,later_capability_damage_any_path,B+M,random_forest,5,1000,0.07400000000000001,0.5408803158469311,0.03368393849682579,0.515751277872271,0.5678148591868701,0.09555216923510543,0.027450553176213657,0.07302838977484609,0.11477620999814606,0.5,0.0,0.5,0.5,0.0,0.0,0.0,0.0,0.08540886751010776,0.01754852847341521,0.0727543080728001,0.09906740623258173,0.5408803158469311,0.09555216923510543,0.0,0.0
rfm,record,later_capability_damage_any_path,B+M+L,logistic,5,1000,0.07400000000000001,0.5579924061225807,0.07200704098847477,0.49859602239229905,0.6106671549261995,0.126244381479215,0.06665958114464242,0.07086092825722783,0.1759390740786628,0.5205043442143705,0.10362737495324818,0.43175095579625944,0.5965554605825265,0.1420703402215658,0.08687107094871399,0.07508054194801182,0.20898488484695382,0.21580115439717013,0.01319981700255995,0.2059512849824161,0.22628692582254512,0.5537273442838484,0.12230285991496195,0.00426506183873232,0.003941521564253037
rfm,record,later_capability_damage_any_path,B+M+L,random_forest,5,1000,0.07400000000000001,0.5596541278238645,0.06848542298311112,0.5062678436343317,0.6080315708803592,0.10466881118004201,0.04458772287995051,0.0697153722675329,0.13813397033421018,0.5,0.0,0.5,0.5,0.0,0.0,0.0,0.0,0.08355425093563626,0.015717724789499527,0.07193846275646516,0.09654176182523351,0.5408803158469311,0.09555216923510543,0.018773811976933397,0.009116641944936582
rfm,record,later_capability_damage_any_path,B+M+L+G,logistic,5,1000,0.07400000000000001,0.5948308184188156,0.0372864729196307,0.5663814737462911,0.6228231781437333,0.12521902906589794,0.0545049985969167,0.08062346878021992,0.1662798298351992,0.5258782370075519,0.03965298827298271,0.4982020569439019,0.559188844344341,0.1337849312894825,0.04727225249958767,0.09680114734676062,0.16982658496535705,0.20914868080087173,0.017418986239353174,0.19531699268171424,0.22278103912623787,0.5537273442838484,0.12230285991496195,0.04110347413496718,0.002916169150935982
rfm,record,later_capability_damage_any_path,B+M+L+G,random_forest,5,1000,0.07400000000000001,0.5772509792114154,0.06876494014499122,0.524601574500768,0.6287542933730758,0.09729392485097535,0.03269992343521916,0.06866431219502371,0.1178415309086727,0.498876404494382,0.0025124359297750507,0.4966292134831461,0.5,0.0,0.0,0.0,0.0,0.08341196517673273,0.019131963393202802,0.06977579665315173,0.09971276186991176,0.5408803158469311,0.09555216923510543,0.03637066336448436,0.0017417556158699221
rfm,record,later_capability_damage_any_path,B+M+L+G+R,logistic,5,1000,0.07400000000000001,0.8072963789555626,0.05337948575077509,0.7717220876599841,0.852595780319608,0.36849173437499033,0.08843449328488001,0.3020750082288214,0.43475299856912947,0.708841998618015,0.04751894673734711,0.6731422811059907,0.7494743935347841,0.3049376081214543,0.04851876298970507,0.26618484194983577,0.34141278996185065,0.13452736739758528,0.019206321342037994,0.12011448611118572,0.14891056854429024,0.5537273442838484,0.12230285991496195,0.2535690346717142,0.24618887446002838
rfm,record,later_capability_damage_any_path,B+M+L+G+R,random_forest,5,1000,0.07400000000000001,0.812636269354344,0.08678405396954146,0.7367150432764115,0.8694252772880875,0.33720972212700806,0.09568295548497141,0.26544918475735085,0.40883803999214996,0.5329951843802941,0.03298580037010561,0.5074874446714335,0.557002335497996,0.11715406162464985,0.11024873033494384,0.032,0.19621288515406166,0.06681878977041258,0.018847477584958413,0.05397467355884743,0.08325762216292545,0.5408803158469311,0.09555216923510543,0.2717559535074129,0.24165755289190263
rfm,record,later_clean_any_path,B,logistic,5,1000,0.225,0.5935613398432834,0.04678461730279809,0.5564423547467026,0.6284866768005639,0.33669774279704756,0.08264923481305576,0.2741172041345658,0.3970636794229976,0.5726241111691215,0.038588876591575644,0.5403328215408753,0.6013095523126161,0.37076837935148943,0.08123894414797878,0.3105978260869565,0.4341038757823784,0.2418896364270847,0.00901278022616996,0.23424208065697458,0.24840877602367906,0.6542416633718063,0.36740932052752273,-0.06068032352852293,-0.03071157773047517
rfm,record,later_clean_any_path,B,random_forest,5,1000,0.225,0.5955288106164344,0.061529035238017574,0.5460428846515802,0.648903801074281,0.32127815192376213,0.0848102010431249,0.25673410199560887,0.3842523920980397,0.5287949538446243,0.036874110732182115,0.505377231464188,0.5622864056419387,0.18747174902259497,0.10509567250064537,0.12184897728191446,0.284474116325296,0.1854553412974376,0.010252994787452783,0.17739314644235732,0.19304951900970851,0.6534947274157773,0.37497288113993366,-0.05796591679934293,-0.05369472921617152
rfm,record,later_clean_any_path,B+M,logistic,5,1000,0.225,0.6542416633718063,0.036341984546916124,0.6290291930291929,0.6868434947991411,0.36740932052752273,0.06910087703662633,0.314934893931028,0.4207261490736953,0.5894909397900352,0.030717285852957035,0.5683754651145956,0.6169155602041507,0.3855466785937074,0.0716831520538833,0.32936572568524036,0.4417276315021744,0.22798084270882554,0.010789672609916581,0.21898135844383876,0.23609814003861257,0.6542416633718063,0.36740932052752273,0.0,0.0
rfm,record,later_clean_any_path,B+M,random_forest,5,1000,0.225,0.6534947274157773,0.023627920229284536,0.6359521894168634,0.6746781398597674,0.37497288113993366,0.07242208594989127,0.31959160818930565,0.43185869948549166,0.5667429536121068,0.03311218059678852,0.542022422022422,0.5934643210283026,0.29487734487734485,0.07909882532553553,0.23896103896103896,0.36203463203463176,0.17906687362366194,0.008743632585929324,0.17223406711410477,0.18589968013321914,0.6534947274157773,0.37497288113993366,0.0,0.0
rfm,record,later_clean_any_path,B+M+L,logistic,5,1000,0.225,0.656273307284341,0.04821494343641876,0.6198672577422577,0.6951316011157892,0.37944660135111496,0.06749416156558005,0.3218201063053221,0.4306218990514415,0.592419188536355,0.040139000947729514,0.5690953973562669,0.6285716621405528,0.387305884589416,0.06899070575371626,0.3412380122057541,0.4496714759872654,0.2278266446719978,0.01250273968645695,0.21764952606196442,0.23766700050978393,0.6542416633718063,0.36740932052752273,0.002031643912534631,0.012037280823592234
rfm,record,later_clean_any_path,B+M+L,random_forest,5,1000,0.225,0.6650173892702397,0.03055961612829181,0.6400742518351213,0.6882532176591191,0.40660973571153197,0.07939346340084033,0.3467657792919093,0.47632990954907894,0.5720486734348327,0.04309486960990555,0.539311383061383,0.6076071256242989,0.3035455670432318,0.10052416373790042,0.22956848030018762,0.3821281785158259,0.17646776123420882,0.009749038264828083,0.16900722672998514,0.18400256892744268,0.6534947274157773,0.37497288113993366,0.01152266185446238,0.031636854571598316
rfm,record,later_clean_any_path,B+M+L+G,logistic,5,1000,0.225,0.6659904456668508,0.0411141569820018,0.637835372960373,0.7028408868347762,0.3780440918458456,0.07056965061568418,0.32247117041239365,0.4327925576384371,0.6051995380204112,0.016128176538817547,0.5928115724854855,0.6175875035553369,0.4016279366950804,0.051080992945382264,0.36136115238033717,0.44046920821114366,0.2248563294804347,0.016701933621110124,0.21202506584496766,0.2376875931159017,0.6542416633718063,0.36740932052752273,0.011748782295044502,0.010634771318322855
rfm,record,later_clean_any_path,B+M+L+G,random_forest,5,1000,0.225,0.6717191786821157,0.023170815202223444,0.6548583662714098,0.6893566943759403,0.40666485449600887,0.0801463898158497,0.3483539056666344,0.4718253251965788,0.5947518241650479,0.032583405794812365,0.5734060625364974,0.622497472041491,0.3516551642867756,0.06914303802687713,0.30980392156862746,0.41492901315216446,0.1748081129560491,0.010978546751674242,0.16790131892943777,0.18416337190221124,0.6534947274157773,0.37497288113993366,0.018224451266338426,0.03169197335607521
rfm,record,later_clean_any_path,B+M+L+G+R,logistic,5,1000,0.225,0.6886746891303129,0.038360991002397864,0.6596961160819856,0.7176532621786402,0.41481538526705075,0.06378063917985642,0.3683377655720175,0.46375077757521044,0.6403650629777065,0.04200401465169571,0.6087534687534688,0.6719766572019442,0.44000406087861854,0.055465695195789574,0.4015094372227047,0.487565542934365,0.22036327825478516,0.015913164935807463,0.20896449719022056,0.23433985971113494,0.6542416633718063,0.36740932052752273,0.0344330257585066,0.04740606473952802
rfm,record,later_clean_any_path,B+M+L+G+R,random_forest,5,1000,0.225,0.7412535622429213,0.02544991370926904,0.7221095782237087,0.7612912675931265,0.4731792153513613,0.07637334882912637,0.4140935202798907,0.532264910422832,0.6250709685537137,0.023208044714589312,0.6070524282480804,0.643089508859347,0.407947495996526,0.047831981101183266,0.37546380871189056,0.4493032886884154,0.16147254862518307,0.01024305363175178,0.15477216377796635,0.1700321166387032,0.6534947274157773,0.37497288113993366,0.08775883482714397,0.09820633421142766
rfm,record,later_clean_enhancement_path,B,logistic,5,1000,0.12,0.5925912705993388,0.08378753691156436,0.5268709975296022,0.6583115436690754,0.23527702037769455,0.07951443534913268,0.17641567854441498,0.3008532604555013,0.5653040200278625,0.08549501879526034,0.4903846437799927,0.6253724053724053,0.22802801577587378,0.06741738780767356,0.17467836257309943,0.277906976744186,0.2329463822681095,0.016036009930009833,0.22099681607553326,0.24565223358216476,0.6418545095038709,0.23573204340792694,-0.0492632389045321,-0.00045502303023239876
rfm,record,later_clean_enhancement_path,B,random_forest,5,1000,0.12,0.5661074757854685,0.09281815693007207,0.49125672643146323,0.6365922364049659,0.22570707781429658,0.049678016820229196,0.18686844262214905,0.2667469475623168,0.5546145957289333,0.03275520461993427,0.5269195970695971,0.5758372500659253,0.18823348694316439,0.1100481027585342,0.09204301075268817,0.2561904761904762,0.12099149384570744,0.011000816670432213,0.11263712032566142,0.12915387254153318,0.6262139622347668,0.28064129272737137,-0.06010648644929828,-0.05493421491307479
rfm,record,later_clean_enhancement_path,B+M,logistic,5,1000,0.12,0.6418545095038709,0.03862852731139845,0.6084454456654457,0.669818814277072,0.23573204340792694,0.058093197241380394,0.19222014913868776,0.2784025000842588,0.5762808817120216,0.03228953403708409,0.5570394979697305,0.6056850791878015,0.24535420983958858,0.054825862798172975,0.20752475247524754,0.2911627906976744,0.21458154002456534,0.018224173861601318,0.20009172778341716,0.22907135226571346,0.6418545095038709,0.23573204340792694,0.0,0.0
rfm,record,later_clean_enhancement_path,B+M,random_forest,5,1000,0.12,0.6262139622347668,0.0752782985722365,0.5658038773325889,0.6821577413193503,0.28064129272737137,0.04588481383335417,0.24631641672930246,0.3181344507173761,0.5439805348916057,0.026322571533410045,0.5211478120588828,0.5608499586721003,0.16306620209059233,0.09476711394629168,0.08,0.22062717770034843,0.11872947487389021,0.010186194630065905,0.11088209574665284,0.12679736117733137,0.6262139622347668,0.28064129272737137,0.0,0.0
rfm,record,later_clean_enhancement_path,B+M+L,logistic,5,1000,0.12,0.646135895594063,0.04493579701120991,0.6092624437061647,0.6806218452851848,0.23694307109338983,0.05008948151036001,0.19460919326348264,0.272095708323984,0.5965513895259813,0.02942829261929201,0.5730830280830281,0.6213489182726932,0.26677487945206124,0.061609865156616324,0.2194877833382396,0.313825247079964,0.21450231942654496,0.015904282049826173,0.20206888704345066,0.22693575180963926,0.6418545095038709,0.23573204340792694,0.00428138609019213,0.0012110276854628843
rfm,record,later_clean_enhancement_path,B+M+L,random_forest,5,1000,0.12,0.6380731738347988,0.07328594263084573,0.5773901734957548,0.6883307251844373,0.2907312144728775,0.08031453605274826,0.2460670611857525,0.363230350134193,0.5575727699051465,0.04308859558796583,0.5300753045404208,0.5960437484240176,0.20382232462877625,0.11656275439706879,0.13099078341013823,0.309464605734767,0.11848734098116318,0.00980752795341482,0.11112496234708076,0.12598540995428092,0.6262139622347668,0.28064129272737137,0.011859211600032005,0.010089921745506103
rfm,record,later_clean_enhancement_path,B+M+L+G,logistic,5,1000,0.12,0.6661131282321321,0.04498506793910333,0.6326115432887526,0.7034158511756538,0.23512540831130996,0.04188122794763331,0.20373327069323965,0.2683561718748514,0.6255810257966591,0.03540231395802968,0.5991439471233756,0.6547105939029715,0.2930916305916306,0.04784068708127874,0.25400432900432895,0.3319805194805195,0.2076386296012381,0.016168581699255183,0.19523432676925984,0.22004293243321635,0.6418545095038709,0.23573204340792694,0.024258618728261183,-0.0006066350966169864
rfm,record,later_clean_enhancement_path,B+M+L+G,random_forest,5,1000,0.12,0.644011458197444,0.07103377811706048,0.5875861294261295,0.7004367869687584,0.2755873893344252,0.07086243062971263,0.22457324163403677,0.3361316550783641,0.5421833161750014,0.013621977790909361,0.532865231159242,0.5540189397166142,0.16744977560916838,0.03592600892111796,0.1420890937019969,0.19719887955182075,0.1181987577345529,0.005784454561168372,0.1134720819019949,0.1225532389139899,0.6262139622347668,0.28064129272737137,0.017797495962677212,-0.005053903392946146
rfm,record,later_clean_enhancement_path,B+M+L+G+R,logistic,5,1000,0.12,0.8145921177864984,0.06257868702974202,0.7652664985660336,0.8610600052296966,0.4608671872921669,0.01922718518319996,0.44577999019668757,0.4759543843876462,0.7542403208997139,0.06872271539279294,0.6945687702281633,0.8021300867664295,0.4293719145776779,0.05718704726594467,0.381704641350211,0.4705648970338182,0.1563059536947476,0.008039381847388423,0.14949958573971206,0.1615585743574847,0.6418545095038709,0.23573204340792694,0.17273760828262752,0.22513514388423997
rfm,record,later_clean_enhancement_path,B+M+L+G+R,random_forest,5,1000,0.12,0.8003136520387185,0.04210233602645439,0.7683199023199022,0.8323074017575347,0.4301366896588725,0.06455831805299515,0.384814629775578,0.4843490235882156,0.5817942482303263,0.026124259114328877,0.5612897486967887,0.6022987477638642,0.2711314094254203,0.06078564870442385,0.22411200414830174,0.31815081470253886,0.09872875749316239,0.00531895404385153,0.09482890773240552,0.10284751836461031,0.6262139622347668,0.28064129272737137,0.17409968980395174,0.1494953969315011
rfm,record,later_clean_suppression_path,B,logistic,5,1000,0.126,0.5351590596580416,0.06136995181301017,0.4902564728511624,0.5827588048779265,0.1706615007919959,0.06028013031515082,0.12868518334754414,0.22349984342587623,0.5356020599117036,0.03916788902403502,0.507024584883793,0.5641795349396143,0.221706320800809,0.03859193931572833,0.1886868686868687,0.2520815011759893,0.24644267313117182,0.009956719125915262,0.2391041399439026,0.2548410397214938,0.582077066885211,0.17582869102620585,-0.046918007227169434,-0.005167190234209945
rfm,record,later_clean_suppression_path,B,random_forest,5,1000,0.126,0.555716510959463,0.047356574332064645,0.5212796841793359,0.5967068367335482,0.16370219031138375,0.03995792636464696,0.1330002781312313,0.19427890293080044,0.5014993327345773,0.016709522722423258,0.49195532211953996,0.5160720878488979,0.027586206896551724,0.061684633862063167,0.0,0.08275862068965517,0.1286234281676974,0.012990100890732268,0.11864249001006129,0.1388477213916942,0.6158623138812992,0.20230987348370877,-0.060145802921836244,-0.03860768317232502
rfm,record,later_clean_suppression_path,B+M,logistic,5,1000,0.126,0.582077066885211,0.03858071959145661,0.5479746793590986,0.603889791787269,0.17582869102620585,0.02897422868642793,0.15290506122323994,0.19432596167868815,0.5624900455722077,0.02936229169221378,0.5413038684047591,0.5873395721925133,0.24132183036438354,0.04592927271526007,0.20685215493726133,0.2757915057915058,0.2380546406733406,0.007192995901663514,0.23199320999683923,0.24312553536885484,0.582077066885211,0.17582869102620585,0.0,0.0
rfm,record,later_clean_suppression_path,B+M,random_forest,5,1000,0.126,0.6158623138812992,0.04532218659534504,0.5790922942045512,0.6473341820384947,0.20230987348370877,0.044995428845314656,0.17291398709145717,0.24212790776484466,0.5094478615978257,0.01454436395235945,0.5003314133441122,0.5224793950066845,0.06591093117408905,0.05157387423004077,0.026813186813186812,0.10857142857142858,0.1273704956073502,0.016485887703596432,0.11562374216447291,0.1416265372983759,0.6158623138812992,0.20230987348370877,0.0,0.0
rfm,record,later_clean_suppression_path,B+M+L,logistic,5,1000,0.126,0.5870294144198172,0.06373464896726662,0.5295022965007478,0.6238889520261837,0.19843135203997647,0.04700551768071953,0.16281706394489082,0.23394280353607608,0.5490313587199566,0.03137166486771649,0.5261273941903464,0.5718678234200445,0.22867893042403634,0.0361908061555954,0.2003101360977952,0.2570477247502775,0.2359302486788199,0.013393622313937776,0.22752036505770412,0.24708488110139665,0.582077066885211,0.17582869102620585,0.004952347534606161,0.02260266101377062
rfm,record,later_clean_suppression_path,B+M+L,random_forest,5,1000,0.126,0.6141945982075974,0.05148278867485696,0.5669909117506317,0.64974228752677,0.21927818332353058,0.056260961220813595,0.1806801525123869,0.2687762431269195,0.5265473320287396,0.0278972863345969,0.5048412172656809,0.5485186965490997,0.11183350533195732,0.08837101165726788,0.043859649122807015,0.1790849673202614,0.126533943602609,0.016068599991472546,0.1151364265669134,0.14054663197891157,0.6158623138812992,0.20230987348370877,-0.0016677156737018306,0.01696830983982181
rfm,record,later_clean_suppression_path,B+M+L+G,logistic,5,1000,0.126,0.5772021734798043,0.05603762562951114,0.5302893784075563,0.6153645337647269,0.2118137708293793,0.07504772138282077,0.15825983150722256,0.27507935304384534,0.5409609643212402,0.024055769975712134,0.5242854694380757,0.5598608774459733,0.22117304990532038,0.034690855787157866,0.19105882352941175,0.24589823468328137,0.23442667367509956,0.01941070395858658,0.22030029382450494,0.2514090739083501,0.582077066885211,0.17582869102620585,-0.0048748934054066995,0.03598507980317345
rfm,record,later_clean_suppression_path,B+M+L+G,random_forest,5,1000,0.126,0.6178247581600663,0.08565436494995793,0.5428952090093528,0.6827340705780982,0.2317454871130674,0.06366270742296921,0.18183411899575622,0.2816568552303786,0.5392411549269581,0.0385901270688036,0.5106157775868787,0.5690823426222671,0.15244098769161069,0.1115273400015287,0.06161745827984595,0.2380880465151401,0.12686866731611915,0.02058798649884421,0.11304829981900937,0.14405671838392725,0.6158623138812992,0.20230987348370877,0.001962444278767128,0.02943561362935862
rfm,record,later_clean_suppression_path,B+M+L+G+R,logistic,5,1000,0.126,0.7732774616732452,0.03267876875498883,0.7476061951913308,0.7981284199952418,0.3984186770243804,0.04880053339535574,0.3630683842975559,0.44078955647555185,0.7196214773682339,0.04608662750796187,0.6874866310160428,0.757234900339523,0.4105876160670682,0.04896584556078379,0.3716949826538868,0.4494802494802495,0.16978338577333488,0.015739646849928905,0.1573974546283599,0.18216931691830987,0.582077066885211,0.17582869102620585,0.1912003947880342,0.22258998599817453
rfm,record,later_clean_suppression_path,B+M+L+G+R,random_forest,5,1000,0.126,0.7961048204200627,0.07896223924046161,0.7350381901313991,0.8551072185741614,0.4125633819649145,0.04853756990530391,0.37485981129626056,0.4549560622151295,0.5806909108332358,0.021956328362396076,0.5636387458140717,0.5985106903926285,0.27248506571087217,0.05532975915236325,0.23087216248506567,0.31999999999999995,0.10348711284846872,0.014613767790866497,0.09311122092935538,0.11637129490243814,0.6158623138812992,0.20230987348370877,0.1802425065387635,0.21025350848120572
rfm,record,later_enhancement_path,B,logistic,5,1000,0.125,0.5848873657087975,0.0711237441525435,0.5287867496327024,0.6409879817848927,0.23403046067127314,0.06988941348489743,0.18125715192091812,0.28980901721030156,0.5594460764267651,0.0826701046294088,0.4891398205910976,0.6185871816138,0.2307299080801115,0.06839379785264042,0.17791713325867858,0.2774798434750637,0.23458167074486197,0.013403857774049963,0.22450624034757755,0.24484232302108946,0.6223582332024151,0.23236421425994186,-0.03747086749361761,0.0016662464113312847
rfm,record,later_enhancement_path,B,random_forest,5,1000,0.125,0.5725434976519681,0.07924768457865836,0.5085457160141733,0.6322594844411181,0.23149106942746817,0.05799379509744276,0.1843445182733383,0.27415399024730097,0.5528510030690704,0.0371050298464607,0.5224726060962461,0.5800990250848942,0.18869214586255262,0.11599406485404383,0.09032258064516129,0.27172159887798036,0.1247016545915394,0.008895824794595154,0.1182986957871486,0.13216625487488182,0.6243004830494995,0.2935120594373399,-0.051756985397531374,-0.06202099000987171
rfm,record,later_enhancement_path,B+M,logistic,5,1000,0.125,0.6223582332024151,0.03963071799968507,0.5914692685737333,0.6532471978310972,0.23236421425994186,0.05363881608886888,0.1916548732776358,0.27204216457566915,0.5718638010030686,0.03065899525485027,0.5505275257108287,0.5971157610049465,0.2482458733678246,0.0459031744593496,0.2211382113821138,0.29080808080808074,0.21998480005819757,0.01712419133720997,0.2066116397990072,0.2333579603173878,0.6223582332024151,0.23236421425994186,0.0,0.0
rfm,record,later_enhancement_path,B+M,random_forest,5,1000,0.125,0.6243004830494995,0.08400457223072454,0.55946529396116,0.6891356721378389,0.2935120594373399,0.05458711412308298,0.2570797952647323,0.33827257177567027,0.54698138571316,0.03768584487816934,0.5159732664995823,0.5766184686164968,0.1710117184468531,0.11905323457480753,0.07741935483870968,0.26253459916703314,0.12148628702405191,0.007968192619208487,0.11488254683173141,0.12765320745644052,0.6243004830494995,0.2935120594373399,0.0,0.0
rfm,record,later_enhancement_path,B+M+L,logistic,5,1000,0.125,0.6244803178901128,0.04283617750030957,0.5913348347881197,0.6576258009921059,0.237651160247523,0.050055254242195917,0.19167471298503194,0.26997416709413996,0.5690049184875531,0.045474004569358545,0.5336220148071329,0.6043878221679734,0.2435220195586278,0.05373191828824138,0.20908301962700077,0.29292765382014874,0.21995893782585124,0.014234403338726899,0.2086541199152217,0.23126375573648086,0.6223582332024151,0.23236421425994186,0.0021220846876977006,0.005286945987581143
rfm,record,later_enhancement_path,B+M+L,random_forest,5,1000,0.125,0.6181702024958257,0.07030632345141911,0.563755365425057,0.6725850395665942,0.2758955626576437,0.054149062276259374,0.23845865809756853,0.322190540497301,0.5389793277221935,0.025169573610776753,0.5198198095894716,0.558623716153128,0.15727531727531727,0.07480297317414593,0.09976689976689976,0.2180885780885781,0.12328607608168574,0.00998956056507903,0.1148571302899835,0.13069781025862545,0.6243004830494995,0.2935120594373399,-0.006130280553673817,-0.017616496779696178
rfm,record,later_enhancement_path,B+M+L+G,logistic,5,1000,0.125,0.653268697447609,0.04735261522010164,0.6173594399792586,0.6893985571882384,0.2442006055402765,0.037676587575463806,0.21640604631242555,0.2779679320854954,0.6038440697026258,0.017012061632021555,0.5910673234811166,0.6178318324054723,0.2800783634093394,0.03354324128111775,0.255010336198455,0.3088300666801374,0.21248189551366164,0.01579860956443735,0.20060105761701172,0.22450105271371382,0.6223582332024151,0.23236421425994186,0.030910464245193836,0.011836391280334646
rfm,record,later_enhancement_path,B+M+L+G,random_forest,5,1000,0.125,0.636911052267957,0.08048545276338319,0.5724611672860311,0.6968119954643522,0.28285642354358054,0.08263711259121352,0.22053401454552585,0.3522732296398622,0.559643394136222,0.037262039324505,0.5356153829317403,0.5935565594023284,0.21727470558115716,0.09753114319895935,0.15519713261648743,0.3063492063492063,0.1224632240781532,0.006241965728153662,0.11674762276723924,0.12594191814980388,0.6243004830494995,0.2935120594373399,0.01261056921845749,-0.010655635893759341
rfm,record,later_enhancement_path,B+M+L+G+R,logistic,5,1000,0.125,0.8174466502397733,0.06289229327698961,0.7678060029044891,0.8654566634847608,0.47890442366028035,0.03300819351598561,0.45438131332675785,0.5050611947261004,0.74393925389357,0.0525350927968478,0.7026165616881962,0.7839002863715319,0.43491179820293746,0.05669729368097705,0.3903101836013228,0.48001534330648254,0.15561300952471407,0.008527157259942669,0.1484836417780772,0.16162345585148902,0.6223582332024151,0.23236421425994186,0.19508841703735813,0.2465402094003385
rfm,record,later_enhancement_path,B+M+L+G+R,random_forest,5,1000,0.125,0.8023741890107019,0.0421289647271183,0.767035238095238,0.8352774674115457,0.43896643147508724,0.07244476136688839,0.3837990908053433,0.4924148900899102,0.5910862455639364,0.024165759383629273,0.5743538748832867,0.6101164585515031,0.2971510997961797,0.05248042198078987,0.2594000560695262,0.3431981981981982,0.10125049629160518,0.004201574410632324,0.09817792317449758,0.10469368472174564,0.6243004830494995,0.2935120594373399,0.17807370596120242,0.14545437203774736
rfm,record,later_neighbor_damage_any_path,B,logistic,5,1000,0.098,0.4896662028833375,0.10929260039660459,0.41008342230055694,0.5833452169929694,0.1273524483678536,0.029288566035771183,0.10583330015221262,0.15040197845759207,0.4917520458944454,0.08644420266676206,0.4305871656433455,0.5684526075388272,0.14377193867324123,0.05789601687983505,0.09838593974175038,0.18915793760473204,0.2456929618601631,0.010695434572223524,0.23783032131228948,0.25423770070158286,0.5027035799004947,0.12536014471858054,-0.013037377017157237,0.001992303649273053
rfm,record,later_neighbor_damage_any_path,B,random_forest,5,1000,0.098,0.47755889181899136,0.04733760953298019,0.4422300545896052,0.5122493985898224,0.11078547498243926,0.017977385117517973,0.09680443151476179,0.1246269432352753,0.503903629521607,0.015196999520921819,0.4955550067909618,0.5172794772794773,0.023529411764705882,0.052613364176465637,0.0,0.07058823529411765,0.10779910459873313,0.009885067401101141,0.09955602176030237,0.11429313482638277,0.48745095175228564,0.1260784546127402,-0.009892059933294284,-0.015292979630300935
rfm,record,later_neighbor_damage_any_path,B+M,logistic,5,1000,0.098,0.5027035799004947,0.04062687825140857,0.4677104157612632,0.5317487231869255,0.12536014471858054,0.02589419071134387,0.10568504450241174,0.1448462997820616,0.512104227103068,0.048915819273064404,0.4748221135288196,0.5487855624911092,0.16459572110870166,0.03982549344151823,0.13283924095954172,0.19635220125786162,0.2447568484543457,0.01166509784913652,0.237953780222047,0.2550409126658501,0.5027035799004947,0.12536014471858054,0.0,0.0
rfm,record,later_neighbor_damage_any_path,B+M,random_forest,5,1000,0.098,0.48745095175228564,0.04463499550998041,0.4532117395712902,0.5235280792952126,0.1260784546127402,0.032592391023597345,0.10167982677862224,0.1522558103337855,0.4966540450810114,0.0036554166820421384,0.493832709113608,0.49945054945054945,0.0,0.0,0.0,0.0,0.1095142968831552,0.011281513427962733,0.10035499808522604,0.11715286060216482,0.48745095175228564,0.1260784546127402,0.0,0.0
rfm,record,later_neighbor_damage_any_path,B+M+L,logistic,5,1000,0.098,0.5026730962653313,0.033204822057449485,0.4740629063068268,0.5262725556442033,0.13185992997073412,0.03836856444927486,0.10568078251554916,0.1635920926412972,0.5186374059438403,0.04354228249892027,0.48424767492183224,0.5530271369658484,0.16912898646147462,0.03892579168793697,0.1419083345779121,0.20095500645109476,0.2457039751899417,0.012773144448257145,0.23829676712846531,0.2572548674953362,0.5027035799004947,0.12536014471858054,-3.048363516344743e-05,0.006499785252153584
rfm,record,later_neighbor_damage_any_path,B+M+L,random_forest,5,1000,0.098,0.4787717950272909,0.035928974082191124,0.4474383724383725,0.5012882882882883,0.1168396513019343,0.02621991892425859,0.09683143387807983,0.1368775993880033,0.4977652933832709,0.0030600776429170577,0.495518102372035,0.5,0.0,0.0,0.0,0.0,0.10817418609275409,0.010195742786106349,0.09972121524174823,0.11493099301143146,0.48745095175228564,0.1260784546127402,-0.008679156724994752,-0.009238803310805899
rfm,record,later_neighbor_damage_any_path,B+M+L+G,logistic,5,1000,0.098,0.5012900996208358,0.03868465156157953,0.4727880039213863,0.5311098354019701,0.13307024559812278,0.02690025147314452,0.11509211442158591,0.15663570280733574,0.4981048528117409,0.03366193576511539,0.4678750489620055,0.520024601035837,0.1481772439811493,0.02517340171032305,0.12873563218390804,0.1669222343921139,0.2376544487746211,0.014708528389980465,0.22814059863623504,0.25033501499415944,0.5027035799004947,0.12536014471858054,-0.0014134802796589296,0.007710100879542242
rfm,record,later_neighbor_damage_any_path,B+M+L+G,random_forest,5,1000,0.098,0.4929777255291361,0.044953047023886285,0.45480190712467794,0.5241347179661786,0.120212116329475,0.02754436541030484,0.10374766312325348,0.14418489941087323,0.49887947269303207,0.0015344354948776766,0.49774952919020715,0.5,0.0,0.0,0.0,0.0,0.1071796926152884,0.010341822632493683,0.09928583260475014,0.11499245529330922,0.48745095175228564,0.1260784546127402,0.005526773776850458,-0.005866338283265202
rfm,record,later_neighbor_damage_any_path,B+M+L+G+R,logistic,5,1000,0.098,0.7557084151616082,0.006082532828988817,0.7509781956355279,0.7603100838981085,0.3410092084424277,0.07116584374326619,0.28508503124875284,0.3942316828574823,0.7103575693439736,0.017604360141725162,0.6967452067452067,0.7239699319427404,0.3602152829256239,0.07240157550387569,0.3055003706449222,0.41122807017543855,0.1570191182855721,0.021434880405549035,0.14011032702088275,0.1719144192976051,0.5027035799004947,0.12536014471858054,0.2530048352611135,0.21564906372384718
rfm,record,later_neighbor_damage_any_path,B+M+L+G+R,random_forest,5,1000,0.098,0.7985524755350089,0.02512556338141086,0.7760229115435453,0.8129653545833321,0.3503674694752899,0.05700552436207195,0.3070545861307831,0.39211651195453284,0.5045045045045045,0.010072378277026076,0.5,0.5135135135135135,0.02,0.044721359549995794,0.0,0.06000000000000001,0.08660020648235711,0.006524739138460357,0.08192051264330949,0.09184095354790647,0.48745095175228564,0.1260784546127402,0.3111015237827232,0.2242890148625497
rfm,record,later_suppression_path,B,logistic,5,1000,0.134,0.5556785554784407,0.05907426353373525,0.5126070484817067,0.601394550397648,0.1871783105409353,0.05769945123334021,0.14590473129171558,0.2369806166042166,0.5247595083111268,0.02763421106393703,0.5036375048755735,0.5458815117466803,0.22209626465871585,0.0419453659706252,0.1919085607864688,0.25282356835484937,0.24419858820416235,0.01067681759855094,0.23669080405751844,0.25298610261611243,0.5984775194100895,0.18985307737538,-0.04279896393164884,-0.002674766834444703
rfm,record,later_suppression_path,B,random_forest,5,1000,0.134,0.5682096231097447,0.037178603842025974,0.5409112310115539,0.5961575124033269,0.17806349296825014,0.0397680332154415,0.14740362088635395,0.2087231086815921,0.49741362303505293,0.006048722441206183,0.4920679507758159,0.5017025804735302,0.013793103448275862,0.030842316931031583,0.0,0.041379310344827586,0.13336571888949422,0.014680204141705306,0.12182145277674628,0.14490998500224214,0.6355013232095611,0.22381181736656447,-0.06729170009981644,-0.04574832439831433
rfm,record,later_suppression_path,B+M,logistic,5,1000,0.134,0.5984775194100895,0.03606662172106558,0.566019929571226,0.6212499984714926,0.18985307737538,0.030224997288176632,0.16208106421547055,0.21075849481445244,0.5637603674738827,0.03972132532755142,0.5332764213005187,0.5942443136472467,0.2502258843801365,0.03684224538042325,0.21771550251261132,0.276832942751925,0.23537095978241673,0.009319529021828784,0.22733195387137078,0.24175176709932522,0.5984775194100895,0.18985307737538,0.0,0.0
rfm,record,later_suppression_path,B+M,random_forest,5,1000,0.134,0.6355013232095611,0.04300670637953396,0.6035066083135868,0.6702544060872905,0.22381181736656447,0.050258511129330226,0.1880882710029249,0.2628633209735372,0.5144134995057389,0.015696150830780634,0.5018327838188348,0.5261539064597297,0.08438223938223938,0.0577780070813648,0.03581081081081081,0.12714285714285714,0.131041213877454,0.015703212667196566,0.11931174989917111,0.14402598272448133,0.6355013232095611,0.22381181736656447,0.0,0.0
rfm,record,later_suppression_path,B+M+L,logistic,5,1000,0.134,0.6043861065546191,0.06067886776025048,0.5498477540112092,0.6385085245512914,0.20122534982506463,0.039329081520939106,0.17140195785898446,0.2310487417911448,0.5672206120677785,0.0338214939716654,0.541420670363965,0.5914032987496676,0.2545372427613951,0.029124398182479916,0.23244743675307597,0.27697216780501577,0.23451117482769113,0.014120999464710958,0.22411695534043244,0.24572326745351739,0.5984775194100895,0.18985307737538,0.005908587144529576,0.011372272449684612
rfm,record,later_suppression_path,B+M+L,random_forest,5,1000,0.134,0.622164741663397,0.051300407214680786,0.5759709466437177,0.6534414346283934,0.23900591864334686,0.05178687647735392,0.20116098394746063,0.2835242635182701,0.5258106844301192,0.02056630327811402,0.5093477143869596,0.5418587314597744,0.11609507640067913,0.07357091114875278,0.05161290322580645,0.16770797962648556,0.13191220737653708,0.016951121552095657,0.11989135279158333,0.14669337607181818,0.6355013232095611,0.22381181736656447,-0.013336581546164128,0.01519410127678239
rfm,record,later_suppression_path,B+M+L+G,logistic,5,1000,0.134,0.5873019396019208,0.05411853441061377,0.5430664375495821,0.6236821465051803,0.20791974656736972,0.049233284097235985,0.17069723063029782,0.24514226250444154,0.5509880823833719,0.026468703079781424,0.5287176831274678,0.571645943844409,0.240253765858911,0.02772256043190131,0.21757944868584236,0.2636751690654867,0.2343459695766099,0.020570155301361564,0.218099050809047,0.2525259864564669,0.5984775194100895,0.18985307737538,-0.011175579808168745,0.01806666919198971
rfm,record,later_suppression_path,B+M+L+G,random_forest,5,1000,0.134,0.627538793510546,0.07203642217413371,0.5636012044200871,0.6719547289837722,0.2234631377360369,0.04171530584665036,0.193034431626218,0.25939023476749773,0.5406981536797859,0.04516370712080431,0.5100614843770179,0.5795243307458726,0.15286713664478838,0.12389851594800597,0.057629041406693136,0.2576290414066931,0.13205375743826886,0.020540209590329494,0.11818127751002021,0.15002471160452172,0.6355013232095611,0.22381181736656447,-0.00796252969901512,-0.00034867963052756523
rfm,record,later_suppression_path,B+M+L+G+R,logistic,5,1000,0.134,0.7622246362892916,0.04210083779049934,0.7291614939162867,0.7914913999958153,0.39554590453947835,0.06262880478537608,0.3477991227305654,0.44329268634839136,0.7096952052395945,0.05782941085841989,0.6663286359724613,0.7550422278326365,0.40785480756495246,0.020742931994947356,0.39386884720218057,0.4265561062662512,0.1768373985451393,0.017433685365916513,0.16266082608964755,0.19001672409710862,0.5984775194100895,0.18985307737538,0.16374711687920207,0.20569282716409834
rfm,record,later_suppression_path,B+M+L+G+R,random_forest,5,1000,0.134,0.7892501055207537,0.07540980193130316,0.7249719466099692,0.8410377108273478,0.42877531664500523,0.05860837100380125,0.3876229337943018,0.4782915305276991,0.5890285049913138,0.023357931605390507,0.5713295450710405,0.6079157198363937,0.2934610123119015,0.0485698580253153,0.2565982672138623,0.3317647058823529,0.10909873305548215,0.016121804836734595,0.09798721702658017,0.12275098785109743,0.6355013232095611,0.22381181736656447,0.1537487823111926,0.20496349927844076
rfm,record,later_target_any_path,B,logistic,5,1000,0.23500000000000001,0.6033936810015776,0.03662665479265914,0.5750507989817202,0.6317365630214351,0.35433020253175396,0.08928931167549946,0.2886811892504321,0.4276958148908158,0.5758677277257928,0.026098392593655168,0.5562396911081121,0.5979460274675907,0.3810285403986481,0.06993564994654425,0.3273125342090859,0.4346483168211357,0.24069300669681856,0.008450493904932622,0.23365483681530685,0.24725562797181017,0.657560061984648,0.3872400456891759,-0.05416638098307036,-0.03290984315742196
rfm,record,later_target_any_path,B,random_forest,5,1000,0.23500000000000001,0.588869596577265,0.05544479292558219,0.5412603523425892,0.6317324075856757,0.33545566445240077,0.08960529341443545,0.26822344381849994,0.4026891394717609,0.5384275652896202,0.037991747533229724,0.5099081035923142,0.5679965536485079,0.22657879554431276,0.08259816423504096,0.17664591931833312,0.2984156570363467,0.19116473048362564,0.012681434743802697,0.18155203112683083,0.20051787716859676,0.6560114627080109,0.3851536298229745,-0.06714186613074591,-0.04969796537057375
rfm,record,later_target_any_path,B+M,logistic,5,1000,0.23500000000000001,0.657560061984648,0.0367497508204457,0.6298369750984882,0.6859008463171763,0.3872400456891759,0.0742719027638454,0.33113103990956483,0.4433232906519476,0.5929834277117284,0.025780237314704784,0.5744993769226225,0.6153067642151201,0.39797246425354943,0.06602910257995397,0.3479421267031886,0.45007074648881795,0.22773496066750912,0.01178528250745891,0.21869593460064984,0.2367739867343684,0.657560061984648,0.3872400456891759,0.0,0.0
rfm,record,later_target_any_path,B+M,random_forest,5,1000,0.23500000000000001,0.6560114627080109,0.029707232520334376,0.633177370448752,0.67884555496727,0.3851536298229745,0.08338381662397996,0.3209436556068553,0.44936360403909364,0.5712696952247184,0.04531945590300571,0.5383319409635199,0.6089715669550575,0.30508175236350216,0.10040998515125661,0.23529411764705882,0.3916240409207161,0.18189743043179166,0.008977423672364855,0.17540899464809392,0.1890214411499984,0.6560114627080109,0.3851536298229745,0.0,0.0
rfm,record,later_target_any_path,B+M+L,logistic,5,1000,0.23500000000000001,0.6597997465679539,0.04537208430716431,0.6270859919807288,0.6986514303738156,0.39012359830072385,0.06918503134622672,0.336369246260681,0.4434861978370089,0.5942127940137114,0.03209935983105558,0.5711571761571761,0.6213754127069195,0.4008521446095374,0.06377501794068893,0.35341907585315296,0.45385541488316417,0.2281210534052008,0.012148987734112448,0.2180026441171139,0.2375068454947436,0.657560061984648,0.3872400456891759,0.002239684583305923,0.002883552611547935
rfm,record,later_target_any_path,B+M+L,random_forest,5,1000,0.23500000000000001,0.6599398670602861,0.03547135839063367,0.6300237831442022,0.6841268771659607,0.4080498105467932,0.09210590220113608,0.33482415067695204,0.4812754704166342,0.5706217223738029,0.03718102995421886,0.5424015287831078,0.5983092887902531,0.30958568073018206,0.0891935526148048,0.24403960915469866,0.37980772397891815,0.18075958981665638,0.0104650366836776,0.17222161455852067,0.1889761294587394,0.6560114627080109,0.3851536298229745,0.00392840435227515,0.02289618072381866
rfm,record,later_target_any_path,B+M+L+G,logistic,5,1000,0.23500000000000001,0.6628853231479447,0.032925288763780446,0.6390324100850416,0.6908955065879764,0.39166455045642146,0.06431822178339654,0.33924295306265456,0.44376123189846073,0.607143956090497,0.02402359293522575,0.588743879591757,0.6250903813167965,0.41422928483324284,0.06847373444597692,0.35976934910263836,0.4669893864013267,0.22689988390579333,0.015376245123015074,0.21472578209844584,0.238639047466816,0.657560061984648,0.3872400456891759,0.0053252611632966795,0.004424504767245541
rfm,record,later_target_any_path,B+M+L+G,random_forest,5,1000,0.23500000000000001,0.6667578686905558,0.026304261046324728,0.6464741129565692,0.6870416244245422,0.4109751183234658,0.08044953519135993,0.34741636661000974,0.4769407586382073,0.5860510876777368,0.01854254988418185,0.5719555834029519,0.6009058880884671,0.3452947878496938,0.04543239809788313,0.31168412570507653,0.38065764023210835,0.18033791978061614,0.012912567835888665,0.17197278677350408,0.19151463507393995,0.6560114627080109,0.3851536298229745,0.010746405982544838,0.025821488500491263
rfm,record,later_target_any_path,B+M+L+G+R,logistic,5,1000,0.23500000000000001,0.6793000811687328,0.03768034762471297,0.6504565142459879,0.7081976570047083,0.41791410332485535,0.046259031422953345,0.386710481158253,0.4590526264301541,0.6187388672691847,0.031739437219708726,0.5915862018709053,0.6389502691914972,0.42622452265217187,0.048188154347610326,0.38927933548639654,0.4634710372698697,0.2232166295653712,0.01622010030436778,0.2109561946651124,0.23592325905824119,0.657560061984648,0.3872400456891759,0.021740019184084747,0.03067405763567943
rfm,record,later_target_any_path,B+M+L+G+R,random_forest,5,1000,0.23500000000000001,0.7470692237761503,0.02531089460205564,0.7271100320245056,0.7660231461869993,0.4910073652616359,0.09131822961372096,0.42200198601839717,0.5646688836755025,0.632036973953085,0.020024012247685016,0.6169822704910424,0.6492838697690451,0.4264927536231884,0.04253054056683704,0.4011594202898551,0.4653333333333333,0.1640773544733173,0.01161799460472032,0.15765440488891636,0.17468728916171422,0.6560114627080109,0.3851536298229745,0.09105776106813934,0.10585373543866139
