cohort,split,target,feature_set,model,n_folds,n_test_total,positive_rate_mean,auroc_mean,auroc_std,auroc_ci_low,auroc_ci_high,average_precision_mean,average_precision_std,average_precision_ci_low,average_precision_ci_high,balanced_accuracy_mean,balanced_accuracy_std,balanced_accuracy_ci_low,balanced_accuracy_ci_high,f1_mean,f1_std,f1_ci_low,f1_ci_high,brier_mean,brier_std,brier_ci_low,brier_ci_high,baseline_auroc_mean,baseline_average_precision_mean,delta_auroc_vs_BM,delta_ap_vs_BM
all,dataset,later_capability_damage_any_path,B+M+L+R,logistic,5,36000,0.07788106473846315,0.8633110976300127,0.0068411270631854645,0.8588049385826965,0.8693195407975871,0.414682086124332,0.011757769099778537,0.40484430000262356,0.4236990815980204,0.7806883049826647,0.011222714191544029,0.7734912237282673,0.7903088629640342,0.3476239944490246,0.013869155616407055,0.33762418564031516,0.3583288502466791,0.16066237685331117,0.007427349257251068,0.1550981383426023,0.16658612002282663,,,,
all,dataset,later_capability_damage_any_path,B+M+L+R,random_forest,5,36000,0.07788106473846315,0.8639425567452665,0.010418936221322677,0.8572530841705464,0.8728261754998455,0.41122405457381206,0.016639162806323562,0.3983654559622158,0.42408265318540844,0.6091723888538182,0.013700744557752964,0.5994295439991547,0.6198201823212298,0.3283731427387166,0.029516313592614522,0.3061900701110997,0.3507473535959293,0.061417414530504824,0.0030512918284668115,0.0591868214464927,0.06392143089527547,,,,
all,dataset,later_capability_damage_any_path,B+M+R,logistic,5,36000,0.07788106473846315,0.8634547064851317,0.006876769603994573,0.8589058862939947,0.8694987777179879,0.41502231194718364,0.011544619662034359,0.4056560699474656,0.4239154567419539,0.7813165927378688,0.010864012777948082,0.7744904782415636,0.7906830769967262,0.3481259567970342,0.01379345752862017,0.3380045125711958,0.35872344545952534,0.16067186568800423,0.007403561838278958,0.15518552885935585,0.16657223862779316,,,,
all,dataset,later_capability_damage_any_path,B+M+R,random_forest,5,36000,0.07788106473846315,0.8637969430660817,0.009677777456416946,0.8577254436488382,0.8721913576435039,0.41531387629907035,0.016961176156854954,0.4006194586540467,0.42789702348867004,0.6105386612680016,0.014392339644467757,0.602174971256465,0.6235971104462316,0.3304851289664731,0.029861548849386535,0.31266630227864545,0.3567568131573143,0.061602465796069664,0.002955634051983242,0.05945523247945048,0.0640389312334138,,,,
all,dataset,later_capability_damage_any_path,M+R,logistic,5,36000,0.07788106473846315,0.8602320898713304,0.007264348171755302,0.8552170575130091,0.8661325751347801,0.4116635972789343,0.018438562717783838,0.3979540907463202,0.42672435860042385,0.775866916150008,0.009858427735559654,0.7691918186247182,0.7846199624076198,0.34019907548159545,0.01522650746190016,0.3282625643913022,0.35213558657188865,0.164614467427056,0.007420560960097302,0.15917648822446825,0.1704947338129779,,,,
all,dataset,later_capability_damage_any_path,M+R,random_forest,5,36000,0.07788106473846315,0.8562402836046917,0.008551069849538639,0.8502967511862625,0.8634453590704055,0.3936291688293693,0.0178166340290725,0.3799663542743394,0.40847943218353333,0.6883805369288851,0.005965832524913967,0.6836041015674426,0.6927947502319185,0.41670126115855305,0.008547543711638073,0.4097153615334058,0.42309764036590086,0.07159474456640738,0.002446228035950672,0.06984658052469357,0.07374270383067487,,,,
all,dataset,later_clean_any_path,B+M+L+R,logistic,5,36000,0.09130487444665131,0.5937005978470322,0.08048925489683771,0.5351068227919666,0.6627242596568987,0.13888732075544608,0.07761504164826712,0.07666430936296612,0.1967461659467935,0.5347540983298169,0.03791678832368853,0.503261084562313,0.5610795934248657,0.1675098679864203,0.08865437084449737,0.09633360874987247,0.23334525240881257,0.1786334784155663,0.0336444578336746,0.15071381608320158,0.2040649331748427,,,,
all,dataset,later_clean_any_path,B+M+L+R,random_forest,5,36000,0.09130487444665131,0.80212150214205,0.04025580104404981,0.7713278506706038,0.8360807342373899,0.2914243200737308,0.09940993409623501,0.2145825873877424,0.3730511744617889,0.5372329973270717,0.024545680900162264,0.5204848425719212,0.5573673848024284,0.1412137774011037,0.08155061169162123,0.08162220723740433,0.20490163891800045,0.07845483429602,0.02895226122387605,0.056843493769453336,0.10006617482258666,,,,
all,dataset,later_clean_any_path,B+M+R,logistic,5,36000,0.09130487444665131,0.5906966659288572,0.07999482100464284,0.52945285100285,0.6585037182901871,0.138066651174151,0.07735892066812813,0.07664134864945912,0.1955501629509125,0.5359066172886577,0.03978105899694969,0.5034563206328235,0.5650348995511493,0.16793096153488626,0.09250239477604319,0.09716369342212364,0.23844401374806828,0.1787027315527821,0.0334649423494797,0.15110368181974296,0.2037098318093485,,,,
all,dataset,later_clean_any_path,B+M+R,random_forest,5,36000,0.09130487444665131,0.7970350305562556,0.040079193236645265,0.7667129318348758,0.8308924217049306,0.29012634986241986,0.09574619620294318,0.21876993158328312,0.37063078249953635,0.5397457034083983,0.024489724420293072,0.522085189318443,0.5585465667949796,0.14955218385933397,0.08274619074800603,0.08709656770636205,0.21200780001230593,0.07947439913645102,0.02904363536734605,0.057842641759176014,0.10110615651372601,,,,
all,dataset,later_clean_any_path,M+R,logistic,5,36000,0.09130487444665131,0.5006579267454474,0.05607871241915257,0.4517713568566382,0.539752251368013,0.11608313916485487,0.0694430656578971,0.06089992943028126,0.16922692037373738,0.4929657120291564,0.04702476724455569,0.45192738073907285,0.5200058154885843,0.07494513742352688,0.0796120252622009,0.02335505716105619,0.1453403659397793,0.18661441687526112,0.032409757041662636,0.15937803512494544,0.21024915949120718,,,,
all,dataset,later_clean_any_path,M+R,random_forest,5,36000,0.09130487444665131,0.7940207965457979,0.03362886821451483,0.7679284936666788,0.8201130994249173,0.32128015198025184,0.073799684993341,0.2677412202633425,0.38180653522042235,0.6234407637130127,0.025665906754558675,0.6024200045863434,0.6408395256616041,0.336141668057435,0.0642314304576893,0.28666685886918286,0.38561647724568704,0.08594781012151423,0.030571625409557573,0.06339998457553948,0.10863259086711725,,,,
all,dataset,later_clean_enhancement_path,B+M+L+R,logistic,5,36000,0.04568111620847154,0.8152633621657828,0.012760634998789013,0.8053484512506696,0.8251782730808955,0.25106752154149664,0.09416274622060779,0.17889303632270342,0.3204338950684959,0.7381851891477321,0.01155757752874028,0.7289173289786554,0.7471151135232167,0.2396573160329858,0.09187033713256706,0.16155729105956404,0.2996994892918539,0.13707220158081318,0.02306748088142502,0.1200582817773709,0.15574967048795854,,,,
all,dataset,later_clean_enhancement_path,B+M+L+R,random_forest,5,36000,0.04568111620847154,0.8462436321031405,0.02263047845279692,0.8296517870948783,0.8636067666270062,0.25103220071370674,0.06475636552733399,0.19958135082798392,0.30248305059942954,0.5381635852403911,0.01938474603398729,0.5203669680435542,0.5491240171888572,0.13428746683774231,0.06664332461325084,0.07241453175189111,0.17268137279341614,0.04110875078881041,0.015856868771641153,0.02888006495720482,0.05268269204710704,,,,
all,dataset,later_clean_enhancement_path,B+M+R,logistic,5,36000,0.04568111620847154,0.8139162648777584,0.011988705322850839,0.8043511388232483,0.822979330605318,0.250654273984565,0.09667200506096922,0.17541561665207045,0.3222112172431479,0.7326700758593873,0.011191590897752134,0.725258005411908,0.7417319734440724,0.23614601032566723,0.09046371365872782,0.15821102332313094,0.29493965666752453,0.13723464227941246,0.023219184254242634,0.12023525382097541,0.1565630922285876,,,,
all,dataset,later_clean_enhancement_path,B+M+R,random_forest,5,36000,0.04568111620847154,0.8454968459458388,0.02411590615661482,0.8281028131146952,0.8655144994333629,0.2508735097057494,0.06398703861274578,0.20015483416883395,0.3015921852426649,0.536927940804544,0.021333732541449223,0.517681778758131,0.5522416649456169,0.12827325381421104,0.07211999160982904,0.06358271544201193,0.179877246008641,0.041544785920401596,0.016097219716771388,0.02920938130967974,0.05334744628787643,,,,
all,dataset,later_clean_enhancement_path,M+R,logistic,5,36000,0.04568111620847154,0.8044430974180209,0.01971835294582156,0.7881475275458593,0.8189796571623236,0.26766043752605295,0.08116885749093378,0.2050055463841629,0.330315328667943,0.7338057140202425,0.012954378054914381,0.722727579750317,0.7433172710708532,0.2359581957420825,0.08959027419366399,0.1617283186510147,0.29372550644068607,0.14147902492751713,0.021719270166312272,0.12457213235244628,0.15822740710925148,,,,
all,dataset,later_clean_enhancement_path,M+R,random_forest,5,36000,0.04568111620847154,0.8405421140952601,0.030374102009294746,0.8199871509757987,0.8670103319839623,0.27114827720465806,0.06114333730132885,0.22311365432008917,0.31918290008922695,0.6196672318704254,0.03760462352781363,0.5917950097229537,0.6512786920735293,0.29200860797638384,0.07137614505984323,0.23802958316380307,0.3500402727128587,0.04720918882897256,0.017007510284713343,0.034240677602658996,0.05972529565817584,,,,
all,dataset,later_clean_suppression_path,B+M+L+R,logistic,5,36000,0.047624374105409,0.8342584848490094,0.024959834842426358,0.817428742951613,0.8564456441673505,0.3035383126907118,0.05895137607308816,0.2551719675938628,0.35225995687597955,0.7588237071525111,0.015302414573270163,0.7487043491256091,0.7717752481904622,0.27628744067575733,0.09773743930614791,0.1882996663636735,0.33185349669493425,0.12742925621686518,0.021438067898252956,0.11010708517766084,0.14406410151521257,,,,
all,dataset,later_clean_suppression_path,B+M+L+R,random_forest,5,36000,0.047624374105409,0.8606130443063188,0.0293400461323836,0.8383634688119187,0.8825398743218557,0.2763604965249824,0.07875766376942882,0.21566135496552735,0.33809380268746597,0.5433454422191101,0.026462852932563175,0.5227318936905933,0.5645193943690179,0.14978611503214928,0.08453422922981645,0.0809220985691574,0.21606364288973517,0.04215921668711107,0.016688266236413046,0.02957706672244052,0.054709818709344146,,,,
all,dataset,later_clean_suppression_path,B+M+R,logistic,5,36000,0.047624374105409,0.8337668774709199,0.023986366364155888,0.8173681759407666,0.8547087139084611,0.301862940760919,0.05817655999570149,0.25355550259261495,0.3494306737277876,0.7605409126271854,0.015118036848446778,0.7505654740908542,0.773471281894912,0.27843453458893264,0.09655458378338476,0.1912032241314324,0.33363153247705196,0.12763068180084233,0.021762600972901523,0.11051446644310306,0.14513806002105578,,,,
all,dataset,later_clean_suppression_path,B+M+R,random_forest,5,36000,0.047624374105409,0.8651485321833603,0.028456722463077358,0.8428660077243844,0.8874310566423359,0.27655494328233654,0.07431528769395301,0.21760071865752534,0.3389263920704627,0.5485314942398596,0.03195476652011622,0.524136872418985,0.5743029262376245,0.16286346083516348,0.09789372375882639,0.08414287846494607,0.24041558441558442,0.04248460040974097,0.016542336819166954,0.030033904031822555,0.05487439777337179,,,,
all,dataset,later_clean_suppression_path,M+R,logistic,5,36000,0.047624374105409,0.8234483625038168,0.027409997179796766,0.8008548126620244,0.8423014711373691,0.3070138880751657,0.05945441995143501,0.26041925637691243,0.3468809760136108,0.7504108341612746,0.016854555338472688,0.7357479251576702,0.7617724857098981,0.265576175420344,0.09477252550741032,0.1820737069076313,0.31387036803312374,0.13325211886182323,0.02046503072986491,0.11675229221322851,0.1488790628903088,,,,
all,dataset,later_clean_suppression_path,M+R,random_forest,5,36000,0.047624374105409,0.854464929277649,0.022693484738945117,0.8365397366456074,0.8720125082731585,0.2932480517672613,0.07487331602409607,0.22654604053745708,0.35038724147039046,0.6565456261683771,0.014231824062275652,0.645460502309489,0.6674901491642343,0.35788763395345097,0.05310074453283409,0.3132514548744896,0.39452042388739,0.04817874064296786,0.017524499566075127,0.034993130243496734,0.06136435104243897,,,,
all,dataset,later_enhancement_path,B+M+L+R,logistic,5,36000,0.048127906559171076,0.8108074426874818,0.012268184174206288,0.8016237392303467,0.8201834443487467,0.2599699053984838,0.10206196311316014,0.18098130346592595,0.3353640784051815,0.7368137537837952,0.010458721889057759,0.7291462931848441,0.7453772532276597,0.25150502236437816,0.09895498400452117,0.1671247135751411,0.3140967027195109,0.1354678298977885,0.02377857640318863,0.1182556110632278,0.1546942075417051,,,,
all,dataset,later_enhancement_path,B+M+L+R,random_forest,5,36000,0.048127906559171076,0.8478751702454886,0.023032206954306623,0.8310139501361726,0.8647363903548045,0.25915672651733135,0.07146694824602041,0.20206974820681906,0.31624370482784364,0.5409542545293117,0.021206899584891564,0.5218465291779649,0.5532885672492567,0.14154153066146502,0.07177139730794241,0.07832553612968102,0.18550598725750053,0.042751442189849595,0.01680130137737476,0.030153821100217675,0.05517136592979479,,,,
all,dataset,later_enhancement_path,B+M+R,logistic,5,36000,0.048127906559171076,0.8095752595839552,0.011681494439781462,0.800553812904967,0.818488008416719,0.25967872619928595,0.1043776877339638,0.1782087996807163,0.3371421131045313,0.7312034142001151,0.013286080491553469,0.7212156725492166,0.742271022382853,0.24903355606848118,0.09846736507390999,0.16391475184239593,0.3113311205867923,0.13571158984669932,0.024043361348297494,0.11841435659479205,0.15569905829948216,,,,
all,dataset,later_enhancement_path,B+M+R,random_forest,5,36000,0.048127906559171076,0.8430811431729882,0.021736297284031293,0.8263327031801163,0.8599842802372484,0.2567256827911556,0.0751212719098188,0.19679582551314445,0.3166555400691668,0.5426590564706872,0.02349202684451976,0.5213159273425042,0.5563797693087172,0.1439287854027969,0.0775505205979525,0.07206450469608364,0.19190707299366042,0.04320234778497342,0.01685063575628472,0.0305219148401082,0.05562392736210111,,,,
all,dataset,later_enhancement_path,M+R,logistic,5,36000,0.048127906559171076,0.8003343429383829,0.018783200067500557,0.7838508123545749,0.8137821076510768,0.2769533939178467,0.08866110306015208,0.20923276870415072,0.3446740191315427,0.7299437927802142,0.009788890150844897,0.7223606876429972,0.7375268979174308,0.24456188135915474,0.09291580673201766,0.16565516222008722,0.3019843879252754,0.14009999777890256,0.0229404328540025,0.12200815968369876,0.15767056623425244,,,,
all,dataset,later_enhancement_path,M+R,random_forest,5,36000,0.048127906559171076,0.8409406291480014,0.031044513909621582,0.8217803713773565,0.8680937242096824,0.2881064093935063,0.06451851655063656,0.2395657283697074,0.33974582551795357,0.6283987299868955,0.039781368061768727,0.5937743978294897,0.6610512578886715,0.3082130942808371,0.07180332990762162,0.25125067237796567,0.3644693782141188,0.048943795479807914,0.018103376531893423,0.035351571229800906,0.06240632201477979,,,,
all,dataset,later_neighbor_damage_any_path,B+M+L+R,logistic,5,36000,0.0704585918605621,0.8382101811376212,0.027535472889732616,0.8173727977665116,0.8606068964672776,0.35862925373547805,0.12059357969782256,0.25958624967742916,0.43458154256083825,0.7518846979823547,0.028935559807580384,0.7291617089014543,0.774210891942723,0.3213095476808727,0.0895251339931179,0.2468454409734937,0.3813633560867954,0.14439668904922917,0.03192529687080686,0.11993432696579723,0.1688804313785031,,,,
all,dataset,later_neighbor_damage_any_path,B+M+L+R,random_forest,5,36000,0.0704585918605621,0.850868340262463,0.02529008276436134,0.8318090665738789,0.8725535741479025,0.3551752753804408,0.05947791568312209,0.30709918113152346,0.39566933435400126,0.5840387161608531,0.03249774849168419,0.5604242565656532,0.6111913011008607,0.2645772954757609,0.08371624610548707,0.20295898898257164,0.3331103620778554,0.05766095100591345,0.02001544759515714,0.04214973728757041,0.0731721647242565,,,,
all,dataset,later_neighbor_damage_any_path,B+M+R,logistic,5,36000,0.0704585918605621,0.8376817888027037,0.02920981465617227,0.8155793373280108,0.8614131805703511,0.3593254145749814,0.12075193553584652,0.25950627975842594,0.43495789399002904,0.7508703790926838,0.02833739948644396,0.729352080326737,0.7731810543207285,0.3205601974438374,0.08857685719037897,0.24838225701700392,0.37960284176716497,0.14448055549748362,0.03159116289440864,0.12026279952764955,0.1687199561677518,,,,
all,dataset,later_neighbor_damage_any_path,B+M+R,random_forest,5,36000,0.0704585918605621,0.8491325134759593,0.026016848594281633,0.8312837272499877,0.8726380601394214,0.3486360070329898,0.06839964644723065,0.29674915508226274,0.398306679282934,0.5876296638226186,0.03638585967803509,0.5603884368826355,0.615445544118438,0.2739277290365279,0.09176732491599826,0.2039070352856856,0.34396771947848304,0.058138206576317394,0.01979464515200105,0.04281330555972276,0.07346310759291205,,,,
all,dataset,later_neighbor_damage_any_path,M+R,logistic,5,36000,0.0704585918605621,0.8317677853434832,0.014822599213787592,0.8204242002712355,0.843111370415731,0.3680710538175507,0.10153571402754004,0.28274852133161044,0.43916908109978703,0.7491444906284551,0.015379301827578353,0.7373330938560375,0.7621594659887864,0.3184214908644594,0.08560610831432586,0.24742516684654525,0.3800244885674416,0.14749000026791756,0.029015540869614248,0.12479665892197118,0.17018334161386395,,,,
all,dataset,later_neighbor_damage_any_path,M+R,random_forest,5,36000,0.0704585918605621,0.8467451044698848,0.026057995537243816,0.8277559275926292,0.8687377325875811,0.35528287510138307,0.09744029160325826,0.2810456168630105,0.42952013333975564,0.656018734348692,0.038642186659211424,0.6267397217330359,0.6856981296949294,0.37424037720888625,0.08524314044581785,0.3081089418783155,0.440371812539457,0.06317572487716497,0.01890979609370673,0.04928176415420109,0.07811416507746097,,,,
all,dataset,later_suppression_path,B+M+L+R,logistic,5,36000,0.05074813580423413,0.8349266588865122,0.024980117530559218,0.820689831598977,0.857754671791278,0.31653557177865893,0.07127082580939603,0.25412686047080074,0.36737950360022614,0.7583017778111919,0.015300314722662654,0.747319506637007,0.7714966512376545,0.2914776039349123,0.10833219289282191,0.1924234347099786,0.35284044248420365,0.1250162442704308,0.022020624349628256,0.1071808363332319,0.1418636780661648,,,,
all,dataset,later_suppression_path,B+M+L+R,random_forest,5,36000,0.05074813580423413,0.8662061707832768,0.029419215336670974,0.8424825554172802,0.8880833238478252,0.29526672190483627,0.07791393850736282,0.23366600476076663,0.35950208879280465,0.5573772332714395,0.03009880584183714,0.5369135728316771,0.5821357957706799,0.19061009176598295,0.08708657534158433,0.13013974970458564,0.26315077755240024,0.043989481028346086,0.017825276691056387,0.030611185796411373,0.05736777626028079,,,,
all,dataset,later_suppression_path,B+M+R,logistic,5,36000,0.05074813580423413,0.8346125091295606,0.024535658151689343,0.8207126224159602,0.8565723643167307,0.3164840431150756,0.06944849432619102,0.2543737559430628,0.36693057641024274,0.757524905103625,0.010486570765043236,0.7503181128937927,0.7670593048447003,0.2911510774830302,0.10588618983271218,0.1950494161691842,0.3494374727251439,0.12522453749617743,0.02234596694829376,0.1073707154947842,0.14284553744809475,,,,
all,dataset,later_suppression_path,B+M+R,random_forest,5,36000,0.05074813580423413,0.8611098088113552,0.025714514348200095,0.8414164988968759,0.8807087849924766,0.2870226983595769,0.08301348117513666,0.2171563864892525,0.3498895305919082,0.5537005380071637,0.03566452036931653,0.527086837190074,0.5819426467734095,0.17633051615929607,0.10715324705017881,0.09182225530870997,0.2585064739536284,0.0444981917434248,0.017841218362150166,0.031065821779685542,0.05793056170716404,,,,
all,dataset,later_suppression_path,M+R,logistic,5,36000,0.05074813580423413,0.8225042556334732,0.02507786347766756,0.8022995818171621,0.8399542120066859,0.3209198805704768,0.0720958873181427,0.26184848579880626,0.3685656487359983,0.750770903344572,0.020420973726373286,0.7324964067973128,0.7622172054236633,0.2790408862947463,0.10026483127163194,0.18999072541864992,0.3300090954695164,0.13085229807412346,0.021287833025734285,0.11382246395772747,0.14714517123262078,,,,
all,dataset,later_suppression_path,M+R,random_forest,5,36000,0.05074813580423413,0.8605392561061672,0.02519217365537127,0.839664286826306,0.8795768187981796,0.31423934049845575,0.08587726234430831,0.2426967541525999,0.3753977177460954,0.6715733642183064,0.018654438633288892,0.6572997885242182,0.6858947489065464,0.38033717102686165,0.05758070518305596,0.33526822693723835,0.4174447811751655,0.050393523760051476,0.019123105501805057,0.035963129806862615,0.06482391771324034,,,,
all,dataset,later_target_any_path,B+M+L+R,logistic,5,36000,0.09665132213672727,0.5930776119918199,0.08594715559019966,0.5283118554588231,0.6667545791307724,0.14626313180841227,0.08222750236236233,0.07950665985153062,0.2065275513709559,0.5316697053777735,0.03793832362867404,0.4991677126856112,0.5582382165307649,0.1679522893513064,0.09132661725371548,0.0977431831293158,0.23662761874043015,0.17682791631595396,0.0348725879079879,0.14791332724341566,0.20305796004925059,,,,
all,dataset,later_target_any_path,B+M+L+R,random_forest,5,36000,0.09665132213672727,0.8044373909565863,0.03791611915978748,0.7758971277734601,0.8365155819457781,0.31246161761596064,0.10667094326701919,0.2278662797814457,0.3979173163999631,0.5473599639561071,0.02639636594177011,0.5305606949864675,0.570479796427119,0.17356703798023992,0.08149565406342647,0.11658218338197408,0.24210341377913372,0.08075801632114546,0.03002587831687937,0.058388393214126165,0.10312763942816475,,,,
all,dataset,later_target_any_path,B+M+R,logistic,5,36000,0.09665132213672727,0.5911030558485612,0.08507624181524942,0.5241183872349884,0.6628893117480872,0.1454072562182434,0.08130191836133704,0.07978187402698786,0.20433711299743962,0.5343204793684501,0.03914311756260914,0.5007610463791602,0.5618394182055899,0.1719290971692367,0.09353842253156172,0.09931281660605921,0.24245651340716465,0.17685351215968742,0.03472030628883917,0.1482072071490534,0.20271119050053757,,,,
all,dataset,later_target_any_path,B+M+R,random_forest,5,36000,0.09665132213672727,0.801152340923128,0.0363369642969003,0.7744704208277378,0.8308023532352158,0.3116805157075193,0.10671779635006615,0.2335635222929942,0.3975623480081754,0.551970826506683,0.030747776615757828,0.5301532345556541,0.5773845990535177,0.18653690271201565,0.09580953822588939,0.11471950184737109,0.2616995980074682,0.08183788364184505,0.03005842663966525,0.05943496608308072,0.10440332934912219,,,,
all,dataset,later_target_any_path,M+R,logistic,5,36000,0.09665132213672727,0.4937091768308316,0.05654316789491012,0.44444822289138414,0.5329097326560908,0.12095836457599007,0.07196333769027342,0.06529199261241056,0.17631017424515105,0.4868582069371269,0.05076334612408595,0.44138374088122323,0.5149269962685638,0.06025707852569401,0.08450939923626273,0.012723214285714286,0.13721233579638753,0.18506048919108029,0.03369846645816455,0.15624118595006292,0.20991189077515615,,,,
all,dataset,later_target_any_path,M+R,random_forest,5,36000,0.09665132213672727,0.7980213653423257,0.03192049677903925,0.7733198506106429,0.8227228800740084,0.3377228047269929,0.08851722955307702,0.2703678020563509,0.40656378270470495,0.6311204246941309,0.028742482133463403,0.6062930377327409,0.6511769262657522,0.3528739321843585,0.06960967318933137,0.2985856379370177,0.4071622264316991,0.08826041722585913,0.03198000734736669,0.06455120277328673,0.11254583341880871,,,,
all,domain,later_capability_damage_any_path,B+M+L+R,logistic,5,36000,0.07772716580917108,0.8635787493448017,0.0054629322562757265,0.8594392012534362,0.8681712861174583,0.4134551037963964,0.020899916849022974,0.3946831118779856,0.42582004046944516,0.7828681040599852,0.006999481497094134,0.7770652925523731,0.7875271124763439,0.3529303242039362,0.021148993196915985,0.33736531350757026,0.36807102701446626,0.1567870043194402,0.004930465392048082,0.1524965359055767,0.16028479920717048,,,,
all,domain,later_capability_damage_any_path,B+M+L+R,random_forest,5,36000,0.07772716580917108,0.8643040013843398,0.005500275946568141,0.8602226401588121,0.8689756293281441,0.40469080327767976,0.022522154854851942,0.385894304076564,0.4212816005002032,0.6025462134043197,0.019807807961409688,0.5865874578791471,0.6183087291181482,0.31279845626407743,0.0451995762362015,0.27476867920255404,0.3474123024212676,0.061346578469898806,0.003340203425312346,0.058532589196682375,0.06379552073268406,,,,
all,domain,later_capability_damage_any_path,B+M+R,logistic,5,36000,0.07772716580917108,0.8636866009054497,0.005400001132834875,0.8595940293345716,0.8682127601444929,0.4137707859416698,0.02111756889960634,0.3949471389529583,0.42638907446718316,0.7820486776782595,0.006385844534710554,0.7765758333637863,0.7865106166647207,0.3521840810790205,0.020250229692187295,0.3374641642788128,0.36687738764776856,0.1567887120853806,0.004983011461699366,0.15243704876765657,0.1603221821545342,,,,
all,domain,later_capability_damage_any_path,B+M+R,random_forest,5,36000,0.07772716580917108,0.8624016901370162,0.0064749898586247915,0.8573986936141406,0.8677937796565871,0.4071901469439555,0.025522940377001344,0.3848594101642094,0.4242656000405144,0.6050634951997179,0.016170937716873085,0.5925917295526764,0.6175342479761752,0.3181625674259528,0.03672132681673907,0.290272293750321,0.3460023799978763,0.0618020035282991,0.003109472420992309,0.05926049145223231,0.0639479140508786,,,,
all,domain,later_capability_damage_any_path,M+R,logistic,5,36000,0.07772716580917108,0.8604660849921313,0.00614834505295692,0.856242451781938,0.8654318716854295,0.4102700766112539,0.022986432409096837,0.3921513418073688,0.42596696488563984,0.7769763127151947,0.007783744737421347,0.7710846236065054,0.783264085642849,0.34358332351299886,0.023471441139285357,0.3254700358199216,0.3606137587666165,0.16152663099570147,0.0057289328278791705,0.15632295442373054,0.1646477393175922,,,,
all,domain,later_capability_damage_any_path,M+R,random_forest,5,36000,0.07772716580917108,0.8555402361898523,0.005278418558794331,0.851433455369514,0.8596470170101906,0.3933772046400155,0.02120505216544582,0.3776803849923053,0.40827569041510536,0.6875959812428886,0.008208300552146396,0.6801906100359721,0.6932543340972471,0.41375760559052444,0.015231112511077779,0.4014073122532331,0.42472902578694754,0.07166552601003226,0.0016059782596744517,0.07035054243679709,0.07277281988178563,,,,
all,domain,later_clean_any_path,B+M+L+R,logistic,5,36000,0.09326249440386106,0.5893974206197445,0.07514479370035115,0.5208312001092199,0.6384936770040351,0.13132242707653594,0.0379547300204933,0.10189151659778557,0.16075333755528629,0.5418021214068106,0.039330352747851675,0.5060433624645281,0.5689179112766368,0.17740789903607712,0.05117604013653257,0.1402313275756582,0.21920974456871445,0.19208200638435588,0.036389526906783244,0.16446811813220807,0.22082526997399599,,,,
all,domain,later_clean_any_path,B+M+L+R,random_forest,5,36000,0.09326249440386106,0.7986154370500549,0.026856973027287564,0.7770204951074287,0.8194419001884345,0.2920403115565135,0.06644631534975658,0.2454438661757699,0.3446391438787425,0.5403600791390989,0.0301062276029452,0.5215527153891252,0.565632617880828,0.1488946605645895,0.09104227567502551,0.0896647783216186,0.22206843521722414,0.08056289381129422,0.021637937590106585,0.06287543470072574,0.09833328028968329,,,,
all,domain,later_clean_any_path,B+M+R,logistic,5,36000,0.09326249440386106,0.5868797314668259,0.0709404962282489,0.5227811316819018,0.6322836308246731,0.13114730157630214,0.03822235928768759,0.10164773199468906,0.1601501940541997,0.5428716672067248,0.03960287860234383,0.508262808807084,0.571215683042114,0.1788039871451385,0.0560058713333971,0.1384658999931884,0.22587161157060764,0.19226721926016493,0.03623507143193549,0.16457085216341497,0.22044581420361709,,,,
all,domain,later_clean_any_path,B+M+R,random_forest,5,36000,0.09326249440386106,0.7946106619173594,0.02689893743171044,0.7743084917319556,0.8163634281662009,0.2916699212984549,0.06637005024005957,0.24648013495762822,0.34618443885267486,0.543065500408754,0.028649280781586742,0.5245932627696416,0.565789631695544,0.15814483189444464,0.08696675603755569,0.09738118944889607,0.2317747898260115,0.0815970901233811,0.021460145534931085,0.06406533993642696,0.09918088513670151,,,,
all,domain,later_clean_any_path,M+R,logistic,5,36000,0.09326249440386106,0.5256178865679086,0.08601348230142636,0.447444960513595,0.5869610599760315,0.11304702994338292,0.04181606643220406,0.08129640962489665,0.1457152676000782,0.5102432819794915,0.055269377600377735,0.45973559932712327,0.5444365374215752,0.14870953313043078,0.04285270324665718,0.1172088335156622,0.18215690797259915,0.20234007701031453,0.03239982039678431,0.17666548602490678,0.228289667723297,,,,
all,domain,later_clean_any_path,M+R,random_forest,5,36000,0.09326249440386106,0.7873246938161845,0.024740803190545804,0.7695982546050569,0.8073827844977044,0.31317986905613693,0.06589425923802573,0.263832207455614,0.36516992028925666,0.6211026557372235,0.03805758943345766,0.5933861667942598,0.6488191446801871,0.32959418664619694,0.07806382154437695,0.271821437726844,0.3873669355655499,0.0885012099223824,0.02087291345169929,0.07221456014184865,0.10584238852443369,,,,
all,domain,later_clean_enhancement_path,B+M+L+R,logistic,5,36000,0.04658302987825317,0.809890756710541,0.023383393037951,0.7916611757838388,0.8279281169651304,0.24469608426677575,0.08667334792288346,0.1720769676668815,0.3039070413610065,0.7358084633599522,0.017483505293631102,0.7226493472202178,0.7489675794996866,0.23581573728046515,0.058043877565416534,0.18641377859739336,0.27821609925706325,0.1437566369334154,0.022584866487269768,0.1266141612179764,0.1614549443866726,,,,
all,domain,later_clean_enhancement_path,B+M+L+R,random_forest,5,36000,0.04658302987825317,0.8389583385666771,0.009293230447074986,0.8320977631392088,0.8458189139941454,0.24096742728972145,0.07310597252805583,0.17938768196130486,0.29083321781553784,0.535561621012661,0.0212802942640049,0.5193366366925861,0.551786605332736,0.12523160122171478,0.0672767708701815,0.07310512227341075,0.17688782938697936,0.042187992925202845,0.012067038094782413,0.03291833381216226,0.050676219097268924,,,,
all,domain,later_clean_enhancement_path,B+M+R,logistic,5,36000,0.04658302987825317,0.8078405539132465,0.02156300045886157,0.7909919228695873,0.8246891849569055,0.24572704626247285,0.0898935234479602,0.1700171088089269,0.30856048874935593,0.7337340721666733,0.011113620176980617,0.7249428042235565,0.743222866300167,0.2359633662629376,0.06032683675495641,0.18435772053421595,0.2767837303099021,0.14396054941726294,0.022751644295988818,0.1266044655283467,0.16172523760267604,,,,
all,domain,later_clean_enhancement_path,B+M+R,random_forest,5,36000,0.04658302987825317,0.8379115951664173,0.008156202642069978,0.8316433929788192,0.8441797973540158,0.23714959955372666,0.07482134991518596,0.17130398991592177,0.2897192778805217,0.5343889753192188,0.024848606252278988,0.514655394795992,0.5528129972497584,0.1205568355671149,0.08140612151851405,0.05611897458959643,0.1806074747982294,0.04265306694497529,0.012265026605375531,0.03317461249111014,0.05124685103958073,,,,
all,domain,later_clean_enhancement_path,M+R,logistic,5,36000,0.04658302987825317,0.7994225838765738,0.033013854069099145,0.7736906529273938,0.8251545148257537,0.2552837997503488,0.09108142511042634,0.1793330036987153,0.3194185627973393,0.7318405168611186,0.015032327767653541,0.7205516479636247,0.7431293857586125,0.2317882265127882,0.062481580429554116,0.1772759073210342,0.2763548743906813,0.1498226886943513,0.024182323814171566,0.12909174485893987,0.16586638254722483,,,,
all,domain,later_clean_enhancement_path,M+R,random_forest,5,36000,0.04658302987825317,0.8296926616857018,0.016778589466474692,0.8177211268196443,0.8445420911709366,0.25027778638811504,0.07765622800779692,0.18484019855583844,0.3057239763432556,0.607894153817672,0.04900037872529975,0.5732438064378444,0.644848035367314,0.2679215150174903,0.09331501207296661,0.19540313233677079,0.3393554987212276,0.04847914709974294,0.012439114212324302,0.03919777165663601,0.05751756246402874,,,,
all,domain,later_clean_suppression_path,B+M+L+R,logistic,5,36000,0.04867904768977487,0.8315961305532416,0.0437202814759069,0.8004020053329357,0.8662244095150401,0.30257639332021996,0.053838835790404674,0.2676243034462334,0.3478918638089025,0.7623989950373531,0.031042876146008203,0.7372749469078563,0.7874360079862861,0.27432116319888233,0.04982977268189229,0.23412210436975087,0.3116808309650832,0.13609073035496708,0.0271126756858337,0.11618668418540408,0.15859498777958986,,,,
all,domain,later_clean_suppression_path,B+M+L+R,random_forest,5,36000,0.04867904768977487,0.8616486484190797,0.02673026825736004,0.843037517773987,0.8830712328908824,0.286286521051791,0.046561156616759615,0.2546952967537657,0.32537422865391996,0.5457725771728528,0.024688761016293997,0.5300634098130097,0.5655629145222191,0.15698526066616178,0.0712815293071552,0.11080708639218736,0.21412313114660905,0.043041329719886494,0.012305083938853077,0.03267488222029312,0.05264766064321963,,,,
all,domain,later_clean_suppression_path,B+M+R,logistic,5,36000,0.04867904768977487,0.8312021463533951,0.04186940290442476,0.8002072551278492,0.8643533677513288,0.3027538750253573,0.05278363475652354,0.2682971779193982,0.346494511195136,0.756960192796991,0.029931182753328785,0.7326236759051286,0.7803873772484877,0.27221879044624264,0.05111867265968359,0.23185987838850575,0.3111850821017391,0.13634312291187353,0.027029968501500218,0.11624879742110286,0.158364403371559,,,,
all,domain,later_clean_suppression_path,B+M+R,random_forest,5,36000,0.04867904768977487,0.8627852457996159,0.026373544367446978,0.8417668334114525,0.8825631533214103,0.2895633840187488,0.05742178730130725,0.2539789512818732,0.3383417076703616,0.5492078760005372,0.033899960258110526,0.5261362421733501,0.5768646106889155,0.16470476952222163,0.09753677228211224,0.09772892411159365,0.24250179211469533,0.043394515772547854,0.012227969663054098,0.03323253039597976,0.05306407404889253,,,,
all,domain,later_clean_suppression_path,M+R,logistic,5,36000,0.04867904768977487,0.8173926438141192,0.04852047055325768,0.7817545119962804,0.8572545686114147,0.30569952276925283,0.05993108744372427,0.26151772964332254,0.35116208536356264,0.7465033033465771,0.04237623557453245,0.7082687368561054,0.7785085907892977,0.2572921388453885,0.056876571835460854,0.2119562298582955,0.30048127160406934,0.14274076384716966,0.02241007569859106,0.1263778077487996,0.16097249056416602,,,,
all,domain,later_clean_suppression_path,M+R,random_forest,5,36000,0.04867904768977487,0.8531474541134715,0.027574506862356372,0.8339660308553812,0.8763297908481279,0.30259585675169787,0.05833354022812344,0.2617750324550193,0.350236737163636,0.6593170218060476,0.02187304272267804,0.6416665218068152,0.6749974101732926,0.3643274933277427,0.04712892493478532,0.329062647214512,0.40093893694331006,0.049423711824667364,0.012694392616675218,0.03925156243809424,0.060250180780412235,,,,
all,domain,later_enhancement_path,B+M+L+R,logistic,5,36000,0.04905998608037991,0.8072548078843305,0.02276580831278833,0.7895770210383629,0.8249325947302981,0.25242769973041723,0.09504597667086888,0.17237370831261054,0.32039939450474586,0.7349169789704015,0.01725173629562922,0.7214270780820566,0.7484068798587467,0.24625895555492758,0.06448219942497879,0.1952239031223463,0.2928701886859852,0.1420889449981342,0.02409345015144621,0.12349751673551342,0.160680373260755,,,,
all,domain,later_enhancement_path,B+M+L+R,random_forest,5,36000,0.04905998608037991,0.8397738524400802,0.009806767578963814,0.8312332196806882,0.8457795658799346,0.24591712059740917,0.07993464818585048,0.1770637825941377,0.3037515497800563,0.5359316392182882,0.022826021289011327,0.5189424350016802,0.5532351165803462,0.12651670081558986,0.07233916251735731,0.07099959823629402,0.18139124880616692,0.04383591686595696,0.013095138679289983,0.03392460516090439,0.053115360229516274,,,,
all,domain,later_enhancement_path,B+M+R,logistic,5,36000,0.04905998608037991,0.8051801259480774,0.021348134432345272,0.7884742896115857,0.8218859622845691,0.2536755309062641,0.09806575439233851,0.17502047072692334,0.3247288410816692,0.7358810405189675,0.011320020822558344,0.7268585958755638,0.7444937033396822,0.2479961180483818,0.06537967048094594,0.19611197126907448,0.2966362374036647,0.14232211838660386,0.024356542914572208,0.12345793147062796,0.16118630530257977,,,,
all,domain,later_enhancement_path,B+M+R,random_forest,5,36000,0.04905998608037991,0.8347777331734554,0.012897556549210149,0.8237142274439028,0.8432782644261959,0.23848863189843633,0.08509437932832345,0.1650814495418392,0.2990006301311982,0.5357901392540249,0.024245414025520756,0.5165177870513127,0.554972659581842,0.12554983348362142,0.07784541876760573,0.06355400376228632,0.18632576758777739,0.04445262805400764,0.013077136482625429,0.03454094006208401,0.05367400575995268,,,,
all,domain,later_enhancement_path,M+R,logistic,5,36000,0.04905998608037991,0.7965706126116469,0.03496341983957802,0.7696097414114661,0.8235314838118276,0.2636808547805155,0.09677534316838582,0.18376722944799748,0.33385521072938507,0.7284370766627578,0.012186362081995326,0.7192198135664196,0.7376543397590958,0.24121047596185666,0.06804308228945546,0.18047742590329457,0.2890970121594429,0.14802918245149893,0.024786995231183922,0.1272161224032378,0.16501301292694243,,,,
all,domain,later_enhancement_path,M+R,random_forest,5,36000,0.04905998608037991,0.8290627296759621,0.015007830901838106,0.817961372440531,0.841594584041354,0.26410918632896574,0.08117881648102868,0.19887383242378778,0.3237328786287529,0.6228854980328739,0.04139081592337944,0.5937753468553175,0.6531679957075156,0.29717428562718873,0.07703999334794714,0.23890583723373177,0.35544273402064563,0.05025666576428711,0.01317089084230158,0.040651211128261,0.05985082328963087,,,,
all,domain,later_neighbor_damage_any_path,B+M+L+R,logistic,5,36000,0.07110605126882215,0.839197469161776,0.022684693549839496,0.8214569022218466,0.8569380361017054,0.36997664728455426,0.09563244694361805,0.28391038673628644,0.42894335458971,0.7521825699263874,0.014639339492858705,0.7404695127704268,0.7633096735390011,0.326113263504888,0.08059332166862221,0.2602264498991008,0.3868334940684413,0.14176752171469725,0.03207068099472052,0.11814108930463545,0.16906072152114807,,,,
all,domain,later_neighbor_damage_any_path,B+M+L+R,random_forest,5,36000,0.07110605126882215,0.8487374342152101,0.02035624903631015,0.8314929138275527,0.8632118815241704,0.344285155592749,0.07383668125506312,0.2807466876496378,0.3910452956744611,0.5729648661789168,0.032565299055834246,0.5471916562790368,0.5987380760787969,0.23471905444556507,0.08905230123981397,0.16391740318174514,0.3055207057093849,0.058241884841393234,0.01889753466078311,0.0432569598653324,0.07197639693732324,,,,
all,domain,later_neighbor_damage_any_path,B+M+R,logistic,5,36000,0.07110605126882215,0.8388280149356682,0.022548838145021188,0.8212672369091294,0.8563887929622069,0.3711990844638556,0.09376994692423461,0.2866884463663396,0.42794543260768947,0.7517159416696254,0.01518889744350505,0.7402857529831782,0.7632195573172004,0.325307525732147,0.07948158408705915,0.25978253881204627,0.3848166940700465,0.14188134782610357,0.031898438020212215,0.11843374075581015,0.16915388114197288,,,,
all,domain,later_neighbor_damage_any_path,B+M+R,random_forest,5,36000,0.07110605126882215,0.8483800278865555,0.02073185341960766,0.832049910084454,0.863634660259547,0.3481689524695661,0.08145121866397825,0.2762357848006563,0.3966056770625839,0.5829585577288696,0.03179842270206531,0.5590525026619012,0.608793622401014,0.2620457330519602,0.08424954885560136,0.19950620316918258,0.3293306482253539,0.05843479257952487,0.018926194889614285,0.04321595106502638,0.07226901454880631,,,,
all,domain,later_neighbor_damage_any_path,M+R,logistic,5,36000,0.07110605126882215,0.8299629137238309,0.02498594428577034,0.8077024683046826,0.8472479774857489,0.36652504063658414,0.10093790669742062,0.279441094719249,0.4334785192534305,0.74732380681008,0.016724753770801366,0.732997521373452,0.7577583072251879,0.3147521931925693,0.08845808111276507,0.24199439611965934,0.38035131032441105,0.1480526364543699,0.02219740322021695,0.13209088054988344,0.16652186498037724,,,,
all,domain,later_neighbor_damage_any_path,M+R,random_forest,5,36000,0.07110605126882215,0.8478823784546938,0.014242241434584042,0.8376290547917724,0.8596309087556422,0.35910576650049614,0.10360957129441399,0.2696191069436852,0.42927805929241647,0.6585074463918064,0.025964120735055395,0.6391187626945986,0.6806018525644297,0.3761964845102372,0.07477358420150404,0.31624905701895,0.42941036979674035,0.06384813232695037,0.01659690160005,0.05034597653816477,0.07584105615761014,,,,
all,domain,later_suppression_path,B+M+L+R,logistic,5,36000,0.05188052308512782,0.8329426032201125,0.040200467286848736,0.8037419692894453,0.8656195248405043,0.3150958095530312,0.05718845854406338,0.2771731174162869,0.3636767661861362,0.7603840643083217,0.029553921740622408,0.737326500848378,0.7838293817745952,0.2877301230355428,0.054907702728351195,0.2449644092459021,0.3304958368251834,0.13377361846860636,0.02730711461606759,0.11359945345619701,0.15629851247601484,,,,
all,domain,later_suppression_path,B+M+L+R,random_forest,5,36000,0.05188052308512782,0.8644951516501138,0.026183282120125845,0.844235324637513,0.8838968411786627,0.30418088448985203,0.05583325352135513,0.26993675356406277,0.3517978956476019,0.5587488165579642,0.03403728853956198,0.5353909077906087,0.5862593222213472,0.192640586571965,0.0926884527412709,0.1275544675927272,0.2655652025109516,0.04497704994070715,0.0134380102539836,0.03389051530830165,0.0557259122994863,,,,
all,domain,later_suppression_path,B+M+R,logistic,5,36000,0.05188052308512782,0.8328697502550515,0.03870649511379316,0.8038034844085254,0.864247999183194,0.3160533126169769,0.056030092122350314,0.27801752145995096,0.36378510977240763,0.7569947119275631,0.02894665162801181,0.7355696603689283,0.7812060074989964,0.28579829142800567,0.05475977390682756,0.24295720901041387,0.32863937384559744,0.1339900406406344,0.027269094528071414,0.1136289325094862,0.1560929772674739,,,,
all,domain,later_suppression_path,B+M+R,random_forest,5,36000,0.05188052308512782,0.8632956277113017,0.025355639695562662,0.844243459267787,0.8829719071525897,0.30436535102292755,0.06030121095676959,0.26875657277728715,0.356865491486252,0.5633534900002145,0.038232357468387095,0.5351723844935494,0.5915345955068795,0.20287810393096875,0.10391011740271816,0.12444495537170157,0.2798848171576172,0.045462612576799385,0.013484133981247311,0.03427209890465991,0.056257563672618194,,,,
all,domain,later_suppression_path,M+R,logistic,5,36000,0.05188052308512782,0.8170972944581258,0.045542196595655934,0.7832141739845717,0.8552648325133079,0.32140758981808926,0.06142796619730315,0.2765538792425679,0.36633645329900516,0.7467909786348701,0.041109677134606476,0.7115851628981504,0.7780579598173321,0.2707281402799559,0.059831554371672896,0.22407022225351247,0.3158905595321955,0.14051485703010339,0.02231355011246045,0.12416042350326463,0.15842160581273107,,,,
all,domain,later_suppression_path,M+R,random_forest,5,36000,0.05188052308512782,0.8562858340860753,0.02672232952545158,0.8365846269915371,0.878347038909407,0.3232873645990398,0.0640966724459679,0.27698154844084794,0.37204051450563347,0.673231514752692,0.02083104839277123,0.656658849642666,0.6890103640447792,0.387590479470086,0.04090539775414997,0.3566329099759414,0.4178135393040471,0.05147567345621353,0.014282062035877093,0.040435734162168925,0.06372525360524225,,,,
all,domain,later_target_any_path,B+M+L+R,logistic,5,36000,0.09871672241297899,0.5900773512401436,0.07706540803991382,0.5219033928067309,0.6416206156321447,0.13816537056938763,0.04527149749065607,0.10290702629662421,0.17257867975449984,0.539556373268615,0.0402287552796384,0.5026327585714648,0.566245928219526,0.18195916294516082,0.05688041919703852,0.13977450177744316,0.2274286292826726,0.19003943693593967,0.03752184103811543,0.16137008650730228,0.21902674382600787,,,,
all,domain,later_target_any_path,B+M+L+R,random_forest,5,36000,0.09871672241297899,0.8005811526989662,0.027125466326023747,0.7794678304425098,0.8219535819358257,0.31355060948758184,0.08364925749933504,0.253292213458402,0.37910086885733796,0.5481805252785058,0.034100021411564145,0.5268609151814235,0.5766838268603554,0.17280275515231305,0.09895804456609117,0.10537327423346388,0.25029446097433083,0.08291351152014433,0.02280894067830949,0.06439163124008077,0.10169510836398828,,,,
all,domain,later_target_any_path,B+M+R,logistic,5,36000,0.09871672241297899,0.5882991451790984,0.07348971034541225,0.5226631603708692,0.6362277138843596,0.13780287321498547,0.04543906377091377,0.10248694530266192,0.17250384170440308,0.5407163630952181,0.037310469351033104,0.5067941756700629,0.564966362602527,0.18377666652550945,0.06032266545173726,0.1386429122486663,0.23131921541999975,0.19014785232175635,0.03737496801820162,0.16142325400801605,0.21892732117721803,,,,
all,domain,later_target_any_path,B+M+R,random_forest,5,36000,0.09871672241297899,0.7975637093927543,0.02694352417188545,0.7778945423131757,0.8190888896818587,0.3067956247910858,0.0834904483625387,0.24680814923008626,0.370348464137559,0.5487434456721968,0.03912932909339922,0.5218494716362837,0.5805016498521287,0.17261786415440677,0.11610554478625446,0.0880716831540846,0.26186086891640165,0.08417342342469916,0.022764177225301524,0.06586214966958356,0.10297059548811378,,,,
all,domain,later_target_any_path,M+R,logistic,5,36000,0.09871672241297899,0.5229332871683616,0.0882632521701102,0.44144746864874396,0.582437247399126,0.11802519591262169,0.04894894824267475,0.0803609284426459,0.15581945711309156,0.5087362917660363,0.054912659320969316,0.4591124186138561,0.5442218160867525,0.15102364245325378,0.04072724573182772,0.1211934996822321,0.18323483761630138,0.20053425874690226,0.03284902781265816,0.17550639490239478,0.22645458188518902,,,,
all,domain,later_target_any_path,M+R,random_forest,5,36000,0.09871672241297899,0.7863740746856164,0.025384852597833116,0.7683768493171567,0.8075899035704343,0.3259736728000575,0.08274020200014012,0.26176044795780673,0.3892243167612889,0.6280868236838096,0.041442772080812755,0.5975873856761078,0.6585862616915115,0.3449270289128487,0.08737623778664848,0.27682721472695004,0.41000865287250277,0.09141275883604852,0.022323123488079917,0.07412969518888199,0.10992806659435032,,,,
all,record,later_capability_damage_any_path,B+M+L+R,logistic,5,36000,0.07802777777777778,0.8627965809063621,0.006559726756993563,0.8579047440770793,0.8679996084385436,0.40899225949650153,0.055187693752283634,0.362231172220398,0.4497484331321244,0.7774053366333913,0.009599255193671668,0.769889134431111,0.7845096310567777,0.3564502317954808,0.028068841677921758,0.33119286558331884,0.3764438942657863,0.14996403029778113,0.004751416932650522,0.14627833746520663,0.15364972313035563,,,,
all,record,later_capability_damage_any_path,B+M+L+R,random_forest,5,36000,0.07802777777777778,0.86053020660637,0.007225272454473374,0.8550100628285634,0.8662046944247865,0.39182131239962237,0.04782802454436078,0.3563678334655974,0.4271615335614368,0.5951426059596479,0.023591447399902897,0.578494234339156,0.6139603584478499,0.29432085373351224,0.05574268562842593,0.2550484312455887,0.3397242211688984,0.062297443015478994,0.004068774218328377,0.05912574466427577,0.06546914136668222,,,,
all,record,later_capability_damage_any_path,B+M+R,logistic,5,36000,0.07802777777777778,0.8628493907401946,0.006526912638387439,0.8579776062227473,0.8680253212673892,0.4091402682020403,0.05543569066345252,0.3622738198354293,0.4500909257957789,0.7777133590547803,0.00983251064745034,0.770096817984491,0.7849270275690345,0.356865302223888,0.02780083525539734,0.3317291535341159,0.37636878478305513,0.14995425654255756,0.004752961940432336,0.14626960391803207,0.15363890916708306,,,,
all,record,later_capability_damage_any_path,B+M+R,random_forest,5,36000,0.07802777777777778,0.8604576895729084,0.006151756676833546,0.8560472331002836,0.8654608012691176,0.3888494865732948,0.043369273349441205,0.3562145278291096,0.4214844453174801,0.5982266714907013,0.025076129283775693,0.5802594652884174,0.6192954954552052,0.30091147384674805,0.06024558307369724,0.2574795344731062,0.35164204865089344,0.06256613872649516,0.004202122415034885,0.059292995430771725,0.06583928202221859,,,,
all,record,later_capability_damage_any_path,M+R,logistic,5,36000,0.07802777777777778,0.859787474724869,0.005151193175049676,0.8559861532515429,0.8639200729071614,0.40786119671344645,0.05278835944152942,0.36247950042818144,0.446529412652125,0.7784856354820073,0.00651154887994456,0.7737978466401224,0.7837381594992375,0.3549315565853412,0.023470174298644994,0.33500277347752444,0.37246547828747223,0.15282684606939304,0.00553353993168829,0.14862886014201465,0.15691091304690447,,,,
all,record,later_capability_damage_any_path,M+R,random_forest,5,36000,0.07802777777777778,0.8501984900982155,0.003732990661397672,0.8471320202119772,0.8529901791394238,0.3747209995617494,0.0400267477612829,0.3425247084715049,0.40438106119617323,0.6811999928711081,0.011626141378979599,0.6720547965267054,0.6900357133157862,0.4050815673864749,0.029320662051317815,0.3795746477257532,0.42512187382913247,0.0730096281747147,0.003747639741891974,0.07019758815814124,0.07589396111575215,,,,
all,record,later_clean_any_path,B+M+L+R,logistic,5,36000,0.1013611111111111,0.6883210535405685,0.02445350113321475,0.6699115547422255,0.7067305523389115,0.19078938904543946,0.028180879607451116,0.16852098576219182,0.21193154129322594,0.6289737613879557,0.013158451090883743,0.6190056556384727,0.6388949722384327,0.24950042511146994,0.015952477210573416,0.23690102110459824,0.2620998291183416,0.2243001463882516,0.011767087611943675,0.2143351284585422,0.23233321090819237,,,,
all,record,later_clean_any_path,B+M+L+R,random_forest,5,36000,0.1013611111111111,0.8137873962610367,0.009384314377061066,0.8063377602390587,0.8212370322830147,0.3238424357527105,0.03514167546183433,0.30009395967840413,0.3557298283352023,0.5619408875645909,0.014564368715847287,0.552382163032758,0.5743597858656443,0.2166683003527304,0.03992508337046535,0.1907519595500803,0.25112084000518836,0.08597267143909791,0.0023397165056165937,0.08459426126090444,0.08811867007428598,,,,
all,record,later_clean_any_path,B+M+R,logistic,5,36000,0.1013611111111111,0.6878009660536197,0.02267296962448065,0.6704367474013925,0.7051651847058468,0.1889675647614752,0.02645329925985523,0.16816095390384136,0.20804715294317938,0.6305355697461662,0.01067265174624298,0.6223500533594537,0.6387210861328787,0.25015257399911556,0.014578386704653926,0.2385779734174068,0.26172717458082434,0.22462207241135915,0.01185459963218277,0.21459437922925567,0.23265910720889868,,,,
all,record,later_clean_any_path,B+M+R,random_forest,5,36000,0.1013611111111111,0.8126543683213541,0.01014339876877442,0.804799584236483,0.8205095333746172,0.32450162694814855,0.03320666308242672,0.3005349057314132,0.35496401950770357,0.5704837417254078,0.01883239278216391,0.5595859275345508,0.5875339999544595,0.23803993665083872,0.04794374406815467,0.2108837951517027,0.28123873205074806,0.08677337676484739,0.0024756114672568547,0.08530575707836988,0.0890223033735641,,,,
all,record,later_clean_any_path,M+R,logistic,5,36000,0.1013611111111111,0.6544298772064155,0.01837774369886657,0.6406672026475381,0.668192551765293,0.16345131701003343,0.0132564222765802,0.15317728035999761,0.17370705029779063,0.6143053345065779,0.016991759937688287,0.599836665216357,0.6264586419144186,0.23570996259574536,0.011280477955950432,0.22609623355559566,0.2440977949796988,0.23283915690897028,0.010032700370877508,0.2236779410747018,0.2400597208168053,,,,
all,record,later_clean_any_path,M+R,random_forest,5,36000,0.1013611111111111,0.8038447339634113,0.008226715886000598,0.797260348029166,0.8100700757114445,0.3417450737681372,0.039880014798760834,0.31128765165920624,0.37713045077837876,0.6433812045753882,0.01004879353811282,0.6355520111343631,0.6510423352589442,0.3668917046598081,0.025092967556260996,0.34660978337878473,0.3878049451438731,0.09612659238923342,0.0018968429188544948,0.0948559511786395,0.09784752373641421,,,,
all,record,later_clean_enhancement_path,B+M+L+R,logistic,5,36000,0.05097222222222222,0.8395959478942713,0.01606251418567037,0.8255792698291933,0.8501369959374052,0.30784583014567796,0.051113147718182796,0.2622518130346988,0.34599229714535273,0.7575089491208016,0.021866027636594065,0.7380309493992481,0.7705656474995932,0.2502077819664193,0.0228350506587479,0.2298221102305357,0.26196812708901557,0.15662004528623025,0.012667721236414261,0.14565973901986567,0.16603612820776284,,,,
all,record,later_clean_enhancement_path,B+M+L+R,random_forest,5,36000,0.05097222222222222,0.854050477449463,0.018382118521361287,0.8382792475895681,0.8652074232299837,0.28690776733740153,0.038125701362010996,0.25355197981971556,0.3134339927063198,0.563543393272542,0.01596025581998661,0.5506410685222954,0.5756629928337166,0.20943506939960038,0.04593919425521054,0.17240016221638813,0.24462875781100452,0.04527966622794639,0.0023014923312553548,0.043455992802148416,0.046889466600043825,,,,
all,record,later_clean_enhancement_path,B+M+R,logistic,5,36000,0.05097222222222222,0.8386742016521886,0.016875173635781292,0.8239607712929586,0.8497310805583462,0.30899264440520086,0.0535608051321521,0.2613612496018281,0.34895330401832547,0.7549271079873853,0.021855346298492433,0.7352908667266524,0.7666355912903613,0.2478404671708824,0.02333991889116769,0.22695796322638156,0.2594165152073503,0.15710640508263884,0.01299020327851153,0.14581826855989247,0.16676051730105862,,,,
all,record,later_clean_enhancement_path,B+M+R,random_forest,5,36000,0.05097222222222222,0.85076227466538,0.01857192315075186,0.8344597994962861,0.8626315837771061,0.28160660759835576,0.04296075667735475,0.24490714189396273,0.3124351280356624,0.5660451463854661,0.013482210579156632,0.5556159517402248,0.5764743410307073,0.21483416016828866,0.03942667073094989,0.18424632304836938,0.2454219972882079,0.04576817591198212,0.0023309514187858887,0.04381894154354362,0.04728045619780113,,,,
all,record,later_clean_enhancement_path,M+R,logistic,5,36000,0.05097222222222222,0.8317893342252868,0.017526979035778836,0.8156783068423232,0.8428923056313444,0.31522738277342366,0.05164802870182399,0.26880958503036906,0.3534201465026361,0.7529369245742114,0.024585680369504797,0.731420388379961,0.7677942009958121,0.24279951203825895,0.022424418363296852,0.22344647893039712,0.25569490726004623,0.1608644770786856,0.011708783351357931,0.1514765008258086,0.16944726634967613,,,,
all,record,later_clean_enhancement_path,M+R,random_forest,5,36000,0.05097222222222222,0.845595045585631,0.021415074993173536,0.8265009972849239,0.8579875070208155,0.300819745167654,0.0397312114482662,0.2648095291413829,0.3304051123650868,0.6538704330537534,0.021975352791845447,0.6346119867369759,0.6683736695114378,0.34920231255639866,0.0422285940426139,0.31131750601851255,0.3769099551588592,0.05333811859037711,0.002788093355090794,0.05099911948196386,0.055226245113230765,,,,
all,record,later_clean_suppression_path,B+M+L+R,logistic,5,36000,0.05247222222222222,0.8510702033785605,0.019505280384920616,0.8334811653216324,0.8622054128363776,0.32897353539270996,0.07289551676764518,0.2690883670535652,0.3776605075959808,0.7732350223541943,0.013521931253457872,0.7634381292832944,0.7832678659133698,0.2702571655047018,0.030307676586520154,0.24681018920998604,0.29272518105698164,0.15101761925679258,0.0062078537111178835,0.1464212632639446,0.15604002772318465,,,,
all,record,later_clean_suppression_path,B+M+L+R,random_forest,5,36000,0.05247222222222222,0.8615585598378758,0.01025758346186135,0.8535573384011896,0.8687620504328855,0.29399827689886915,0.05005720398075161,0.25776318524620856,0.3376275544939349,0.5599464818102465,0.019908492115642024,0.5449210495412713,0.5749660937649176,0.19607054090311324,0.0556432092186056,0.15498181994495222,0.23710805315901612,0.046209485337967406,0.0025911887659722855,0.04414256833258555,0.048145721195143903,,,,
all,record,later_clean_suppression_path,B+M+R,logistic,5,36000,0.05247222222222222,0.8510398541685642,0.01933091712125154,0.8336870235294519,0.8624841065563846,0.32803488878149867,0.07315924565612622,0.267073572621143,0.37842850481646806,0.7716465951662299,0.014003108282720209,0.762076297095661,0.7834950189561066,0.2688845400810921,0.02911467297072667,0.24586188287744265,0.2898922555413054,0.15121350633510794,0.005996086370473535,0.14685501356731762,0.15616448534267158,,,,
all,record,later_clean_suppression_path,B+M+R,random_forest,5,36000,0.05247222222222222,0.861004430135387,0.011505197678509235,0.8508493725401843,0.8687142872128524,0.2905986936500689,0.05503169890957581,0.2517581368803459,0.3387224622461452,0.5699427205982801,0.022744123939871106,0.5540069773160984,0.5879838384457978,0.21943520671881664,0.06038524828800554,0.1776886143858621,0.2695011749937402,0.046664572512730755,0.0024988908840191102,0.04463267779853671,0.04854681110588084,,,,
all,record,later_clean_suppression_path,M+R,logistic,5,36000,0.05247222222222222,0.8426846423803109,0.018948091957041877,0.8256003479525361,0.8546153684862159,0.32934874119306967,0.06441257131405168,0.274667181853573,0.3744609109987091,0.7639994135205024,0.012638700384452363,0.7527166462418176,0.7723053126418226,0.25765830907824333,0.029699105836367402,0.23422073716459768,0.27857511006156815,0.15650058729526123,0.004612844166167635,0.15281499508333027,0.16006381892868154,,,,
all,record,later_clean_suppression_path,M+R,random_forest,5,36000,0.05247222222222222,0.8572862444017757,0.014661807295974529,0.8443465864196196,0.8669073823573724,0.3107049527671106,0.062015361390823025,0.2604573973166374,0.3555634605065399,0.6706958873083527,0.020115360408367963,0.6544036798086739,0.6843695470973239,0.3704304709676149,0.052914975904166474,0.3290288955320645,0.40778898240078953,0.05419274602573017,0.0025162479274841235,0.0521496065551692,0.05599803649864175,,,,
all,record,later_enhancement_path,B+M+L+R,logistic,5,36000,0.05408333333333334,0.8393065874031344,0.013715416875962796,0.8282414205127824,0.8489444262722419,0.3248905678310595,0.052808087662790305,0.277330359971636,0.3616752043554293,0.7580154975449308,0.015470550318900548,0.7452967756351121,0.7687014782466589,0.26086068676415786,0.02358686018535522,0.2406602071601154,0.2751558156588501,0.15673115409050337,0.013188068414107764,0.14528809831363526,0.16677305681431753,,,,
all,record,later_enhancement_path,B+M+L+R,random_forest,5,36000,0.05408333333333334,0.8545255921709269,0.014932886298752604,0.8409770692900395,0.8630903522328136,0.31095944517137114,0.05193806991601739,0.2659144989993706,0.3451745691150106,0.571078745377718,0.01568859507460596,0.5585992471590331,0.5835898879575855,0.22966660260248442,0.0429649332354412,0.19428708364966701,0.262522967499753,0.047220327417540196,0.002037389841350643,0.04559366923449526,0.04871984389359842,,,,
all,record,later_enhancement_path,B+M+R,logistic,5,36000,0.05408333333333334,0.8385334773755144,0.014244328595380733,0.8265073260390079,0.8482132182925122,0.32638608638521205,0.05495325185817602,0.27685744878333873,0.3644539724949855,0.7561164267351818,0.014855065172721324,0.7444458843894431,0.7669166791979988,0.2592287706714347,0.023023407765560954,0.23924797957283772,0.27309496905356456,0.157193820368062,0.013525434393308415,0.1454068877326208,0.16747308887253146,,,,
all,record,later_enhancement_path,B+M+R,random_forest,5,36000,0.05408333333333334,0.8548696597811365,0.013639968272075703,0.8426021046425898,0.8626237263472236,0.30792102185581705,0.04767084520852503,0.26606383854376403,0.33818422357540134,0.5772943659539606,0.01572207920246589,0.5659916205622735,0.5892217946756922,0.24417104178167665,0.04297778069921063,0.21271609681137155,0.27528660945316535,0.047699817540488354,0.002034278677369127,0.046043263121636056,0.04913762964137045,,,,
all,record,later_enhancement_path,M+R,logistic,5,36000,0.05408333333333334,0.8307107523598576,0.014961320970889846,0.8176572186636015,0.8393432307116322,0.3302758477909765,0.05403986027559126,0.2833961118065178,0.36730895586230095,0.7516525146145476,0.018273494853570254,0.7367484055486038,0.7638358472089266,0.25176856304127676,0.022340792224587683,0.23292616520770867,0.26562394766635355,0.16128356944011096,0.011877747056139141,0.15149527222162074,0.17042546143629425,,,,
all,record,later_enhancement_path,M+R,random_forest,5,36000,0.05408333333333334,0.8466896157661971,0.021332650795091876,0.8280503153472496,0.8582990034108215,0.3163707882570577,0.04318438659836889,0.2831857506651936,0.3483799358023331,0.6604200414178415,0.022806995951400896,0.6420007870039951,0.6760946049581228,0.35951750590574993,0.04473858001769258,0.3239289090535474,0.3899220942604962,0.05549551592111381,0.002387126648773217,0.05345849604029562,0.05707212159285561,,,,
all,record,later_neighbor_damage_any_path,B+M+L+R,logistic,5,36000,0.0786111111111111,0.8517233644893756,0.015838779978286848,0.8371636072664408,0.8610353546227472,0.4180159015890773,0.042381843835297535,0.38173037939443333,0.44710594497972805,0.7765112477405325,0.0167662557355213,0.7613728402844503,0.7861175034444585,0.3574973239362276,0.026844327128024387,0.3361680880052499,0.3792754922140425,0.1521806902413726,0.010851096617650564,0.14335603612655853,0.16086742280978922,,,,
all,record,later_neighbor_damage_any_path,B+M+L+R,random_forest,5,36000,0.0786111111111111,0.8578816307521479,0.011402819908108193,0.848132553099396,0.8653110429307607,0.39952077939248243,0.033965156443005906,0.37394918519055,0.42509237359441493,0.6138610146300552,0.017409756699688094,0.6032177448798767,0.6301431005275968,0.33612749759476696,0.03871948544640686,0.310581011560476,0.3712764137192928,0.06282967799060493,0.0030903688015585986,0.060587102477482765,0.06557530501015098,,,,
all,record,later_neighbor_damage_any_path,B+M+R,logistic,5,36000,0.0786111111111111,0.851222509911382,0.015799478647369747,0.8366306946632566,0.8604783466078615,0.4183960641091625,0.041835616675203,0.38214405460766304,0.4471401728193799,0.7744015708608404,0.01858602168117824,0.7573227567112488,0.7873104923317236,0.3563803595877378,0.029792327203602927,0.3332044959077571,0.3822522749855312,0.15238447417236892,0.010687414596428291,0.14375891277922442,0.1609864813833044,,,,
all,record,later_neighbor_damage_any_path,B+M+R,random_forest,5,36000,0.0786111111111111,0.8591090857808247,0.01140454218743134,0.8492621235466092,0.8671094001833131,0.4005203014384914,0.03316509686379274,0.3764196965756075,0.4242312354564747,0.6223612324902686,0.016121916486891354,0.6111467748380834,0.6365922363521108,0.3529113228636316,0.032342565999820126,0.3308352190851602,0.3821656121656122,0.06288557000298392,0.003096593941496483,0.06073386072936952,0.06565821398401092,,,,
all,record,later_neighbor_damage_any_path,M+R,logistic,5,36000,0.0786111111111111,0.8431791898331588,0.0168674038841234,0.8277128642724136,0.8524856464399496,0.4212856959926531,0.03480478489265994,0.3896745842328029,0.44517135650281175,0.7659891042033646,0.021237345398333825,0.7461905761803275,0.7780236106140632,0.34512724331001016,0.028949034636628176,0.3213635072345362,0.36936215463242317,0.1564235268956613,0.010717739477419297,0.14794316695583748,0.16490923600469223,,,,
all,record,later_neighbor_damage_any_path,M+R,random_forest,5,36000,0.0786111111111111,0.8540893577239828,0.013568045877466628,0.841648371254019,0.8615912922222713,0.40374122697053183,0.02853660313474408,0.3812653186261528,0.42511631420743096,0.6951795653026063,0.012129019644962808,0.6844160699470814,0.7041293084299908,0.43301817877306714,0.018900755942492155,0.41583025375355753,0.4425006560235736,0.07164182529640661,0.003940853386849939,0.06946599133765148,0.07518574200892118,,,,
all,record,later_suppression_path,B+M+L+R,logistic,5,36000,0.05625,0.8544399595272104,0.017972988942448028,0.8383633045267346,0.8634613545485774,0.35180678896789175,0.07846901398360714,0.2859337426124639,0.40321734498976625,0.7776651968357235,0.01328834375021267,0.7663854482947375,0.7859263957733545,0.28801127711658664,0.0351012738737619,0.2592867408789929,0.31324674823353754,0.1497307083959719,0.006280395282445267,0.145079140816557,0.15479996839865162,,,,
all,record,later_suppression_path,B+M+L+R,random_forest,5,36000,0.05625,0.868553122908813,0.011236603459041008,0.858579199851083,0.8753303022187036,0.32010560228263774,0.05330476706051005,0.280173640078861,0.3639303841373916,0.58027243747528,0.021424621703786874,0.5627725050397541,0.5963106150773638,0.24865781509246143,0.05614416129865329,0.20285376545008255,0.29133187139876104,0.0484268255615458,0.0030556012258514905,0.045922155937757794,0.05072968814485227,,,,
all,record,later_suppression_path,B+M+R,logistic,5,36000,0.05625,0.8544017288949245,0.01779462771198327,0.8383414645992996,0.8635215601792702,0.3510936806852502,0.0789298968904071,0.2855458787752257,0.4025247691762253,0.7786189257287697,0.01194272083026417,0.7684371985482144,0.7864880507725599,0.28889983875479575,0.03321093921808703,0.26199371005640265,0.3128811481154524,0.1498781164319392,0.006137352017534767,0.14540801227507158,0.15497782939967353,,,,
all,record,later_suppression_path,B+M+R,random_forest,5,36000,0.05625,0.8654541830895391,0.010604778847520995,0.8560103321420371,0.8710048909913862,0.3173813777878955,0.051880167581034614,0.27829598683858386,0.35715141022734953,0.5841447327108641,0.024509352719736883,0.5651507315613878,0.6031387338603402,0.25588937495289305,0.06470262551676856,0.20673592254376727,0.3079056617061779,0.048796429055921645,0.0030707158267254827,0.046358669528094955,0.05114741110959651,,,,
all,record,later_suppression_path,M+R,logistic,5,36000,0.05625,0.8447428566526222,0.01744211647389527,0.8298037097875173,0.8554000737584625,0.352950122766842,0.07074526290088652,0.29499061115559455,0.40043551801937316,0.7631279127865256,0.009164093720799031,0.7556404105275055,0.7695676820615496,0.27059021920562853,0.02936330346920235,0.2468155081765544,0.29143532752347767,0.15576592225609465,0.0044342253665251765,0.15227944341813876,0.15925240109405053,,,,
all,record,later_suppression_path,M+R,random_forest,5,36000,0.05625,0.8603584126375138,0.01674571038123631,0.8460147603650909,0.8714491770473044,0.3403160536941584,0.06430296439896191,0.2879006088195567,0.38765342491266785,0.6845884227362293,0.016924958968884605,0.671728433648008,0.6974484118244507,0.3943640613220262,0.047524261493502,0.3591525486442255,0.4302644250648925,0.05642064014977159,0.0027371295904876107,0.05406855369030319,0.058318601657503,,,,
all,record,later_target_any_path,B+M+L+R,logistic,5,36000,0.10802777777777779,0.6927066855374594,0.021457778901278552,0.6767438987694325,0.7099696643364362,0.20343065364775934,0.024885551134079253,0.18443519943530037,0.22239745669541233,0.6335686062342092,0.01371240734048586,0.623625573405694,0.6448302913692936,0.2650324717238893,0.016882320176135824,0.2527554986112784,0.27945189106730606,0.22345172320175993,0.012123977906772413,0.21328223936469887,0.23157823563092195,,,,
all,record,later_target_any_path,B+M+L+R,random_forest,5,36000,0.10802777777777779,0.8202257461360857,0.008340924561362147,0.8137206349984876,0.8264965605131309,0.35662563693965593,0.031560493550543696,0.33643267484055894,0.38491238408321177,0.5784903215373167,0.016583997700904223,0.5681707972849093,0.5936462629337829,0.2610134590902619,0.04224383206996967,0.23540956085919396,0.299339286061953,0.08897516864664437,0.002392868954257368,0.08748353388788684,0.09111382236829266,,,,
all,record,later_target_any_path,B+M+R,logistic,5,36000,0.10802777777777779,0.6926837688172229,0.02009383059680189,0.677488164109757,0.7086854443740052,0.20191633786750596,0.023706504061121483,0.18417283741966184,0.21965983831535008,0.6358176773601721,0.013058699564446297,0.6272248425725511,0.6471729984823674,0.26616825398477373,0.01749943533632884,0.2533152108047317,0.281052091800785,0.22367221706171952,0.012205759157212477,0.21343857422814927,0.23179197589513797,,,,
all,record,later_target_any_path,B+M+R,random_forest,5,36000,0.10802777777777779,0.8181122810292243,0.00853730379486823,0.8114877402457761,0.8247368218126724,0.3526834599677734,0.03451338846872706,0.3289824105122058,0.38378017120896246,0.5842445619367819,0.016536413651394934,0.572815477876539,0.5988925651940158,0.27394265394265394,0.040378326938952575,0.2468860068860069,0.3097643097643098,0.08994908664582468,0.002355857226644478,0.0884256280671936,0.09203983477579483,,,,
all,record,later_target_any_path,M+R,logistic,5,36000,0.10802777777777779,0.6544210713366615,0.01747658167256634,0.6413538424587747,0.6674695557600842,0.16812951575829413,0.007195830651790027,0.162936811460007,0.1737252209545794,0.6156269266684146,0.014661115855581686,0.6036108026531272,0.6261112136544377,0.24846667346913653,0.011910028075943796,0.23903367102832904,0.25741044315962214,0.23266958044331876,0.010104959815668623,0.22347888666336985,0.23996562469732913,,,,
all,record,later_target_any_path,M+R,random_forest,5,36000,0.10802777777777779,0.8095144358562235,0.008664565393329972,0.802722471005905,0.8163064007065423,0.37212572261072185,0.04110727045511181,0.3451109916836622,0.40758236900808653,0.6613375582512544,0.014456124987684149,0.6513703227651135,0.6735434249166766,0.3998823563767707,0.032269580061257686,0.3788548807003551,0.4276773609826197,0.09907394787371415,0.0019617929744762826,0.0976417692881567,0.10066100007566223,,,,
learned,dataset,later_capability_damage_any_path,B+M+L+R,logistic,5,24000,0.07868551149756876,0.8590492544762871,0.006720066906029528,0.8536350953929344,0.8641293309262906,0.3975399740049126,0.014197054816571636,0.38572673632283033,0.4080747939898881,0.777749156901723,0.012453468898667485,0.7680292859245267,0.7879942057953082,0.3459070464182158,0.011682166538381404,0.33801853527292935,0.35588870488550706,0.16349375469234367,0.009480521037985249,0.1565170219679347,0.17089193557980753,,,,
learned,dataset,later_capability_damage_any_path,B+M+L+R,random_forest,5,24000,0.07868551149756876,0.8491522563656042,0.007133344984617389,0.8437715979073701,0.8546989876341629,0.37966383897126316,0.011466602193162506,0.3710805956208313,0.3882578568320942,0.6066850103899071,0.010895361702060215,0.5983224162525136,0.6150476045273007,0.3184251372191571,0.021571806111862477,0.3015423796099127,0.3353078948284014,0.06488714281451854,0.002981233246636182,0.06275150772765806,0.06737156181430295,,,,
learned,dataset,later_capability_damage_any_path,B+M+R,logistic,5,24000,0.07868551149756876,0.8592395494103728,0.006944898891140557,0.8537158974305736,0.8645266762343777,0.3979520762815996,0.014214421109211589,0.3863246382130283,0.4086082094100331,0.776764221526251,0.012244858301369812,0.7680011276779307,0.7868976482627781,0.34499438113788794,0.01240203681468909,0.3373658019804797,0.3557445627445091,0.1634590538542002,0.009462214611417472,0.15644702874392788,0.17082186990977138,,,,
learned,dataset,later_capability_damage_any_path,B+M+R,random_forest,5,24000,0.07868551149756876,0.8499858029152211,0.006470235896099491,0.8451792761943293,0.8550338419178936,0.38481110407948454,0.011101531940914528,0.3752571272023846,0.39194287781132986,0.6066135036805108,0.00870416498157497,0.5998154357029826,0.6138211284947558,0.3183910529360703,0.019403552057700228,0.3024812748215079,0.33448381664573584,0.06510297696012617,0.002961766514748877,0.06289665974362335,0.06760931071167703,,,,
learned,dataset,later_capability_damage_any_path,M+R,logistic,5,24000,0.07868551149756876,0.8543754864354508,0.00843286019803389,0.8479265100718045,0.8608244627990971,0.39294170136216994,0.021319132767299603,0.3758620120372459,0.40849937252965063,0.7729652833568117,0.008878194656174,0.7665498659871538,0.7806863295416289,0.3373237236273693,0.011240326811779123,0.328923997510242,0.34590348314911856,0.167862357607099,0.00889348357694584,0.16115816399867686,0.1748375895774993,,,,
learned,dataset,later_capability_damage_any_path,M+R,random_forest,5,24000,0.07868551149756876,0.844896684257187,0.008303800797590018,0.8384866573561558,0.8513067111582183,0.3722807912946865,0.011339326967674432,0.36364261414050386,0.3818912089063342,0.6795189177566937,0.007195363469884964,0.6740432719241511,0.685092372376358,0.405247892058039,0.014658314418802524,0.39416435365663494,0.41701439121253925,0.07473741213860004,0.003004981826909174,0.07249701586846491,0.07732256756831471,,,,
learned,dataset,later_clean_any_path,B+M+L+R,logistic,5,24000,0.09860623424626294,0.5833963652341249,0.08545766944679627,0.5189377070820635,0.6575547667851662,0.14685232846443363,0.08426348619157223,0.07961916059262525,0.2111282082189816,0.5276280612241037,0.043951307738954906,0.4904693201700422,0.5590996471423206,0.16537205690017934,0.09421530533154363,0.09234394307139938,0.23840017072895936,0.18275275260364854,0.030104655980797562,0.15950967326328844,0.20599583194400864,,,,
learned,dataset,later_clean_any_path,B+M+L+R,random_forest,5,24000,0.09860623424626294,0.7940052967869294,0.04148598059103523,0.7609927970659213,0.8270177965079377,0.30460696346326605,0.08262251869508266,0.2423346842711584,0.36886206531495497,0.548421154684819,0.02833228884633328,0.5289074371964791,0.5725991487048911,0.17561035941238837,0.0873453491724717,0.1109693174476237,0.24935797926147812,0.08520662048350934,0.029769639669158476,0.06308794446397892,0.10732529650303976,,,,
learned,dataset,later_clean_any_path,B+M+R,logistic,5,24000,0.09860623424626294,0.5799035672275915,0.08614508639242086,0.5131031491718775,0.6548769813096749,0.1459321272061874,0.08460384673648656,0.07951535247718917,0.21036095363722226,0.5275857220686001,0.04069634378229088,0.49341674694293214,0.5567534244710381,0.16331976193583692,0.09156112165274406,0.09249784456609689,0.23414167930557692,0.18270828176612522,0.029814951488723367,0.15924364074443892,0.20544812136024868,,,,
learned,dataset,later_clean_any_path,B+M+R,random_forest,5,24000,0.09860623424626294,0.7914229373134635,0.04013740222495133,0.75951736753113,0.8233285070957969,0.3005419782547823,0.08037019830564981,0.23752788284997312,0.36318847606314886,0.550484978631259,0.03196337214954459,0.5273771690812745,0.5782824711994446,0.18076908434305933,0.09729704877029632,0.10662675803363966,0.2591922544587374,0.08588196738185302,0.02980316213445453,0.06369291575662403,0.10807101900708202,,,,
learned,dataset,later_clean_any_path,M+R,logistic,5,24000,0.09860623424626294,0.4844241484936546,0.057252576766180556,0.4348075362837479,0.5241911874000277,0.12319718650233384,0.07198510664931022,0.06628453445117181,0.1784674360871892,0.48889712246657363,0.05265047639361023,0.44211179946330326,0.5197645351473954,0.06339853633100428,0.07760439143686208,0.016727806309611154,0.13408616940325735,0.18983948786232263,0.028777453655683436,0.1670290990873201,0.21239047287277807,,,,
learned,dataset,later_clean_any_path,M+R,random_forest,5,24000,0.09860623424626294,0.7817490768733152,0.030362892190682028,0.7582496401584221,0.8052485135882084,0.3278489711210415,0.06018601547056709,0.28209875773996085,0.3735991845021222,0.621033249355944,0.029984570667370366,0.5945411562907187,0.6405066234146408,0.33283899039910625,0.06757169722045273,0.27816847801033073,0.38289643517772104,0.09248621257100428,0.03176662193732631,0.06884453070084705,0.11612789444116152,,,,
learned,dataset,later_clean_enhancement_path,B+M+L+R,logistic,5,24000,0.05067197151690299,0.8043300803631179,0.011128040778375177,0.7957141772718129,0.812926188725924,0.25796542767917224,0.08512537041124833,0.19135598966783335,0.32041104353309413,0.7363737082656424,0.021164880785431564,0.7187319656270141,0.7519271750238558,0.2518283046606947,0.0882985795300283,0.173626427953458,0.3068438427519352,0.14374019959787407,0.023268899349195134,0.12632727837116772,0.1626104308306337,,,,
learned,dataset,later_clean_enhancement_path,B+M+L+R,random_forest,5,24000,0.05067197151690299,0.8370571413809254,0.018667883805369077,0.8229356410487279,0.8509857738540763,0.27342748903658315,0.051882231996585274,0.23214589439915262,0.31470908367401373,0.5512367813200312,0.026053627861876694,0.5272574896306312,0.5661044538612711,0.1714059475268222,0.08475846363695783,0.09460016867556331,0.21985060301297832,0.04592989374401463,0.01649197979747426,0.033082197840935176,0.05786811740543294,,,,
learned,dataset,later_clean_enhancement_path,B+M+R,logistic,5,24000,0.05067197151690299,0.8033099929381876,0.011079793937918874,0.7948262140766997,0.8119470649129286,0.2569887136367638,0.0872658459857718,0.18889873756251027,0.3220728284259345,0.7330538913355136,0.017801907839338438,0.7187463521712879,0.7466372170158073,0.24981125037656074,0.08727587603431443,0.1708481182705715,0.3033117287696727,0.14400293143104262,0.02347724265849834,0.12684906662124554,0.1635190073983082,,,,
learned,dataset,later_clean_enhancement_path,B+M+R,random_forest,5,24000,0.05067197151690299,0.8353276382027823,0.020138461954890104,0.8203282132218066,0.8503270631837581,0.2610458803593364,0.05904335464076532,0.214176080926845,0.3079156797918277,0.5474144329468341,0.02414982853662329,0.526035942208767,0.5623473948627519,0.15943559014381053,0.07968281564871495,0.08835352869076239,0.20827649715894575,0.04638857664066047,0.016501377995842854,0.033506926101928514,0.05828564394007037,,,,
learned,dataset,later_clean_enhancement_path,M+R,logistic,5,24000,0.05067197151690299,0.7963833441933046,0.023202601385341307,0.7779541255931541,0.8138844520064635,0.27396691453673705,0.07591027059457761,0.2174479535460893,0.3350568040783026,0.7272131781187425,0.016767021627736477,0.712578486176192,0.7389873847999192,0.2437264537468729,0.08656281641696438,0.1689702703858566,0.29611348031092893,0.14776686066198041,0.020412560583047284,0.1302904864180585,0.16250842482281586,,,,
learned,dataset,later_clean_enhancement_path,M+R,random_forest,5,24000,0.05067197151690299,0.8345475715358095,0.02845203883145768,0.8176586228129293,0.8604727692394842,0.28771085723160267,0.05145249181626601,0.24958220664521863,0.33117642491782967,0.6257988485298671,0.043143612202020974,0.5896973072137482,0.6555101510103846,0.2945766450435071,0.0733878337818951,0.2304418626170623,0.3520474189116523,0.05291433791407013,0.017574409881043314,0.03947460671640286,0.06569580340264428,,,,
learned,dataset,later_clean_suppression_path,B+M+L+R,logistic,5,24000,0.050262873451857606,0.8323259854213612,0.021753456433803327,0.8159841481417892,0.850047784384542,0.30086787490603784,0.054979809571021075,0.2550584607604307,0.342318241262898,0.7484784225635301,0.02218271084990427,0.7326570274820818,0.7669414703934377,0.2798054329693941,0.09677275383215785,0.19496217268147703,0.33194872063793035,0.12603831568550897,0.015571547655187042,0.11468729545199714,0.13777679497402973,,,,
learned,dataset,later_clean_suppression_path,B+M+L+R,random_forest,5,24000,0.050262873451857606,0.8586026767441796,0.024405843952456978,0.8398181386104586,0.8773872148779006,0.28026262815340647,0.0712270294523078,0.2174883160172348,0.3318338331969285,0.5548353508623368,0.034826270667729836,0.5293822606001146,0.58267996094593,0.17880326981601438,0.10117368838661883,0.1006526847688776,0.2544255908903622,0.04518469153627482,0.017000264729836838,0.03242855692892986,0.0579408261436198,,,,
learned,dataset,later_clean_suppression_path,B+M+R,logistic,5,24000,0.050262873451857606,0.8312003698800859,0.020699312597389722,0.815385494078603,0.8476886429054751,0.29864706451534095,0.05382629259942843,0.2533024132313235,0.33929028682028556,0.7534717218407013,0.01868117478240348,0.7401822460921578,0.7684446918295302,0.2826911273032874,0.09339787031843198,0.20110421626907532,0.33267675730744983,0.1260479849294638,0.0153903933246969,0.11509564582020178,0.13784092242352647,,,,
learned,dataset,later_clean_suppression_path,B+M+R,random_forest,5,24000,0.050262873451857606,0.8580216272541448,0.02622116529064872,0.8372839062951941,0.8779905755550015,0.2836618482544443,0.056183301449160665,0.2371636635963698,0.3227222589607124,0.5600165726716817,0.03183637252171883,0.5367137696309359,0.5873184298157221,0.19421024285736713,0.08484833588293116,0.1308557497285448,0.26499211834914316,0.04565533870274263,0.017194389639341508,0.032765457919913296,0.05854521948557197,,,,
learned,dataset,later_clean_suppression_path,M+R,logistic,5,24000,0.050262873451857606,0.8231344252502192,0.03152080627369642,0.7979411086437261,0.8465533667345115,0.3115069855039164,0.04094518510464822,0.27483587942978244,0.3360564784369847,0.7532014201378628,0.0191689850554815,0.7387720134520395,0.7667200955485403,0.2816791324113897,0.0988954207554894,0.19784559469374072,0.3425020449223243,0.12977297627927098,0.016655175361450874,0.11709495321374404,0.14245099934479794,,,,
learned,dataset,later_clean_suppression_path,M+R,random_forest,5,24000,0.050262873451857606,0.8497089261993078,0.02945394002755601,0.8289232600196705,0.8725796069754622,0.2948226180994057,0.057907098775630876,0.24554304525464715,0.33023467736078466,0.6601459798360573,0.01877814335955356,0.6434298643823523,0.6720050486887239,0.3589591466120729,0.048126399193221946,0.3213843544686249,0.39653393875552084,0.051530630632441385,0.0183955892391467,0.03768278485827948,0.0653784764066033,,,,
learned,dataset,later_enhancement_path,B+M+L+R,logistic,5,24000,0.0529268748329955,0.801006280070995,0.007919246517304662,0.7958421243789806,0.8075961084163582,0.26630378567035884,0.0924601404174927,0.1934814318859333,0.3341662558478324,0.737555241621388,0.02064487097150243,0.720468968589114,0.7530224231824709,0.2624401548064454,0.09162925922329149,0.18110513215597962,0.31803405713595145,0.14249469410810994,0.022744558868936553,0.1249183415985549,0.16071200349168066,,,,
learned,dataset,later_enhancement_path,B+M+L+R,random_forest,5,24000,0.0529268748329955,0.836392390383964,0.01681514657326663,0.8240295572694241,0.8505238293448517,0.2746344931752386,0.06364973759763676,0.22446042502500313,0.32480856132547403,0.5515768288985434,0.024521053538739197,0.529868983690738,0.5672734181220294,0.17398419132554072,0.07910589572120544,0.10437197211390759,0.22606026532311674,0.047469256259677364,0.01682599691395958,0.03448470702760177,0.05966571532405694,,,,
learned,dataset,later_enhancement_path,B+M+R,logistic,5,24000,0.0529268748329955,0.8003292399784003,0.007674564204022848,0.7949971022365458,0.8069525253448784,0.26641266469942515,0.09426719485927408,0.1918651042007528,0.3364019727784743,0.7285854457823226,0.015339958695938124,0.7148570754481083,0.7399215463165252,0.2578546864711099,0.0942556273216932,0.17379518640868336,0.31502402641471405,0.14275736402479156,0.022933342111321794,0.12539727875057075,0.16161597181503082,,,,
learned,dataset,later_enhancement_path,B+M+R,random_forest,5,24000,0.0529268748329955,0.8379583794961123,0.021994808574592076,0.8215136631262675,0.8544030958659569,0.272672521603607,0.06483395368544233,0.22134518179940846,0.32399986140780557,0.5508007754492361,0.02198727821453017,0.5317492232408983,0.5664211617162737,0.17218827837561002,0.06885451749283472,0.11200975456965792,0.22172319075350208,0.04786233132352294,0.017008964979831807,0.034947821789600576,0.06019963323586861,,,,
learned,dataset,later_enhancement_path,M+R,logistic,5,24000,0.0529268748329955,0.7929707114424324,0.021083598874034652,0.7761194115403269,0.8089779438583541,0.28139159169975564,0.08037671822983321,0.22116259545441436,0.3477724888535862,0.7286617107824617,0.0177633412443821,0.7128284840408491,0.7412492564107106,0.2542817583532497,0.0913259389089921,0.1758522590288828,0.30942579768380224,0.14675310451211904,0.02054220694500419,0.12908792576895578,0.16135510749692378,,,,
learned,dataset,later_enhancement_path,M+R,random_forest,5,24000,0.0529268748329955,0.833552070214018,0.024622330307100933,0.8185794794536058,0.8554202809726453,0.2902368118263164,0.05667783720826127,0.24717075941733216,0.33555846754152036,0.6307476132964683,0.043980718330063916,0.5915959817859124,0.6651668926900172,0.3046770015149885,0.08298143024919115,0.2391505232650121,0.37245735425087345,0.05434889913702445,0.018464817041980497,0.040516516496276446,0.06799909614614325,,,,
learned,dataset,later_neighbor_damage_any_path,B+M+L+R,logistic,5,24000,0.0717747997009662,0.8321714624155632,0.02883442116971457,0.8105834937893306,0.8559915086524178,0.3488993892509881,0.1243386484129848,0.25150188485073605,0.42475804648643417,0.748930943411277,0.030674487808260785,0.7236440519922847,0.7735085719422479,0.3190090543632005,0.08778484366190316,0.24621272389282223,0.38025270859543053,0.1479864350767934,0.03256715392848613,0.12343274753157077,0.17327321897357764,,,,
learned,dataset,later_neighbor_damage_any_path,B+M+L+R,random_forest,5,24000,0.0717747997009662,0.8420773633739984,0.02812309021568947,0.8218475133995934,0.8658560318217889,0.34617218790721244,0.07285433643819848,0.284250187153826,0.3951995458860321,0.5812170071901553,0.0321247007170823,0.5566736613700444,0.6061494122129993,0.25645466133905803,0.08327634022944694,0.19201702686961494,0.3191898776816354,0.05958719767099555,0.020515318464762903,0.044200107422540755,0.0756479224717652,,,,
learned,dataset,later_neighbor_damage_any_path,B+M+R,logistic,5,24000,0.0717747997009662,0.8323626393485437,0.030876048453962,0.8094142878692294,0.8580016560321525,0.34791815192124736,0.12466985159008755,0.250092367270604,0.4239237506783381,0.7508577063782862,0.03338934711014151,0.7249381077521696,0.7793986601148338,0.3201026383070556,0.08707594523846833,0.24827118438782153,0.3798533948981793,0.1481076714568537,0.03219999528511585,0.12381262325108307,0.17299122328033928,,,,
learned,dataset,later_neighbor_damage_any_path,B+M+R,random_forest,5,24000,0.0717747997009662,0.8430746492944344,0.027454581597400444,0.8248425120059337,0.8666570242189173,0.34112561224292703,0.07115785988355819,0.28034598913233977,0.38892859270994445,0.5843508652576499,0.036281297793793674,0.556745042020656,0.6124462479907941,0.26266533090286226,0.0935440122044155,0.1904336699728486,0.33439918792031464,0.060076675438345925,0.020722227524297133,0.04462247202859787,0.0762452997669997,,,,
learned,dataset,later_neighbor_damage_any_path,M+R,logistic,5,24000,0.0717747997009662,0.8261018950676403,0.018371162694457148,0.8116835193521293,0.8410757481787986,0.3578052525354004,0.10243390827322381,0.27136332628364873,0.4264842765394152,0.7480882790860522,0.026244203552177384,0.7276415336540417,0.7694684015316102,0.3185984397062181,0.08730518769819079,0.24592658934338477,0.3820722207493431,0.15096620946724254,0.030538101702990005,0.12728263562905787,0.17464978330542724,,,,
learned,dataset,later_neighbor_damage_any_path,M+R,random_forest,5,24000,0.0717747997009662,0.8437525167643212,0.028736401689862783,0.8230253551631872,0.8685119251828611,0.35396308256681525,0.09859401413972747,0.279747964782962,0.4282636806526432,0.6588749691559881,0.03660594058696436,0.6319013263589817,0.687245575001228,0.37668979996751417,0.0754368981249215,0.31860796114454654,0.43477163879048186,0.0659545237386839,0.020244478930184693,0.05055140466035637,0.08206226116539274,,,,
learned,dataset,later_suppression_path,B+M+L+R,logistic,5,24000,0.05402196070947768,0.8339135002168823,0.021938619748399203,0.8193125002127518,0.8527608095283622,0.31893114582006854,0.06811007278405862,0.2605482582856591,0.36555373054817103,0.7521509350551072,0.017809478111234126,0.7387572425967031,0.7666841426794668,0.2986978604331914,0.10720639288670095,0.20553585637841973,0.35740078461422964,0.1234671441834539,0.016483483088201644,0.11098200187490263,0.13569346167067833,,,,
learned,dataset,later_suppression_path,B+M+L+R,random_forest,5,24000,0.05402196070947768,0.857938148670977,0.025009981572926533,0.8375283390703439,0.8768681666513801,0.30451936430591087,0.07396800209305159,0.2402491105149457,0.3562188363280261,0.5733369816200201,0.03729685737650509,0.5466803614732945,0.6056658596603463,0.22940395080792655,0.09940887380421527,0.15595850131001532,0.3074105507660696,0.04740803742703127,0.018309643075591294,0.0336518719386157,0.06116420291544683,,,,
learned,dataset,later_suppression_path,B+M+R,logistic,5,24000,0.05402196070947768,0.8330724118678614,0.02102731154217566,0.8188202758922358,0.8505176524844471,0.31548012854988583,0.06875109801933668,0.25524282568450385,0.36195667700638656,0.7543333413772805,0.014425330178850856,0.7440827778027813,0.766373328130949,0.30132962219386783,0.10529727468837081,0.21009488546151306,0.35909136476231895,0.12344735327980945,0.01638043426111436,0.1111020633242396,0.13571823539687655,,,,
learned,dataset,later_suppression_path,B+M+R,random_forest,5,24000,0.05402196070947768,0.8594798739019195,0.02431579322998669,0.839852738808667,0.8778730836283344,0.3045439968652527,0.07811125872760037,0.23790769132189996,0.3578591788224311,0.5719711298864487,0.033650029314883964,0.546643856875572,0.5980818766625463,0.22567925607059575,0.09175705255295916,0.15557191975490406,0.29422871510128157,0.04770495872850205,0.01832267139356979,0.03392222331566287,0.06148769414134122,,,,
learned,dataset,later_suppression_path,M+R,logistic,5,24000,0.05402196070947768,0.8242258438092342,0.029416420624609235,0.7994933566276202,0.8457261409713072,0.32773552294245434,0.05688154239249425,0.2786002196556875,0.35859515276202136,0.7499379906024365,0.01858785375843647,0.7350993789056306,0.7630411094805124,0.2971474758824851,0.10787242645518258,0.20508673101073463,0.3630425352532517,0.1272838389545819,0.017764673083963026,0.11389394225885681,0.14067373565030705,,,,
learned,dataset,later_suppression_path,M+R,random_forest,5,24000,0.05402196070947768,0.8529558452599428,0.02919737647282112,0.8319157658050564,0.8739959247148288,0.31637705863418064,0.0707212209116685,0.2522720603209835,0.3631922151780086,0.6743296370294214,0.019838085706712125,0.6562591772411904,0.6855629431074052,0.3872199318459305,0.03536907552981491,0.3596477999334863,0.41479206375837474,0.05372246103239574,0.019981480017138377,0.038672576713416326,0.06877234535137515,,,,
learned,dataset,later_target_any_path,B+M+L+R,logistic,5,24000,0.10438406828080245,0.5809338825395874,0.08982912174510585,0.5119870050823112,0.6583593970452742,0.15409000396793168,0.08894259179487934,0.08108286667239055,0.22211149349190654,0.529423019655297,0.04065383687229779,0.4955112600743627,0.5588012130847553,0.1711968478077206,0.09417510620880082,0.09860443552075494,0.24378926009468627,0.1814603835908318,0.030992458659597603,0.1569633831656979,0.20524436358678141,,,,
learned,dataset,later_target_any_path,B+M+L+R,random_forest,5,24000,0.10438406828080245,0.7939017836409132,0.03700942015324913,0.7661074010983887,0.8246584299130572,0.32038772957784,0.09911794389516883,0.238317047056355,0.39616885728150325,0.5580183789211725,0.03401512187916927,0.5338799867425469,0.587012639935959,0.20368849213029216,0.10042390299339982,0.12775833215305,0.28374462780092513,0.08797803210179397,0.03076810644797317,0.06511026273009761,0.11098801976166701,,,,
learned,dataset,later_target_any_path,B+M+R,logistic,5,24000,0.10438406828080245,0.5783406221269167,0.08998807906282334,0.507186031945867,0.6558276805000955,0.1530847177419518,0.08825125226297596,0.08137729544748326,0.22017259610306933,0.5276191525689801,0.040511687577265025,0.49314296172716465,0.5559748693723239,0.16819220906306773,0.09225766063695066,0.09736334010637207,0.23902107801976338,0.18138102181411933,0.030773837674669426,0.15663429493928477,0.2047344583488971,,,,
learned,dataset,later_target_any_path,B+M+R,random_forest,5,24000,0.10438406828080245,0.7925212144764455,0.03600078420880951,0.765243418929003,0.8226743556200408,0.31836975086185154,0.09331521001087517,0.2389615447331495,0.38780277419912323,0.5620305580939833,0.03486054064853331,0.536798394476453,0.5910948043176166,0.2146036245448253,0.10133677540413843,0.13711342422009334,0.2920938248695572,0.08864641349406012,0.031232447624618825,0.06532446738151791,0.11196835960660231,,,,
learned,dataset,later_target_any_path,M+R,logistic,5,24000,0.10438406828080245,0.4753851721017311,0.053274604069505044,0.42818188557821457,0.5112472127784754,0.12852248135244854,0.07428535281554768,0.07065587945287519,0.18562196299737133,0.48310564944922296,0.06099391214274397,0.42725769766811006,0.5199802486005567,0.050065795181850316,0.08441142428364604,0.005933394091288828,0.12548254007047155,0.18891372751168453,0.029837126853513522,0.16533429052139942,0.21175993769189846,,,,
learned,dataset,later_target_any_path,M+R,random_forest,5,24000,0.10438406828080245,0.7858633139761689,0.0332316930419661,0.7605643512093714,0.811716468342631,0.33685298314105416,0.07540659844788809,0.27463748649307945,0.3918443616529726,0.6285203127361283,0.03188590661354122,0.6013273286481355,0.6491986493556258,0.34737905440814637,0.07712344394682766,0.28766485121459395,0.4070932576016987,0.09562199349895117,0.0329682700207941,0.0710521280130614,0.12024755843074908,,,,
learned,domain,later_capability_damage_any_path,B+M+L+R,logistic,5,24000,0.07847911988741214,0.8579228746673675,0.01354358371659952,0.845586595962958,0.8671907994501972,0.3954035979500631,0.03313598389725943,0.36716699359075033,0.41793017256670895,0.775475453857112,0.010439446911416845,0.7665316984981907,0.7830077860261409,0.34753760334181555,0.015636996005306936,0.33574093821276074,0.3593410928457958,0.15961404281108302,0.006172610320866725,0.15406265544524406,0.16388710997641817,,,,
learned,domain,later_capability_damage_any_path,B+M+L+R,random_forest,5,24000,0.07847911988741214,0.850101262890651,0.012779176166907852,0.8385895381443902,0.8579662094101982,0.3753947034433723,0.033473133147371714,0.34695388026305696,0.4008745961871993,0.6081338024342132,0.017108909976348452,0.5942570173189292,0.6210880738370841,0.319438868089487,0.03821159337424844,0.28775932691063855,0.34813382155404937,0.06475484067353966,0.003131134155227481,0.06211032257465267,0.06670090301574802,,,,
learned,domain,later_capability_damage_any_path,B+M+R,logistic,5,24000,0.07847911988741214,0.8582024035022554,0.013677960333231216,0.8457642951492673,0.8674675013386535,0.39589246763768704,0.03297368403399014,0.367931049442105,0.41816544195170496,0.7746825378803991,0.009992594982879039,0.7658607080904835,0.7817212023492461,0.3464926162225997,0.015912520605999726,0.334605588014324,0.35921171625341075,0.15956283923941025,0.006343916213484672,0.15390741959151227,0.16397201557403113,,,,
learned,domain,later_capability_damage_any_path,B+M+R,random_forest,5,24000,0.07847911988741214,0.850244824012575,0.011142707577369088,0.8405866521636065,0.8573153332849556,0.3814478031704607,0.032008716001380194,0.3554603658859045,0.4063924228655137,0.6086297524597807,0.019918251578290247,0.5951102217947446,0.6247941954298057,0.3216187577081303,0.043898224993621296,0.2911980949050367,0.356441695451159,0.06485903719572164,0.0031323738254684735,0.06213467672199876,0.06691141966550626,,,,
learned,domain,later_capability_damage_any_path,M+R,logistic,5,24000,0.07847911988741214,0.8542102829172256,0.010855384095033506,0.8450960457636649,0.8621262974748545,0.3926914764629346,0.029012205189316777,0.3671984301298465,0.4130366783783298,0.7726993053716481,0.004544412316667738,0.7690797158238463,0.7760926383628026,0.3392419596673218,0.01859495588035523,0.3247716249758528,0.3537122943587907,0.16491526966483008,0.0064580594065218435,0.15900849564696565,0.1689323410158702,,,,
learned,domain,later_capability_damage_any_path,M+R,random_forest,5,24000,0.07847911988741214,0.8456060122658048,0.0103336998289141,0.8370483193847885,0.8528231633074194,0.36679629042677564,0.03451410880915543,0.3350107532977898,0.39112335382106067,0.6851182131687686,0.012649460983983596,0.6753199852699829,0.6949164410675545,0.4142212478767152,0.024929496877049245,0.3940213833319911,0.4330729258013332,0.07468779157360929,0.0028473630401051105,0.07230993263606533,0.07677774628207891,,,,
learned,domain,later_clean_any_path,B+M+L+R,logistic,5,24000,0.10093098161488438,0.5815832250981346,0.07001270033244925,0.5183740018407612,0.6270682447763393,0.1399131605578931,0.04200043900672384,0.10721642962848707,0.17214667220050836,0.5378621284867053,0.040540973716313815,0.5007771700294327,0.5635095780615108,0.18544416910541833,0.055826777128196385,0.14251034200845675,0.22837799620237983,0.19726943645916653,0.03337292533134116,0.17259898507596358,0.22503438866303016,,,,
learned,domain,later_clean_any_path,B+M+L+R,random_forest,5,24000,0.10093098161488438,0.7878277396420301,0.0241514133135731,0.7669649290802468,0.8054008650252167,0.3033020549548199,0.05902399449902228,0.25883818174728546,0.3462058517286358,0.549693452557919,0.03414989853360236,0.5259369109126517,0.5774600046430632,0.1767007726654398,0.09982040081203064,0.10263453626574563,0.25730065955035075,0.08787904304675444,0.02152068115521878,0.07030354043107692,0.10553033172897934,,,,
learned,domain,later_clean_any_path,B+M+R,logistic,5,24000,0.10093098161488438,0.5785788180883022,0.06667997637454079,0.5178604763862199,0.6217010669999092,0.13975409891652488,0.04195185304848474,0.10734146502787678,0.17216673280517297,0.5378014853388835,0.03497942620817667,0.5058133054645153,0.5602111279103689,0.18433633027076668,0.05272637039508037,0.14392796528849194,0.22474469525304136,0.19733743878308002,0.033059023567352526,0.17265338705621708,0.2244243387176445,,,,
learned,domain,later_clean_any_path,B+M+R,random_forest,5,24000,0.10093098161488438,0.7881321895789093,0.025467009994128202,0.7675120488470026,0.8066494865466655,0.30352305927963324,0.05904617702564355,0.25530245198148654,0.3480721747325311,0.5531932483282471,0.03341741354781853,0.5295088191959127,0.5798339965095479,0.18758492934383925,0.0986485215346361,0.11474049631557093,0.26042936237210756,0.08832885476011178,0.021784397900362282,0.070687164322098,0.10624971101095207,,,,
learned,domain,later_clean_any_path,M+R,logistic,5,24000,0.10093098161488438,0.5124190539277641,0.07796214615671038,0.4403955528715605,0.5636842652566412,0.12031835472675248,0.04278841506609992,0.08773941310796095,0.15376813903159064,0.503693012773367,0.06207774484758493,0.44673854118655487,0.5403121230253345,0.1495465922763783,0.03788422252940312,0.12130204514547331,0.17779113940728325,0.20670147288989332,0.029198764445215172,0.18313590329902446,0.2304938104364113,,,,
learned,domain,later_clean_any_path,M+R,random_forest,5,24000,0.10093098161488438,0.7754902257556894,0.024054437957602367,0.7578658950513371,0.7951787377448132,0.31982935151164266,0.05519410824296385,0.2749993894751618,0.3604462473293258,0.6234381069858119,0.037335422148208355,0.5962911554566885,0.6499053072601564,0.33553902802980257,0.07259991423440773,0.27990792155760175,0.3911701345020034,0.09600849288731297,0.0211397668982591,0.08025133116901326,0.11325536425115787,,,,
learned,domain,later_clean_enhancement_path,B+M+L+R,logistic,5,24000,0.051764390251029635,0.7998663536863135,0.015876218669569283,0.7880049013884128,0.8118126711541869,0.25422562708789787,0.0867569667040224,0.1805918810420916,0.31486162107986376,0.7303311959364622,0.011879674970153981,0.7221495670438873,0.7404335741381929,0.2511931589943785,0.06540285347693969,0.19319978784242756,0.2970422461978402,0.1499629641296626,0.022764606410415597,0.1330410114010164,0.16770040316634252,,,,
learned,domain,later_clean_enhancement_path,B+M+L+R,random_forest,5,24000,0.051764390251029635,0.8354653629295195,0.015677984663927672,0.8232128835549979,0.8477178423040412,0.25547437511577736,0.0759990968373,0.190967573799887,0.3072638193657776,0.5411770685980882,0.02759349139441867,0.5191787598176038,0.5630072782843838,0.14074961201585778,0.08674334867968662,0.07198964624676446,0.20658192865651603,0.047076909228650134,0.012578755063019515,0.03734833006512986,0.056072577635904265,,,,
learned,domain,later_clean_enhancement_path,B+M+R,logistic,5,24000,0.051764390251029635,0.7980863905308424,0.014305206865922048,0.7872803909128445,0.8088923901488403,0.2546430783882664,0.08952117616618116,0.17693385779299659,0.3179509418514414,0.7276773174334086,0.011448397930213496,0.7198101246981693,0.7376163062491978,0.24958908869957958,0.06663694465422407,0.19013431709527523,0.29549182052871187,0.15024266225138802,0.02289510196072105,0.13288613386387188,0.16809380006262398,,,,
learned,domain,later_clean_enhancement_path,B+M+R,random_forest,5,24000,0.051764390251029635,0.834942402546672,0.011290282081119029,0.825960747672178,0.8439240574211662,0.25803617408060103,0.07095892120972551,0.19798510130048103,0.3081587424705047,0.5433849453459072,0.027622350475179004,0.521633402500861,0.5636023593129617,0.14732241748851846,0.08521074165597241,0.08029728020240354,0.21241932693091256,0.04739111438699238,0.012743179549727,0.037550201342307625,0.056496261032266626,,,,
learned,domain,later_clean_enhancement_path,M+R,logistic,5,24000,0.051764390251029635,0.7919963161689074,0.02576262190657759,0.7732331675826016,0.8137511481823397,0.26204452388183996,0.09436797642226782,0.18443523999562056,0.3340992135033152,0.7246701521658828,0.018678586239047553,0.7104277775110209,0.7395297820185993,0.24290538776882853,0.06312637843595018,0.18894446932496128,0.28882050831315437,0.15559135278218156,0.023582721357017663,0.1348590222171742,0.1703859992680466,,,,
learned,domain,later_clean_enhancement_path,M+R,random_forest,5,24000,0.051764390251029635,0.8235623558919084,0.010650889134809502,0.815020995742373,0.8324482981637006,0.2639503121745631,0.07866742418186208,0.19748839777636273,0.32219766905881364,0.6142636642954777,0.043168048127217556,0.5824057159725101,0.6461216126184454,0.2802273377785458,0.0846517800254422,0.21676557292508525,0.34368910263200636,0.054300890399552326,0.013066251156669166,0.04483808589340158,0.06376369490570305,,,,
learned,domain,later_clean_suppression_path,B+M+L+R,logistic,5,24000,0.051512198109398444,0.8321291804538259,0.03877514060971998,0.8015990232251105,0.863709819587539,0.3040121832523887,0.04493632087532825,0.2734782619396615,0.34223035576188854,0.7581588030365337,0.03482848396068109,0.7327176336664836,0.7871032292090161,0.28124657883999915,0.049097129287262495,0.24162701446834292,0.31930469498249003,0.1371710150358934,0.023245054523199967,0.12120479685877442,0.15779328273081394,,,,
learned,domain,later_clean_suppression_path,B+M+L+R,random_forest,5,24000,0.051512198109398444,0.8575152354534998,0.027673644603752472,0.8376404162037778,0.8805414948531665,0.29644132570958454,0.0459591555470119,0.26422168711043326,0.33478867698845727,0.5610609450742206,0.030640744334743206,0.5393289788149213,0.5864288185212648,0.19878803923244676,0.08191658968188606,0.14031507876969243,0.2650607541555896,0.0463514193447901,0.012457203786396209,0.03618452060777859,0.056609329715586784,,,,
learned,domain,later_clean_suppression_path,B+M+R,logistic,5,24000,0.051512198109398444,0.8308503688890994,0.0360527420870829,0.8029451953178587,0.8604504548087434,0.3029859385146076,0.04381908114011973,0.2756760598136759,0.3395723937845558,0.7555335081088257,0.030051444553301155,0.733417768973783,0.7808463510168732,0.2811162759761684,0.049810019854416486,0.24218757401577076,0.320044977936566,0.1371377079583081,0.023017317524498187,0.12120374850580443,0.15761702409980155,,,,
learned,domain,later_clean_suppression_path,B+M+R,random_forest,5,24000,0.051512198109398444,0.8579466287040827,0.02846965489761694,0.8368414748102502,0.8804168901483823,0.2896485142854277,0.04506135957915052,0.2576291181078362,0.3234903987051633,0.5615891109582157,0.02954561194249919,0.5399389970902743,0.585520620247401,0.19876381255791456,0.079252910551322,0.14010216484346769,0.26114120596017265,0.046718055099051616,0.012590351563214053,0.036631383937271216,0.05704402264616312,,,,
learned,domain,later_clean_suppression_path,M+R,logistic,5,24000,0.051512198109398444,0.8181436030068345,0.04610493017680654,0.7791706257135811,0.8555641199806866,0.31231853903373386,0.04323309785636321,0.28150743570176984,0.34455899527691203,0.7501699557851589,0.04186521072667517,0.7154128684479484,0.7834512497157149,0.2709924391883672,0.0575011185536249,0.22522083284462888,0.31446497191440215,0.1423143063098969,0.01951326032488921,0.12723044600732708,0.15906010223383654,,,,
learned,domain,later_clean_suppression_path,M+R,random_forest,5,24000,0.051512198109398444,0.8466025522746519,0.03512413158043792,0.8205619154788361,0.8753250368587432,0.3077887869188997,0.040060170575468707,0.28173866818849336,0.3422167299616587,0.6657994007657598,0.024249633991901772,0.6471705683846204,0.6844282331468992,0.37225571976010896,0.032526282449853776,0.3522033894454307,0.39993160690421375,0.05312790557600707,0.013233998844613524,0.043348335818509484,0.06452730897037276,,,,
learned,domain,later_enhancement_path,B+M+L+R,logistic,5,24000,0.05405302006619078,0.7973458317048225,0.015840588883784888,0.7848772018737351,0.80981446153591,0.2616576692342022,0.09238431515863633,0.1819671202236913,0.32585713519303483,0.7313428910628401,0.013134667489171695,0.7210672279104247,0.7416185542152556,0.26070531774438643,0.0679979259127789,0.2023141984104364,0.3097829750770297,0.14881134918668523,0.02301446990588336,0.13136087130244847,0.16628519150883275,,,,
learned,domain,later_enhancement_path,B+M+L+R,random_forest,5,24000,0.05405302006619078,0.8358228649685845,0.01131812923327646,0.8268762371855647,0.8447694927516043,0.2631016477721197,0.08364249271181767,0.19157079981374694,0.3225048829203519,0.5406741339501486,0.02640454768275448,0.5200123020011209,0.5609045381252041,0.14077778851972403,0.08572402547562152,0.07418803418803419,0.20426097200290752,0.048599748024819145,0.013051516559505415,0.03858211456841463,0.05799784476791625,,,,
learned,domain,later_enhancement_path,B+M+R,logistic,5,24000,0.05405302006619078,0.7958848606766802,0.01475706767628201,0.7843051068531024,0.807464614500258,0.2626263000630284,0.09498392589436867,0.1788853658268587,0.32879511428144576,0.7254607168505974,0.01507145213411421,0.7143867766519069,0.7379294118404749,0.2566788827042427,0.07284053750489355,0.1939537337738965,0.3082245484117213,0.14906338802565272,0.023100271653859552,0.1315314492027726,0.16668111957952378,,,,
learned,domain,later_enhancement_path,B+M+R,random_forest,5,24000,0.05405302006619078,0.8316690636899183,0.012171458165796564,0.8217990033203287,0.8407111119079053,0.26293518610278027,0.07818011486799127,0.19726571164529327,0.31566394180612506,0.546820967214825,0.025654298042196103,0.5267012029432768,0.5667419941949481,0.1595483777809755,0.07900897750292915,0.09795702416267196,0.21980281596055104,0.04907060227714775,0.01332530252036323,0.038898855682880165,0.05861145882566417,,,,
learned,domain,later_enhancement_path,M+R,logistic,5,24000,0.05405302006619078,0.7894285489996518,0.027291118546863728,0.7691681666591268,0.8117774537022123,0.26901387534786136,0.09605906350770672,0.18904407598554746,0.33923331442419424,0.7212953750315422,0.021372911980555763,0.7046622465387805,0.7379285035243038,0.2491713978923391,0.06907032876090916,0.1909605478662725,0.30022747322032584,0.15445182258400736,0.02344691589918993,0.13426759880009181,0.16948836762773045,,,,
learned,domain,later_enhancement_path,M+R,random_forest,5,24000,0.05405302006619078,0.8269303608564883,0.015025199382048408,0.8149002730504848,0.8395818722774177,0.26736002432643036,0.08543783115231286,0.19547490595673453,0.328108292056989,0.6232028553926793,0.047203935833966766,0.5863845786539427,0.6578855974381694,0.2951063496808436,0.0921543249166317,0.2229194992732899,0.36338872521376936,0.055970669797678986,0.013690012777823503,0.046037030211236174,0.06590430938412181,,,,
learned,domain,later_neighbor_damage_any_path,B+M+L+R,logistic,5,24000,0.0723470294335814,0.8320195570012701,0.017781414650696513,0.81905243084199,0.8453424647819636,0.356954804480312,0.1031371785863066,0.26431180307017216,0.4171422861261047,0.7440559274393493,0.025227090661271833,0.7228344262521735,0.7639847824492403,0.31934762943542727,0.08492026162935454,0.24814148964363766,0.38208295440772727,0.1463351602452578,0.03280524361987276,0.1223656614461341,0.1745241751430359,,,,
learned,domain,later_neighbor_damage_any_path,B+M+L+R,random_forest,5,24000,0.0723470294335814,0.8381465517582939,0.023181258911413486,0.8214765860208937,0.8580863105415422,0.33290371029430804,0.09533967585861804,0.2479906550545749,0.39187208592558714,0.5784257473615007,0.02648088119940498,0.5577493243923565,0.5981855757785743,0.25060470009457053,0.07437653284217985,0.18807521592331722,0.3042968893525797,0.06048844697979781,0.018434378355824663,0.04599616707013608,0.07419864339212827,,,,
learned,domain,later_neighbor_damage_any_path,B+M+R,logistic,5,24000,0.0723470294335814,0.8322742612497018,0.019371343164616986,0.8184942857038825,0.8475745780209414,0.357155659173679,0.10304636412040055,0.2643874110111275,0.4166534514977912,0.7455840009811384,0.023794607144788385,0.7272853410416602,0.765714954536629,0.31956731296828844,0.08269408767877864,0.2502192126732121,0.38073737128787394,0.14655237584468359,0.032685877746018596,0.12266060629761337,0.1746576863872134,,,,
learned,domain,later_neighbor_damage_any_path,B+M+R,random_forest,5,24000,0.0723470294335814,0.8412687658787983,0.02241007810331495,0.8252326164562327,0.8609770020718057,0.3318792697322033,0.09311443340029364,0.2498684690376231,0.3888033312495145,0.5804789885321203,0.030323301072447427,0.5552135326159013,0.6028223702649247,0.2541847638285232,0.08550706840012154,0.18386365298807697,0.3137593273810836,0.060821848086105766,0.01875624053676535,0.04639105024492124,0.07472878389578007,,,,
learned,domain,later_neighbor_damage_any_path,M+R,logistic,5,24000,0.0723470294335814,0.8230148336662058,0.018905684137195743,0.8061991639765866,0.8351448250985541,0.3516782683923765,0.1041073111777984,0.25948102752354846,0.41720501680610483,0.7450556110490197,0.024324916704542163,0.7255682721073509,0.7631229895780504,0.3149910381461364,0.09320149103328723,0.23678761768391193,0.3839806182871248,0.15227084171939273,0.02380375468468091,0.13508771624082802,0.17270820801530076,,,,
learned,domain,later_neighbor_damage_any_path,M+R,random_forest,5,24000,0.0723470294335814,0.8419733937695231,0.020769041747111996,0.8270876299373902,0.8592982523149223,0.3491708731436593,0.10399295617089327,0.26021560805462357,0.41880651174008926,0.6562161239371289,0.028467121908618945,0.6352165934809723,0.6802934424669325,0.37010532595234535,0.07593036404084713,0.308890702199455,0.4238228896655231,0.06680486175756192,0.01663504990865326,0.05385810805880211,0.07914984792091848,,,,
learned,domain,later_suppression_path,B+M+L+R,logistic,5,24000,0.055331412483459755,0.834944187180454,0.0361996505952765,0.8056068031392012,0.8629173353013648,0.3209943973625119,0.048386945626934304,0.28726327729512746,0.36090693951916747,0.7608798561456638,0.030683397799412752,0.7384751018860243,0.7862590297725667,0.29974476511953424,0.05675171551974342,0.2550539179888339,0.34443561225023456,0.13370846933580585,0.023571936458229283,0.11726742379913821,0.15436970586011584,,,,
learned,domain,later_suppression_path,B+M+L+R,random_forest,5,24000,0.055331412483459755,0.8607462111564047,0.02825673292166077,0.8389529252838022,0.8820840709934534,0.31478551613550837,0.05341708593881034,0.27720192719852405,0.36106615441985773,0.5703021836388714,0.041328770064994795,0.5390898932076995,0.601643853707777,0.21792849449772503,0.10692652724073595,0.1354916656290069,0.30036532336644317,0.048527518167530766,0.013618528955428668,0.03754100022639078,0.05983285035560652,,,,
learned,domain,later_suppression_path,B+M+R,logistic,5,24000,0.055331412483459755,0.8340500007350313,0.03397893936077956,0.806428411819175,0.860239036285693,0.32077498063202736,0.04860912807976105,0.28745961212860094,0.3601664020348674,0.7590148622700376,0.03217735543534255,0.7350666854058602,0.7855745996028662,0.3003496984052592,0.05762161006173846,0.25519131188640787,0.34550808492411045,0.1335963982912944,0.02348704852358834,0.11712297694806972,0.15409471131470623,,,,
learned,domain,later_suppression_path,B+M+R,random_forest,5,24000,0.055331412483459755,0.8606246874511463,0.026493815750085026,0.839253748187249,0.8801454774984308,0.30900291707359606,0.05690632177584807,0.26705847142763794,0.3560035403258222,0.5733981772771726,0.03908429676375033,0.5451477052922031,0.6063285039239823,0.22844716062400777,0.09819840190508974,0.15560415148044013,0.30877121349282455,0.04892245897256714,0.013616062765305609,0.037962551626657626,0.060092343898994274,,,,
learned,domain,later_suppression_path,M+R,logistic,5,24000,0.055331412483459755,0.8198305390674324,0.04412588471425683,0.7828217547755696,0.8545986022248284,0.3298391441765639,0.042496639353995815,0.29831081347089944,0.36322392235440315,0.747089613902127,0.03561780636765759,0.7183232236453886,0.7749735986167938,0.2857733554337303,0.0639476915996102,0.23680621260591925,0.33472637000871547,0.13900780555760242,0.01990221814636788,0.12381900620298092,0.15578295060919595,,,,
learned,domain,later_suppression_path,M+R,random_forest,5,24000,0.055331412483459755,0.8499144937663236,0.0336724842034788,0.8246691703557965,0.876064209836338,0.3246228566543422,0.050285566964502246,0.29048251799313224,0.364236928412695,0.6767649526833892,0.02268073510059482,0.6580988481830096,0.6928600722719661,0.3916698505422817,0.026180279029328565,0.37351794203458893,0.4120910098603443,0.055380411186221744,0.014723252843308535,0.04469036111484368,0.06814430938152878,,,,
learned,domain,later_target_any_path,B+M+L+R,logistic,5,24000,0.10679528480004288,0.5799224486841817,0.07207274817437286,0.5137045356229994,0.6265980779223932,0.1458100046972452,0.04958703758435016,0.10705397570892197,0.1840273225563394,0.5337147346185993,0.04227672777074211,0.4945681892688554,0.5598382610308402,0.18648021896542594,0.06017653654486943,0.14020702603277374,0.23275341189807808,0.19528771099812353,0.03418727980937447,0.1697670869125314,0.2230166549208748,,,,
learned,domain,later_target_any_path,B+M+L+R,random_forest,5,24000,0.10679528480004288,0.7914990424072739,0.026003986346387904,0.7714443543998108,0.8104920504180306,0.31818856032242665,0.07295649463154556,0.2607810973029135,0.37073912316140806,0.5598798242746126,0.042213185514552096,0.5302277410697777,0.5933094539799021,0.20484308721777195,0.11706092659477922,0.11730850743448877,0.29658333749114496,0.09067710662267695,0.02284565684242837,0.07220505688804978,0.10950007282647115,,,,
learned,domain,later_target_any_path,B+M+R,logistic,5,24000,0.10679528480004288,0.577620932400627,0.06971509744977493,0.5132783868433826,0.6224024830159687,0.14561607509883967,0.04937781723541393,0.10712916599188493,0.1841029842057944,0.5337072620386654,0.03893542817051031,0.4974911128703382,0.5582525574407198,0.18607208278525467,0.05968677002518553,0.13977924684736998,0.23228071835821254,0.1952729829917743,0.03391673271507398,0.16974736752730415,0.2223860008571044,,,,
learned,domain,later_target_any_path,B+M+R,random_forest,5,24000,0.10679528480004288,0.7897540082265524,0.02675635717793195,0.7677536183468442,0.8104548467495194,0.32109531768265615,0.07960819339133457,0.25714618931693733,0.38098240060034483,0.5633637158943743,0.041048153239756885,0.5347421994234195,0.596265986324606,0.21515980352458297,0.11259989600986764,0.1321933081811251,0.29827405362708603,0.09134525414686859,0.023068646481049143,0.07292560524433792,0.1104327673337645,,,,
learned,domain,later_target_any_path,M+R,logistic,5,24000,0.10679528480004288,0.5056984120139557,0.08164412628833083,0.43036659141664624,0.5564291249442,0.12558000600562536,0.049953080004456654,0.08699147606363915,0.16416853594761155,0.4975025123388915,0.06199218337589975,0.4403002951699664,0.534183395598777,0.14116220931959136,0.036542207911560466,0.11674730961485902,0.1725978761932963,0.20505043381098792,0.029564712956173633,0.181612500398928,0.22927608903974556,,,,
learned,domain,later_target_any_path,M+R,random_forest,5,24000,0.10679528480004288,0.7779479621817609,0.025187536503365797,0.7600962146359687,0.7991189105937874,0.33151920047261085,0.06909239730187046,0.27456175271118066,0.38247526343018895,0.6247663143088383,0.03886633515023794,0.5943985112491207,0.6518212823641945,0.34024562029292804,0.08105194525507774,0.27814387670824436,0.4003027949007718,0.09868509497668167,0.022664663977281427,0.08183156296327417,0.11736010307323592,,,,
learned,record,later_capability_damage_any_path,B+M+L+R,logistic,5,24000,0.07879166666666668,0.858918109466283,0.011053641704810617,0.851251035600415,0.8684734450834719,0.3939708767991788,0.04361329220921293,0.35652931907399754,0.42475861963029293,0.777175267763895,0.009887405770205008,0.7686863204085153,0.7843726401079217,0.3566587510495571,0.02562858708463167,0.33340082338041077,0.37506613128391114,0.15262347816010183,0.004040849179186083,0.1494835194277911,0.15576343689241257,,,,
learned,record,later_capability_damage_any_path,B+M+L+R,random_forest,5,24000,0.07879166666666668,0.8490835987118904,0.010573750778206147,0.8410928334000959,0.8570431740124591,0.3653917899526699,0.04581433984070859,0.33141105444443036,0.3993725254609094,0.5932066439246727,0.02540861727297374,0.5755964207629385,0.6138980780380265,0.2854422399237566,0.05859976741234979,0.24503108586868114,0.3372853251923019,0.06552954768378913,0.004100984208089517,0.06236751387573621,0.06869158149184207,,,,
learned,record,later_capability_damage_any_path,B+M+R,logistic,5,24000,0.07879166666666668,0.8589247644222269,0.011095089876113169,0.8511944522013957,0.8684805074890227,0.39413149695697336,0.043431932917020306,0.35666898597100144,0.4247222451806122,0.7777683123272812,0.01013125975491629,0.769254047201691,0.7852352552629184,0.35712957900077913,0.025111954272419367,0.33432610399953583,0.3756656596127187,0.15260274068538748,0.004032287410729286,0.14947177204399206,0.1557337093267829,,,,
learned,record,later_capability_damage_any_path,B+M+R,random_forest,5,24000,0.07879166666666668,0.8497845861568589,0.011714570855316415,0.841429933058496,0.8582122734858475,0.3724812418607235,0.048288219290830756,0.3357335501047192,0.408313725472366,0.6011487778596462,0.023324413474848,0.5859556663006009,0.620262616119875,0.30378110695553584,0.05279916417448981,0.26701995069853635,0.3470725995316159,0.06543265319033677,0.00415380084164707,0.062287337233660436,0.06857796914701311,,,,
learned,record,later_capability_damage_any_path,M+R,logistic,5,24000,0.07879166666666668,0.8546725863374851,0.010289414091778016,0.8478389574096878,0.8640452086492196,0.3913890808408264,0.043783700018908404,0.3546123564070016,0.4236173999598697,0.7739983919259801,0.007618968199323534,0.7672592829860208,0.7792708588668723,0.34921164236508345,0.02210087311585984,0.3298609969760441,0.3661278069986394,0.15607198561890417,0.004877492121377375,0.15232100646474767,0.15982296477306074,,,,
learned,record,later_capability_damage_any_path,M+R,random_forest,5,24000,0.07879166666666668,0.8444622811951279,0.009200241491976794,0.8378988778454435,0.8526897933809836,0.3623042298485776,0.038005557184627906,0.3330157630513956,0.3915926966457596,0.6759283418926992,0.017658774304272828,0.6639702839082223,0.6907941545848779,0.39763960659880243,0.03307024165830173,0.3728388433264877,0.42244528354523164,0.07559869689301127,0.004086376162776117,0.07250419546820164,0.07880246052224069,,,,
learned,record,later_clean_any_path,B+M+L+R,logistic,5,24000,0.10920833333333332,0.678081107545567,0.027843882876329537,0.6563440604543098,0.6989748987018685,0.19646010976349124,0.027336088790598834,0.17481882432499046,0.21633698595437068,0.6250705332567323,0.018078290166668638,0.6115985229303803,0.638442785125957,0.2603068473342707,0.01473999685464357,0.24873251052115206,0.27188118414738927,0.2266138543169279,0.011278164040371316,0.2169954269207323,0.2337757217941498,,,,
learned,record,later_clean_any_path,B+M+L+R,random_forest,5,24000,0.10920833333333332,0.8021474656459755,0.010871304162497104,0.7940744155215512,0.810919307678072,0.3284323796146582,0.03123383767525252,0.3058881038488402,0.3560836707476443,0.5729287744259627,0.012300416531884607,0.564014273230003,0.5839871253694761,0.2473965740534864,0.03181217992755047,0.22452679617257357,0.2765246432311102,0.09324945442587336,0.002566705958028186,0.09143300578748145,0.09552479923460432,,,,
learned,record,later_clean_any_path,B+M+R,logistic,5,24000,0.10920833333333332,0.6775481791406424,0.025053497736176936,0.6585293726425926,0.6962166109875539,0.1947247490194495,0.025094415897274566,0.17501387776814595,0.2138261420222482,0.6247612643598787,0.017456204977551227,0.6114829771901716,0.6371345366449394,0.2597128040906948,0.015015384561939182,0.2478864458923508,0.2715391622890389,0.22695237496626047,0.01123557038235686,0.21746576884104213,0.2340847985592045,,,,
learned,record,later_clean_any_path,B+M+R,random_forest,5,24000,0.10920833333333332,0.8006317787876107,0.011009832830311015,0.792364285781022,0.8095288306670758,0.32573538395935947,0.03200015806263554,0.3048118054829855,0.3554004740790412,0.5763892476244239,0.01084416659472629,0.5684019698360417,0.5854604551796001,0.2556002300468128,0.027753983026327353,0.23558447660660495,0.2794852090874624,0.0937114664986733,0.002392865333178438,0.09195314262630548,0.09576277254289449,,,,
learned,record,later_clean_any_path,M+R,logistic,5,24000,0.10920833333333332,0.6427913566031724,0.023241253042495493,0.6250578708187986,0.6608296631198515,0.17138071767358137,0.014228423368789128,0.1604396464397197,0.18232178890744302,0.6094693479387085,0.020910726332423593,0.5933632138825349,0.6250489581498093,0.24627119015202564,0.011541210868322455,0.23614872427716369,0.2544866996497003,0.23478638269407356,0.009627914805071502,0.22599148278343878,0.2417004996066971,,,,
learned,record,later_clean_any_path,M+R,random_forest,5,24000,0.10920833333333332,0.7923024585409973,0.01003366348334391,0.7844194887067653,0.7999296054911007,0.3474201331796562,0.04154027239138589,0.3172319957778257,0.38238553709079404,0.6464883917812492,0.013191875130685553,0.6363645325870908,0.6569465330103413,0.3771605373784487,0.03300215709550893,0.3519511748496966,0.4040430496246895,0.10269895132458391,0.0015604995309136801,0.10156452875520147,0.10387622837144263,,,,
learned,record,later_clean_enhancement_path,B+M+L+R,logistic,5,24000,0.056124999999999994,0.8255446193726621,0.01992637840021192,0.8072243837829556,0.8389552725453939,0.3125878657026472,0.05992968260506002,0.2618584496213253,0.3554500928160342,0.7476310399582687,0.024314056116850582,0.7264921326952588,0.7610604773345271,0.2590112159596903,0.02718892385858895,0.2359040240548842,0.27610772380767196,0.161952196961418,0.012124364747165873,0.15162810605837435,0.1700578541200036,,,,
learned,record,later_clean_enhancement_path,B+M+L+R,random_forest,5,24000,0.056124999999999994,0.8426881998893403,0.02035594593265479,0.8250105414516596,0.8558124264869817,0.2904529349806817,0.05458230157154429,0.2430877314830658,0.3291305252284519,0.5685133954779786,0.012120182114337314,0.5580476866395493,0.5783121896101089,0.2238668527118847,0.03420342341262537,0.19351026739542623,0.24985128830060915,0.05052514688853197,0.0022155157575502286,0.04873117437668875,0.05207821896487526,,,,
learned,record,later_clean_enhancement_path,B+M+R,logistic,5,24000,0.056124999999999994,0.8245534347451556,0.020287324352526656,0.8058512386541656,0.8388256743631732,0.3143686219179684,0.06142376372110532,0.2613228481733754,0.3577837876233261,0.7455423741540108,0.021511467596378148,0.7270756941089909,0.7588298994304201,0.2578927704446941,0.02464958425853191,0.2362917174769555,0.2726872540518909,0.1624110530809577,0.012256103279171296,0.15197797095191104,0.17060747251256342,,,,
learned,record,later_clean_enhancement_path,B+M+R,random_forest,5,24000,0.056124999999999994,0.8419020180295551,0.020211017313973786,0.8240326588235719,0.8551451582704594,0.2938643338905719,0.061027359714737675,0.2431543498890909,0.3392460937425204,0.5711792491789727,0.013414160414155777,0.5603304260711978,0.5809597047823974,0.22843320228592728,0.03834535210545796,0.19648021953097156,0.25642718816422283,0.05064888304095688,0.002235327043814463,0.04871411830924301,0.05208729985097808,,,,
learned,record,later_clean_enhancement_path,M+R,logistic,5,24000,0.056124999999999994,0.8205712675220834,0.018680903570426323,0.8056749462060034,0.8353348669840799,0.31715276463392106,0.055498949984323115,0.26916284103348975,0.3570853242949833,0.740922072370256,0.020636881932082164,0.7237591396538031,0.7548038984679024,0.2498330504149564,0.02150161703687838,0.23189402883295415,0.26435053908794,0.16593199242215087,0.01134985608564666,0.15657001665031778,0.17407132737696956,,,,
learned,record,later_clean_enhancement_path,M+R,random_forest,5,24000,0.056124999999999994,0.8346735692662868,0.022428424469082595,0.8142184991835604,0.8477176918344773,0.30835699427258123,0.055556543853294414,0.26107635400809814,0.3487761172878488,0.6496213433894772,0.02579931024490217,0.6268974316116271,0.6665790129541168,0.34373216517641864,0.052831835962811914,0.29653137824041637,0.37895974325017806,0.05844393546133385,0.002737357278554899,0.05597821378439268,0.0601547687656965,,,,
learned,record,later_clean_suppression_path,B+M+L+R,logistic,5,24000,0.05554166666666667,0.8477813751292971,0.024890171357799255,0.8279808064910961,0.8654050302638051,0.3256809970734508,0.07016300492947491,0.271906872654321,0.37586769577866924,0.7702462272885859,0.018701999195306115,0.7551056845977616,0.7835090382432515,0.2779834467575517,0.0313702138271701,0.25239584193605147,0.30233520817913506,0.15364178285134633,0.006744868447897683,0.14827739440486254,0.15900617129783012,,,,
learned,record,later_clean_suppression_path,B+M+L+R,random_forest,5,24000,0.05554166666666667,0.8565535316321513,0.02017599638945113,0.8411045808698662,0.8720024823944363,0.2985579083309544,0.05520090971607722,0.25786443157864664,0.34530101544013875,0.5724958750745381,0.02726130799031669,0.5510056207275843,0.5934431324367241,0.22899224421902317,0.07407477761926544,0.17105093064896507,0.28693355778908136,0.0495797012224012,0.0013675194436216103,0.04854852287139168,0.05080720242451133,,,,
learned,record,later_clean_suppression_path,B+M+R,logistic,5,24000,0.05554166666666667,0.8470025707907514,0.023989967339893177,0.8283514683471441,0.8640005131525019,0.32437263086137386,0.07020938822721315,0.2715575376217717,0.3744352388780968,0.7665354189942823,0.016450685058964284,0.7534067643160786,0.7779083135415629,0.2751305669788743,0.027995634902021192,0.2514088584657544,0.29707703236839944,0.15397034610065194,0.006384750309827136,0.14892254607316796,0.15901814612813597,,,,
learned,record,later_clean_suppression_path,B+M+R,random_forest,5,24000,0.05554166666666667,0.856528219492704,0.02175866067836121,0.8398199904591053,0.8732364485263027,0.2960270610619936,0.05743233447471665,0.2540120725384406,0.3448334966140142,0.575271444853658,0.030660576675928013,0.5511757094705734,0.5993671802367426,0.2315855594494388,0.07951806616793235,0.1684658233205363,0.29470529557834124,0.04986669570496351,0.0012738110075401583,0.048862725634296805,0.050870665775630194,,,,
learned,record,later_clean_suppression_path,M+R,logistic,5,24000,0.05554166666666667,0.8390637623080576,0.02046689898289838,0.823069761767378,0.8531505474757918,0.3259858593169541,0.06439495450382793,0.2750762727209665,0.3707856247798376,0.7586376183904584,0.012987511125549061,0.7485956036732603,0.7686068610493259,0.2634806496914899,0.023659747655286608,0.24388103726271354,0.2794486059075319,0.1590156141961749,0.00566360302199767,0.15448661753520992,0.16325140478263184,,,,
learned,record,later_clean_suppression_path,M+R,random_forest,5,24000,0.05554166666666667,0.8514863010672284,0.01821275675736048,0.8360400398660722,0.8627893295997918,0.3125404003724104,0.062810075664374,0.26424228065851646,0.36083852008630435,0.6734882330911933,0.025743316442877202,0.6553807977369601,0.69524951210745,0.3730705692190787,0.05333372125062334,0.33192123665807877,0.41292090566115824,0.05754357690107588,0.0022666438703677397,0.05575950957141353,0.05932764423073822,,,,
learned,record,later_enhancement_path,B+M+L+R,logistic,5,24000,0.05887499999999999,0.8265323838920835,0.019126551825949738,0.809204821897301,0.8380977683272024,0.32682583690153166,0.060402760657013554,0.2738378697126879,0.3652572144719911,0.7490769445048497,0.025266016903090563,0.7274794941130758,0.7643590317157096,0.2698628081475098,0.030813497992270233,0.24516216956204592,0.28844060278986255,0.16163356203716345,0.012608425326738825,0.15103135677152135,0.1703150946684931,,,,
learned,record,later_enhancement_path,B+M+L+R,random_forest,5,24000,0.05887499999999999,0.8462171544561252,0.01694473853876,0.8311219752620103,0.8552025751754208,0.30631779786930396,0.05308890873142709,0.2597265049198798,0.338251778143711,0.5733283036836835,0.013087323454704142,0.5616941938751756,0.583205193418699,0.23652357690876907,0.03708653026943419,0.20262013174662688,0.2617541665922366,0.05223410891772147,0.0021616679796458713,0.05054681636348982,0.053751350126390984,,,,
learned,record,later_enhancement_path,B+M+R,logistic,5,24000,0.05887499999999999,0.8257307363285543,0.019320803557249657,0.8084883648905258,0.8379724796018306,0.32906450262851783,0.06151194901156792,0.273925616416553,0.36751856625178286,0.7466033626367177,0.023444589721702186,0.7272634793648988,0.7620655670835044,0.26812635136819835,0.029610229629893913,0.24498474670378564,0.28655751945953956,0.1620262270407026,0.01272118952935557,0.15133353653768664,0.17084117073297841,,,,
learned,record,later_enhancement_path,B+M+R,random_forest,5,24000,0.05887499999999999,0.845022399807896,0.018389648905960003,0.8283188080275666,0.8561955108717013,0.3091727568539554,0.056545415957294405,0.25806942181991976,0.33935597050431426,0.5789675303960408,0.01797125517045907,0.5644839039277052,0.5927628851212897,0.2471704408116781,0.04810586397142508,0.20726537155070418,0.2821482659050664,0.05225370084802246,0.002159802300200986,0.050520782408804206,0.05372428409835904,,,,
learned,record,later_enhancement_path,M+R,logistic,5,24000,0.05887499999999999,0.8206670146357649,0.018272974781354544,0.8060711551240989,0.8327565514896138,0.32865626187741737,0.05665966642352817,0.2781376860495837,0.3651644840653243,0.7432564246236218,0.02091459068890029,0.7263428897728818,0.7575236619116849,0.26033498044110764,0.025117011196997514,0.23909110828829688,0.2770133268626583,0.16589872803764674,0.011483339271734781,0.15627870685062617,0.17407958986620703,,,,
learned,record,later_enhancement_path,M+R,random_forest,5,24000,0.05887499999999999,0.8361323521806575,0.022004811512535694,0.8162986265345185,0.8469692550223666,0.3177670147678974,0.056842895898842276,0.2688846389514553,0.35325553392205505,0.6582019120164884,0.027437690765864737,0.6349286429889844,0.6765648362930173,0.36011730740721404,0.056831037274679426,0.31117376897356097,0.3963341249652134,0.06055037439557738,0.0026505858064678274,0.05817786449209842,0.062306613681924236,,,,
learned,record,later_neighbor_damage_any_path,B+M+L+R,logistic,5,24000,0.07983333333333334,0.8466266669665338,0.015296358301070262,0.8327886124919521,0.8551809663337505,0.4105811420160972,0.0463743845272209,0.37430377628816836,0.4447502219268147,0.7697045334068107,0.01915986243517052,0.7525403663491189,0.7814737360826662,0.3549090795841058,0.034369886706262245,0.32526785740478087,0.37997555342730227,0.15440568017005735,0.011130934521860477,0.14575869406485537,0.1641245226323486,,,,
learned,record,later_neighbor_damage_any_path,B+M+L+R,random_forest,5,24000,0.07983333333333334,0.8547035686124532,0.013018745368861755,0.8432322294986837,0.8625257877104546,0.39398393326413733,0.03370075883531202,0.36814381209146696,0.4198240544368076,0.619077223869492,0.017206257765158474,0.6057962765237634,0.6322582308797898,0.3447272715583508,0.035725748834968665,0.3213537511094876,0.37552247100573005,0.0649630136015846,0.0032602761781963447,0.0625159574792616,0.06764828542097868,,,,
learned,record,later_neighbor_damage_any_path,B+M+R,logistic,5,24000,0.07983333333333334,0.8464021721921892,0.015750741498516428,0.8321116459190285,0.8553547177217691,0.4095255965696702,0.046077823583627345,0.3732203665045277,0.4435234646693914,0.7739715353742381,0.02047546523208293,0.7555182929612805,0.7873224215408067,0.35855942919700495,0.036039429180097435,0.32781201538172094,0.3849548915719344,0.15461150652779926,0.011163100773571962,0.1460210717267614,0.16441371918048006,,,,
learned,record,later_neighbor_damage_any_path,B+M+R,random_forest,5,24000,0.07983333333333334,0.857733987801659,0.01377416585510445,0.8449365419050643,0.8657531699822094,0.3959921614754381,0.03985074948012056,0.36506998109893535,0.4269143418519409,0.6227274572915442,0.011026886784653304,0.6158180551261168,0.6323423978769257,0.3515965812206189,0.02562227335819802,0.3373966866872731,0.3741075532403861,0.06487022950797643,0.0034676184687716643,0.06221581211164703,0.06792667730960532,,,,
learned,record,later_neighbor_damage_any_path,M+R,logistic,5,24000,0.07983333333333334,0.8393847875527334,0.014299234973463665,0.8263235754825466,0.8469421262517868,0.40954165866536396,0.039119596974362854,0.3782597713227691,0.439413139468086,0.7622947154861688,0.01738156139233318,0.7464924882565226,0.7719862730579413,0.3446226602133051,0.03130551620461947,0.31812757838789596,0.36758586329130577,0.15857441577479325,0.01141323231561356,0.15020025870962522,0.16840804020755837,,,,
learned,record,later_neighbor_damage_any_path,M+R,random_forest,5,24000,0.07983333333333334,0.8492496887610393,0.0159650340461656,0.8344883533795239,0.8586536301185742,0.39684869312853166,0.03468143876597491,0.36989925876889207,0.4230662642280558,0.696756129906594,0.016013942007559102,0.6846500995285891,0.7094634810496101,0.4319413940808724,0.030909398436812584,0.4077758421583956,0.4550305448825228,0.07407882431061025,0.004237468197702038,0.07148642703259729,0.07795052594680671,,,,
learned,record,later_suppression_path,B+M+L+R,logistic,5,24000,0.060041666666666674,0.8529351373450643,0.023719897715298106,0.8334506667065771,0.8686362601873151,0.35205573377281685,0.07183142564477955,0.29210602197371743,0.40066952878938855,0.7714617635673999,0.017614179493784708,0.7560008085097001,0.7821705049551104,0.29573656988661967,0.03282972985256064,0.26934394639195175,0.3183222836628735,0.151702955762296,0.0067995728754202504,0.14628077730549255,0.15712513421909943,,,,
learned,record,later_suppression_path,B+M+L+R,random_forest,5,24000,0.060041666666666674,0.8625076554354623,0.018789747608828827,0.8472910733148231,0.8762278576328641,0.32726082280019464,0.057168864361719675,0.28517742043904937,0.37608906299451905,0.5900513657942444,0.027773163258344537,0.5687164114726566,0.6113863201158323,0.2718198457344553,0.06843298413437568,0.2182781510309312,0.32536154043797927,0.05205011275658713,0.001596357958624228,0.05081365869133412,0.053253091742089066,,,,
learned,record,later_suppression_path,B+M+R,logistic,5,24000,0.060041666666666674,0.8522369297429538,0.02278885342776185,0.8334373246307605,0.8680112990701971,0.35066394209042856,0.07221072831765658,0.28997769998320033,0.4009010650933741,0.7697651512231498,0.016251282680683522,0.7560761387488777,0.7799730923237618,0.29480645160402463,0.03163200672280081,0.2695024300439562,0.3177250538726669,0.15198259831350533,0.006475560398122223,0.1468493546166727,0.15711584201033796,,,,
learned,record,later_suppression_path,B+M+R,random_forest,5,24000,0.060041666666666674,0.861397027368632,0.019155140820587377,0.8461025689884251,0.8751124489819858,0.3263912888249555,0.05612513125569085,0.2845009515568898,0.37098056805940777,0.5963360955443628,0.026220212769991882,0.576246088912409,0.6164916607729385,0.28298656233900743,0.0627224597772619,0.2349108709349101,0.33106225374310483,0.05243644805910478,0.0017342305010941313,0.05107010697139427,0.05373990018429754,,,,
learned,record,later_suppression_path,M+R,logistic,5,24000,0.060041666666666674,0.8430142284708527,0.019848630861635005,0.8259933603960377,0.8583987320041835,0.3521312833252834,0.06873204609071915,0.29302267507892565,0.4000757018927431,0.760762443036511,0.012396609275817648,0.7507697609792113,0.7701846385960753,0.2807904497174067,0.024851868177508278,0.25952856917042866,0.29778106898353696,0.15737566348020668,0.0053625944078498095,0.15287614705812852,0.1614515465261807,,,,
learned,record,later_suppression_path,M+R,random_forest,5,24000,0.060041666666666674,0.8546871223985292,0.019908428977743135,0.8365193601421425,0.8659729123556466,0.33803260262933577,0.06583216701643595,0.2867060964055234,0.3893591088531482,0.6845577575007652,0.02780408055474514,0.6643830531905621,0.7070163625356283,0.39518964178451044,0.055737886292867925,0.3522167457307593,0.4370865200662464,0.06022302661999022,0.00264293633984125,0.058145293592227906,0.062300759647752536,,,,
learned,record,later_target_any_path,B+M+L+R,logistic,5,24000,0.11620833333333333,0.6826776089820041,0.026162588154084197,0.6630983036811704,0.702256914282838,0.21103556061790782,0.02529130990718846,0.1917670241561123,0.2303040970797033,0.6276385472656416,0.02153985792306878,0.6120428073704426,0.6430760485802359,0.27472436793581284,0.018190533547979976,0.2613185695566485,0.2901902316301525,0.2257608444859896,0.01172508463788134,0.21587368939381424,0.23329679108268878,,,,
learned,record,later_target_any_path,B+M+L+R,random_forest,5,24000,0.11620833333333333,0.8084035745777222,0.01070383682334234,0.8003589047594462,0.8169127730216271,0.3570205100356288,0.028869943255116617,0.33690204575135146,0.38148333139855467,0.5859353829623755,0.01288336287287953,0.5768414290354228,0.5970972912318102,0.2809114536917476,0.03128359801108323,0.25976100835659055,0.30696173991466924,0.09651393852044221,0.0022036729484272866,0.09500263909799833,0.09836536457434669,,,,
learned,record,later_target_any_path,B+M+R,logistic,5,24000,0.11620833333333333,0.6824201119880056,0.023787441763320188,0.6643125532627784,0.7005276707132326,0.20927027298170406,0.023038447484851687,0.1919555212028547,0.22658502476055342,0.6279676035391046,0.01517994084862288,0.61678472212849,0.6402518501858412,0.27466007577890855,0.014911589264745787,0.26337365797434675,0.2866604709440892,0.2259887987659505,0.011685220306014365,0.2161785475626985,0.23360602414583206,,,,
learned,record,later_target_any_path,B+M+R,random_forest,5,24000,0.11620833333333333,0.806524047306324,0.010368210651867021,0.7981815851871812,0.814336674304258,0.35461251910782343,0.03139470749245884,0.3329222274546009,0.3820631814806919,0.5890936129673631,0.014965667349997576,0.5788444346945112,0.6017417001227336,0.287474290117739,0.035480375567703455,0.26432622434966313,0.3183496544678269,0.09698131044680466,0.001902629737208448,0.09565749845765396,0.09854903748586767,,,,
learned,record,later_target_any_path,M+R,logistic,5,24000,0.11620833333333333,0.6430554316962203,0.02459148011017643,0.6243807981634932,0.6617300652289473,0.17692403548065225,0.007428452067355847,0.1712894402078867,0.18224158306320534,0.6144021485362108,0.020353001616300503,0.5988814995680046,0.6295833132590605,0.2618325525291264,0.012240998042719846,0.2528472855521436,0.27204318447730624,0.23450249986662253,0.00977021487812436,0.22560678433802522,0.2416914991211414,,,,
learned,record,later_target_any_path,M+R,random_forest,5,24000,0.11620833333333333,0.796758038205609,0.0112194875975968,0.7881452229525958,0.805315192928898,0.36784359604120975,0.042064828939564904,0.3378283049326354,0.40499275698882126,0.6549584273335121,0.009084420182979816,0.6479120537223733,0.6620048009446508,0.39478454328669665,0.023669186015700377,0.37691809968943996,0.4144972286834793,0.10603956640471361,0.0018000334142974056,0.10473004372806369,0.10758176864061361,,,,
rfm,dataset,later_capability_damage_any_path,B+M+L+R,logistic,5,6000,0.08131424180380183,0.8544554606396181,0.006347210268962875,0.8497574043397045,0.8595215622585892,0.3955103783577136,0.02676013366378561,0.3730748162913615,0.415112398462658,0.7732639067595228,0.021083008021687794,0.7559299764098582,0.7882283254373113,0.3489341484105779,0.030055730941072615,0.3236420519431083,0.37125080110154735,0.16539579254039888,0.009929329142763321,0.15702646994955544,0.17271300067411954,,,,
rfm,dataset,later_capability_damage_any_path,B+M+L+R,random_forest,5,6000,0.08131424180380183,0.8416132306427644,0.01596267063064712,0.8295429919563635,0.8536834693291653,0.37642717391563574,0.03445827580862921,0.35003528313453913,0.40326368612570657,0.6026700334596896,0.017765594168461466,0.5906493128724959,0.6177096383233335,0.3082864546802787,0.03866850349840225,0.28132135705451855,0.34145803810423553,0.06789315414275304,0.004378225210307913,0.06477547318802182,0.0717549083872755,,,,
rfm,dataset,later_capability_damage_any_path,B+M+R,logistic,5,6000,0.08131424180380183,0.8561529260571155,0.005080674410654531,0.8526821619834003,0.8605080099906519,0.3968176392618721,0.026835241170438368,0.3750944625337434,0.41699947660769643,0.7761518217523566,0.020933773314200127,0.7598012510690565,0.7916862152713885,0.3504039143591188,0.029753287044292625,0.32667710011888074,0.3728858189449947,0.1651669177955631,0.010191191357594455,0.15656769530919545,0.1726973621257061,,,,
rfm,dataset,later_capability_damage_any_path,B+M+R,random_forest,5,6000,0.08131424180380183,0.8422756669533795,0.010732034291428827,0.8339472563537997,0.8502135555912593,0.3884438946061833,0.025626908707871647,0.36911895037611775,0.4077688388362487,0.6121952671085377,0.02740945954589,0.592868077983401,0.6354542249978328,0.32604029779962873,0.051596901765852736,0.2888384379238952,0.36988516781745007,0.06817988458172894,0.004211787654546903,0.065106118785064,0.07179292302173194,,,,
rfm,dataset,later_capability_damage_any_path,M+R,logistic,5,6000,0.08131424180380183,0.8528093797218229,0.007804711483159778,0.8469032208570395,0.8587135267151977,0.39187576748673525,0.029831281974182895,0.36856657500147183,0.416078550981661,0.7710818951677946,0.019161680237641757,0.7550131527986169,0.7849783684402942,0.3421300089414012,0.02806138435929132,0.3198903750568028,0.3636155962826437,0.16978993097555986,0.008363440277688903,0.16260074290664045,0.17589095227850288,,,,
rfm,dataset,later_capability_damage_any_path,M+R,random_forest,5,6000,0.08131424180380183,0.8391313545362408,0.014199110313889167,0.8282657740737273,0.8501570365232862,0.3691566462350176,0.029114616978001925,0.3485254100233325,0.3911931551690063,0.6834574835195041,0.012395282456007128,0.674430719037505,0.6940564981628924,0.40772662601906784,0.01706234536290744,0.3955466381494248,0.4213328990758458,0.07708563482452943,0.004442925731547396,0.07410334143563065,0.08081858007273188,,,,
rfm,dataset,later_clean_any_path,B+M+L+R,logistic,5,6000,0.09925472641896389,0.5957572749143555,0.08859600879289907,0.5273915578998852,0.6641229919288258,0.15950997825149543,0.06914390329153354,0.10109043629397678,0.20895765167756433,0.5468611993337534,0.04938443740121902,0.5042092234739496,0.5804567641204426,0.19775659769916368,0.0977314837872537,0.1177570980118591,0.2684630021422964,0.18805306625010526,0.033719511137862514,0.16351634986679392,0.21267728750510165,,,,
rfm,dataset,later_clean_any_path,B+M+L+R,random_forest,5,6000,0.09925472641896389,0.7887986427572438,0.04182689414690872,0.755514564534994,0.8220827209794935,0.3148295651974512,0.07645516122974413,0.2548295167856162,0.37706785054346387,0.545846193029979,0.025109887578858858,0.52863384795731,0.5686442503760649,0.1708861391113626,0.07455547989013993,0.11774901626131892,0.23681526616408516,0.08539825827329317,0.0297346203373625,0.06244999307913742,0.10834652346744893,,,,
rfm,dataset,later_clean_any_path,B+M+R,logistic,5,6000,0.09925472641896389,0.5894167519681718,0.0788820399216217,0.5298123599067248,0.6528717746692277,0.15768037963186618,0.07636599767972616,0.09564012694642693,0.21126216288396477,0.5513707503544849,0.04486790238878403,0.5134913047477067,0.5833754078871598,0.20102928459225972,0.10073457632747242,0.12030959496495022,0.27642013870605614,0.18836105797391728,0.03311762684701601,0.16349399855604194,0.21280908091956863,,,,
rfm,dataset,later_clean_any_path,B+M+R,random_forest,5,6000,0.09925472641896389,0.7876765766582852,0.035872623401458865,0.7597784633228357,0.8155746899937348,0.31321162419804127,0.08937492592262208,0.236251925759704,0.37920094216086964,0.5536177727331689,0.039531597077217255,0.5259919375374079,0.5862297482259613,0.18775794760427938,0.11151260170590234,0.10803905831995719,0.27833918009727665,0.08569688660126124,0.029777252654489106,0.06279358445130727,0.10860018875121517,,,,
rfm,dataset,later_clean_any_path,M+R,logistic,5,6000,0.09925472641896389,0.5213500852685202,0.04840563095001215,0.484780094116536,0.5600790617310637,0.13528066384847792,0.06111057683204401,0.08642814356942925,0.18413318412752658,0.49561717758067214,0.04092769494849767,0.4610627724261348,0.5252224979068647,0.09891243678430481,0.086833164183265,0.040432935516342014,0.17280825250704362,0.19425373377601865,0.03199042238432776,0.1691729129629135,0.2190389885938037,,,,
rfm,dataset,later_clean_any_path,M+R,random_forest,5,6000,0.09925472641896389,0.7777279284086905,0.039586041848335064,0.7508893230500064,0.8099759550212298,0.3233994982542028,0.02880879814944894,0.30208905010458675,0.3450951704660576,0.6182793146965316,0.015452055368719284,0.6044862210900788,0.6291781838526116,0.34259854071821755,0.02500956860364398,0.3205216680385931,0.3567476383265857,0.09370358770342369,0.03230274538604067,0.06962054509272401,0.11778663031412336,,,,
rfm,dataset,later_clean_enhancement_path,B+M+L+R,logistic,5,6000,0.05026774715390284,0.8399251511547707,0.05899289565285918,0.8012247900181719,0.8893810232290876,0.3169654006071117,0.06180482174784679,0.26903017689712366,0.3649006243170997,0.7619633297103381,0.037983375787444554,0.7339281015099454,0.794814087327748,0.2617365853181771,0.08527885684104133,0.18731316275950521,0.3136588742744555,0.13943382366057938,0.03608789155632982,0.1124960783730107,0.1695349360988569,,,,
rfm,dataset,later_clean_enhancement_path,B+M+L+R,random_forest,5,6000,0.05026774715390284,0.8613409185738782,0.04947883813004353,0.8237324637929208,0.8978590246791108,0.3040735673629782,0.08027809419252693,0.24578582611591507,0.3634930365144922,0.5396764109211714,0.03325469948418426,0.514070592431368,0.5674709871822194,0.14236401865072992,0.11041154733427004,0.05430622009569378,0.23386199435923194,0.04575964413864847,0.01821095312019056,0.031124863061401515,0.05931044987752356,,,,
rfm,dataset,later_clean_enhancement_path,B+M+R,logistic,5,6000,0.05026774715390284,0.8354933625615878,0.06012977250382703,0.796306753838746,0.8883006330171984,0.31529791585505296,0.07498232283781239,0.2551168771704302,0.3727580294302422,0.7547838106982435,0.041588775969435145,0.7285532367258608,0.790815234357775,0.2559946899989552,0.08043219524899345,0.18442494982529917,0.30374446178742504,0.14099301628497501,0.03643068808972584,0.1139015529252764,0.17160860351055987,,,,
rfm,dataset,later_clean_enhancement_path,B+M+R,random_forest,5,6000,0.05026774715390284,0.8606891330897796,0.05383839919660319,0.8221423636074336,0.9020205159608121,0.306761610851099,0.08911132710855117,0.23777381883059961,0.37574940287159847,0.5604237598416855,0.05607368172449407,0.5176204754542427,0.6046896776886104,0.19738202695649504,0.16957046447241378,0.06959810874704492,0.32825396825396824,0.04610075721708655,0.018417345360255438,0.03152411709755145,0.05991912191398775,,,,
rfm,dataset,later_clean_enhancement_path,M+R,logistic,5,6000,0.05026774715390284,0.8345577537095744,0.0603313619597634,0.7904492582489466,0.8841629424178583,0.32031123805439937,0.0895671743154668,0.2512715240715925,0.38935095203720615,0.7577813493690876,0.03919252467020742,0.7307728134790914,0.789044808899632,0.25968554433469065,0.08443514685615353,0.18398555656342092,0.3063713428009559,0.14341185832199665,0.0315169536066296,0.11956195447153736,0.16781581328919676,,,,
rfm,dataset,later_clean_enhancement_path,M+R,random_forest,5,6000,0.05026774715390284,0.8441141971620061,0.04568779067247434,0.8123804537552111,0.8827943986253924,0.3124554504684009,0.08374511483014616,0.24819986120301674,0.37681917453621616,0.636135866462998,0.06877235068498282,0.5809338825542081,0.6844961662408254,0.31682343017637404,0.11572286330456055,0.2155461228398623,0.39057971014492754,0.05151161365321257,0.01939703745874851,0.0363393513491491,0.06619716015000501,,,,
rfm,dataset,later_clean_suppression_path,B+M+L+R,logistic,5,6000,0.05117904984861095,0.8154667415259398,0.04682061203472598,0.7874858849890016,0.8579296712068679,0.2980709340977445,0.09125252129472852,0.21585644693061873,0.36750618216742553,0.7321501292872281,0.04843261314729687,0.7035346394257347,0.7764882028845881,0.26619063540016874,0.08535164780093264,0.194674672558729,0.32622184484907446,0.12678513821809365,0.01649011976286507,0.11405495225737299,0.13951532417881432,,,,
rfm,dataset,later_clean_suppression_path,B+M+L+R,random_forest,5,6000,0.05117904984861095,0.8327173538989727,0.03634790874800816,0.809169845199763,0.8663024498740434,0.2836429566409565,0.06544293714224315,0.23085115324119662,0.3289825888642778,0.5484483285863482,0.04291193674862826,0.5156762274657198,0.582386099775672,0.16092316719569782,0.1350098605297732,0.054978354978354974,0.26301369863013696,0.046412500047937164,0.017220852838838906,0.03312298618789449,0.05970201390797982,,,,
rfm,dataset,later_clean_suppression_path,B+M+R,logistic,5,6000,0.05117904984861095,0.8124893667047284,0.047711118634743074,0.7847523378878828,0.855098381596842,0.3016667571599898,0.0833779145191699,0.22747865856676136,0.3625431474618025,0.7306200069336459,0.0504304444841954,0.6996463703529676,0.7771522312263697,0.26589339487074864,0.09156513305330041,0.19348289710566405,0.32858156807408595,0.12633026922113763,0.016009872010001286,0.11377319914416706,0.1384791432546299,,,,
rfm,dataset,later_clean_suppression_path,B+M+R,random_forest,5,6000,0.05117904984861095,0.829352531281409,0.030714905627592534,0.8103410650470924,0.857956015098188,0.2841390003270873,0.08550986327326447,0.20931695780566809,0.33858280486403763,0.5666645515048789,0.05346126983564139,0.5254766796923842,0.6078524233173737,0.2041265120231567,0.1476589172448069,0.0910344827586207,0.3152970492035461,0.04671997215077575,0.016800639161626694,0.033766802355047684,0.05967314194650382,,,,
rfm,dataset,later_clean_suppression_path,M+R,logistic,5,6000,0.05117904984861095,0.8213878965944603,0.04883222664341067,0.7850064820372495,0.8614475699584766,0.333942878027894,0.06202577520054216,0.2868202309178452,0.3837618572852726,0.7383507663258693,0.04098469745834005,0.7113849653154108,0.773169930680125,0.27684042005173143,0.09399989273081699,0.20564010672975924,0.3485944399451401,0.12654613084448602,0.013627807833562043,0.11459395669661351,0.13592343935183243,,,,
rfm,dataset,later_clean_suppression_path,M+R,random_forest,5,6000,0.05117904984861095,0.8348398072617311,0.03439195448089866,0.8075874047757503,0.8620922097477116,0.2934805537922297,0.07583561389654529,0.2362967773960051,0.35066433018845417,0.6446498698485116,0.05971666553518507,0.6049750530512735,0.6985317053539547,0.33714110086880866,0.08792477896673642,0.26974431509084973,0.40807118686552196,0.052983822274815164,0.017811775254076057,0.03974695951401415,0.06622068503561616,,,,
rfm,dataset,later_enhancement_path,B+M+L+R,logistic,5,6000,0.053176494275468514,0.8259962612244072,0.03494410718864834,0.7972459526158646,0.8495341398164629,0.3211224772793432,0.042548933548849206,0.29077223730427515,0.3558209912826092,0.758536896937614,0.030669681435357157,0.732457875516164,0.7781148415975557,0.2681118994823871,0.0902752819981241,0.18993093195965965,0.3200387675319203,0.14199204794782413,0.03265251219851186,0.11768859981042194,0.16879015998752886,,,,
rfm,dataset,later_enhancement_path,B+M+L+R,random_forest,5,6000,0.053176494275468514,0.8609567871532542,0.043826942814975144,0.8269956639563889,0.8925328264117168,0.3201407637540904,0.08008007824772416,0.2633786154483149,0.38217204489381673,0.5551975594122349,0.04767955116493021,0.5182847956181301,0.5913068782127848,0.18159531822288494,0.1414568087143745,0.06577899169227268,0.2879310344827586,0.04776444519923545,0.018958618020969414,0.03247649486810591,0.06188512764252435,,,,
rfm,dataset,later_enhancement_path,B+M+R,logistic,5,6000,0.053176494275468514,0.8218000597094569,0.03483338557349512,0.7918007644134181,0.844952087268309,0.3249369583373591,0.04842995917329802,0.29080342080403365,0.3654104160150119,0.7503239013483648,0.02888509645821888,0.7266570519003742,0.7701293260937349,0.26189168164055326,0.08853694312848175,0.1839751301069804,0.3128314167932306,0.14349788750025239,0.03306680162035424,0.11893565548543492,0.17094970730206702,,,,
rfm,dataset,later_enhancement_path,B+M+R,random_forest,5,6000,0.053176494275468514,0.8547127811295392,0.03699569371243331,0.8278636550035579,0.8825115169038741,0.3048107964561445,0.07510076316511084,0.24969537323948487,0.35992621967280414,0.5581808305327149,0.0449127728886351,0.5213876466117532,0.591585822377309,0.19210297244459668,0.13625569196868187,0.07619047619047618,0.28977267862494116,0.04859570745023758,0.018936901222738327,0.033549003864370444,0.06279989907099262,,,,
rfm,dataset,later_enhancement_path,M+R,logistic,5,6000,0.053176494275468514,0.8184975876285845,0.041515896674578404,0.7830145604809909,0.8487843633538763,0.3292260005955178,0.07158777516748203,0.27580049441344795,0.3826515067775878,0.7491358397629047,0.034321037950188246,0.7195394016655525,0.7715026307413174,0.2603693740916518,0.08692193433052822,0.18373434807280328,0.30535720822736667,0.1467227259077998,0.028805262086773083,0.12496417298099571,0.16867084870212065,,,,
rfm,dataset,later_enhancement_path,M+R,random_forest,5,6000,0.053176494275468514,0.842266059825997,0.03482004048035386,0.819299616410273,0.8698515538422598,0.31302314793353614,0.07079344292013108,0.2576451058735828,0.3684011899934895,0.6477214666119335,0.04673638227782328,0.6127709353916521,0.6827043966459875,0.3467060717489246,0.05312177461922097,0.3076420929273639,0.386714278529397,0.0540276059690458,0.019806961381519488,0.03826633613258109,0.06889820816349639,,,,
rfm,dataset,later_neighbor_damage_any_path,B+M+L+R,logistic,5,6000,0.07071113505196926,0.8399078076140375,0.05269853494543924,0.8009089447298468,0.8807352684250237,0.3654686579839145,0.11958854993777443,0.2543762938094281,0.4324954952437633,0.7602372163976749,0.05693568954197329,0.7209267981124876,0.8090994779885587,0.3323479017853245,0.08849764010920691,0.25138248667513047,0.39317453846601824,0.1381411193952345,0.044923893982978184,0.10391619910456243,0.17299867324220808,,,,
rfm,dataset,later_neighbor_damage_any_path,B+M+L+R,random_forest,5,6000,0.07071113505196926,0.8479217852313046,0.048222522897885686,0.8108923773217926,0.882706957298084,0.3620900271383257,0.058333329409517354,0.31097229425277917,0.4008246138386727,0.5929939961984628,0.033344029232554855,0.5628902279450619,0.6148225298990886,0.28253256547374195,0.09887547806547523,0.196986346986347,0.34488041370394307,0.059736162523822155,0.025798179268487292,0.03951567088115012,0.08029370677370551,,,,
rfm,dataset,later_neighbor_damage_any_path,B+M+R,logistic,5,6000,0.07071113505196926,0.8389677354473483,0.05234900884500851,0.8003866526011478,0.8794268453164624,0.36543950718771007,0.12079968969215592,0.2536678402833649,0.43288393817920595,0.7559682120230194,0.05759452496866281,0.7161003099941494,0.8031257892840953,0.325444019035715,0.08503612411654886,0.24876216291353911,0.3798050564512586,0.13837877792627756,0.04512845448734788,0.10405052798991074,0.17340010358935692,,,,
rfm,dataset,later_neighbor_damage_any_path,B+M+R,random_forest,5,6000,0.07071113505196926,0.851481903982447,0.0454485501901926,0.8167779337204969,0.8861858742443971,0.37111325542301754,0.04398040113989218,0.33399193457852794,0.4017908047819465,0.6031960814755151,0.0293924437281735,0.5794665771247202,0.6254566712991767,0.3039992571614281,0.0832343421845744,0.23923735239952335,0.36284445269820637,0.05972299985243993,0.02545064427691276,0.039658800213844506,0.07996971853713347,,,,
rfm,dataset,later_neighbor_damage_any_path,M+R,logistic,5,6000,0.07071113505196926,0.841717136722302,0.05765525917158166,0.7981134658393453,0.8833400452514851,0.37564664815554216,0.07365735829186044,0.3184376046259139,0.4352046657274931,0.7657757276798927,0.060028746274269844,0.7201732940222026,0.8113781613375824,0.3317676856967515,0.0732749207543506,0.270508602132687,0.38536561975545436,0.14088815213746905,0.043486678208305665,0.10675832209029408,0.17501798218464407,,,,
rfm,dataset,later_neighbor_damage_any_path,M+R,random_forest,5,6000,0.07071113505196926,0.8546291692449609,0.054812854250520134,0.81158306729351,0.8954079792061176,0.37868906183268425,0.06512222133892624,0.3328298115581835,0.4369820099414559,0.6624097057849306,0.02719278198929097,0.6388977290064284,0.6811972868366225,0.3826618062630888,0.04723146572845147,0.348221094726835,0.42159477399000556,0.06419070958652125,0.02726516299695194,0.04272809519453964,0.08594063126489451,,,,
rfm,dataset,later_suppression_path,B+M+L+R,logistic,5,6000,0.05456780638199739,0.8165570297671152,0.049930855756598724,0.7864312803400305,0.8617967170977823,0.3055989646544127,0.09380449010566479,0.2215626830136081,0.36951119906098445,0.7288521668804799,0.05694716109097082,0.6976084640819494,0.7801303044029216,0.2764054514047196,0.09552473796577332,0.19959020551691134,0.34137081403415337,0.12529246582201406,0.015545862548181784,0.11341335658534561,0.13715064238937075,,,,
rfm,dataset,later_suppression_path,B+M+L+R,random_forest,5,6000,0.05456780638199739,0.8421590666419716,0.04061089566260572,0.8118584646388788,0.876268476784718,0.29304732878057543,0.0811379586158296,0.223683223034489,0.34514099093469963,0.5666270995108813,0.047650061722457865,0.5269740785980278,0.6020837632839848,0.20910658648922512,0.1391162003186777,0.08873294346978558,0.30948039683207573,0.0486913902386323,0.017996071511286526,0.035027477782858626,0.06235530269440599,,,,
rfm,dataset,later_suppression_path,B+M+R,logistic,5,6000,0.05456780638199739,0.813193807517189,0.05253272861532706,0.7806538507058319,0.8613802763351718,0.3099672350388786,0.09156718786558621,0.22841614952910422,0.36843791988525254,0.729198148654836,0.05860406257104477,0.6948704527299269,0.7814932707112029,0.2762291166942731,0.09697239122025415,0.20110241204402762,0.345921139663043,0.12474362229417277,0.015160667302846459,0.11290348642275454,0.1360547385446351,,,,
rfm,dataset,later_suppression_path,B+M+R,random_forest,5,6000,0.05456780638199739,0.8312976816037752,0.033627445502950916,0.8119238194190797,0.8606644242054788,0.2955849498815037,0.08755858680562068,0.21713227348812447,0.35222864659339603,0.5719599086984251,0.049224919728528396,0.5344810865477228,0.6085752726480835,0.22023681632377284,0.1381838334963652,0.10938277181755443,0.31567876567876574,0.04901675331784676,0.01766460606732284,0.03562358276057655,0.06240992387511698,,,,
rfm,dataset,later_suppression_path,M+R,logistic,5,6000,0.05456780638199739,0.8217748308111157,0.05176918107039789,0.7834280551982007,0.8620111806126992,0.34710834344500985,0.06993707512721377,0.2924000731496422,0.3996717080815556,0.7312749596073835,0.037250859202220085,0.70401181573887,0.763224973350449,0.2892071258756383,0.10761062312886585,0.2090006659747036,0.3719058531874721,0.12542818620999477,0.013813608990235982,0.11408074774921854,0.13493534306707544,,,,
rfm,dataset,later_suppression_path,M+R,random_forest,5,6000,0.05456780638199739,0.8425549202333953,0.04304164574250545,0.8084311040169375,0.876678736449853,0.3126971162178308,0.07237446615607582,0.2526032016186813,0.3660492047330517,0.6494897116305568,0.04675002099822855,0.6110294136367361,0.6882920141236571,0.35768018787047284,0.09070370440072124,0.2797021658924509,0.42291325695581017,0.054865212292413826,0.018787655460988602,0.041046890163185114,0.06868353442164254,,,,
rfm,dataset,later_target_any_path,B+M+L+R,logistic,5,6000,0.1050799169955698,0.5911546695380865,0.09158930316497464,0.5204794167723457,0.6618299223038272,0.16256214036804892,0.07657129383359204,0.09746445338379087,0.2154241783729356,0.5456312370655503,0.05022658105700728,0.5012105846204304,0.5775323640434356,0.20372208020360566,0.09915098270922926,0.12170083898944192,0.27349445549987805,0.18833338774598368,0.03249678729707158,0.16471339863675652,0.21195337685521082,,,,
rfm,dataset,later_target_any_path,B+M+L+R,random_forest,5,6000,0.1050799169955698,0.7985267783740724,0.039563434821795904,0.7678046776422844,0.8292488791058602,0.32548635927377967,0.0963799708448396,0.24487745596092436,0.39304924110242984,0.5496303973041619,0.036780395772511514,0.5193843886815112,0.5784471545756007,0.1785944522150928,0.11742082318623358,0.07984869836089892,0.26028220538280633,0.08826377120513858,0.030764164883311136,0.06474992675499257,0.11177761565528457,,,,
rfm,dataset,later_target_any_path,B+M+R,logistic,5,6000,0.1050799169955698,0.5861969705411106,0.08345542931620095,0.5211730213497238,0.6500042751472812,0.16372349142790438,0.07983283353313549,0.09523568413428554,0.2191923860956928,0.5414396923596678,0.054608399944043325,0.49388039769309017,0.5785150629506205,0.1993247965063823,0.10530103282980516,0.1152587002096436,0.27794068051694865,0.18859101583843105,0.03203712151054263,0.1646669595851769,0.21197305726945537,,,,
rfm,dataset,later_target_any_path,B+M+R,random_forest,5,6000,0.1050799169955698,0.7884654737967586,0.03531564256092281,0.7611592520000826,0.8157716955934345,0.32076954267997215,0.09417079093797293,0.23761986469661375,0.3894419428202825,0.5549255291619724,0.03489054293591756,0.530758813323272,0.5850246817100444,0.19439324573870356,0.10130326787782716,0.11646750498906014,0.27331816874526105,0.089354300292937,0.030959733673892226,0.06566012168853172,0.11304847889734226,,,,
rfm,dataset,later_target_any_path,M+R,logistic,5,6000,0.1050799169955698,0.506051557190623,0.049452458799795235,0.46750046064956435,0.5448946423883073,0.14066154318435223,0.06281775779757975,0.09055812766987688,0.19076495869882754,0.49478776283153014,0.03928213541091732,0.4609770229487785,0.5240296623048477,0.08566307878352415,0.09588646594714134,0.024080267558528427,0.1727607022188926,0.19481433389384645,0.03115373655875058,0.17045634948261104,0.21912048515505259,,,,
rfm,dataset,later_target_any_path,M+R,random_forest,5,6000,0.1050799169955698,0.7826786908081025,0.0353366364003952,0.7567172516209177,0.8106524024485475,0.3369012008509489,0.03615222680382957,0.310591157074714,0.3660579906855029,0.6302233148672061,0.02053133215134203,0.613900792087889,0.6465458376465234,0.36506776293946663,0.035732221412908154,0.3378646714378659,0.39227085444106724,0.09694212754836758,0.03281593645404137,0.07237662249832869,0.1215076325984065,,,,
rfm,domain,later_capability_damage_any_path,B+M+L+R,logistic,5,6000,0.08124622912056986,0.8501587284449161,0.015969937671291373,0.8354336070703414,0.858992370899894,0.39170311153954773,0.05595212160209487,0.35240834306892693,0.4360499555955619,0.758677100348409,0.02091457985073686,0.7406009966356605,0.7732895670752609,0.3416136061972922,0.03249209537244955,0.3174162506631002,0.36581096173148425,0.16122287250571304,0.00877504920824246,0.1545801638290227,0.16913972529685667,,,,
rfm,domain,later_capability_damage_any_path,B+M+L+R,random_forest,5,6000,0.08124622912056986,0.841276773902286,0.026100996164507142,0.8187364495733365,0.8582631580857525,0.37371626627697835,0.06906439396876447,0.319964315535145,0.43008129399799727,0.5957902193321744,0.02624418691233394,0.5743056975088919,0.6152191053570895,0.2929516518055997,0.06496611255560959,0.23952348604346807,0.34123126592961606,0.06801270833485704,0.0049116022555758,0.06381332662719405,0.07102321290340549,,,,
rfm,domain,later_capability_damage_any_path,B+M+R,logistic,5,6000,0.08124622912056986,0.8517327945003155,0.01591863591351778,0.8370813461932883,0.8613442934880238,0.3931911988829185,0.05634602819954546,0.35324282642070803,0.43887128361824557,0.7616994861237938,0.017676782265645893,0.7459524647295546,0.772446694114478,0.3430758328419515,0.0299040678956366,0.3202390526788073,0.36572179126216753,0.1613076364530322,0.008907185283584425,0.15440990673443072,0.16928587820491683,,,,
rfm,domain,later_capability_damage_any_path,B+M+R,random_forest,5,6000,0.08124622912056986,0.8422340829073514,0.022546319527383646,0.8229062803726446,0.8567027197299556,0.3902008121081063,0.06733940493741981,0.3388428635627935,0.4477425977475142,0.6061916007318825,0.022262439368800336,0.5890844062428603,0.6231531036841187,0.31663670346575673,0.054255885390189905,0.273778194835436,0.35776497173822264,0.06796596768905555,0.005178997748137182,0.06329184729209035,0.0709925309998518,,,,
rfm,domain,later_capability_damage_any_path,M+R,logistic,5,6000,0.08124622912056986,0.8505226017493607,0.013539791771015022,0.8389961576215628,0.8594663986337597,0.3926678499782231,0.0452055668670139,0.35750208872452394,0.4296036753918836,0.7680955727629843,0.016994081951607447,0.756089151876967,0.783633914955462,0.3438829565240723,0.03748728861630205,0.31520513891092966,0.37254321155442993,0.16653605792795237,0.005889345090662089,0.16220805600988503,0.1709136302898072,,,,
rfm,domain,later_capability_damage_any_path,M+R,random_forest,5,6000,0.08124622912056986,0.8330546997658097,0.019285470703021192,0.8158196633383362,0.8448295784570001,0.3635721116331334,0.03913238157945358,0.3286039672589115,0.39098577409558377,0.686755816433567,0.023640624245833252,0.6659589002138566,0.7026917052246,0.4123100634672351,0.032988012633868934,0.38315289427358395,0.43393638030751874,0.07778326685876366,0.0031939356288350827,0.07538947115919367,0.08005368912387764,,,,
rfm,domain,later_clean_any_path,B+M+L+R,logistic,5,6000,0.10150756694768963,0.6007422388381544,0.07524621763095109,0.5308883014239568,0.6499109754469826,0.154039549801897,0.05340966877297981,0.11194314000088793,0.19403937570092852,0.5545299166472482,0.04386125337274124,0.5159310890203662,0.5848440152951395,0.20758332250345085,0.07030050177702225,0.14931595840867992,0.2602584673898633,0.20292108414109317,0.03780571124194933,0.17388981665856695,0.23203989134493153,,,,
rfm,domain,later_clean_any_path,B+M+L+R,random_forest,5,6000,0.10150756694768963,0.7846895670814414,0.03508042716500159,0.7585617581127831,0.8108551751972047,0.3185024000520063,0.06423978015012226,0.2599900594728972,0.3626193111041319,0.5466676429922906,0.03497376945026201,0.5225118165951032,0.5746033527106617,0.1658806067314869,0.10351956934492973,0.089772445230067,0.24590690208667737,0.087742916361529,0.021012365256137467,0.07164638043612406,0.10452765805823697,,,,
rfm,domain,later_clean_any_path,B+M+R,logistic,5,6000,0.10150756694768963,0.5960514239999788,0.07586354233934085,0.5269160812655072,0.6458159310111584,0.15516441053436553,0.055802203570540915,0.11125641898621645,0.19648017672019424,0.5525673507098474,0.04605462298076122,0.5104247515959107,0.5825280105283553,0.20555569194004564,0.06746090665004717,0.15253621859526867,0.25552349611889985,0.20295326880239548,0.03876268476943851,0.17300595804132174,0.2329542399503602,,,,
rfm,domain,later_clean_any_path,B+M+R,random_forest,5,6000,0.10150756694768963,0.7867201417593218,0.031790301873048106,0.7619892889611981,0.8114509945574456,0.3138608563328863,0.05948267818940791,0.2639051227141289,0.3574073563597753,0.5568660747620431,0.03554628096378748,0.5348106078398788,0.5877067286384984,0.19645532174943942,0.09294717238666625,0.1340039045921399,0.27221403221403223,0.08824058300697414,0.021381752530243173,0.07136789832911737,0.10544533342191895,,,,
rfm,domain,later_clean_any_path,M+R,logistic,5,6000,0.10150756694768963,0.5478652171600309,0.08312785844007413,0.47298448553958006,0.6020624533100587,0.13125981491006908,0.04729799864986585,0.09229713392165621,0.1671350526581626,0.5240645126386203,0.051430221082537905,0.47699090027144153,0.5553210331219336,0.17837113287992992,0.05645589197619883,0.13356000057109405,0.21981823485290394,0.21065151061849857,0.03112137876792473,0.18659901401303441,0.23386247008231104,,,,
rfm,domain,later_clean_any_path,M+R,random_forest,5,6000,0.10150756694768963,0.7684688090400046,0.01680445690197892,0.7554184872480679,0.7815191308319412,0.3219897258265122,0.0410149973504971,0.2843762525112222,0.3459247401100841,0.6227287082065335,0.02445910188664839,0.6068504892389198,0.6437674548950663,0.3432333442859111,0.03285881959984804,0.3189164407666334,0.3698418955755923,0.0973056896257213,0.022515262638500698,0.08047717423543095,0.11359743314338108,,,,
rfm,domain,later_clean_enhancement_path,B+M+L+R,logistic,5,6000,0.05136939567159127,0.8297504357710264,0.033504596445101266,0.8040850886696808,0.8554654335679345,0.2918995865290328,0.0843278003864871,0.21498301076905224,0.35177318171109445,0.7557640587436734,0.039807515082502416,0.7235514624723521,0.787568473165736,0.2623910170465394,0.06779862455060875,0.20605697202275391,0.313216428177355,0.14545653436669817,0.0327485798094252,0.12080909937203092,0.17257169889219554,,,,
rfm,domain,later_clean_enhancement_path,B+M+L+R,random_forest,5,6000,0.05136939567159127,0.8507539247655067,0.009283627167044693,0.8425082603369975,0.8564455365051333,0.2623091221027409,0.07720085313644112,0.19710278155905464,0.3113781040402984,0.5286496334527235,0.022289770146922336,0.5121735622238731,0.5461327861858409,0.10342708968545138,0.07462174299278784,0.04284586762881948,0.15879219094657945,0.04684304239306031,0.013151233631369557,0.036575850764756605,0.05599283464015666,,,,
rfm,domain,later_clean_enhancement_path,B+M+R,logistic,5,6000,0.05136939567159127,0.8254390524388894,0.03799143983233569,0.7989867565557885,0.856196607358094,0.2909161690521086,0.08470572945262149,0.22127998526142215,0.3535116009015595,0.752978595009269,0.04058349440568081,0.7206412623765782,0.7884614433744748,0.2608001600157629,0.06569716409613928,0.20848293551907612,0.30970868030461884,0.14663077255191068,0.03364115411422349,0.12105035411392237,0.17433732626108472,,,,
rfm,domain,later_clean_enhancement_path,B+M+R,random_forest,5,6000,0.05136939567159127,0.8479963217700888,0.010062451399032791,0.8400543508906763,0.8556638104435796,0.2644448987404065,0.0645657231888494,0.2121000440580952,0.3110306040258288,0.5310073655179194,0.024871694810396982,0.5111952580207211,0.5492445966686963,0.1110204081632653,0.0843259408507766,0.04364625850340136,0.17396825396825397,0.04719443245706437,0.013731056556230168,0.03616491045088631,0.05674033816294357,,,,
rfm,domain,later_clean_enhancement_path,M+R,logistic,5,6000,0.05136939567159127,0.8272103330952053,0.051233972836658946,0.7924074890965738,0.8704230602415339,0.28892963124495596,0.0891551256512567,0.2220294892022945,0.3635357646896722,0.7692487734611603,0.04970275810573696,0.7378563595958388,0.8140562400206909,0.2685299352087753,0.07680434704185142,0.2088381621305239,0.33134256835959097,0.15233797564606413,0.03131601968548237,0.12453099009497684,0.17331939512625819,,,,
rfm,domain,later_clean_enhancement_path,M+R,random_forest,5,6000,0.05136939567159127,0.8360350741377178,0.022710649288833224,0.8196629526617698,0.8540668874324784,0.2647903318163493,0.06645734276643141,0.21472049189675033,0.3148601717359483,0.6231041667060875,0.0366128401254891,0.5916394956394269,0.6519158839116681,0.30003169820795283,0.06528334290958417,0.25033173273075354,0.34973166368515207,0.05341640140153546,0.014273652941513953,0.04310666434474804,0.06372613845832288,,,,
rfm,domain,later_clean_suppression_path,B+M+L+R,logistic,5,6000,0.05243725096561316,0.8178502749022162,0.04955337000941035,0.7727597185267912,0.8539836120476082,0.3041258604890045,0.06223858303173454,0.25281067109525857,0.3492035873047553,0.7451402136611807,0.047236440526550696,0.7057979986979462,0.780018127461837,0.26666958461907786,0.04345433703080176,0.2321119408290508,0.29932496175672063,0.141994403066309,0.020786350410822302,0.1276115111602407,0.15914485142292828,,,,
rfm,domain,later_clean_suppression_path,B+M+L+R,random_forest,5,6000,0.05243725096561316,0.8339318993528266,0.036729725551007925,0.8055021289158476,0.8623010632426439,0.31167173118501423,0.06365303784253046,0.2625885118827201,0.36075495048730843,0.559750884738037,0.04263536647254586,0.5304467550165495,0.5968957218799325,0.1910947064631275,0.10850466356261286,0.1098883572567783,0.28264935064935065,0.047466117160478195,0.012082844973956761,0.03864101362612768,0.05738078404139777,,,,
rfm,domain,later_clean_suppression_path,B+M+R,logistic,5,6000,0.05243725096561316,0.8156346877288619,0.05141913713281445,0.7684445155535334,0.8535517817994777,0.3104470336734194,0.06171528379247415,0.25989915022454313,0.35669769708907395,0.7396843851408537,0.04636207453363517,0.7000679451759306,0.7743182123433613,0.2647038379090815,0.045684009135685516,0.22817681654335037,0.2982285917077395,0.14123590724481988,0.02154467937137891,0.12603316451101812,0.15968562399687894,,,,
rfm,domain,later_clean_suppression_path,B+M+R,random_forest,5,6000,0.05243725096561316,0.8320496020116872,0.03367687238229846,0.8057465912307619,0.8583294766384041,0.31174357062890634,0.05466751156804608,0.26894198386861795,0.35282963162972125,0.5686853162211019,0.045053380274396745,0.540861055318293,0.6085993225601193,0.2139089434427947,0.10194600582856436,0.14624434389140273,0.3028133723472236,0.047680330575328986,0.012028333805139554,0.038811207888056254,0.05755020077722078,,,,
rfm,domain,later_clean_suppression_path,M+R,logistic,5,6000,0.05243725096561316,0.8133191304024491,0.05040971367375818,0.7691309309579103,0.8496266672206432,0.3465633887084831,0.03881429410121691,0.316688306125119,0.3768792765653897,0.7447903304035534,0.04475020641533088,0.7113013899611957,0.7810007230849922,0.27160269552242344,0.04988341424991876,0.23117089806744978,0.3094908900465834,0.14186028056025665,0.013704335209340472,0.1334488547931004,0.15396132713731608,,,,
rfm,domain,later_clean_suppression_path,M+R,random_forest,5,6000,0.05243725096561316,0.8362761485891967,0.03489829620196183,0.8099658855333374,0.8624708412284294,0.3122302470229372,0.03690613537345742,0.28322232768749156,0.3412381663583829,0.6522998188197638,0.037287055901525624,0.6233902470031646,0.6812093906363629,0.3598200218086363,0.05140580965689159,0.3195369508337675,0.40010309278350514,0.05433368773017435,0.013392832877212088,0.04437929058429997,0.06558992498032584,,,,
rfm,domain,later_enhancement_path,B+M+L+R,logistic,5,6000,0.054293392535768134,0.8196677064652255,0.028239581810364754,0.7953487040042038,0.8397675275084303,0.2979237619359184,0.08705050862845917,0.2181877487933083,0.35498576212377214,0.7549226999238848,0.038924334070654945,0.7222264759696454,0.7821800160591829,0.2695546923204919,0.07969279556206056,0.2059890610918172,0.32817461285484506,0.14768478358704712,0.03125232908307354,0.12489163182426946,0.17383931713297524,,,,
rfm,domain,later_enhancement_path,B+M+L+R,random_forest,5,6000,0.054293392535768134,0.8476697517765874,0.013987232097041098,0.8361040281422596,0.8581977698864132,0.27851454587124597,0.05911235791359681,0.22795808194468306,0.3185521625813629,0.5399332919384487,0.017627304484742302,0.52609580335434,0.5528944569029958,0.1424558863969276,0.056988009225186174,0.09780231560891939,0.18494897959183673,0.04912734821897272,0.013894101189483643,0.03858708469141637,0.05901775921931879,,,,
rfm,domain,later_enhancement_path,B+M+R,logistic,5,6000,0.054293392535768134,0.8159488806345057,0.029247290426697065,0.7904617289324307,0.8370865752257014,0.29757143781951034,0.08892285554784456,0.22275640961867366,0.3574827902240751,0.7516008731128476,0.03866384024016436,0.7165947995144497,0.777379004872232,0.26865746714821487,0.07931287033006197,0.20684365040262204,0.33047128389380775,0.14877621689545067,0.03220099274264148,0.12481248102701954,0.17507867003935945,,,,
rfm,domain,later_enhancement_path,B+M+R,random_forest,5,6000,0.054293392535768134,0.8469515180672925,0.010759418421620209,0.8388168571503837,0.8558671987634604,0.2800035510861484,0.06146383043849416,0.23053619685737967,0.3250550273695253,0.549980211354809,0.02443614599307329,0.532996167768382,0.5707186719204129,0.17073414963504915,0.07028444942916455,0.12053960659223818,0.2294949338488495,0.04927062935858465,0.014343255033559911,0.03804253509114303,0.05950484501807897,,,,
rfm,domain,later_enhancement_path,M+R,logistic,5,6000,0.054293392535768134,0.8150450928026902,0.04367705458234628,0.7820090820351303,0.8505899206555794,0.2988763182545443,0.09010337215020958,0.22397342722068841,0.37499809628659425,0.7595397433842426,0.04295515378453972,0.7278254622391727,0.7948069427564202,0.26724480817865237,0.079536111113566,0.19966491359859573,0.3263031287139325,0.1553411747532569,0.02932556194660684,0.1293047471583489,0.1750135265685006,,,,
rfm,domain,later_enhancement_path,M+R,random_forest,5,6000,0.054293392535768134,0.8340240621068687,0.014874132785278632,0.8222394676592506,0.8458086565544869,0.279848859136385,0.07777825019484441,0.21783940429216178,0.3372727252141226,0.6258144323130777,0.0467592458085572,0.5915296645305895,0.6634878148852827,0.303390809581857,0.08658377886732611,0.23589120099758398,0.37089041816613,0.05584651555438843,0.0147939716600247,0.044884376044972495,0.06664072249836117,,,,
rfm,domain,later_neighbor_damage_any_path,B+M+L+R,logistic,5,6000,0.07134155332934283,0.8340413239597879,0.04225098636832745,0.802299951464603,0.8657826964549729,0.36607449494043826,0.10234545503431984,0.27803499382785885,0.4365754275566161,0.7511608028862564,0.03820770535550505,0.7229288734876501,0.7822470692890775,0.3175846792637513,0.07664207413534889,0.2590191449566734,0.3761502135708291,0.14398215247123616,0.0445636093745393,0.10918381016633019,0.17878049477614213,,,,
rfm,domain,later_neighbor_damage_any_path,B+M+L+R,random_forest,5,6000,0.07134155332934283,0.8456524491725993,0.032715533266200005,0.8210206870227255,0.8712301093600804,0.3704759859199179,0.03552920083823201,0.3433680960504886,0.3975838757893473,0.5979159482544188,0.028886644779577822,0.5755041966495901,0.6199974346991123,0.2979380535711099,0.06963298083399116,0.24388714733542322,0.3519889598067966,0.06031863211052409,0.024105721092989488,0.041625368899398434,0.07804869055822677,,,,
rfm,domain,later_neighbor_damage_any_path,B+M+R,logistic,5,6000,0.07134155332934283,0.8342190348895189,0.04307901843383434,0.8018690023292091,0.8665690674498288,0.36797086236166676,0.1035268746915908,0.2791969356187847,0.4389210826478127,0.7452616849800767,0.04444690734226959,0.7135106059745595,0.7786205456124258,0.3130034273748389,0.08306246430358415,0.24883975906256378,0.37616913303225685,0.14436615346809306,0.04418183547017122,0.10999903279547288,0.17873327414071324,,,,
rfm,domain,later_neighbor_damage_any_path,B+M+R,random_forest,5,6000,0.07134155332934283,0.8491521966667971,0.03457081807193203,0.8229364157527526,0.8753679775808418,0.3758036859488413,0.03537686833635284,0.34744857431035564,0.4024078760291473,0.6023040679092968,0.03184533119578937,0.5760587923396725,0.6260430477815596,0.3034409240278117,0.07246940022439265,0.2445886113065916,0.3575639720849084,0.06038289874052296,0.024260470720057714,0.04164773197699393,0.07845732023748056,,,,
rfm,domain,later_neighbor_damage_any_path,M+R,logistic,5,6000,0.07134155332934283,0.8284318634025507,0.041502923667760004,0.7960838056240609,0.8607799211810404,0.37079167497679666,0.08740697039658483,0.2947476238145629,0.43567606368245826,0.754355579149645,0.04071470018954434,0.7224475575534176,0.7862636007458725,0.3150977586791362,0.08479390724697115,0.24454545454545454,0.3798376837025663,0.14773697949401213,0.034647657130505286,0.12192399751424503,0.17584327655670323,,,,
rfm,domain,later_neighbor_damage_any_path,M+R,random_forest,5,6000,0.07134155332934283,0.8483728546450792,0.03514143255170817,0.8234741291470824,0.8732715801430757,0.37242285733278446,0.08052126724922803,0.30619814196656303,0.4329112259211382,0.6663593105827015,0.026599927277895015,0.645492015673031,0.6854232987620683,0.39019457635978283,0.03965077323652383,0.36167513446869626,0.42331555902371354,0.06556078241518976,0.022823035068097568,0.0479963869636398,0.0831251778667397,,,,
rfm,domain,later_suppression_path,B+M+L+R,logistic,5,6000,0.055929857423780836,0.8185747883693164,0.046575520448061625,0.7766188410414728,0.8525762500606671,0.31784639410034954,0.06737877246357585,0.25943672498965087,0.3676296293307028,0.7380791140305683,0.04697532602298306,0.6990195310254593,0.7739226638950416,0.27808728448992753,0.05256634313242002,0.23356411431960375,0.31753413841946926,0.13892816162671526,0.019891863655695553,0.12508755860213322,0.15536054423439993,,,,
rfm,domain,later_suppression_path,B+M+L+R,random_forest,5,6000,0.055929857423780836,0.839268155595127,0.03604790595354421,0.8119294070235533,0.8666069041667008,0.3075999736438962,0.050996681082025416,0.26778292157775035,0.34613869062100583,0.5682721544410896,0.05350726491817725,0.5294687137117173,0.6104880811137867,0.21053394573701775,0.13514595918512,0.11092299776623248,0.31022222222222223,0.049802340778405715,0.013057420943078577,0.04027055367950614,0.060652441077652684,,,,
rfm,domain,later_suppression_path,B+M+R,logistic,5,6000,0.055929857423780836,0.8170887013426181,0.04934109788411696,0.7726614733858836,0.8532284517614238,0.3234556040878736,0.06603358030389792,0.2687468869245838,0.3728466919128849,0.7301651473568264,0.04195801601616264,0.6965738551222718,0.763621321497153,0.2710542727398367,0.05074398984098886,0.23014976053027927,0.3087031969999285,0.13804314611949714,0.0207228905542846,0.12375073590045575,0.15583742836156902,,,,
rfm,domain,later_suppression_path,B+M+R,random_forest,5,6000,0.055929857423780836,0.8431111869373522,0.034665412756566545,0.8162236372759331,0.8690238960386433,0.3193772175214641,0.05631188347875718,0.2767785679820588,0.36366974164648475,0.5711621285838971,0.04888947321080032,0.5434374670690173,0.6122073288297994,0.21705161604144832,0.10264631335355195,0.15488721804511277,0.30000768674262956,0.04965398105130241,0.013249882254167898,0.040056602598316615,0.060583664118206634,,,,
rfm,domain,later_suppression_path,M+R,logistic,5,6000,0.055929857423780836,0.8145313735759334,0.049612154806419534,0.7736970113223516,0.8516610988282339,0.36029273820317825,0.04305542566787742,0.3273143804772226,0.3941770442677116,0.7402865597468965,0.03538199333606496,0.7146686859198075,0.7705670072598505,0.2844279006938192,0.05760154516682994,0.23912668368694429,0.3286302475166404,0.13903100137583463,0.012687173039451754,0.13078752696979165,0.1504395755684753,,,,
rfm,domain,later_suppression_path,M+R,random_forest,5,6000,0.055929857423780836,0.8390327178561277,0.03481366767205834,0.8116267165949326,0.8664387191173228,0.3493619447365046,0.036876577748223366,0.3222846920447898,0.3759155390323559,0.6646954776411463,0.036673057170057255,0.6360072751568969,0.6925893869732226,0.38609225156967975,0.06013117452636525,0.3372307692307692,0.4321689291101056,0.05609007419306635,0.014423970888778153,0.045376178592578684,0.06809246259238226,,,,
rfm,domain,later_target_any_path,B+M+L+R,logistic,5,6000,0.10741824549752776,0.5984272565987547,0.0828551961915781,0.5232566414451909,0.6526898659151783,0.1592816826880377,0.05966945595872429,0.11389756513897807,0.20463146297657492,0.5492441804490357,0.05805700955322744,0.4952906114846883,0.5840441366623979,0.21115616354116354,0.07610712190288636,0.15407890907854263,0.26821184695801675,0.2023372237994137,0.03772297535975593,0.1736328350231462,0.23186001116242763,,,,
rfm,domain,later_target_any_path,B+M+L+R,random_forest,5,6000,0.10741824549752776,0.7914862160640173,0.03307326308339102,0.7654875447899576,0.8174848873380769,0.3369598808664875,0.05622384634645618,0.2914300899082755,0.3790058988286965,0.5586502436252845,0.03203902579791863,0.5370097707436564,0.585322538638967,0.20447797433238257,0.08629102679258392,0.14262131114110643,0.2738166887506738,0.09121181475565479,0.02192092631322392,0.07391752738814941,0.10876285805319479,,,,
rfm,domain,later_target_any_path,B+M+R,logistic,5,6000,0.10741824549752776,0.5936996476262332,0.08310507488072617,0.5184014585509269,0.6479469901435376,0.16116047018551966,0.06268925739768756,0.11292500001414485,0.20889445803319048,0.552908655684025,0.0548280129474882,0.5021316426251183,0.586358619260641,0.2142223948661496,0.06966682985563989,0.15901709220759055,0.26668217345031237,0.20239075077502408,0.03861111891891217,0.17287817641286424,0.23246341845354562,,,,
rfm,domain,later_target_any_path,B+M+R,random_forest,5,6000,0.10741824549752776,0.7872783690788525,0.03794726653952618,0.7572209997840263,0.8173357383736789,0.31969505692905603,0.07010711938968801,0.260069433412454,0.36653228446089836,0.5565943691800108,0.045207176338686816,0.5264313746867444,0.5932374052771667,0.1918407499734104,0.12004259669050522,0.10488787828369658,0.2829138755980856,0.09163115213778494,0.022704617084576297,0.07360413578360898,0.11006846025010146,,,,
rfm,domain,later_target_any_path,M+R,logistic,5,6000,0.10741824549752776,0.5384333788050323,0.08479804251681625,0.46228528552075926,0.5919628209010105,0.13451238459870196,0.05146132269188977,0.09359666652774931,0.17373528236199565,0.5187817117406569,0.048227914104428046,0.47399924812987393,0.5462419170774604,0.17510630486769088,0.05715323081706673,0.13068273320998783,0.2195298765253939,0.210675963613867,0.029993747172650943,0.18713418332234438,0.23348096844395494,,,,
rfm,domain,later_target_any_path,M+R,random_forest,5,6000,0.10741824549752776,0.7740574810900828,0.01857023328397048,0.7596231529957699,0.7884918091843958,0.33875295897391255,0.04254836965303,0.29961913415259944,0.36767286732998883,0.6330501063247018,0.02505578711717053,0.6138303503045724,0.6523726867533288,0.36218960798996047,0.04576454729309958,0.3257656134989152,0.3963769502443535,0.09987517912760965,0.02355892947043278,0.0817983531974438,0.1170809706249933,,,,
rfm,record,later_capability_damage_any_path,B+M+L+R,logistic,5,6000,0.08083333333333334,0.8545620566858675,0.009182383554808361,0.8466282620685639,0.8611291688867336,0.3820913860487031,0.04264245413138336,0.34743833880222813,0.41059345257656954,0.7681694506963419,0.010436086781808374,0.7595157342113099,0.7755477194812462,0.35249985261542316,0.02637680429863675,0.3303825484426429,0.37204692778246146,0.15378811789480223,0.0028583379649443825,0.15147913113696174,0.15597423424434398,,,,
rfm,record,later_capability_damage_any_path,B+M+L+R,random_forest,5,6000,0.08083333333333334,0.8428534682642701,0.016579131209792573,0.8297970380052208,0.8550518253125967,0.3566026271316911,0.05610155672774497,0.30528022056372156,0.3936386796346067,0.5957349397727152,0.03261733113805102,0.5719320966216015,0.6229171669240928,0.28963474656987587,0.07352718819132605,0.23484627567148197,0.3498348712279061,0.06874356969071124,0.005090900865197015,0.06492294090503353,0.07288185944380783,,,,
rfm,record,later_capability_damage_any_path,B+M+R,logistic,5,6000,0.08083333333333334,0.8549030344282865,0.009659695176842625,0.8465480146936131,0.8619992975745688,0.38306884569637323,0.04276094436668892,0.3481368988337618,0.41291499571634815,0.7665737742077641,0.010102278738505477,0.7577947557529036,0.7735453389338196,0.3508013532162585,0.02595517771014104,0.3294179265163762,0.3702835270964601,0.15371831293618712,0.002796808501936709,0.15147975624365015,0.15594025146274998,,,,
rfm,record,later_capability_damage_any_path,B+M+R,random_forest,5,6000,0.08083333333333334,0.8440484464617901,0.010678015960306372,0.8360241437615439,0.8517222444722841,0.3519572187333303,0.04922776151426762,0.3090188844919405,0.3858828236253274,0.5947473644895933,0.027737960015948446,0.5767972778305122,0.6186346252282091,0.28667538872776055,0.0589501562709431,0.24642339611481798,0.33722919674535756,0.06892157347079712,0.004980598827797684,0.06509305654276863,0.07277226485350964,,,,
rfm,record,later_capability_damage_any_path,M+R,logistic,5,6000,0.08083333333333334,0.8521944276224472,0.015626876399032548,0.8397707502770315,0.8643619809488963,0.3826013622759977,0.04584126539705004,0.34152808918459326,0.417896734022151,0.7735026469746892,0.018781708174683727,0.7587631780846718,0.7875193150144777,0.3532544662032082,0.028097030406472562,0.3273021664000785,0.37034683646823896,0.1570356675144006,0.004176009402590344,0.1538630821163133,0.16021580875155061,,,,
rfm,record,later_capability_damage_any_path,M+R,random_forest,5,6000,0.08083333333333334,0.8423176253090665,0.019725483133488007,0.8267676504110077,0.8578676002071252,0.3495760734140393,0.04542082100659805,0.30877829942805063,0.37911467927363185,0.6714979927612479,0.026991043187876696,0.6501529243664126,0.6928430611560831,0.3901718631610528,0.04945460000969334,0.34792572510102826,0.42611301369862986,0.07765620465323393,0.005055709225084241,0.0739766845127338,0.08204018461432813,,,,
rfm,record,later_clean_any_path,B+M+L+R,logistic,5,6000,0.11016666666666666,0.6770071346639216,0.028987792343665216,0.6553484699798802,0.6986657993479632,0.2013971368395821,0.017569846680322316,0.1876218222385694,0.21499148253371853,0.6212520108355875,0.026193632895184275,0.5994106379780225,0.6406990855793053,0.2627961677000329,0.03268225210620957,0.23923765353075005,0.28929906120405374,0.22448192473425665,0.011525019154665238,0.21499864524976714,0.2321980519575963,,,,
rfm,record,later_clean_any_path,B+M+L+R,random_forest,5,6000,0.11016666666666666,0.7990151671116583,0.025582082088399218,0.7794574568357362,0.8185728773875807,0.3377334448720793,0.04495393961240983,0.304768107283157,0.375370331135157,0.5721450346584417,0.010297906088889594,0.5639954471832939,0.5806847497607819,0.24665479228953932,0.02920641981277326,0.22426746239216083,0.2707117595048629,0.09400064881927472,0.0036323781154810482,0.0914819478812243,0.09725834706562683,,,,
rfm,record,later_clean_any_path,B+M+R,logistic,5,6000,0.11016666666666666,0.6713881741096916,0.025159617756668338,0.6526796349860693,0.690096713233314,0.20038981715080215,0.014298695878254705,0.18920347929045778,0.21000434691674272,0.6142034169349685,0.017572643250000037,0.5995208504222641,0.6269882449948752,0.2565406467035686,0.02619310612442569,0.23849687866443436,0.27893554997050946,0.22586202226932506,0.010955962940459188,0.21665093127120816,0.2330356011570013,,,,
rfm,record,later_clean_any_path,B+M+R,random_forest,5,6000,0.11016666666666666,0.7901115506731617,0.02757953501287002,0.768892792082612,0.8105097890689514,0.3228162487291314,0.043205597065707854,0.29110853621981053,0.3592046038603203,0.5741467097315074,0.01107049262782654,0.5661902374502468,0.5829816889273077,0.2516582366898415,0.030543621861400323,0.22913658801886597,0.2755206999573197,0.09580478285144657,0.002980583577309494,0.09363211851539649,0.09830623242154723,,,,
rfm,record,later_clean_any_path,M+R,logistic,5,6000,0.11016666666666666,0.640521784783254,0.021645678937213926,0.6236651632331485,0.6573784063333594,0.18091091967598918,0.02956560755836841,0.1576881978916036,0.20381527727431933,0.6012012063081936,0.027114609283689608,0.58054549378494,0.6218569188314473,0.24349723397141604,0.019745308208215857,0.22855690395965222,0.2590515157150828,0.2337439231197263,0.009683683951962127,0.22490987206868654,0.24066570268018422,,,,
rfm,record,later_clean_any_path,M+R,random_forest,5,6000,0.11016666666666666,0.7886907223630709,0.018509623713165214,0.7745935130295216,0.8046467326524768,0.3429886831802111,0.05184500646429301,0.31089017151886883,0.3871173404065399,0.6299508628629942,0.01168579053344759,0.6197283593658195,0.6372916700234843,0.35055973426492393,0.031220105516294627,0.3290690723221807,0.3774356358155911,0.10366020100801528,0.0020820450558885917,0.1021436043990491,0.10545767170552618,,,,
rfm,record,later_clean_enhancement_path,B+M+L+R,logistic,5,6000,0.05566666666666666,0.8426014108555661,0.020484431564596797,0.827091286916916,0.8573590779645116,0.3464699081640259,0.04514985538749321,0.3108196500993117,0.3783237018469772,0.7608796481647268,0.01975260188266087,0.748600614487593,0.778561507264749,0.27634828344182544,0.02724584973521446,0.25645742537702765,0.29677612985560886,0.1493813804701651,0.010050424362269035,0.14025509968161248,0.15628348618900784,,,,
rfm,record,later_clean_enhancement_path,B+M+L+R,random_forest,5,6000,0.05566666666666666,0.8543606865070223,0.020461432512222384,0.8388874083290909,0.8698339646849538,0.2984376895623133,0.03379518116660614,0.27028417957189144,0.3222537643909617,0.5538788116276476,0.01604436326436478,0.5443653782144191,0.5688136571873028,0.18262136974394289,0.044226343083498536,0.1564496423117113,0.223197642693441,0.05008412500583772,0.0022733466670308332,0.0484411515374613,0.052038515113159545,,,,
rfm,record,later_clean_enhancement_path,B+M+R,logistic,5,6000,0.05566666666666666,0.8395589555205195,0.018171127501261,0.8248086785714179,0.8525340087447189,0.35018583220753075,0.05239518067325901,0.3044228312084584,0.3856059028924175,0.7557417751221417,0.017060706310039992,0.745829796441867,0.7707715357709626,0.2708183368242605,0.0265163630223994,0.25145215981129293,0.2905728881955151,0.1516127058176051,0.010045218842895415,0.14243738403880216,0.15845908933758107,,,,
rfm,record,later_clean_enhancement_path,B+M+R,random_forest,5,6000,0.05566666666666666,0.8534458207083795,0.017619379415632866,0.83974642424879,0.8668601309474733,0.29237678202924927,0.03537620346294913,0.26235612503572875,0.315363032025744,0.5655739303653329,0.014638796493025812,0.556244365784361,0.5780733469619822,0.21563160448202937,0.043114147649620925,0.186813863928113,0.252998191681736,0.05061475056471935,0.0024089056473502782,0.048791980852339434,0.05257420399407477,,,,
rfm,record,later_clean_enhancement_path,M+R,logistic,5,6000,0.05566666666666666,0.8380903119045904,0.01580923014500743,0.8272490387582886,0.8519873489137394,0.35193922782871245,0.06610346650873389,0.29246429785210937,0.3906256646398712,0.7484643813416536,0.02646841722081683,0.7300310014919154,0.7712621163464759,0.2603364616277606,0.022652578212393026,0.24568560077876295,0.28027788795711506,0.15535271201968323,0.009723862386214152,0.14741251847542097,0.16238513197766974,,,,
rfm,record,later_clean_enhancement_path,M+R,random_forest,5,6000,0.05566666666666666,0.8455532925162202,0.022735889726156703,0.8270801322101813,0.8619177840631451,0.32782241140517904,0.07080502096271021,0.26864720925087676,0.38179465828361436,0.6598823030820687,0.02762343504291204,0.6382434745448546,0.6815211316192828,0.35866591168797723,0.0377869695583139,0.329452918446207,0.38787890492974747,0.056741246622647526,0.0026690587512377874,0.054774217082072044,0.058708276163222994,,,,
rfm,record,later_clean_suppression_path,B+M+L+R,logistic,5,6000,0.056666666666666664,0.8299961198638904,0.048903880684357096,0.7949775546377877,0.8654319578518985,0.33240806412503626,0.08866617747102003,0.2624685190758763,0.404162800976574,0.7501145823073496,0.035831575797190054,0.7276067694227618,0.7813572191747078,0.2636641753401278,0.0341598355330837,0.23902007270428322,0.293264639605116,0.15800433649683854,0.007724287788043001,0.1522629011079186,0.1643148960881586,,,,
rfm,record,later_clean_suppression_path,B+M+L+R,random_forest,5,6000,0.056666666666666664,0.8383284448474676,0.04019296068144672,0.8066466643369976,0.8700102253579377,0.32630321206624446,0.0988365721745675,0.2450349321525651,0.40120845964623264,0.57312408191042,0.031969163383470105,0.5500875003559268,0.6008781511969427,0.23487221834470992,0.0813244282025627,0.17365801445009366,0.3039672928006091,0.05095222768780849,0.004009412062379194,0.04796795241662684,0.05423975445417112,,,,
rfm,record,later_clean_suppression_path,B+M+R,logistic,5,6000,0.056666666666666664,0.8287555238124996,0.04962798874196949,0.7936198579210977,0.8642908106242351,0.3334915069347105,0.0888055169417503,0.2614876482866869,0.3997060180089017,0.7488572253903163,0.03502414780933966,0.7242525183826392,0.7795527082520275,0.2624475037639634,0.03404276137945354,0.23815027328993588,0.2922856590401927,0.1583483143910759,0.006705992058194345,0.15333067802864891,0.1637339084376618,,,,
rfm,record,later_clean_suppression_path,B+M+R,random_forest,5,6000,0.056666666666666664,0.8371139061759207,0.041775281839039814,0.8040905406700987,0.8701372716817424,0.3328246311821569,0.0974266633935664,0.2526199396821648,0.40670601264607936,0.5767687816400147,0.0259742916194512,0.5571298186344709,0.5971270247440026,0.24485153407077137,0.06837876144861375,0.1910060887359643,0.29232286700641136,0.051522811721363304,0.004056522329259604,0.048546566098010974,0.05494557457807181,,,,
rfm,record,later_clean_suppression_path,M+R,logistic,5,6000,0.056666666666666664,0.8254760606995608,0.050331146458179404,0.7861733457536061,0.8605983090808241,0.3357324039394013,0.08691782015898755,0.2660651201319975,0.40386252820017887,0.7378726734664411,0.045041800365012874,0.7048258597777156,0.7748727627072162,0.2496375896207988,0.039826401732301016,0.21940519563445915,0.28036513524732826,0.16285760638914443,0.005496614284496887,0.1578849633698117,0.1668966617604728,,,,
rfm,record,later_clean_suppression_path,M+R,random_forest,5,6000,0.056666666666666664,0.8350395788898236,0.04321943044081425,0.8017043190884534,0.8653348005727555,0.31415869576450994,0.08453153426209016,0.25170584486113007,0.38284777315831675,0.6476626069469684,0.03359802103422794,0.6240223193295558,0.6753060241725881,0.34758120004587045,0.069972168625176,0.29223602484472055,0.40194902778629704,0.058798254157135764,0.004982697833513969,0.0558761332851455,0.06338587700417671,,,,
rfm,record,later_enhancement_path,B+M+L+R,logistic,5,6000,0.058666666666666666,0.8411558743770211,0.01529726409497341,0.8277181741562962,0.8513796369788537,0.35177516017010946,0.058790939887399855,0.3016630798554123,0.39310144268067104,0.7660758535601542,0.021137498015653452,0.7527842019401297,0.7846126473375025,0.2887898520360263,0.027297600231079574,0.26879694172053537,0.3085291474922115,0.15046988191389224,0.009967229627608801,0.14183451689671744,0.15752943959122245,,,,
rfm,record,later_enhancement_path,B+M+L+R,random_forest,5,6000,0.058666666666666666,0.853026181530014,0.02198599063111933,0.8360521800650783,0.8699219125603008,0.3190621695950629,0.046122479833474554,0.281135527864406,0.35699317319410295,0.568479838111972,0.013683284985553068,0.5576484885528241,0.5793111876711198,0.22476221825156997,0.041207272386285895,0.19257050729918945,0.25695392920395044,0.05211243115575829,0.0025269739858798886,0.050154392946611705,0.05407046936490488,,,,
rfm,record,later_enhancement_path,B+M+R,logistic,5,6000,0.058666666666666666,0.8388785519813151,0.013553635107776756,0.8274738582125941,0.8479871163971904,0.35597737427164056,0.06475831431778128,0.3001358263014746,0.3988183378711152,0.750310864345274,0.019517008831480182,0.7339438782632974,0.765039441667226,0.27589002918266703,0.027863356375182856,0.25489872345218256,0.2968557374032772,0.15238919992177036,0.009835767070135443,0.14361441752375173,0.15916542693834423,,,,
rfm,record,later_enhancement_path,B+M+R,random_forest,5,6000,0.058666666666666666,0.8540170069426349,0.026345355633750372,0.834156567145375,0.8738705562056965,0.3121575930111524,0.0543564328269365,0.27057960507208156,0.34926037885358174,0.580232661003916,0.02068293281490843,0.5644599447194911,0.5961974262087388,0.2519941503522159,0.05653618745774841,0.2095109308091052,0.2976775271512114,0.05257420991616368,0.002168617576533842,0.0509385806308522,0.05428797990479112,,,,
rfm,record,later_enhancement_path,M+R,logistic,5,6000,0.058666666666666666,0.8343318891172762,0.010225238710265504,0.8269069354230995,0.8429801453570747,0.35318778799540884,0.07199407297375696,0.2889047023227203,0.3945125951063869,0.7504643873509724,0.01824422707302059,0.7377187678633591,0.7648972718110614,0.27056445499494564,0.016503452417430266,0.2584651441987988,0.2826637657910924,0.15689822251553887,0.008611802848942479,0.14987402082430332,0.16303249513018542,,,,
rfm,record,later_enhancement_path,M+R,random_forest,5,6000,0.058666666666666666,0.8452070062122503,0.024609994737385392,0.8260608550826024,0.8626117139023606,0.33964592819325956,0.07068069518222601,0.2756238084486193,0.38183338104127473,0.6723257438243109,0.03129567961959474,0.6486914988287765,0.6959599888198456,0.3833346405525079,0.0443435964035435,0.35083229813664596,0.41671559293346033,0.05908258702661205,0.0025012492408107946,0.05718960170073155,0.06097557235249255,,,,
rfm,record,later_neighbor_damage_any_path,B+M+L+R,logistic,5,6000,0.08016666666666668,0.8492002572134598,0.028103805155827787,0.8242798861506883,0.8686617989355515,0.4190407296865186,0.08512071531403954,0.3561788595933879,0.4885991937704704,0.7749796360535478,0.031393623662564214,0.7464136174905207,0.7966839413416936,0.3589488122156538,0.041749611077464,0.32471106677748784,0.3897083190433493,0.1526589739359337,0.010251425085432786,0.14464564933306603,0.16131949467398804,,,,
rfm,record,later_neighbor_damage_any_path,B+M+L+R,random_forest,5,6000,0.08016666666666668,0.8578736167748116,0.021853111735306133,0.8382648558253543,0.8729857843318761,0.4084076192949503,0.07337328657177279,0.355649744719871,0.46854002773153847,0.6235227927971095,0.02697923106108435,0.6015479962919439,0.6433497598474622,0.35316359044388645,0.05950305173472973,0.30609664772476985,0.3979296066252588,0.06535650901955997,0.004182640044388794,0.06216184655198327,0.06855117148713667,,,,
rfm,record,later_neighbor_damage_any_path,B+M+R,logistic,5,6000,0.08016666666666668,0.8503319372214028,0.023397769901123272,0.8304761038122155,0.867459685471513,0.4210510768440575,0.07568330082490207,0.3648221043141924,0.48243964623087116,0.7721401337934903,0.02265621695423575,0.7512627688370698,0.7869790219854927,0.35539897013217414,0.03461842771709846,0.32780672610071393,0.38150298329930654,0.15292052413981927,0.009689168689937255,0.14524042390818348,0.16096580388768597,,,,
rfm,record,later_neighbor_damage_any_path,B+M+R,random_forest,5,6000,0.08016666666666668,0.8597378937968209,0.020793776744136752,0.8421113751698124,0.874918265002167,0.41172539977094014,0.08055827764829936,0.3521913942074081,0.47799075404063834,0.6301346930576911,0.023527204890624955,0.6129739082293273,0.6481411315200727,0.3680451963356021,0.05580318491113357,0.3256019339242546,0.4114747601168127,0.06554224491083224,0.0041383464860031026,0.062451084058322226,0.06863340576334223,,,,
rfm,record,later_neighbor_damage_any_path,M+R,logistic,5,6000,0.08016666666666668,0.8447763915149279,0.026230310535748366,0.8233914983489099,0.8643590521125123,0.4212136013800796,0.07708376183899247,0.36234363508701983,0.48008356767313937,0.7754732922731087,0.03312254904640856,0.7464586109319745,0.7974672898965633,0.35409199853769213,0.04382286213478087,0.3203847213989692,0.3874900749627227,0.15723782761142607,0.00879865807098272,0.15070297688976303,0.16525006087964175,,,,
rfm,record,later_neighbor_damage_any_path,M+R,random_forest,5,6000,0.08016666666666668,0.8587548952704653,0.02316261764092937,0.8383530297906384,0.8745223156645563,0.41251671766856957,0.07026450396687163,0.3591924954357684,0.467098298252397,0.6943133003412774,0.03282224767040234,0.6654706146966209,0.7171347790817182,0.4336782694795044,0.05495886422864645,0.3880812238824588,0.47381978331699004,0.0728341882157931,0.003963082355590707,0.06995026134125677,0.07584576162391461,,,,
rfm,record,later_suppression_path,B+M+L+R,logistic,5,6000,0.06066666666666667,0.832720511734521,0.04923632152285808,0.7970640461578153,0.8691628159987264,0.35084489415446296,0.09542131909423839,0.27630741427288064,0.42301598517889244,0.7552315669727292,0.036290398704414153,0.7314286343456148,0.7850492232549826,0.2822784349031208,0.04199194032895617,0.25412847771194086,0.317218596232421,0.15744496511367082,0.007778425519216573,0.15166969771274358,0.1638373476740485,,,,
rfm,record,later_suppression_path,B+M+L+R,random_forest,5,6000,0.06066666666666667,0.8441026471330246,0.04351672563649679,0.8100902101976798,0.8781150840683697,0.34307740794390285,0.1058690202546967,0.2568558497012773,0.42742349357727755,0.5849005277320871,0.03817568320328967,0.555281175048308,0.6184591889282572,0.26297271597053334,0.090155640283019,0.18788725832750988,0.3355136482047797,0.053395897023272645,0.004733698419775603,0.0498246883549802,0.05723271551507022,,,,
rfm,record,later_suppression_path,B+M+R,logistic,5,6000,0.06066666666666667,0.8317424315077547,0.04986502975612448,0.795730678776847,0.867711363094007,0.35460674997797664,0.09755573926423937,0.2766695487196055,0.4280521912405174,0.7545216128076405,0.02813885898131508,0.7337627773762571,0.7766257800812484,0.2806757125517721,0.0394374097332855,0.255825122938014,0.3143279098481922,0.15764152831813438,0.006705239001964877,0.1526590361111026,0.16311358617288924,,,,
rfm,record,later_suppression_path,B+M+R,random_forest,5,6000,0.06066666666666667,0.8408688981805132,0.04388321671176229,0.806613223637244,0.8751245727237826,0.3535557250605952,0.10114671148319687,0.2777376260726364,0.435264491768869,0.5904829694016115,0.0320094747403005,0.564081304564134,0.6176561705604403,0.27666547300389954,0.07651806582364688,0.2077093783249734,0.3356632943546621,0.053776614161284174,0.004498952189611562,0.05036851087447959,0.05734347427767948,,,,
rfm,record,later_suppression_path,M+R,logistic,5,6000,0.06066666666666667,0.8270275810665473,0.049986183262754384,0.7880999254876025,0.8636176061299526,0.35261922208989305,0.09251673311217981,0.2815425870849279,0.4236958570948583,0.740962998465203,0.03837703520935332,0.7127439360698358,0.7722962214464584,0.2653198616564337,0.03842924676357077,0.2379448347225832,0.2980753070458953,0.16236868853730993,0.005357258321801615,0.1576191550751345,0.16612939302074778,,,,
rfm,record,later_suppression_path,M+R,random_forest,5,6000,0.06066666666666667,0.8374105873118756,0.03723071166090483,0.8073833487541477,0.8628026656981775,0.33135037780323034,0.0921494811992015,0.2628817781065039,0.40803867017780765,0.6627102251610856,0.03543605745645511,0.635004034954013,0.6892343164657148,0.37465624662102914,0.07703565498566681,0.3146543652627127,0.43465812797934555,0.06143123147258374,0.0050109342256342455,0.058208353981380356,0.06588187905908774,,,,
rfm,record,later_target_any_path,B+M+L+R,logistic,5,6000,0.11666666666666665,0.6799134497754356,0.025957002607069374,0.66055768249466,0.6993324309063107,0.209913396999272,0.018062154068377384,0.19572613846439763,0.22315221783599531,0.6214866298072383,0.023559685175471825,0.6032500794214348,0.6382674758674339,0.2732098338218538,0.028595088531073117,0.2533008102298515,0.29768533350478343,0.22471903815284594,0.011433493711377158,0.2152314527298062,0.23252473268673265,,,,
rfm,record,later_target_any_path,B+M+L+R,random_forest,5,6000,0.11666666666666665,0.8036487940169413,0.025750432926373325,0.7841316707636944,0.8230397772165718,0.3539914238992948,0.04771377644995472,0.31987154512978705,0.3950223687757185,0.5794125724407364,0.013674788612271596,0.5699189162541706,0.5915590207953658,0.2661112521066681,0.03401965402551235,0.24292397704806645,0.2946624432743876,0.09763830925113107,0.003530607367429107,0.09509495064585724,0.10085132806729277,,,,
rfm,record,later_target_any_path,B+M+R,logistic,5,6000,0.11666666666666665,0.6754791571495519,0.022568685552478075,0.6583358339042877,0.6926224803948159,0.209004935597136,0.016033772893116423,0.19531916528645976,0.2190676878671948,0.6223397288095105,0.014729060670023737,0.6109657012079464,0.6337137564110747,0.2735190292152752,0.02619352733518809,0.25529626155034946,0.296863853556767,0.22584374766654808,0.010906021182203636,0.21672953976988274,0.23310230849467967,,,,
rfm,record,later_target_any_path,B+M+R,random_forest,5,6000,0.11666666666666665,0.797704499286774,0.025693106982879483,0.7769356097777608,0.8163983173378127,0.35472894474482486,0.049831708402470976,0.31831083711176733,0.39742633607938144,0.5891817707978031,0.011501802035512087,0.580563100315013,0.598299167379051,0.28852682868743684,0.024201175882575823,0.2700981060843469,0.3069555512905267,0.0986789634899434,0.003205976404915793,0.0963705593358253,0.10158991013435652,,,,
rfm,record,later_target_any_path,M+R,logistic,5,6000,0.11666666666666665,0.6371471785888658,0.026110246843906174,0.6163848027230816,0.65790955445465,0.180525689432033,0.025046227148306927,0.1620842390492186,0.20061157031124152,0.599189163091465,0.03051779059548713,0.5737053188183602,0.6215433835248134,0.2526823840104444,0.021945247918427616,0.23720298587616923,0.2711643057316867,0.23441217256719474,0.009303713283291165,0.2260045705897639,0.2409779317078217,,,,
rfm,record,later_target_any_path,M+R,random_forest,5,6000,0.11666666666666665,0.7933601001504709,0.020327571241917492,0.7770386656791567,0.8108345360296039,0.3644331884475092,0.059714299835971256,0.3241057486047595,0.41514464753331903,0.6457752538481331,0.008354596717424872,0.6391075278916751,0.6524058779458407,0.381311763599406,0.030874916847276394,0.35980982327202476,0.4060376408830728,0.10678967198008041,0.0020870752392797565,0.10536093084267115,0.10851334346918244,,,,
