cohort,split,target,feature_set,model,n_folds,n_test_total,positive_rate_mean,auroc_mean,auroc_std,auroc_ci_low,auroc_ci_high,average_precision_mean,average_precision_std,average_precision_ci_low,average_precision_ci_high,balanced_accuracy_mean,balanced_accuracy_std,balanced_accuracy_ci_low,balanced_accuracy_ci_high,f1_mean,f1_std,f1_ci_low,f1_ci_high,brier_mean,brier_std,brier_ci_low,brier_ci_high,baseline_auroc_mean,baseline_average_precision_mean,delta_auroc_vs_BM,delta_ap_vs_BM
all,dataset,later_capability_damage_any_path,B,logistic,5,4000,0.09359380571970759,0.5525948925226695,0.04691624952815347,0.513164995687956,0.5873217862556681,0.13570705156201912,0.021339417750999984,0.11848329509598392,0.1516664469848434,0.5107029495545705,0.029531577991700045,0.4855661199432387,0.532067462585989,0.15708659160948096,0.022192430531445973,0.1416650742721331,0.17680368451352907,0.23992574557759266,0.01946074674268619,0.22534914098892717,0.25484523975834883,0.561935944671109,0.13017546850066122,-0.0093410521484395,0.005531583061357898
all,dataset,later_capability_damage_any_path,B,random_forest,5,4000,0.09359380571970759,0.5804773745315623,0.028046703235190155,0.5636400913563199,0.6044096117993092,0.12891551146948704,0.022416105052503906,0.10988641440613893,0.14588699427058507,0.49964997298408315,0.004802933985228879,0.4954842936067946,0.5028043151823374,0.021547223540579023,0.02995978750671121,0.0,0.04603701945894637,0.10491175195874343,0.011490928579054238,0.09755105731461736,0.1155207331463091,0.5888970901714857,0.1241387820845536,-0.008419715639923386,0.00477672938493344
all,dataset,later_capability_damage_any_path,B+M,logistic,5,4000,0.09359380571970759,0.561935944671109,0.05091127931826696,0.5170291478522466,0.5983388233732616,0.13017546850066122,0.026110768146022638,0.1107465516026509,0.1516679990713416,0.534254618711478,0.04842360917655946,0.4919930535035389,0.5668469247312327,0.17549111778608903,0.03415071560879023,0.14904429056702378,0.20193794500515425,0.2485805996882838,0.02817752149667601,0.22626696801904916,0.269025225831711,0.561935944671109,0.13017546850066122,0.0,0.0
all,dataset,later_capability_damage_any_path,B+M,random_forest,5,4000,0.09359380571970759,0.5888970901714857,0.023797614249589948,0.5745653178149873,0.6090528457352917,0.1241387820845536,0.02244227008288394,0.10567934906542312,0.14271429984500245,0.4976254745826635,0.0029932094097599397,0.4952216538059727,0.4996090695856138,0.011538461538461539,0.025800784355766805,0.0,0.03461538461538462,0.10327468067188413,0.0125197464734454,0.09500479023896045,0.11479409731904153,0.5888970901714857,0.1241387820845536,0.0,0.0
all,dataset,later_capability_damage_any_path,B+M+L,logistic,5,4000,0.09359380571970759,0.5523673191218373,0.04495248178663924,0.5148306423887299,0.5859149477416675,0.1302888318562923,0.03272973038604363,0.1059870602501612,0.15720284381607885,0.5305852971256467,0.03899266600328677,0.4957949203869475,0.555881125675256,0.1736626162784718,0.03381822208147842,0.14591349372557427,0.19871526386050226,0.249350290507451,0.028061392405081542,0.22684589818626436,0.2697446481385289,0.561935944671109,0.13017546850066122,-0.009568625549271625,0.00011336335563108535
all,dataset,later_capability_damage_any_path,B+M+L,random_forest,5,4000,0.09359380571970759,0.5834854826728103,0.03380458586074302,0.5560016980463744,0.6074978675953784,0.12493597554167846,0.025688517054965398,0.10512502938131443,0.1447469217020425,0.4978171658346254,0.002902757797762129,0.495390132710822,0.49992181391712276,0.004545454545454545,0.010163945352271771,0.0,0.013636363636363636,0.10098945843339935,0.010608117530090005,0.09362375332975333,0.11033354482152628,0.5888970901714857,0.1241387820845536,-0.005411607498675419,0.0007971934571248535
all,dataset,later_capability_damage_any_path,B+M+L+R,logistic,5,4000,0.09359380571970759,0.8297229186976869,0.012346099040632288,0.8205790038157478,0.8397649638252083,0.3869426996696911,0.029131134192336015,0.36569724347771004,0.4092476115961799,0.7519889841831066,0.020240291025902166,0.737364643659359,0.769604415648941,0.36240436567673157,0.03615753913870899,0.33618284575238644,0.3955273319251416,0.1697049676731222,0.019871694428263843,0.15169745787274797,0.1823729577613991,0.561935944671109,0.13017546850066122,0.2677869740265779,0.2567672311690299
all,dataset,later_capability_damage_any_path,B+M+L+R,random_forest,5,4000,0.09359380571970759,0.8243545816591282,0.023805361217262868,0.8064527568669645,0.8421403342915568,0.3708283374817699,0.08702698238264894,0.3056789852802752,0.4430786944741126,0.5826828160524185,0.0300731752196829,0.560327672679511,0.6054577326456013,0.2641102232823854,0.06972199117127569,0.21056439780020386,0.31864656913056016,0.07698867088198125,0.007254350991476392,0.07134385307845455,0.08214007682288853,0.5888970901714857,0.1241387820845536,0.2354574914876425,0.24668955539721632
all,dataset,later_clean_any_path,B,logistic,5,4000,0.14460270389167665,0.6132776270317797,0.06925116091743119,0.558537162585019,0.6680180914785405,0.22357647895173355,0.09069568673602715,0.15342895794850592,0.29372399995496123,0.5756587574621903,0.06364552572263325,0.5217145796311687,0.6207741000053968,0.282928626280192,0.11630080980566866,0.19269234488315873,0.3709327079907831,0.22635817379106699,0.011792043870885723,0.21777855602332888,0.23630560610205223,0.6452434051150501,0.23647700130386662,-0.03196577808327039,-0.01290052235213307
all,dataset,later_clean_any_path,B,random_forest,5,4000,0.14460270389167665,0.627903205295391,0.08166612227741656,0.5676210589739596,0.6960916808130696,0.23901465481860545,0.11999148916635759,0.1581942674682883,0.33929498161926014,0.5335292297589141,0.03547296088152337,0.5058571566716235,0.5600725958907893,0.15950245398630236,0.10116463732379334,0.07776397515527951,0.23222310912733962,0.14250868480010323,0.015908222798145966,0.12921029873808024,0.15295043218634613,0.6477268020292367,0.24094587591033836,-0.019823596733845705,-0.0019312210917329098
all,dataset,later_clean_any_path,B+M,logistic,5,4000,0.14460270389167665,0.6452434051150501,0.033738381121156916,0.6194512657038124,0.6710355445262877,0.23647700130386662,0.095437203597639,0.16317431596715198,0.30977968664058125,0.5953122312521288,0.02901641075469382,0.5735141554275457,0.6187945530952887,0.297369347489246,0.09017572937440894,0.22749634600053148,0.3672423489779605,0.1968303151079163,0.018074163637802447,0.1829885355629995,0.2106720946528331,0.6452434051150501,0.23647700130386662,0.0,0.0
all,dataset,later_clean_any_path,B+M,random_forest,5,4000,0.14460270389167665,0.6477268020292367,0.07906214362330229,0.5878760294410522,0.7142240420526011,0.24094587591033836,0.12112694123318253,0.1548985036134584,0.33855412918444616,0.530727905508151,0.01371735393362326,0.52005857187858,0.5413972391377221,0.15043562158114596,0.035135939296152226,0.12432019284475411,0.17881957897455764,0.13920565261169254,0.015425356726450032,0.12594636089631345,0.1489920559890365,0.6477268020292367,0.24094587591033836,0.0,0.0
all,dataset,later_clean_any_path,B+M+L,logistic,5,4000,0.14460270389167665,0.6694560458247428,0.022811399369445547,0.6533668151609129,0.6875335408806423,0.25560836302807444,0.09733841020511246,0.1801402113477371,0.3307634420891391,0.6126080921294049,0.01731646328274611,0.6011931771600452,0.6271276157227927,0.31486929378423956,0.07750858059334577,0.25612386317828933,0.37361472439018967,0.19221741501724993,0.019426832596945207,0.1771409635472229,0.207293866487277,0.6452434051150501,0.23647700130386662,0.024212640709692757,0.019131361724207818
all,dataset,later_clean_any_path,B+M+L,random_forest,5,4000,0.14460270389167665,0.663968995118078,0.059940659787619796,0.6241272714814545,0.7152819497786386,0.25748131987977374,0.11846498342432975,0.17158216111133076,0.3518695427224989,0.533940014787601,0.013050352314273822,0.522463655015998,0.5427086460264641,0.1621181486625583,0.033910546763647444,0.1348009437229757,0.1876578264617525,0.13552245486049605,0.01461293867073902,0.12292830576247198,0.14503485974063052,0.6477268020292367,0.24094587591033836,0.01624219308884134,0.016535443969435376
all,dataset,later_clean_any_path,B+M+L+R,logistic,5,4000,0.14460270389167665,0.6675285687577344,0.016310331740371768,0.6551246578527685,0.6805602049390114,0.25441783324124223,0.0894235996778447,0.18276697632270653,0.32275930275249154,0.6067675403739038,0.024098502840518767,0.5882935608758142,0.6264494945826923,0.3102101069666249,0.08436976321690622,0.24604228370349066,0.3737759218217066,0.19266734901868837,0.01681179404761018,0.1793445376013193,0.20461451176216258,0.6452434051150501,0.23647700130386662,0.02228516364268429,0.017940831937375612
all,dataset,later_clean_any_path,B+M+L+R,random_forest,5,4000,0.14460270389167665,0.763677284637992,0.05621869795930806,0.7255734486442895,0.813556461548418,0.3888700256517428,0.11735380053166862,0.32632072141879953,0.49549062276678163,0.5689796210722154,0.014155688502827809,0.5598596288347335,0.5815874690467062,0.24857734971285286,0.04127631618042826,0.22248775090880354,0.28319819307453564,0.11687182099906868,0.02131906027910379,0.10096594068109081,0.13213699627676162,0.6477268020292367,0.24094587591033836,0.11595048260875529,0.14792414974140441
all,dataset,later_clean_enhancement_path,B,logistic,5,4000,0.07247081613982356,0.6557051686550032,0.10076831589197759,0.567989234769095,0.7236754628170978,0.15237843635419146,0.0522841941513218,0.10617188220708051,0.1905757411225087,0.5876008082372123,0.07869682177166987,0.5217763850333698,0.6476764133501964,0.16217809304408257,0.07503501102580917,0.10463563846492055,0.21972054762324458,0.21711681818501138,0.017411906939902588,0.20286519482920787,0.22901591084823555,0.6769187737687468,0.14831326466933875,-0.021213605113743594,0.004065171684852709
all,dataset,later_clean_enhancement_path,B,random_forest,5,4000,0.07247081613982356,0.5916757428649454,0.10128734849304916,0.5150431768198229,0.66741893950043,0.14921079947681962,0.12444417788907715,0.06241281856036977,0.2530662017446236,0.5108151996192788,0.025043512139502847,0.49673936239936667,0.5332974685432583,0.05178229873065554,0.08284857774065398,0.0049382716049382715,0.12571726656233698,0.08417844022294277,0.011238583178793995,0.0749844419021379,0.09245334144969708,0.6066311641454833,0.13164809395439475,-0.01495542128053795,0.017562705522424865
all,dataset,later_clean_enhancement_path,B+M,logistic,5,4000,0.07247081613982356,0.6769187737687468,0.11783882788902357,0.5739024205634531,0.7703950861054732,0.14831326466933875,0.06012375638217927,0.10039314489268829,0.19357145612334986,0.6165053301194117,0.08253520174325941,0.5525054668068863,0.6833556914732559,0.2020260680940415,0.07640537486803936,0.1442470677059518,0.2630977096210779,0.169544772464785,0.02525008629722712,0.15072534430360895,0.18992923565394335,0.6769187737687468,0.14831326466933875,0.0,0.0
all,dataset,later_clean_enhancement_path,B+M,random_forest,5,4000,0.07247081613982356,0.6066311641454833,0.08775128087171619,0.5399325780785791,0.6733297502123874,0.13164809395439475,0.09629166496232304,0.05931574118739742,0.2115061201483169,0.5049750870266716,0.011813833669406755,0.49765166340508804,0.5160389980571713,0.028583877995642704,0.04609128000634659,0.0,0.07093681917211328,0.08173315960539251,0.011132418013716401,0.07269112245401459,0.08985957013323745,0.6066311641454833,0.13164809395439475,0.0,0.0
all,dataset,later_clean_enhancement_path,B+M+L,logistic,5,4000,0.07247081613982356,0.6827280689134153,0.10794916045483414,0.5892622753931784,0.7706655322583078,0.14591144097565223,0.06796099793532272,0.10002660708569884,0.20232745468289562,0.6200962315120617,0.07451184868036453,0.5690867774932755,0.6801620494782394,0.20396529049436324,0.07364778249128794,0.15075380900574736,0.2667416020859511,0.16798674086170803,0.02671282149075519,0.14776148854391186,0.18821199317950424,0.6769187737687468,0.14831326466933875,0.005809295144668547,-0.0024018236936865223
all,dataset,later_clean_enhancement_path,B+M+L,random_forest,5,4000,0.07247081613982356,0.6566099263519859,0.06087309520580294,0.6053240628864577,0.7014592593297772,0.1614758122999274,0.12346111950163403,0.07261043796844979,0.2691703721756885,0.50366854636831,0.006645607686215982,0.49921722113502937,0.5097710394871746,0.020065635255508675,0.02900155956068764,0.0,0.04538209095171121,0.0779385842082497,0.011299001018070451,0.0685221293787877,0.08619920070250263,0.6066311641454833,0.13164809395439475,0.04997876220650255,0.02982771834553266
all,dataset,later_clean_enhancement_path,B+M+L+R,logistic,5,4000,0.07247081613982356,0.8070997888351161,0.07143708349898634,0.7536443501194117,0.8699440659094382,0.34207954517413497,0.11439319016212236,0.23757791759897465,0.4198110931031616,0.7106617315071375,0.05839812650283925,0.6577839275279419,0.7507911007332424,0.2969060003385289,0.08186510357423801,0.2319709702062643,0.3618410304707934,0.14584241709042525,0.015425569618304588,0.13429981270575678,0.1583135080314822,0.6769187737687468,0.14831326466933875,0.13018101506636937,0.19376628050479622
all,dataset,later_clean_enhancement_path,B+M+L+R,random_forest,5,4000,0.07247081613982356,0.8158063912251473,0.041462132812839024,0.783034737137343,0.8505807039445207,0.3344223191232668,0.09896759439712179,0.254061674248243,0.40789099983103955,0.5526463412322796,0.021274095470691517,0.5374588129877446,0.569190616768132,0.18426307980792783,0.05936576634268275,0.1405313071945763,0.22920758335231978,0.06374025415523553,0.016050245870911084,0.0496312182166201,0.07550950977593006,0.6066311641454833,0.13164809395439475,0.20917522707966396,0.20277422516887206
all,dataset,later_clean_suppression_path,B,logistic,5,4000,0.0791076303098228,0.5017858170074934,0.09096702283309793,0.4195921552303191,0.5676021866836608,0.10467687899675396,0.034608521682886036,0.07620740086378593,0.12587793618885187,0.5293310426114931,0.051107988350763585,0.4821383868024308,0.5595554327354354,0.14882587177542966,0.060595901014945046,0.10281806462009509,0.1917785181470071,0.2369859045866182,0.023722199707263525,0.21990785185423878,0.2575780722520901,0.5531158424383007,0.10698396867331073,-0.051330025430807336,-0.0023070896765567672
all,dataset,later_clean_suppression_path,B,random_forest,5,4000,0.0791076303098228,0.5617147454157637,0.03941122592765051,0.5360444725909528,0.5950328138672063,0.10872270183954842,0.05735899782956523,0.06932684272309028,0.15556545786468173,0.5001619832308336,0.005490899201072175,0.49586581073696634,0.5049568598641377,0.012531328320802004,0.020667196118384263,0.0,0.031578947368421054,0.09401031383308613,0.013850937935422603,0.08285779470508496,0.10406541432996512,0.5541015221977773,0.09915830099287093,0.007613223217986409,0.009564400846677493
all,dataset,later_clean_suppression_path,B+M,logistic,5,4000,0.0791076303098228,0.5531158424383007,0.09215715721349876,0.46684466049884676,0.6095633311443718,0.10698396867331073,0.045163239902639984,0.07010771140987046,0.13982988870018986,0.5371700073217583,0.06112707999589828,0.48300991907331864,0.5715367590814374,0.1558703132612943,0.0755204176789669,0.09372024744295293,0.21005905228287483,0.20421132366802283,0.00846612001580615,0.1977656431251442,0.21065062207986007,0.5531158424383007,0.10698396867331073,0.0,0.0
all,dataset,later_clean_suppression_path,B+M,random_forest,5,4000,0.0791076303098228,0.5541015221977773,0.03942506629428225,0.5278466539433887,0.5863208743303258,0.09915830099287093,0.039915275787851416,0.06821986444787222,0.13009673753786966,0.5013648568454911,0.0035698903042387306,0.4994664059795116,0.5046281645569619,0.012355760695899165,0.02020577930102888,0.0,0.030960411858689862,0.09256355102449323,0.013720054653030887,0.08085758463205558,0.10216010105793201,0.5541015221977773,0.09915830099287093,0.0,0.0
all,dataset,later_clean_suppression_path,B+M+L,logistic,5,4000,0.0791076303098228,0.5947278319533427,0.09780215231459598,0.504121635822979,0.66310030081337,0.12119443243417831,0.0477531375193757,0.08071652459152054,0.15540688699289007,0.565100939401557,0.07960274955589441,0.493395458187406,0.6122682184394683,0.177901407110237,0.08220252556339833,0.10815355569540593,0.23297710648807826,0.19735891897719554,0.00932171127798273,0.19011290662234767,0.20446889330865642,0.5531158424383007,0.10698396867331073,0.04161198951504197,0.014210463760867584
all,dataset,later_clean_suppression_path,B+M+L,random_forest,5,4000,0.0791076303098228,0.5867341255159406,0.029653733039720156,0.5635992257506237,0.6088970157140995,0.10743440404940074,0.03325638553520299,0.08103300876037672,0.13383579933842477,0.4993761469113741,0.0012514350803784003,0.4982869320260481,0.5002796955934367,0.0031496062992125984,0.007042733787400912,0.0,0.009448818897637795,0.08866254970376156,0.015364633078689448,0.07598263767514535,0.09998454949374261,0.5541015221977773,0.09915830099287093,0.03263260331816331,0.008276103056529815
all,dataset,later_clean_suppression_path,B+M+L+R,logistic,5,4000,0.0791076303098228,0.7749722916285119,0.04170754613444383,0.7443475227260896,0.805753476523458,0.3126433820969621,0.14902660945894589,0.2091294477297029,0.43076274753344146,0.7018629066280772,0.05332034686906351,0.6638261915512911,0.7407891539242315,0.29900473167736924,0.09239141693460136,0.22751690027101806,0.3704925630837204,0.15671671148999425,0.008126270750815873,0.15044536454067742,0.16298805843931102,0.5531158424383007,0.10698396867331073,0.2218564491902112,0.20565941342365135
all,dataset,later_clean_suppression_path,B+M+L+R,random_forest,5,4000,0.0791076303098228,0.7985456058303935,0.042787737731996935,0.7645693209898935,0.8299263118336432,0.3144248436826615,0.05537258775805069,0.2775698973711614,0.36308429820877314,0.5454420506231396,0.011086795792203983,0.5371805406775902,0.5546277895400878,0.16603895641823485,0.03430309192354479,0.14056008746110504,0.19264214046822742,0.069643779749706,0.016157101935385252,0.0577335209361558,0.08148927493016364,0.5541015221977773,0.09915830099287093,0.24444408363261616,0.21526654268979056
all,dataset,later_enhancement_path,B,logistic,5,4000,0.07704673742538866,0.6258307711535499,0.06977552851328937,0.5625264036802358,0.6728122424059698,0.14020870821812817,0.05335844154427495,0.09904244055789252,0.18148260818754386,0.5784009561189933,0.06616590704554466,0.5228719247174252,0.6285559058427911,0.17284306439810418,0.08221453761440159,0.10990448969046951,0.23760049474335193,0.21924429068803977,0.01772403970461623,0.20507988709230998,0.23177606238641268,0.6576158977719018,0.1436367465513439,-0.03178512661835187,-0.003428038333215727
all,dataset,later_enhancement_path,B,random_forest,5,4000,0.07704673742538866,0.5860515880847685,0.11071125013537884,0.49636134032964085,0.6687189079696653,0.14300808382844815,0.10664015019846265,0.06595896282281297,0.2359249181902367,0.5148702498230882,0.024575043073909585,0.49791763561841673,0.5353625998318621,0.06718302849321886,0.08335066225790008,0.007017543859649122,0.13794326241134752,0.08928594087894595,0.011700878842425088,0.07987406006277142,0.09808657072693774,0.6134793435258759,0.12276861041163858,-0.027427755441107315,0.020239473416809567
all,dataset,later_enhancement_path,B+M,logistic,5,4000,0.07704673742538866,0.6576158977719018,0.08114042527589191,0.5833524552012006,0.7174658664524394,0.1436367465513439,0.05878506106318422,0.10388394769820294,0.19144351046412447,0.6081260515458767,0.06177377765531491,0.5569545882226945,0.6559637517114048,0.21049588075488623,0.0808516729563657,0.14929095112693644,0.2759207051897657,0.1736181425702341,0.02303495491258231,0.15610595761082982,0.19225525824315373,0.6576158977719018,0.1436367465513439,0.0,0.0
all,dataset,later_enhancement_path,B+M,random_forest,5,4000,0.07704673742538866,0.6134793435258759,0.09525302198565301,0.5417966858918307,0.6851620011599209,0.12276861041163858,0.07221473736333067,0.06673725105618918,0.17879996976708795,0.5017468763832454,0.00645228102241456,0.49693338364991285,0.5072400035821942,0.01844611528822055,0.02643462843445051,0.0,0.041303258145363404,0.08547694787844712,0.010310503474929027,0.07756750001328747,0.09390612067192342,0.6134793435258759,0.12276861041163858,0.0,0.0
all,dataset,later_enhancement_path,B+M+L,logistic,5,4000,0.07704673742538866,0.6646613349820552,0.06954667740112835,0.6008114288754797,0.7130113618542404,0.1478875884392537,0.06923789693918604,0.10059654958528408,0.20857967830467872,0.607814093048683,0.04484642396903146,0.5730499292594876,0.6419939732667401,0.21183130410572382,0.08090608146603001,0.15207189520102576,0.2785107772069549,0.17176744517913517,0.02457986295184781,0.15267332819069515,0.1908615621675752,0.6576158977719018,0.1436367465513439,0.007045437210153382,0.0042508418879098064
all,dataset,later_enhancement_path,B+M+L,random_forest,5,4000,0.07704673742538866,0.632723584307131,0.07927441292932072,0.5738135085030749,0.6911133209965581,0.14823925486787792,0.09703140882969373,0.07865722425790825,0.23350622086107403,0.5013524058715507,0.0054169201194384205,0.4972457707141863,0.5058560942683114,0.016191425722831505,0.022654009716278543,0.0,0.03501495513459621,0.08352573191245254,0.010843790503003613,0.0755912673446966,0.09252759878937808,0.6134793435258759,0.12276861041163858,0.019244240781255195,0.02547064445623934
all,dataset,later_enhancement_path,B+M+L+R,logistic,5,4000,0.07704673742538866,0.7976585291615674,0.045106603345090326,0.7602207327430095,0.8315172211703951,0.33842770199999533,0.09667422952143026,0.25928246007559225,0.4108173345318712,0.7229946705011463,0.04543007042818238,0.68337356686054,0.7556222218044073,0.32022181669173666,0.07168962646455761,0.26368598244787755,0.3767576509355959,0.1482135615914944,0.01579677060942239,0.1360134833867237,0.16041363979626505,0.6576158977719018,0.1436367465513439,0.14004263138966566,0.19479095544865144
all,dataset,later_enhancement_path,B+M+L+R,random_forest,5,4000,0.07704673742538866,0.8031389850825074,0.04316572595283258,0.7737320856072112,0.8370641460569518,0.36065635890900544,0.09969096149729323,0.2739581680924424,0.43191118604664086,0.5634370585586174,0.027922010704916515,0.5419239189606568,0.5842868857692876,0.21602928491382506,0.08142085141767101,0.152276295133438,0.2778119466964868,0.06720047177910891,0.015438564072585382,0.05400188936060143,0.07877020646939616,0.6134793435258759,0.12276861041163858,0.1896596415566315,0.23788774849736685
all,dataset,later_neighbor_damage_any_path,B,logistic,5,4000,0.08280869911994702,0.6036189952315407,0.09322355167008332,0.538411070884665,0.6834102300063304,0.15257019918766107,0.09474218558427687,0.09071657285208,0.240061060908027,0.5475098106753664,0.0793927177828577,0.47958489067131316,0.6030993030576606,0.17506030394970698,0.07350313500515829,0.10709550825406304,0.220685170240626,0.23365434418669745,0.04818262047615534,0.19915717703056657,0.27606494688609046,0.5904347577310378,0.12437604102356296,0.013184237500502904,0.028194158164098107
all,dataset,later_neighbor_damage_any_path,B,random_forest,5,4000,0.08280869911994702,0.5557099437841491,0.10430047306144069,0.48249289926003563,0.6478370117383505,0.15162357974689955,0.1213476701721597,0.07747210303843623,0.26127878475407984,0.5047674192175332,0.010572348697394993,0.5,0.5142391860663492,0.02370266479663394,0.0419188285162325,0.0,0.06241234221598877,0.0920564383476073,0.023645307231674583,0.07414037893783136,0.1111786518768002,0.5478883632088516,0.12700782556807644,0.007821580575297471,0.024615754178823113
all,dataset,later_neighbor_damage_any_path,B+M,logistic,5,4000,0.08280869911994702,0.5904347577310378,0.09079486453595441,0.5231669646290111,0.6685375645757282,0.12437604102356296,0.0512423864909632,0.08105089153086424,0.16783253166361273,0.5310799975962104,0.07336097024318523,0.472803141990358,0.594422157684104,0.1692982453938628,0.07833366310875178,0.10229834526403155,0.22890176082380384,0.20687756888393444,0.0595396176840933,0.16018014683701537,0.25357499093085345,0.5904347577310378,0.12437604102356296,0.0,0.0
all,dataset,later_neighbor_damage_any_path,B+M,random_forest,5,4000,0.08280869911994702,0.5478883632088516,0.10655238121685218,0.46547585949706194,0.6303008669206412,0.12700782556807644,0.0741625508011906,0.07536816455213008,0.19248423627105854,0.49908940397351,0.0020361546152729794,0.4972682119205298,0.5,0.0,0.0,0.0,0.0,0.09020533393525658,0.023350774513399033,0.07309450537129894,0.11012009680981587,0.5478883632088516,0.12700782556807644,0.0,0.0
all,dataset,later_neighbor_damage_any_path,B+M+L,logistic,5,4000,0.08280869911994702,0.5849743446379108,0.0965371640849589,0.514000765995475,0.6671116069757892,0.12317126629019937,0.04761988903440218,0.08210563960981263,0.16192803532346106,0.5286524330803886,0.0713164395679463,0.47384823156233746,0.59091333096542,0.16596246817790283,0.07883622510042435,0.09935132337740091,0.22600103159227447,0.20750581883290747,0.060212088153075556,0.16035845931252746,0.25465317835328755,0.5904347577310378,0.12437604102356296,-0.005460413093127059,-0.0012047747333635977
all,dataset,later_neighbor_damage_any_path,B+M+L,random_forest,5,4000,0.08280869911994702,0.5591912015023779,0.13798991186930715,0.46114429066304685,0.6802257384407516,0.1390694580020531,0.09701779722906767,0.07542433782280587,0.2258993786163069,0.4996688741721854,0.0007404198600992718,0.4990066225165563,0.5,0.0,0.0,0.0,0.0,0.08888382445705917,0.022541648332712452,0.07267403038765852,0.10764543341372172,0.5478883632088516,0.12700782556807644,0.011302838293526296,0.012061632433976649
all,dataset,later_neighbor_damage_any_path,B+M+L+R,logistic,5,4000,0.08280869911994702,0.8238260132347701,0.042969449777810115,0.7852824061310083,0.8514880556088847,0.38970299279693854,0.16059397882953586,0.26168626305848175,0.5177197225353953,0.740521755030166,0.027562984419685386,0.7160143441200246,0.7566911965327755,0.3512982564376677,0.0465993690295919,0.31775438596491223,0.3900529150748641,0.14812379367231646,0.034193875256268616,0.12250497687209713,0.17374261047253575,0.5904347577310378,0.12437604102356296,0.2333912555037323,0.26532695177337556
all,dataset,later_neighbor_damage_any_path,B+M+L+R,random_forest,5,4000,0.08280869911994702,0.8073580550557187,0.03171882137675498,0.7828253860295943,0.831890724081843,0.37507072325647994,0.1192511253622586,0.28341593651754726,0.46672550999541257,0.5593004286804644,0.04239861760699393,0.5278918012160867,0.5916497527482809,0.19916814068284658,0.11894360777778815,0.11196524064171123,0.28637104072398195,0.07009239081274185,0.017490219952197756,0.05617801452329817,0.08400676710218555,0.5478883632088516,0.12700782556807644,0.2594696918468671,0.2480628976884035
all,dataset,later_suppression_path,B,logistic,5,4000,0.08344350578848163,0.5030865768546039,0.09215569518980515,0.4234187665253534,0.5632149821634229,0.11194303855445871,0.0414655920966215,0.07862281893432588,0.1396105136902496,0.5235199848449026,0.05703020831198028,0.4733265312657404,0.557696641866784,0.15359146565965115,0.0676716093040847,0.10251653387571173,0.2022809195162214,0.23741226229485096,0.02332357117646651,0.22077051080754734,0.2569761707436813,0.5496137354752908,0.11932362875896438,-0.046527158620686904,-0.007380590204505669
all,dataset,later_suppression_path,B,random_forest,5,4000,0.08344350578848163,0.5585913599749635,0.051977026769886664,0.5207544247546784,0.602985780799679,0.10692485323410579,0.04752644210582465,0.0715379414463917,0.14423027001813693,0.4969675876551286,0.0033337339503654194,0.4943415245166065,0.49959365079365076,0.0028169014084507044,0.006298783035210676,0.0,0.008450704225352112,0.09838604851997931,0.01592420327533951,0.08585039026189213,0.10988420162725632,0.5632194580135449,0.11322737067291441,-0.004628098038581441,-0.006302517438808622
all,dataset,later_suppression_path,B+M,logistic,5,4000,0.08344350578848163,0.5496137354752908,0.09618185505883575,0.46037608469276725,0.6052659508679934,0.11932362875896438,0.05863648575294189,0.07419677678315034,0.16146485318872342,0.5353002095680951,0.06343799858197323,0.4794129468730066,0.5705943577729993,0.16225994454596285,0.08198592033191147,0.09622243903803719,0.22260343331828847,0.2028113391739747,0.007676737941261513,0.1970731383837399,0.209162896570463,0.5496137354752908,0.11932362875896438,0.0,0.0
all,dataset,later_suppression_path,B+M,random_forest,5,4000,0.08344350578848163,0.5632194580135449,0.048395584746830755,0.5292267319171351,0.6048002845824237,0.11322737067291441,0.03657256707591297,0.08465287296799366,0.14180186837783518,0.5019915607970125,0.005169421046509772,0.49926095238095236,0.506713730010085,0.013113553113553115,0.022215445302976183,0.0,0.03362637362637363,0.09577850727766832,0.016268762681467177,0.08254966404245068,0.10735198543172297,0.5632194580135449,0.11322737067291441,0.0,0.0
all,dataset,later_suppression_path,B+M+L,logistic,5,4000,0.08344350578848163,0.5856640753416533,0.10121773337745658,0.49163606124520404,0.6534501454245718,0.12976653207771835,0.05821301360154281,0.08365754403107509,0.17241319742620162,0.5654705431018162,0.07907865524729907,0.49366642260470045,0.6060937402105167,0.18841377970334378,0.09125089641152263,0.1091981127498074,0.251901319894628,0.1970298354590605,0.008905188481526055,0.1900195296272183,0.2040401412909027,0.5496137354752908,0.11932362875896438,0.036050339866362524,0.010442903318753971
all,dataset,later_suppression_path,B+M+L,random_forest,5,4000,0.08344350578848163,0.5846928743780218,0.041805441748699636,0.5519666314957805,0.617419117260263,0.10607028401118188,0.03614026897908159,0.07792051855667373,0.13422004946569005,0.49903973637209764,0.0014228713296608507,0.49777190752899153,0.5,0.0028368794326241132,0.006343455255318552,0.0,0.00851063829787234,0.09301244657644592,0.017235241562387357,0.07897273165220994,0.10559579004594118,0.5632194580135449,0.11322737067291441,0.02147341636447686,-0.007157086661732537
all,dataset,later_suppression_path,B+M+L+R,logistic,5,4000,0.08344350578848163,0.7696577504868213,0.04908103511472615,0.734081668607547,0.8072494487962318,0.32161276160669516,0.16106947240473451,0.20644751414213527,0.44613617755810103,0.6996070553198763,0.0551882140256438,0.6593103870497298,0.7439608856367393,0.30835471211854976,0.10347796834044744,0.22793650793650794,0.3887729163005916,0.15572292709620578,0.006544945939258729,0.15036860441784883,0.1605963903674632,0.5496137354752908,0.11932362875896438,0.22004401501153048,0.20228913284773078
all,dataset,later_suppression_path,B+M+L+R,random_forest,5,4000,0.08344350578848163,0.7974586197153803,0.04140809601868455,0.766106158670698,0.8280027822616927,0.32380436749609587,0.05881464335032996,0.28039027734118316,0.3670410317717385,0.5550617687645303,0.005355317908358396,0.5512416017585253,0.5596716113238533,0.1957732436314113,0.017590664288928193,0.1833682816466174,0.21181350589016096,0.07261454751385281,0.01792319743384482,0.059148265368967244,0.08589872025371428,0.5632194580135449,0.11322737067291441,0.23423916170183545,0.21057699682318146
all,dataset,later_target_any_path,B,logistic,5,4000,0.15306794699941415,0.6056539186557078,0.07785543399568326,0.5463445426351938,0.6649632946762217,0.22951321709668338,0.09531670550132323,0.15564503423229759,0.30338139996106916,0.5772616808215613,0.07152902204722032,0.5164112471956631,0.6255208299383636,0.29686381495182257,0.1251996864704747,0.19527796106895418,0.3899933175356473,0.22752939789409748,0.012550442593936352,0.21788263284795378,0.23787477891003211,0.6412730402188819,0.24746561776327555,-0.03561912156317404,-0.017952400666592178
all,dataset,later_target_any_path,B,random_forest,5,4000,0.15306794699941415,0.6202376590067274,0.09098756569445893,0.5567517729318936,0.696370115328931,0.2486134589847878,0.13117764968529166,0.15960824334358117,0.35614323563373584,0.5289660074638942,0.02502602534316152,0.5116845450039816,0.550697404634629,0.15328088325590555,0.0702193394118752,0.10582082324455207,0.21497607655502393,0.14852385969040832,0.016254174115143467,0.1357381267705769,0.16033812276058831,0.6374527722491055,0.24164180071225388,-0.01721511324237801,0.006971658272533904
all,dataset,later_target_any_path,B+M,logistic,5,4000,0.15306794699941415,0.6412730402188819,0.042259470124755436,0.605472539153959,0.6727607030631295,0.24746561776327555,0.10256960824988284,0.16669466215715315,0.3260219088252309,0.5910689241638389,0.03382078971155201,0.5660433705685963,0.6189832089552239,0.30389712237321576,0.09363646840129586,0.23243885394828787,0.3753553907981436,0.19876280038307498,0.015529147487510617,0.18659949298047088,0.21092610778567913,0.6412730402188819,0.24746561776327555,0.0,0.0
all,dataset,later_target_any_path,B+M,random_forest,5,4000,0.15306794699941415,0.6374527722491055,0.0714661805657897,0.5909982287251383,0.6978693890097178,0.24164180071225388,0.10539771368470055,0.16322084457394107,0.32076578952908,0.5251960528571258,0.015957031618891587,0.5131521211803753,0.537239984533876,0.14414262435864234,0.040292669432165036,0.11301539380497168,0.17539522944247352,0.14559599308063176,0.01554369713444499,0.13290845933095022,0.15647761664359922,0.6374527722491055,0.24164180071225388,0.0,0.0
all,dataset,later_target_any_path,B+M+L,logistic,5,4000,0.15306794699941415,0.66372655044898,0.031637410283185466,0.6383810079897527,0.6884745330697826,0.2675672791415475,0.10488644166833948,0.18175207072196148,0.3467531040709546,0.6074928532727308,0.03126277002252833,0.5795026329295502,0.6287882211014005,0.32389717713117483,0.0908844384848599,0.25067779955253794,0.3884975272081767,0.1944437490475012,0.017314036322763238,0.18099975341595093,0.20788774467905152,0.6412730402188819,0.24746561776327555,0.022453510230098117,0.020101661378271934
all,dataset,later_target_any_path,B+M+L,random_forest,5,4000,0.15306794699941415,0.6542814181048158,0.05957932400670002,0.6202435809896395,0.7070119959697069,0.266566092936641,0.12005322997105689,0.18134699061152088,0.3585400794730247,0.5368679049553671,0.012303730096468724,0.5294257553607474,0.5479857487225857,0.17081382567275982,0.0345983732085008,0.14620092551127034,0.20070838252656437,0.14143983444792943,0.014488448200560715,0.13060474988741616,0.15204990300448715,0.6374527722491055,0.24164180071225388,0.01682864585571031,0.024924292224387135
all,dataset,later_target_any_path,B+M+L+R,logistic,5,4000,0.15306794699941415,0.6565589763229343,0.02370929861580053,0.6384030841666011,0.6747148684792675,0.2627882244007688,0.09651205989021099,0.18692381747391248,0.3348868846520194,0.6080012841539254,0.023209778496166844,0.5890746330951246,0.6262005275577709,0.32241250720445847,0.08146849032333049,0.25939285908965776,0.38087682458075506,0.19548502296548512,0.015062511385433866,0.18295858083088948,0.20626738068622874,0.6412730402188819,0.24746561776327555,0.015285936104052378,0.015322606637493269
all,dataset,later_target_any_path,B+M+L+R,random_forest,5,4000,0.15306794699941415,0.7606076145071566,0.047574971986924626,0.7319208784208097,0.8034470007448677,0.39522741466762296,0.09793286048651528,0.33829956686087576,0.48262329777218704,0.5736825076463486,0.019500979143380455,0.5595318382673631,0.5900564340510941,0.26364870543975244,0.056415198548507135,0.22309282055890017,0.31018545756940175,0.12211664151318176,0.021241728683987146,0.1064774777869801,0.13773750437840315,0.6374527722491055,0.24164180071225388,0.12315484225805118,0.15358561395536907
all,domain,later_capability_damage_any_path,B,logistic,5,4000,0.09408382219428732,0.5949352623026094,0.051441322011221674,0.5619792981841754,0.6393773849777673,0.14831150805670598,0.027112244298263508,0.12650475019025548,0.16822741476045372,0.541169041359893,0.04981834623447331,0.5087535579264386,0.5850701972723298,0.179947837553526,0.041850089886695044,0.15418815186106719,0.2171293322062553,0.236338091120129,0.017776960579710187,0.22229646744022405,0.249936866337671,0.5980621198758934,0.14476110816204155,-0.0031268575732840143,0.0035503998946644355
all,domain,later_capability_damage_any_path,B,random_forest,5,4000,0.09408382219428732,0.6098633549626747,0.08160428470068028,0.5499987041317507,0.6756467686625972,0.17465653871929948,0.08175860381568942,0.1221520509196227,0.24937972050635623,0.4983253871017144,0.006309911942658015,0.49250000000000005,0.5024761613051434,0.009302325581395349,0.020800632348835252,0.0,0.027906976744186046,0.10221636363495004,0.014495822452422239,0.0908244857528357,0.11331390123520915,0.6076251267733127,0.14398717861896396,0.002238228189362035,0.030669360100335524
all,domain,later_capability_damage_any_path,B+M,logistic,5,4000,0.09408382219428732,0.5980621198758934,0.05772606005691201,0.5573624821095395,0.6458206927752153,0.14476110816204155,0.03695455353649686,0.11675534197120355,0.17545278293681243,0.5637474519099225,0.04938162058626233,0.5283281362024533,0.6059609187040633,0.19370822830541107,0.04683410239985136,0.15948637001189428,0.22989712836201986,0.24081769653097376,0.0217368617764321,0.22397151410076196,0.2565619231071824,0.5980621198758934,0.14476110816204155,0.0,0.0
all,domain,later_capability_damage_any_path,B+M,random_forest,5,4000,0.09408382219428732,0.6076251267733127,0.07916817031864587,0.5507114175187945,0.6704967383834908,0.14398717861896396,0.049353983825194424,0.11236581104754335,0.1870637605550173,0.4966992818497647,0.004865337416574249,0.492402712264151,0.4996090695856138,0.0,0.0,0.0,0.0,0.10107423061306153,0.013001553244218637,0.09097575255421135,0.11087772581685562,0.6076251267733127,0.14398717861896396,0.0,0.0
all,domain,later_capability_damage_any_path,B+M+L,logistic,5,4000,0.09408382219428732,0.5851624744703781,0.05857331573524038,0.5428002605375579,0.6354827278448273,0.14317074101530472,0.04442722758328924,0.11044900511332223,0.17953487960383516,0.5491437952644385,0.053478498428833135,0.510299711375168,0.5955328789894188,0.1837621253953452,0.04773318316764922,0.148061877516423,0.22342052759920197,0.24279844915546261,0.02182133584784877,0.22577869644860993,0.2582866756617119,0.5980621198758934,0.14476110816204155,-0.012899645405515359,-0.0015903671467368263
all,domain,later_capability_damage_any_path,B+M+L,random_forest,5,4000,0.09408382219428732,0.6051126663151282,0.08313441501034186,0.5399903455852809,0.6702349870449755,0.1407208435219579,0.04378412700980345,0.10993503516231518,0.17873232991750046,0.5000780639171227,0.0004279919028467166,0.4997654417513682,0.5004687499999999,0.004545454545454545,0.010163945352271771,0.0,0.013636363636363636,0.09938585327574678,0.013156455064619588,0.08904113531736355,0.10931490994334214,0.6076251267733127,0.14398717861896396,-0.00251246045818454,-0.003266335097006051
all,domain,later_capability_damage_any_path,B+M+L+R,logistic,5,4000,0.09408382219428732,0.8357097823703652,0.030481394266275934,0.8098678842199153,0.8583376302875838,0.40775400084758895,0.08954214077178312,0.34253279033008355,0.4729608021694537,0.7595432558311026,0.026977775465258508,0.738884433905444,0.7809795693705655,0.3732492990435154,0.0527987772788796,0.3315369887504215,0.41496160933660936,0.1663614880261946,0.01953283525892766,0.15134522462250768,0.18094286995873293,0.5980621198758934,0.14476110816204155,0.23764766249447178,0.2629928926855474
all,domain,later_capability_damage_any_path,B+M+L+R,random_forest,5,4000,0.09408382219428732,0.8229302979179062,0.023618995619150287,0.8076024311094916,0.8437177042140342,0.37861551547494277,0.09129770069243438,0.31523201149913127,0.4466386860764192,0.605013965933572,0.05476327226178651,0.5719530872843732,0.6541569569414158,0.3106541753676956,0.11162449936452289,0.2382362379970274,0.4100739638433245,0.07666855706797582,0.006743618414691239,0.07104653906614855,0.08173188305840612,0.6076251267733127,0.14398717861896396,0.21530517114459347,0.2346283368559788
all,domain,later_clean_any_path,B,logistic,5,4000,0.14610988895872615,0.6282735326310055,0.025340375213819342,0.6106078524256263,0.6495978141335067,0.23230512948673412,0.045123179090912166,0.1931594669140412,0.26650417179258207,0.5920822996813309,0.03680163601390608,0.5629715740036924,0.6192917950412289,0.30074533995180663,0.07373821052153583,0.2394915254237288,0.3537954855811712,0.2261361179461175,0.026388686487128533,0.20603926662166913,0.24711148438724165,0.6417318387448587,0.23002903015169635,-0.013458306113853236,0.002276099335037779
all,domain,later_clean_any_path,B,random_forest,5,4000,0.14610988895872615,0.6014707654795288,0.06993970793364084,0.5456466085084506,0.6513081991236748,0.23019472655569984,0.09012649876076599,0.16470370275034404,0.2969733216495173,0.5260732885776556,0.04550299257905128,0.5014062759882962,0.5649013224308501,0.14996110056925993,0.10870072390421073,0.08546774193548387,0.24694497153700187,0.14800937368828276,0.01110451134953182,0.13954329041616678,0.15642378511278832,0.6171879142468665,0.21726751704116537,-0.015717148767337652,0.012927209514534466
all,domain,later_clean_any_path,B+M,logistic,5,4000,0.14610988895872615,0.6417318387448587,0.036614016631338155,0.6099214718233611,0.6673696225933594,0.23002903015169635,0.06226186860301806,0.18095959119966804,0.27668542881081215,0.5970410778406819,0.03346640530674834,0.5726098861045275,0.6242625742371715,0.30049378051243725,0.06372324353650115,0.2511540511727079,0.3481889356889357,0.20486900113785897,0.016740438556733035,0.19344531624579003,0.21903227784677207,0.6417318387448587,0.23002903015169635,0.0,0.0
all,domain,later_clean_any_path,B+M,random_forest,5,4000,0.14610988895872615,0.6171879142468665,0.0566692059985946,0.5735161508990266,0.6577836583170024,0.21726751704116537,0.06728558503021205,0.16429826071954623,0.26703132066050816,0.5273875652873388,0.018319533438753758,0.5134197409813295,0.5420266825375054,0.14164261181982968,0.045433408679286406,0.10382106244175211,0.1762077607812635,0.14505404556794774,0.007171607900849461,0.13902195216483185,0.1499120950897403,0.6171879142468665,0.21726751704116537,0.0,0.0
all,domain,later_clean_any_path,B+M+L,logistic,5,4000,0.14610988895872615,0.6648783804903804,0.03864632557894968,0.6372883211408561,0.6950594924271514,0.24951629455615526,0.06397048083095265,0.20103162045697748,0.2959141082040374,0.6214893876008214,0.04038114943431059,0.5890175688388897,0.6546059045250922,0.3218129718968773,0.045585025219999915,0.28650175559672125,0.354915571757677,0.20085464891422244,0.01912986781669816,0.18641090246134734,0.21739490887851512,0.6417318387448587,0.23002903015169635,0.023146541745521665,0.019487264404458915
all,domain,later_clean_any_path,B+M+L,random_forest,5,4000,0.14610988895872615,0.644666419286027,0.029875534281857324,0.6221789674706888,0.6671538711013653,0.2551476350067805,0.06295302741898715,0.20639375791481118,0.30056762922344776,0.5440813603698169,0.0220806566755555,0.5282947803466239,0.5622734938820425,0.18757691739427612,0.05427255746887987,0.14768084595049266,0.23175554578343083,0.13916768412227737,0.007955187921074507,0.13249386457218332,0.1448735783116532,0.6171879142468665,0.21726751704116537,0.027478505039160495,0.037880117965615134
all,domain,later_clean_any_path,B+M+L+R,logistic,5,4000,0.14610988895872615,0.664040559802898,0.049094883513556224,0.6267567752839233,0.7013845589583715,0.2534949954815923,0.06136940071358216,0.20690698920377634,0.300197111778616,0.6177694824063551,0.038054260429827735,0.5854181087940931,0.6403314515931233,0.32021269396323965,0.05881664662076641,0.2746869424307686,0.3656362549496464,0.2007964445168861,0.015400265961564921,0.18903125302025153,0.21376449630139502,0.6417318387448587,0.23002903015169635,0.02230872105803927,0.023465965329895977
all,domain,later_clean_any_path,B+M+L+R,random_forest,5,4000,0.14610988895872615,0.7619275250530686,0.03769441210315891,0.7320977342411601,0.7906939385913406,0.3860834688743232,0.07425520363634684,0.33093751287682033,0.4379982501416845,0.5695470484397127,0.018210264571338133,0.5567500895260935,0.5854488549337163,0.25000139458343795,0.04621729893077824,0.218745060850324,0.29198021550962727,0.11958935992178472,0.01398340486764492,0.10921747219501488,0.1306674972737848,0.6171879142468665,0.21726751704116537,0.14473961080620212,0.16881595183315784
all,domain,later_clean_enhancement_path,B,logistic,5,4000,0.07260231161393951,0.6407314729373462,0.07802603480174686,0.5800744799163029,0.7013884659583896,0.14360485580917065,0.04891856336672008,0.10875160210669262,0.18689008504968402,0.5973167264253746,0.07711491224584267,0.5366370836786981,0.6579963691720513,0.1752429546033948,0.04137221946767077,0.14551479995528338,0.20850058437471905,0.21929706134909105,0.026473191691234313,0.20173411147562764,0.24340890081519745,0.6403967965703024,0.12448946022140536,0.0003346763670438735,0.019115395587765288
all,domain,later_clean_enhancement_path,B,random_forest,5,4000,0.07260231161393951,0.6334881793544277,0.12863062635616257,0.5335491982200257,0.7393923710224037,0.16419322433793676,0.1311427457722745,0.07686710618177119,0.2745626835657401,0.5192302668991695,0.04823495320055288,0.4950081639270462,0.5622663934512963,0.07902805598104291,0.14732609932080087,0.0049382716049382715,0.2106751502297632,0.08430019516360902,0.010792698553225266,0.07581183382963978,0.09175191716017315,0.6515841521588962,0.16842291063135967,-0.018095972804468508,-0.004229686293422907
all,domain,later_clean_enhancement_path,B+M,logistic,5,4000,0.07260231161393951,0.6403967965703024,0.06775730341540478,0.5878869616386583,0.6929066315019463,0.12448946022140536,0.06368942965357588,0.08550459864584134,0.18265723822740826,0.5986394111190455,0.06345338449061978,0.5535031470178893,0.6549637187730625,0.19070344170034143,0.06869597229491176,0.14728559220665077,0.2513505963253465,0.1730933573456658,0.02746235970560885,0.15334887655467463,0.19709659981446917,0.6403967965703024,0.12448946022140536,0.0,0.0
all,domain,later_clean_enhancement_path,B+M,random_forest,5,4000,0.07260231161393951,0.6515841521588962,0.11196944590448567,0.5791301140499632,0.7449128751922257,0.16842291063135967,0.13938093067226137,0.07452086949803588,0.28634352029324195,0.5038346316044491,0.012139812592111868,0.49641188413173254,0.514397394368624,0.026973572037510656,0.04586219672119877,0.0,0.06932651321398124,0.08073777492268129,0.01116830339785981,0.07182811599566676,0.08888387593609474,0.6515841521588962,0.16842291063135967,0.0,0.0
all,domain,later_clean_enhancement_path,B+M+L,logistic,5,4000,0.07260231161393951,0.6564464594572621,0.06550432469819098,0.6062306938083509,0.7055871613273557,0.13616690615128685,0.0716094467689742,0.09049057562139089,0.20145740309828514,0.6113363364665589,0.08247243088832595,0.553148456922844,0.682024223899248,0.19851928672691427,0.07304670835904549,0.14854503784985068,0.2603894165970441,0.17194017435716696,0.030856279563351848,0.1496755971257408,0.19888192141509148,0.6403967965703024,0.12448946022140536,0.016049662886959748,0.011677445929881486
all,domain,later_clean_enhancement_path,B+M+L,random_forest,5,4000,0.07260231161393951,0.6750901632341917,0.09268176548047544,0.6027955823195313,0.7521553082784476,0.16847728835005935,0.11236038567884739,0.0849378003396233,0.25481851402168093,0.5021038308563901,0.007659216228536519,0.4967353201846635,0.5085624271190089,0.01862837710183261,0.028114734535099543,0.0,0.04394483279803514,0.07834597242138547,0.010708273587796623,0.06990975674535793,0.08618958454354955,0.6515841521588962,0.16842291063135967,0.023506011075295485,5.4377718699677446e-05
all,domain,later_clean_enhancement_path,B+M+L+R,logistic,5,4000,0.07260231161393951,0.7967300795026306,0.04991635967432689,0.7619217328559104,0.8412074879053014,0.331962401699467,0.05918089750613488,0.2862607201805091,0.3774240108486234,0.7158079191486997,0.03519515615353532,0.687137884379817,0.7417060019259994,0.30088660667060163,0.0531762886667274,0.2544091791549419,0.33890180891515254,0.14617726233857764,0.016490665489098267,0.1336802384474323,0.15867428622972296,0.6403967965703024,0.12448946022140536,0.1563332829323283,0.20747294147806164
all,domain,later_clean_enhancement_path,B+M+L+R,random_forest,5,4000,0.07260231161393951,0.8288594941869203,0.04458849246756599,0.8032257458593415,0.8687135072472313,0.3380009416260049,0.07768620260188465,0.2812521866455448,0.40298714115086565,0.541326157264735,0.020892684553701486,0.5265453378138,0.5589540586965652,0.15140952247913197,0.06733081616305621,0.10219135326096276,0.2066796324860841,0.0642032918036491,0.013305327188105953,0.0538396623115146,0.07456692129578357,0.6515841521588962,0.16842291063135967,0.17727534202802409,0.16957803099464525
all,domain,later_clean_suppression_path,B,logistic,5,4000,0.0808271352748097,0.5253739412764504,0.09359180609698964,0.4495022102250644,0.5945296143361478,0.1029055713919343,0.030067462966989533,0.07810078776110238,0.1233764057981952,0.5151448241666872,0.07453964987568436,0.4496469609966958,0.563228713980401,0.12792724506421244,0.0786303058437866,0.06097845231731789,0.18446356167836844,0.23310331766604828,0.03682293140028694,0.20391464896044198,0.2616427811622828,0.5577567648135522,0.10084235573652704,-0.03238282353710176,0.0020632156554072634
all,domain,later_clean_suppression_path,B,random_forest,5,4000,0.0808271352748097,0.48645053394893256,0.061431657703272594,0.4355202222324692,0.5322057571039822,0.08591825404668302,0.03309737325741141,0.060170581541232705,0.11149824052504423,0.4969893204772335,0.003472512626170724,0.4943153618630703,0.49966327909139663,0.003007518796992481,0.006725016473683578,0.0,0.009022556390977442,0.09767871038482379,0.008078430293645038,0.09085837754980146,0.10307051150362831,0.4844116336817784,0.08295968538989243,0.0020389002671541423,0.002958568656790589
all,domain,later_clean_suppression_path,B+M,logistic,5,4000,0.0808271352748097,0.5577567648135522,0.0847729402956728,0.49356380837313923,0.6219497212539651,0.10084235573652704,0.03318771773900467,0.07686438567266433,0.12657371762116448,0.5412351394214514,0.09186056073480854,0.4602436786230589,0.6070222887562549,0.14659480484558135,0.08181163625426298,0.08143201376936317,0.20527285613040397,0.20820984319245892,0.024465580539241732,0.19057501593105738,0.22908540021745835,0.5577567648135522,0.10084235573652704,0.0,0.0
all,domain,later_clean_suppression_path,B+M,random_forest,5,4000,0.0808271352748097,0.4844116336817784,0.05755911661948024,0.43991300430024427,0.5277202649269548,0.08295968538989243,0.03316734821267825,0.05668656033542794,0.10923281044435691,0.49778809378026717,0.0028475647107544483,0.4953393168027314,0.4998221353265039,0.0030534351145038168,0.006827688480915388,0.0,0.00916030534351145,0.0971194897750071,0.007040288958302424,0.09097678444542037,0.1018388521531061,0.4844116336817784,0.08295968538989243,0.0,0.0
all,domain,later_clean_suppression_path,B+M+L,logistic,5,4000,0.0808271352748097,0.587654385188811,0.059480581647855316,0.5430944348826909,0.6322143354949312,0.11134671817700685,0.03904659674279165,0.08175404946125014,0.14106664560174056,0.5526426974442494,0.08066187847750768,0.4883730882729149,0.6140317806724408,0.15855313535649818,0.08400115184775984,0.09386786279837414,0.223688127288533,0.20339172411332024,0.0259111872740102,0.18522650641577193,0.2265452860790566,0.5577567648135522,0.10084235573652704,0.029897620375258782,0.010504362440479809
all,domain,later_clean_suppression_path,B+M+L,random_forest,5,4000,0.0808271352748097,0.53636536394216,0.06168625632724258,0.49267357836621073,0.5910832105126136,0.0920519579380374,0.03474550223851203,0.06538053660814609,0.11949629067787741,0.49940670996680636,0.0017440073666660854,0.497800586510264,0.5004195433901549,0.0031496062992125984,0.007042733787400912,0.0,0.009448818897637795,0.09206310363280076,0.00876360893965468,0.08525902175326261,0.09873657805610048,0.4844116336817784,0.08295968538989243,0.051953730260381525,0.009092272548144972
all,domain,later_clean_suppression_path,B+M+L+R,logistic,5,4000,0.0808271352748097,0.77152341499448,0.046294102371698335,0.738971138793586,0.8121533232586788,0.30777975409111197,0.12812911845418024,0.20795769988598556,0.4076018082962385,0.6887614982754151,0.07163413314080222,0.6317175184334227,0.7467415179150074,0.28934577226569996,0.0949263260475962,0.21578041192624298,0.36291113260515695,0.16024596692405418,0.015063241909144454,0.15208269824537163,0.17396380458179564,0.5577567648135522,0.10084235573652704,0.21376665018092778,0.2069373983545849
all,domain,later_clean_suppression_path,B+M+L+R,random_forest,5,4000,0.0808271352748097,0.7864594740187913,0.0542321288232274,0.7506645947288599,0.8353088484465176,0.3097026538846529,0.10752508737797162,0.2382163181554154,0.3968823590561525,0.5420541273544667,0.017687322262239707,0.5293203276153939,0.5572554443960115,0.14904913111451773,0.04604610190375864,0.11273877480416142,0.18650500857039515,0.07201002810749182,0.010365122096725082,0.06381257430757935,0.08009619983439609,0.4844116336817784,0.08295968538989243,0.30204784033701293,0.22674296849476047
all,domain,later_enhancement_path,B,logistic,5,4000,0.0770137579439905,0.6333274123601914,0.07847493827882815,0.5715269857244192,0.6903278174761567,0.14903007066653928,0.05184176643140584,0.1084450572080943,0.1896150841249843,0.5886769075618418,0.07317310309197007,0.5305257978716211,0.6440041932082454,0.17930291805054613,0.04330936646775419,0.1490569536110333,0.21126099706744866,0.22076873969556607,0.02704037880795341,0.20240999156659606,0.24494702706236843,0.6348356561161883,0.12810548815158335,-0.0015082437559968964,0.020924582514955936
all,domain,later_enhancement_path,B,random_forest,5,4000,0.0770137579439905,0.639628355246049,0.11703477380686986,0.5551882097070796,0.7380154416665647,0.16873053104758143,0.12605038838176388,0.08290815638660702,0.2744733486915051,0.5228179994242017,0.04591095539396856,0.4951834339400426,0.5620681951052107,0.09327659574468085,0.14110009196994117,0.005333333333333334,0.21066666666666664,0.0881517657082174,0.01235344536475601,0.07915647001174966,0.09710809651579247,0.6467864263590618,0.17102428679436965,-0.007158071113012809,-0.002293755746788223
all,domain,later_enhancement_path,B+M,logistic,5,4000,0.0770137579439905,0.6348356561161883,0.06541236351845714,0.5799420580173436,0.6835235277894791,0.12810548815158335,0.06421229846542523,0.08764440183085513,0.18581750482953885,0.5838005621623422,0.04460005951253587,0.5495918470738537,0.6180092772508308,0.19183780161543615,0.07635750218923848,0.14222181299203535,0.2604626347262506,0.17617979926289037,0.022986219183145022,0.1588559497978103,0.19479631937035152,0.6348356561161883,0.12810548815158335,0.0,0.0
all,domain,later_enhancement_path,B+M,random_forest,5,4000,0.0770137579439905,0.6467864263590618,0.11314714073851137,0.5684801840356429,0.73786048246747,0.17102428679436965,0.13341635484055286,0.07911754850483366,0.282774544454916,0.5003366061904407,0.006490636941107796,0.4957169143063783,0.5053848163901642,0.016761904761904763,0.025355521969209503,0.0,0.039619047619047616,0.08506338129090071,0.011646643406809406,0.07580154965490646,0.09365197963848647,0.6467864263590618,0.17102428679436965,0.0,0.0
all,domain,later_enhancement_path,B+M+L,logistic,5,4000,0.0770137579439905,0.6531806665651636,0.05936681212120085,0.605847272874196,0.6986226617264573,0.14117350821124233,0.07267908081980101,0.09197389638340449,0.20590125255266667,0.5931775435802289,0.047458582733106706,0.5575934301295665,0.628806998773985,0.19916339606604733,0.07376286042958491,0.14979279835182807,0.2635909147691205,0.1746290781172259,0.02658378891087885,0.1546272296324953,0.1965114351366878,0.6348356561161883,0.12810548815158335,0.018345010448975296,0.013068020059658986
all,domain,later_enhancement_path,B+M+L,random_forest,5,4000,0.0770137579439905,0.6626331389053537,0.09694979524360127,0.5949216296820058,0.7397147982002582,0.16691782240420594,0.10718582757512561,0.08979119858999025,0.25218171909603615,0.5039534648651783,0.0079690474612513,0.49780887539391083,0.5100980543364458,0.0263197881892483,0.026300155005753403,0.005479452054794521,0.04716012432370208,0.0837624450280084,0.01200609613845778,0.07479247230053664,0.09294280718599401,0.6467864263590618,0.17102428679436965,0.015846712546291886,-0.004106464390163711
all,domain,later_enhancement_path,B+M+L+R,logistic,5,4000,0.0770137579439905,0.7901112367574342,0.03327849138677994,0.7648820322558854,0.8170956080886397,0.3361713524319166,0.05427650971871309,0.2935567761285322,0.3800314437460933,0.7116857578800602,0.028898735472928608,0.6869335132741511,0.7312374935850005,0.3067576940921593,0.05226952644154996,0.26383752173225855,0.34673002673002673,0.14834902247056792,0.013623151063357675,0.13776031568038985,0.15893772926074598,0.6348356561161883,0.12810548815158335,0.1552755806412459,0.20806586428033325
all,domain,later_enhancement_path,B+M+L+R,random_forest,5,4000,0.0770137579439905,0.8228353234387914,0.04680182405704907,0.7955537332619376,0.8634026393549151,0.3685921538001143,0.09520057902256099,0.3044558206527859,0.44837069283300196,0.5677820490200741,0.029651081067570542,0.5464925784258707,0.5927486590592066,0.2274498645463643,0.08264554144295427,0.1666925066708011,0.29446298673513055,0.06726355701585052,0.014503703669887064,0.05623691221074786,0.07853443129183438,0.6467864263590618,0.17102428679436965,0.1760488970797296,0.19756786700574464
all,domain,later_neighbor_damage_any_path,B,logistic,5,4000,0.08282701305957121,0.5904581249000793,0.0430208794039702,0.5529628445627237,0.6210835672755177,0.12934032409095778,0.06287912953368024,0.08520121901373906,0.18563652710346804,0.5536978951149057,0.03910542919768233,0.5224182551759331,0.583301829382105,0.17265693651980132,0.0721261775179589,0.11208791208791209,0.22602503179954186,0.23554491567934904,0.04374593421228067,0.20386714031407896,0.2711339696372111,0.5522490041199646,0.10038097512737301,0.038209120780114736,0.028959348963584763
all,domain,later_neighbor_damage_any_path,B,random_forest,5,4000,0.08282701305957121,0.571921337239292,0.05397237305755042,0.5309238952788521,0.6148579121763733,0.10871736260501179,0.03876350472489925,0.07842300160190097,0.14007296375020964,0.5007301148198776,0.0015459496127489824,0.5,0.5021272728733825,0.010501672240802677,0.014730154063386791,0.0,0.022809364548494984,0.09268035953826556,0.024088564749414995,0.07217845814698834,0.11219445884429059,0.5755938316961625,0.11323510706454172,-0.0036724944568705675,-0.004517744459529932
all,domain,later_neighbor_damage_any_path,B+M,logistic,5,4000,0.08282701305957121,0.5522490041199646,0.03378945227626725,0.5299225958712148,0.5812374470459598,0.10038097512737301,0.03696617901105608,0.0697665456528808,0.12754020408904262,0.5238688629778814,0.044259954379372794,0.4884096534825423,0.5598540352352238,0.14626083501806747,0.06860912241575083,0.09285117938707427,0.1979600820865881,0.19466340404066487,0.04697907751511849,0.16908037781652685,0.23619534076743398,0.5522490041199646,0.10038097512737301,0.0,0.0
all,domain,later_neighbor_damage_any_path,B+M,random_forest,5,4000,0.08282701305957121,0.5755938316961625,0.04415472279668878,0.5419223054381794,0.609423370079853,0.11323510706454172,0.05068673270998285,0.07381086793834077,0.1556685332092808,0.49908940397351,0.0020361546152729794,0.4972682119205298,0.5,0.0,0.0,0.0,0.0,0.08989021405198455,0.024080656135397283,0.06941082670994224,0.11005047133347613,0.5755938316961625,0.11323510706454172,0.0,0.0
all,domain,later_neighbor_damage_any_path,B+M+L,logistic,5,4000,0.08282701305957121,0.5484930257809395,0.035028409427023684,0.5249250174743931,0.5779913630018712,0.09950267879092907,0.035626794010744936,0.06959911304427824,0.12522307307217195,0.5172062521448414,0.030369747637342043,0.4916683625971551,0.5403741513946876,0.14046893553541517,0.06125960255423806,0.09299989615489912,0.1879379749159312,0.19542650833729275,0.04665118315362303,0.16913302985329812,0.23750661348624352,0.5522490041199646,0.10038097512737301,-0.003755978339025079,-0.0008782963364439428
all,domain,later_neighbor_damage_any_path,B+M+L,random_forest,5,4000,0.08282701305957121,0.568213208175976,0.06286069471194168,0.5186844388814672,0.6177419774704849,0.11924602609059329,0.07141074419860471,0.071410744052253,0.18223554879808154,0.4996688741721854,0.0007404198600992718,0.4990066225165563,0.5,0.0,0.0,0.0,0.0,0.0885350878360125,0.02317078466869974,0.06920238666898884,0.10815111464208385,0.5755938316961625,0.11323510706454172,-0.0073806235201865356,0.006010919026051567
all,domain,later_neighbor_damage_any_path,B+M+L+R,logistic,5,4000,0.08282701305957121,0.8168705689000115,0.04510891434612212,0.7761956941687174,0.845518871360364,0.35648345756499983,0.14465713280193926,0.23275623729292522,0.4652488540758898,0.7292314956310756,0.03294879370775465,0.6992928765291292,0.7503581430256537,0.33475007746202756,0.07569492905701558,0.26754852624011505,0.3884687380266828,0.1453314698906638,0.021259497630966503,0.13158294327471584,0.16366380307462178,0.5522490041199646,0.10038097512737301,0.26462156478004695,0.2561024824376268
all,domain,later_neighbor_damage_any_path,B+M+L+R,random_forest,5,4000,0.08282701305957121,0.8173201595282441,0.03467510826705779,0.787024670200334,0.8422064023772698,0.33969616797955077,0.10378046360215464,0.2635667982618463,0.4211524164166581,0.5357210121054173,0.02004339626938234,0.5176530576533466,0.5457348946808072,0.13118747983405327,0.07346672988239347,0.06481620405101277,0.16720508144606813,0.06957672883489102,0.01756229800046378,0.05478080067213712,0.08122593706596824,0.5755938316961625,0.11323510706454172,0.2417263278320816,0.22646106091500906
all,domain,later_suppression_path,B,logistic,5,4000,0.08537101054542916,0.5284348642971776,0.08669808223709809,0.45355052998520895,0.5906364443685941,0.10880839050314084,0.031887761357270505,0.08160080114116278,0.1290672028695787,0.5157527591154096,0.0800100085512861,0.4505943871131873,0.5710283191528912,0.1345480567468209,0.07988292162115945,0.0655267661048008,0.18535234914175333,0.23382421339335444,0.03694578449131973,0.20466179137722018,0.26281505441942027,0.5546749584134695,0.10558496579229686,-0.026240094116291912,0.0032234247108439834
all,domain,later_suppression_path,B,random_forest,5,4000,0.08537101054542916,0.516745838188436,0.06674294076177491,0.46654755318602226,0.5661044990444758,0.09726030884127156,0.03868314539923348,0.06781154430860074,0.12670907337394235,0.4969036275038882,0.003462246194824686,0.49421360421412575,0.49959365079365076,0.0028169014084507044,0.006298783035210676,0.0,0.008450704225352112,0.10119521079051416,0.0074748665985301666,0.09467598832247429,0.10557305165468978,0.5085645881105612,0.09064416131625104,0.008181250077874846,0.006616147525020516
all,domain,later_suppression_path,B+M,logistic,5,4000,0.08537101054542916,0.5546749584134695,0.07819098512958819,0.49082516879580745,0.6127944410544196,0.10558496579229686,0.034689308760266546,0.08011519433412898,0.1307190051734426,0.5311331837566959,0.0827003899825853,0.46185055277738823,0.5926148174633783,0.1455929882748475,0.08104065510682516,0.0796278444399831,0.20666167664670657,0.20852772342361875,0.025388170548133367,0.19149959781716777,0.23123343382332157,0.5546749584134695,0.10558496579229686,0.0,0.0
all,domain,later_suppression_path,B+M,random_forest,5,4000,0.08537101054542916,0.5085645881105612,0.06887421860680082,0.4553695776839442,0.5589353258046929,0.09064416131625104,0.034034046183847505,0.0650260122850385,0.11626231034746357,0.4961285240069963,0.00314052729385033,0.493785249385271,0.49867061830267606,0.002857142857142857,0.006388765649999398,0.0,0.008571428571428572,0.10128548652491212,0.0067529809709392635,0.09523780330045281,0.10461864207196891,0.5085645881105612,0.09064416131625104,0.0,0.0
all,domain,later_suppression_path,B+M+L,logistic,5,4000,0.08537101054542916,0.5837496195558274,0.060608592970960266,0.5344148289101606,0.6288103019384943,0.11761776922344111,0.040305391304727704,0.08710911194655574,0.149411646359265,0.545563410663904,0.08610943598409715,0.4711611804481789,0.6075800992786374,0.16107707994769993,0.08746645103550642,0.09422908778640852,0.22712411785131803,0.20411518827307357,0.02697794191495746,0.18664538779582704,0.22908616945983612,0.5546749584134695,0.10558496579229686,0.029074661142357905,0.012032803431144254
all,domain,later_suppression_path,B+M+L,random_forest,5,4000,0.08537101054542916,0.5328533947122569,0.05458949209650246,0.49417591407322714,0.5779880923599843,0.09566066313958077,0.032671923445519425,0.07089207474698604,0.1204292515321755,0.4993777928054851,0.0008536956244213477,0.49872509439278667,0.5,0.0028368794326241132,0.006343455255318552,0.0,0.00851063829787234,0.09686452344389992,0.008496286774181471,0.0897354913672295,0.10297502626858848,0.5085645881105612,0.09064416131625104,0.024288806601695745,0.00501650182332973
all,domain,later_suppression_path,B+M+L+R,logistic,5,4000,0.08537101054542916,0.7681906095636164,0.04410185024524597,0.738523389889973,0.8066999344973194,0.3213396110951456,0.13598022254156786,0.21739503327701976,0.4294141697373169,0.6841764652689271,0.06712189255828876,0.6289248762578772,0.7357577522369961,0.2959609919618835,0.08973717414841159,0.2270089520800421,0.36491303184372487,0.16072049752435988,0.0180549775645752,0.15120375618590415,0.17732379933470138,0.5546749584134695,0.10558496579229686,0.21351565115014692,0.2157546453028487
all,domain,later_suppression_path,B+M+L+R,random_forest,5,4000,0.08537101054542916,0.7985491089890029,0.04825092898418608,0.7604102523117907,0.8402390010894321,0.30934516092360514,0.08685843609789884,0.2514854021183815,0.38549987591767576,0.5406322537140678,0.015713057709379925,0.5284834736190891,0.552724601306887,0.1474314692058183,0.04553936650968823,0.11197860962566845,0.18200160495242462,0.07478084463397938,0.010673400238769304,0.0664198779787441,0.08273219232262047,0.5085645881105612,0.09064416131625104,0.28998452087844173,0.21870099960735412
all,domain,later_target_any_path,B,logistic,5,4000,0.15458202388434947,0.6247792574254396,0.03192100586699732,0.6012847140897353,0.6482738007611442,0.246132164852982,0.05226936810667495,0.1988906524721239,0.2811420804380669,0.5808629274351553,0.05029366858864554,0.5390017632761989,0.6156604057636488,0.29853489786269505,0.09077499380776131,0.22418868996874108,0.36033208614880585,0.22726346952018167,0.026631647244855165,0.20690228769790972,0.24815937100824365,0.6388226681354062,0.23929320228946147,-0.01404341070996662,0.00683896256352054
all,domain,later_target_any_path,B,random_forest,5,4000,0.15458202388434947,0.6002618156387182,0.07749418279617357,0.5412338372751153,0.659289794002321,0.24512983165283903,0.0795227721198644,0.18650651043062438,0.30288399263943405,0.5385514076864878,0.037748888389997196,0.5155384071541927,0.57207238070071,0.18199343710585944,0.08906943116459147,0.12508681903694513,0.2600265780730897,0.1524738931506286,0.012353210059442062,0.1428595589993877,0.1620882273018695,0.6128807297714758,0.2367863179887193,-0.01261891413275762,0.008343513664119728
all,domain,later_target_any_path,B+M,logistic,5,4000,0.15458202388434947,0.6388226681354062,0.02802269803262381,0.6166391347477246,0.6595058355101701,0.23929320228946147,0.06829018255318049,0.18492096745833844,0.29084393214059967,0.587309574151066,0.027185337271313746,0.5661453149671376,0.6087934194263307,0.30231877635242776,0.065153738590226,0.24717632222140656,0.35026242536371,0.20735060676434225,0.017797058491298024,0.19526764232598154,0.22375367904323357,0.6388226681354062,0.23929320228946147,0.0,0.0
all,domain,later_target_any_path,B+M,random_forest,5,4000,0.15458202388434947,0.6128807297714758,0.06421413712298324,0.5608642349781747,0.6592318490195419,0.2367863179887193,0.08101364902985897,0.17387793459535308,0.2973183346990101,0.5317743477867914,0.028833197389982204,0.5120319029030869,0.5571607548351735,0.15893581347657665,0.07250231274187617,0.10924807489053298,0.21634314932298077,0.15091207548518262,0.009187386857963822,0.1436681855540185,0.15736877104907004,0.6128807297714758,0.2367863179887193,0.0,0.0
all,domain,later_target_any_path,B+M+L,logistic,5,4000,0.15458202388434947,0.6629243469675072,0.03146746928538975,0.6384153415591782,0.6874333523758361,0.26139594477357386,0.07081377707441873,0.2066327410745107,0.31615914847263704,0.6114282926717655,0.026409075290341397,0.5893587368768832,0.6281019481056711,0.3259086407035733,0.05505817972569451,0.28360540234051845,0.36734088314490915,0.2033454915307714,0.01969660802890301,0.18912571255847563,0.22145280910738233,0.6388226681354062,0.23929320228946147,0.024101678832101014,0.022102742484112398
all,domain,later_target_any_path,B+M+L,random_forest,5,4000,0.15458202388434947,0.6393387112901894,0.03466303274666044,0.610117193152775,0.662970510340355,0.25666225227060924,0.08589291344233024,0.18877846796720166,0.31915030498110186,0.5392656241771349,0.01792219642025039,0.5260601189715113,0.5552360243036875,0.18337974880887525,0.042565415975843734,0.15117167121548283,0.21940815997419771,0.1454225994783005,0.009742668705488785,0.1372239309634177,0.15258379007770648,0.6128807297714758,0.2367863179887193,0.02645798151871359,0.01987593428188994
all,domain,later_target_any_path,B+M+L+R,logistic,5,4000,0.15458202388434947,0.6550535354241203,0.04458228071273602,0.6224502535898592,0.6886817880176335,0.2587957881955083,0.07027498478175305,0.20401911648043472,0.3135724599105818,0.6099713775601039,0.03725835941758154,0.581811655119817,0.637078804926906,0.3239845763763059,0.06678167522525988,0.27232543381071456,0.3733286881409302,0.20411578110826745,0.0173539148746771,0.19193131786922393,0.21963352583699286,0.6388226681354062,0.23929320228946147,0.016230867288714035,0.019502585906046838
all,domain,later_target_any_path,B+M+L+R,random_forest,5,4000,0.15458202388434947,0.7603642928714796,0.042072592238723935,0.7282876307079962,0.7931784994837787,0.3954945635192554,0.06842266466728861,0.3481213411668143,0.448893949232094,0.581280089320406,0.027355065179315328,0.5631384332277853,0.6040910278238278,0.2813597446943111,0.06489340573109237,0.23708269952683958,0.3350550271596976,0.12438965640930047,0.014203842940452639,0.11398531199606077,0.13550841236235656,0.6128807297714758,0.2367863179887193,0.14748356310000377,0.15870824553053609
all,record,later_capability_damage_any_path,B,logistic,5,4000,0.08975000000000001,0.5862559075075137,0.042624976002616055,0.5498218661167962,0.6136809637607956,0.1401957954331387,0.03599244145406,0.113639964736574,0.17014378220896165,0.5354606029400356,0.04555249512827716,0.5024643195885881,0.5761563604767233,0.1686441341495573,0.0351043248452777,0.1417130940894519,0.19557517420966275,0.2364246875269108,0.010789858001657968,0.2279782842578812,0.24487109079594044,0.5598143513543876,0.11951457394384161,0.026441556153126045,0.02068122148929709
all,record,later_capability_damage_any_path,B,random_forest,5,4000,0.08975000000000001,0.6117334981538823,0.054110228288818354,0.5690657074962248,0.6524608116585583,0.12941304890573174,0.044264756778590195,0.09491773923133764,0.16390835858012587,0.4949243255560882,0.0046073185052224915,0.4912746932298043,0.4989847189025577,0.0049382716049382715,0.011042310999998962,0.0,0.014814814814814814,0.09958259247716639,0.010464500958435444,0.09130942502837852,0.10785575992595424,0.6031038918672124,0.1193847055797673,0.008629606286669977,0.010028343325964445
all,record,later_capability_damage_any_path,B+M,logistic,5,4000,0.08975000000000001,0.5598143513543876,0.09785496806258874,0.47309974354200823,0.6191437081060006,0.11951457394384161,0.033314960284722576,0.09142293770213268,0.14289427200287944,0.5448933721626871,0.07423050044310471,0.47736991176622257,0.5846525015558193,0.17354586126057336,0.056455123815749395,0.12804557296535907,0.21158378056052474,0.2351712660311632,0.012155906805899563,0.22584887597761577,0.24449365608471063,0.5598143513543876,0.11951457394384161,0.0,0.0
all,record,later_capability_damage_any_path,B+M,random_forest,5,4000,0.08975000000000001,0.6031038918672124,0.05755947232664765,0.5564267750934997,0.6461761711462717,0.1193847055797673,0.039859879846137584,0.08896307198782856,0.15103970116500473,0.497927172403292,0.002425077042956402,0.49594420046499615,0.4997326203208556,0.0,0.0,0.0,0.0,0.09701416806468773,0.009069358318823743,0.08999097767516274,0.10403735845421269,0.6031038918672124,0.1193847055797673,0.0,0.0
all,record,later_capability_damage_any_path,B+M+L,logistic,5,4000,0.08975000000000001,0.5588079601779091,0.09766461685880816,0.47187552791330256,0.6181172112021596,0.1181683877891038,0.03266892670765805,0.09090381360632818,0.1414789117367418,0.5446161652857894,0.07204806404603263,0.4802945217004698,0.5839812779455466,0.17370687346384156,0.05458169951579278,0.12948881388210723,0.21207146923764006,0.23530217189723052,0.011958263696251584,0.2261534682735578,0.24445087552090325,0.5598143513543876,0.11951457394384161,-0.0010063911764784939,-0.001346186154737819
all,record,later_capability_damage_any_path,B+M+L,random_forest,5,4000,0.08975000000000001,0.6036573829671211,0.06504764713717591,0.549099410472922,0.6503805499649543,0.12465233519320136,0.043597950539292045,0.09014945797724008,0.15915521240916264,0.49833189470648254,0.0019069915082254515,0.49663494588475976,0.4994605114773182,0.0,0.0,0.0,0.0,0.09497057252937716,0.008494037879573615,0.088292448319431,0.10164869673932331,0.6031038918672124,0.1193847055797673,0.000553491099908765,0.005267629613434063
all,record,later_capability_damage_any_path,B+M+L+R,logistic,5,4000,0.08975000000000001,0.8317774256781905,0.024568151750862112,0.811629453377382,0.8512976523640166,0.3924649515081186,0.024775043083382218,0.3736312564408723,0.41273724096686043,0.7422026666549184,0.030595557121154086,0.7156138283223827,0.762391399287909,0.3592573395165645,0.03959769985565131,0.332242118241597,0.3928580059049534,0.1539621853554623,0.0173995295569087,0.14031057904255312,0.1675836048313745,0.5598143513543876,0.11951457394384161,0.27196307432380284,0.272950377564277
all,record,later_capability_damage_any_path,B+M+L+R,random_forest,5,4000,0.08975000000000001,0.8341993004622219,0.0320332109818337,0.8081352102029623,0.8559681359703859,0.36403697082794795,0.06260595113865995,0.31886334114413317,0.4108454711566825,0.5829035088226506,0.04863580653166881,0.5386482554392459,0.6115631243029973,0.2538936551849938,0.1443438909254559,0.12514285714285714,0.3340421366248138,0.07346982744365285,0.010560836568418466,0.06515101833533983,0.08178863655196586,0.6031038918672124,0.1193847055797673,0.23109540859500954,0.24465226524818065
all,record,later_clean_any_path,B,logistic,5,4000,0.15375,0.6241098849286296,0.05253368483575744,0.5806006156578603,0.6636152070067485,0.24771333246862676,0.08525952051514014,0.18506404510107305,0.315651765409359,0.5842598959567388,0.06267905759468183,0.5308455275469284,0.6294888849243552,0.2963350011040024,0.0801961056917793,0.2349335227849386,0.35631866234268444,0.2361171863313095,0.029010662095867387,0.21966935962921533,0.262130408045062,0.6819954278331359,0.2739014140907751,-0.057885542904506315,-0.026188081622148363
all,record,later_clean_any_path,B,random_forest,5,4000,0.15375,0.6336488969443665,0.030483625702065482,0.6096755497428135,0.6576222441459195,0.2376167933304596,0.057582976273141406,0.19345753447996075,0.28380479060563185,0.5108422633567224,0.011566445932821072,0.501248614370841,0.5184529538583759,0.09807134729521522,0.05497307344567698,0.0557501841213728,0.14595402298850577,0.14802108964519184,0.010620361204588343,0.1412627305459053,0.15788102970432843,0.667330622415177,0.2614670671230167,-0.0336817254708105,-0.02385027379255711
all,record,later_clean_any_path,B+M,logistic,5,4000,0.15375,0.6819954278331359,0.047657040926302546,0.6443097536240066,0.7196811020422652,0.2739014140907751,0.08206328874221727,0.2225608077168944,0.3474751682850029,0.6303515177086112,0.04616225998014191,0.5944379930819155,0.6654058415365054,0.34597249307734945,0.06261280295227871,0.2979382044648595,0.39400678168983927,0.22348549165388104,0.033045600828309575,0.20036653042392297,0.25103924473226014,0.6819954278331359,0.2739014140907751,0.0,0.0
all,record,later_clean_any_path,B+M,random_forest,5,4000,0.15375,0.667330622415177,0.030231232040653623,0.6427409159506794,0.6897632460769451,0.2614670671230167,0.072491961833014,0.20947381044927496,0.32267982519177824,0.518883263908128,0.007956334921612043,0.5130976609472333,0.5253326943188906,0.12214425900577626,0.02556160616992289,0.10025248750472224,0.14198437130002367,0.14260054089267088,0.008691404337440792,0.13656022467157508,0.1503610253310143,0.667330622415177,0.2614670671230167,0.0,0.0
all,record,later_clean_any_path,B+M+L,logistic,5,4000,0.15375,0.6942367438857039,0.03958200891485428,0.6645205314122629,0.7253028302097801,0.2939802735829865,0.08376089439645644,0.23510870966202319,0.36651531739684073,0.6392414046925452,0.031994354637418364,0.6140598006220711,0.6636427509792577,0.3542148827837258,0.04824504356858979,0.31789113752882353,0.39053862803862804,0.21916850071800847,0.029102885787916914,0.19841588921516376,0.24486008930130437,0.6819954278331359,0.2739014140907751,0.012241316052567952,0.020078859492211387
all,record,later_clean_any_path,B+M+L,random_forest,5,4000,0.15375,0.6927936632618407,0.027731561595503874,0.6731503767336633,0.7156142990733597,0.28352206191008866,0.07172912921356499,0.22686533826414737,0.34017878555603,0.5294333554228514,0.020786943508955207,0.5148490215979212,0.5470639305125078,0.15402025980941056,0.04665201212153221,0.1220464594017118,0.19303286375990508,0.13779494590743738,0.009149517645488273,0.1310152232717084,0.1452744316348273,0.667330622415177,0.2614670671230167,0.02546304084666362,0.022054994787071958
all,record,later_clean_any_path,B+M+L+R,logistic,5,4000,0.15375,0.695228897182729,0.043430569119735744,0.6622450889892832,0.7299713829583496,0.2940554487851267,0.08818230389498373,0.23081402037848764,0.3703375593650336,0.6450014716352175,0.038249820237263074,0.6145360240626506,0.6735073626200406,0.360517063075639,0.05466020958745558,0.3181091389520974,0.4029249871991807,0.2184065903851639,0.02807011372994283,0.19813965975129164,0.24285938403348672,0.6819954278331359,0.2739014140907751,0.013233469349593019,0.020154034694351564
all,record,later_clean_any_path,B+M+L+R,random_forest,5,4000,0.15375,0.7696654061370066,0.032128968505181245,0.7464520714074855,0.7952071965434834,0.3833019704307934,0.0860569728716056,0.31579491270424986,0.4508090281573369,0.567569648895733,0.02328439771656655,0.5475583298396396,0.5830916339776349,0.24426841368200805,0.0623963856867237,0.1903193690960208,0.28624293597500167,0.12282415418899024,0.006662086580831754,0.11770898080179752,0.12775562645723257,0.667330622415177,0.2614670671230167,0.10233478372182958,0.12183490330777669
all,record,later_clean_enhancement_path,B,logistic,5,4000,0.0795,0.6189089921565945,0.06796418928933061,0.574564191595457,0.676567745918265,0.16163640453987754,0.07777017826995841,0.10139071964182311,0.22188208943793195,0.5725505816431702,0.06734214307324014,0.524757959928903,0.6254012149862712,0.1747814977295467,0.043751920318934615,0.1425019625952436,0.20967351650888938,0.2321366709998308,0.03499048111975162,0.21172272364461725,0.2635744441381009,0.6608625471617355,0.1840142302243774,-0.041953555005141085,-0.022377825684499864
all,record,later_clean_enhancement_path,B,random_forest,5,4000,0.0795,0.6294584846516165,0.04073698019499542,0.5980755140415572,0.6608414552616757,0.14581923389183887,0.04745960951941522,0.11359809999625767,0.18518863334248442,0.5121392711437819,0.013987351706896205,0.5017788540530926,0.5235432652024221,0.054978389760584626,0.051739287786307736,0.016496465043205028,0.09778872831173133,0.08762261171105767,0.00852435738872733,0.08028191915747881,0.09448358975256588,0.6331232232234089,0.13757038460651902,-0.003664738571792392,0.008248849285319854
all,record,later_clean_enhancement_path,B+M,logistic,5,4000,0.0795,0.6608625471617355,0.0713029652389371,0.6077862312097511,0.7155549960780933,0.1840142302243774,0.07809843190234741,0.12312155767669722,0.24490690277205757,0.6159575464275566,0.07217821813138801,0.5559994239564592,0.671140915686531,0.20785618243788914,0.05414513089010852,0.1651650857885832,0.2505472790871951,0.222013428194896,0.03967267515195933,0.19695030715193143,0.25771973722134955,0.6608625471617355,0.1840142302243774,0.0,0.0
all,record,later_clean_enhancement_path,B+M,random_forest,5,4000,0.0795,0.6331232232234089,0.038500590872804545,0.6047201586823048,0.6657721124517231,0.13757038460651902,0.038346986862456654,0.11050126266339025,0.1712783874323936,0.5127751828907675,0.009482165125612504,0.5056330870200327,0.519925165187644,0.061794087364420804,0.03493644029331839,0.036259717745212236,0.08734726576105878,0.08755573988948291,0.008736536523109777,0.08073641904744393,0.09393637795583874,0.6331232232234089,0.13757038460651902,0.0,0.0
all,record,later_clean_enhancement_path,B+M+L,logistic,5,4000,0.0795,0.6659444262639945,0.06785371142174663,0.6149586668216206,0.7233942547616755,0.18738598997591274,0.07900610133799787,0.12651822919467556,0.24825375075714992,0.6246954599953843,0.06164011815038894,0.5708670640765233,0.6743708439635128,0.21440311275381738,0.050948428190910486,0.17385631132873183,0.2549499141789029,0.2196819071765649,0.03494348536423704,0.19779066055227923,0.25083016243038736,0.6608625471617355,0.1840142302243774,0.00508187910225899,0.003371759751535336
all,record,later_clean_enhancement_path,B+M+L,random_forest,5,4000,0.0795,0.6595654112035907,0.049084790481348235,0.624865720793898,0.702305992932075,0.15175047964925198,0.054299042982518655,0.11395591992454217,0.1999877865429608,0.5101913907868163,0.012192395020996477,0.5016439012865609,0.5205137599070742,0.0507414704318729,0.046060149763587716,0.016408668730650156,0.08507427213309567,0.08511976145856938,0.008761161239543918,0.07765821758617594,0.09151858981570324,0.6331232232234089,0.13757038460651902,0.02644218798018183,0.01418009504273296
all,record,later_clean_enhancement_path,B+M+L+R,logistic,5,4000,0.0795,0.7833472854470239,0.0799804503813449,0.7242697555758798,0.8490327372121037,0.3346372225039965,0.11690183611069364,0.24883852567808323,0.4326640265023903,0.7070946608797402,0.07600543426285217,0.6490067540085727,0.765182567750908,0.29538066010376696,0.08533501331641709,0.23277976508661888,0.36277864019499706,0.17141554466034872,0.03253050907305282,0.14959045224023287,0.1986303549161112,0.6608625471617355,0.1840142302243774,0.12248473828528839,0.15062299227961912
all,record,later_clean_enhancement_path,B+M+L+R,random_forest,5,4000,0.0795,0.8161717851915912,0.06999739335004675,0.7517239552609525,0.8657394727632466,0.32738049386041107,0.11967988259642615,0.23844863912082276,0.4275070566933515,0.5618924750021346,0.03562332608747546,0.5340644191219944,0.5889602457534472,0.20318108436616247,0.09308361786246994,0.13082331107278106,0.2746728357261119,0.06972727214953231,0.010322198368217924,0.06212949872491091,0.07732854361172214,0.6331232232234089,0.13757038460651902,0.1830485619681823,0.18981010925389205
all,record,later_clean_suppression_path,B,logistic,5,4000,0.08149999999999999,0.554614740180069,0.05922732345496827,0.5073942346674309,0.5959821681176802,0.10764610587135486,0.02425196672597092,0.08857186329298818,0.12559134553503734,0.5430203036449717,0.05552577673646079,0.4941256252407752,0.5796426792371066,0.16366886920782547,0.05068472247903837,0.12292752104078677,0.2013273019478985,0.24042775589785426,0.02384813207654597,0.22648187748426127,0.2624873409106665,0.6496618769888491,0.13549079392228885,-0.09504713680878019,-0.027844688050934
all,record,later_clean_suppression_path,B,random_forest,5,4000,0.08149999999999999,0.5279140196666985,0.03566559369359559,0.5030272130528438,0.555578314234764,0.09017610031860177,0.014828393165815608,0.07902249152176252,0.10104928328109357,0.49743561078264076,0.00465087863773724,0.49314606654671583,0.5,0.005128205128205128,0.011467015269229691,0.0,0.015384615384615385,0.09653710265170475,0.005121883468322098,0.09257972120651249,0.1010381569030063,0.5766271059684074,0.10130040926803144,-0.0487130863017089,-0.011124308949429673
all,record,later_clean_suppression_path,B+M,logistic,5,4000,0.08149999999999999,0.6496618769888491,0.07848754462277102,0.5838125064803693,0.7081731751405116,0.13549079392228885,0.04176875777557971,0.10051710121639963,0.16592290785155686,0.6032643883453506,0.0607914403293629,0.5525963922269798,0.6445588905753221,0.20429305944552706,0.05654375473176809,0.16092149743332915,0.2476646214577249,0.22058528370747976,0.02768440368700946,0.2014131690009325,0.24393614561897237,0.6496618769888491,0.13549079392228885,0.0,0.0
all,record,later_clean_suppression_path,B+M,random_forest,5,4000,0.08149999999999999,0.5766271059684074,0.05300510920297108,0.5296800419044742,0.6086386429794824,0.10130040926803144,0.02071817912923362,0.08478950774443092,0.11781131079163192,0.49838121407245384,0.004376303254948627,0.4943699731903485,0.5007736690270128,0.005479452054794521,0.01225242727397145,0.0,0.01643835616438356,0.09376852672414966,0.002545534020499263,0.0915047279407357,0.09558053993165212,0.5766271059684074,0.10130040926803144,0.0,0.0
all,record,later_clean_suppression_path,B+M+L,logistic,5,4000,0.08149999999999999,0.6630961429773276,0.0862158999149419,0.5914189160491693,0.7253251730332924,0.14403986016671771,0.049432971436611586,0.10531152503917787,0.18132051091134088,0.6185239615567383,0.0699946781074833,0.5625350890266168,0.6706696342675388,0.21256950370479655,0.054207572368093246,0.1698941533195677,0.2535994062834996,0.21537723366093037,0.023534056400399902,0.19859094972180308,0.23621539532428773,0.6496618769888491,0.13549079392228885,0.013434265988478411,0.00854906624442886
all,record,later_clean_suppression_path,B+M+L,random_forest,5,4000,0.08149999999999999,0.6199797463612566,0.04319498065174893,0.5839700247464907,0.648078367389501,0.11456399711595658,0.021797597365816695,0.09779539036023732,0.131355431660971,0.5003913965008031,0.007221350831886262,0.4961599089680039,0.506888158849607,0.016239316239316237,0.024623692804936637,0.0,0.03846153846153846,0.08952652586124348,0.0037638572472909553,0.086660987023552,0.09268260217995176,0.5766271059684074,0.10130040926803144,0.04335264039284925,0.01326358784792514
all,record,later_clean_suppression_path,B+M+L+R,logistic,5,4000,0.08149999999999999,0.7829506997127262,0.06712191898156894,0.7307623336045821,0.8351390658208704,0.3279448455015787,0.1215707896639923,0.23710006659241634,0.4187896244107412,0.7162727477645673,0.057918035217219804,0.6691793237341894,0.7595439919706766,0.3106124888026976,0.06670741819077787,0.25984628334499166,0.36430016079631744,0.16869646317457937,0.018020388952267718,0.15474692740595353,0.18264599894320527,0.6496618769888491,0.13549079392228885,0.1332888227238771,0.19245405157928985
all,record,later_clean_suppression_path,B+M+L+R,random_forest,5,4000,0.08149999999999999,0.7962091012167711,0.03557852416903638,0.7757448366674159,0.8286657340678621,0.2983188987416997,0.06326535140614989,0.24772536189865643,0.34577033054693984,0.5279277901404767,0.026279356892765556,0.5073162227303912,0.548539357550562,0.10597013720742535,0.09072195202035212,0.03489265536723164,0.17704761904761904,0.07267632435395367,0.0038524711892159815,0.06985382125502859,0.07568533800053272,0.5766271059684074,0.10130040926803144,0.21958199524836375,0.19701848947366826
all,record,later_enhancement_path,B,logistic,5,4000,0.08449999999999999,0.6090568076785646,0.06474345726758772,0.569019391528283,0.6665569366784287,0.15991719129916881,0.07061063927597785,0.10560366684039288,0.21423071575794478,0.5532645733748142,0.06942386055402464,0.507478767058114,0.6161207691457532,0.16857809647655841,0.04805531403077235,0.13148562799311575,0.20567056496000116,0.2353458347294107,0.03240310232442871,0.2161671459233839,0.26365733500120225,0.6533232214188363,0.18506490325535796,-0.044266413740271626,-0.025147711956189145
all,record,later_enhancement_path,B,random_forest,5,4000,0.08449999999999999,0.6038579919877227,0.06263534085458546,0.5543318672799232,0.6519864143647018,0.14538331195309706,0.05189356995875797,0.10520337737228333,0.1850420666150773,0.5101331944068835,0.014459651347213873,0.4995140976041833,0.5221526799834388,0.05207071006821734,0.05105556997424848,0.014390207493655771,0.0950686759577495,0.09317597389346097,0.006399627230368727,0.08821070331684276,0.09836032378836725,0.6307071345893609,0.14585183570235608,-0.026849142601638176,-0.0004685237492590144
all,record,later_enhancement_path,B+M,logistic,5,4000,0.08449999999999999,0.6533232214188363,0.06436684516737512,0.6024667662938952,0.7009959850037145,0.18506490325535796,0.07439771748249994,0.1284299933795962,0.2416998131311197,0.6063420985210675,0.06200030036276837,0.563768212626929,0.6567775847285725,0.2090595626600411,0.046336321062170054,0.17220323797505005,0.24591588734503228,0.22531683563061417,0.03512746838559298,0.2024106887256003,0.2564641561736772,0.6533232214188363,0.18506490325535796,0.0,0.0
all,record,later_enhancement_path,B+M,random_forest,5,4000,0.08449999999999999,0.6307071345893609,0.05537555778262242,0.5882591669389845,0.6739467969941975,0.14585183570235608,0.047519207668800766,0.10870007833274897,0.1830035930719632,0.5091674227855882,0.012136371500102973,0.49936781132360347,0.5184390754804614,0.054763629174423775,0.03602377213221445,0.028789605197401303,0.08534007721414016,0.0920344215506417,0.0093258266209075,0.08506802808752141,0.09939192398130631,0.6307071345893609,0.14585183570235608,0.0,0.0
all,record,later_enhancement_path,B+M+L,logistic,5,4000,0.08449999999999999,0.660242965998553,0.05925671457685447,0.6188565974493155,0.7089753356440347,0.18975143261401284,0.07396885227034114,0.13389366350877382,0.24930401097743754,0.6234161921313828,0.058554946026049964,0.5792276252705555,0.6723471060225348,0.22214323639092423,0.049274869614907714,0.18390774322564762,0.2603787295562009,0.2224118247917346,0.030082825736088628,0.2036672646714673,0.24824724956131416,0.6533232214188363,0.18506490325535796,0.00691974457971678,0.004686529358654878
all,record,later_enhancement_path,B+M+L,random_forest,5,4000,0.08449999999999999,0.6519387489437043,0.053599048668785496,0.6114781996620234,0.6956632388955362,0.1568238456048116,0.05069764144302326,0.12058305184378015,0.2014577562560465,0.5062247342450161,0.007141937141450432,0.501011380283457,0.5122865245449535,0.04012161385643658,0.0346004433076268,0.014829205115751984,0.06965264620437035,0.09009713824539008,0.00933609979186962,0.08281919625899412,0.09737508023178602,0.6307071345893609,0.14585183570235608,0.021231614354343398,0.010972009902455532
all,record,later_enhancement_path,B+M+L+R,logistic,5,4000,0.08449999999999999,0.7819292690247176,0.07316829891047703,0.7272089344668264,0.8418815909984392,0.3489414192357517,0.10960629756049217,0.2686757241648367,0.44298458075437364,0.7058739517386747,0.06309340357400203,0.6578502400796916,0.7568713385290246,0.3045441772452521,0.07684010271499774,0.24568577759641536,0.36584774724936997,0.17411292416625507,0.027250400556539118,0.15625356714319674,0.1965627065521272,0.6533232214188363,0.18506490325535796,0.12860604760588135,0.16387651598039377
all,record,later_enhancement_path,B+M+L+R,random_forest,5,4000,0.08449999999999999,0.8071916850180815,0.07088746648949697,0.7447752302400146,0.8569334384837374,0.33530184831478016,0.1164046328883685,0.24671388028294347,0.4264855258121429,0.571480473395283,0.043208040955399214,0.5398912410818945,0.6080959205657761,0.2260341978696409,0.107098334097684,0.1448070916425347,0.3162356630711061,0.07391274887134076,0.010857681315160878,0.06577640265851008,0.08251566326593397,0.6307071345893609,0.14585183570235608,0.17648455042872058,0.18945001261242408
all,record,later_neighbor_damage_any_path,B,logistic,5,4000,0.091,0.6033128198553153,0.05618848878226887,0.552723258236924,0.6408482641181356,0.1341706748287671,0.0330161031920543,0.1047678866670581,0.15652560569548296,0.5793228721340312,0.06488654038768844,0.5223626397855149,0.6268010652403215,0.2054462622042962,0.0719897635577574,0.14318803639320965,0.25729443237969346,0.23880378377231196,0.028134504664461202,0.22075377507230676,0.26305600026195586,0.6106972044665877,0.13305217733792776,-0.007384384611272443,0.0011184974908393375
all,record,later_neighbor_damage_any_path,B,random_forest,5,4000,0.091,0.5530717769371243,0.03710631539251431,0.5296076200736539,0.5849943880879045,0.13989484122517007,0.04173240852002465,0.10653101859224123,0.16995044453740898,0.4978552278820375,0.004795856252010276,0.4935656836461126,0.5,0.0037037037037037034,0.00828173324999922,0.0,0.01111111111111111,0.09720418739974448,0.012398086717278966,0.08803636726684015,0.10699531656807468,0.5558340088012905,0.11916535541529012,-0.0027622318641662424,0.020729485809879947
all,record,later_neighbor_damage_any_path,B+M,logistic,5,4000,0.091,0.6106972044665877,0.06903046010703859,0.5579229199672748,0.6648776045083477,0.13305217733792776,0.033367138320580185,0.10393816477169797,0.15545576135449596,0.5680713129764573,0.05270528083603391,0.5314201632999931,0.612049719167403,0.19285823588344186,0.05366382222888601,0.1507379135944688,0.23497855817241492,0.2344175101600518,0.030290375884707822,0.21357941724340365,0.2596943739526242,0.6106972044665877,0.13305217733792776,0.0,0.0
all,record,later_neighbor_damage_any_path,B+M,random_forest,5,4000,0.091,0.5558340088012905,0.07408665632203829,0.49282252696791257,0.6109412962495364,0.11916535541529012,0.026798070600584256,0.09560012427119702,0.13490007330764817,0.49973190348525465,0.0005994820315012846,0.4991957104557641,0.5,0.0,0.0,0.0,0.0,0.09678482381192982,0.016018683632989934,0.08541361502280163,0.11007317461216096,0.5558340088012905,0.11916535541529012,0.0,0.0
all,record,later_neighbor_damage_any_path,B+M+L,logistic,5,4000,0.091,0.6087566443099308,0.07055070587474616,0.5540760702731566,0.663437218346705,0.13567277753154555,0.03682184223722666,0.10709886143915429,0.1616556980640292,0.571818258988315,0.055484403142855014,0.5349008719482251,0.620824264371997,0.19343762388006364,0.05088316604694731,0.15423299255332576,0.23264225520680154,0.23460468314842128,0.029926733869783072,0.21443328498596342,0.2596410106550345,0.6106972044665877,0.13305217733792776,-0.0019405601566568897,0.002620600193617789
all,record,later_neighbor_damage_any_path,B+M+L,random_forest,5,4000,0.091,0.5637550152671755,0.06754758278261537,0.5084701049744325,0.6154561422243542,0.13063983609842705,0.0332139834212945,0.1024460839828732,0.1538535625317025,0.5027744846227735,0.008629510858465625,0.4975871313672922,0.5107363225010284,0.014285714285714285,0.031943828249996996,0.0,0.04285714285714286,0.09525849001162018,0.01492403449758763,0.08461526232679635,0.10788845388003765,0.5558340088012905,0.11916535541529012,0.007921006465885005,0.011474480683136931
all,record,later_neighbor_damage_any_path,B+M+L+R,logistic,5,4000,0.091,0.8201941293625303,0.03374167653581994,0.7910260371107907,0.8447829449122173,0.3916657628900364,0.07754979357360703,0.3337396037368777,0.4495919220431951,0.7359799065847152,0.030992656541225027,0.711027396409763,0.759718774058868,0.3552249043033211,0.03749047609076296,0.3268328117322376,0.3824698924561528,0.1514322404138692,0.008929795716317286,0.14426950323169213,0.15765492633462957,0.6106972044665877,0.13305217733792776,0.20949692489594263,0.25861358555210867
all,record,later_neighbor_damage_any_path,B+M+L+R,random_forest,5,4000,0.091,0.8201188368920429,0.02092066295226498,0.8053307168372088,0.8367024964240327,0.41069828822901283,0.1037238772267659,0.31831464888993116,0.4776430745094631,0.5709981860247865,0.02297326687628898,0.5532691567399903,0.5887272153095827,0.23764263337220734,0.06271510153072127,0.18862591754133223,0.2866593492030825,0.07284220199035621,0.010992408445535316,0.0645209357469358,0.08122066216780723,0.5558340088012905,0.11916535541529012,0.2642848280907524,0.2915329328137227
all,record,later_suppression_path,B,logistic,5,4000,0.0865,0.5482917548718069,0.05869331542557924,0.49687754753632307,0.5841064918670585,0.11317766854643796,0.02649287179621915,0.09009991802532961,0.13330648128923792,0.536170117222191,0.05325218947581582,0.48789238743035296,0.5705110453054102,0.16600556254802723,0.04927431908461568,0.12519863075155518,0.20047278198061486,0.24095963743280016,0.020989333215190205,0.2282392207771439,0.2603581604909147,0.6401760222246685,0.13877616755193536,-0.09188426735286159,-0.025598499005497405
all,record,later_suppression_path,B,random_forest,5,4000,0.0865,0.5440221665139713,0.048787182109561796,0.5070217354468302,0.580283257410018,0.09999926529319812,0.019203065755806284,0.08507057519080838,0.11458483426901848,0.4984492508813161,0.005343106867381412,0.49351351351351347,0.5018342391304348,0.005555555555555555,0.01242259987499883,0.0,0.016666666666666666,0.10066195783014271,0.006329152991367544,0.0959969981346496,0.10556337717032094,0.5859279968403159,0.10408943780964257,-0.04190583032634465,-0.004090172516444446
all,record,later_suppression_path,B+M,logistic,5,4000,0.0865,0.6401760222246685,0.08212279026087403,0.5723763814452496,0.7008919281830059,0.13877616755193536,0.042812542090519594,0.10280259819042467,0.1705088410778138,0.6021331186160636,0.06359383218631844,0.5517948465477333,0.6469186506842044,0.21191165877802529,0.05771778156295774,0.16883967133209918,0.2553031622606897,0.22256952752808462,0.025759180605026605,0.20417413025788184,0.24507725585515275,0.6401760222246685,0.13877616755193536,0.0,0.0
all,record,later_suppression_path,B+M,random_forest,5,4000,0.0865,0.5859279968403159,0.04075470958039705,0.5509936731118781,0.6111192596450283,0.10408943780964257,0.018407027454896672,0.08964738934275676,0.11853148627652836,0.49803734663551574,0.004207660477240348,0.49418562806912314,0.5001358695652174,0.005263157894736842,0.01176877882894626,0.0,0.015789473684210527,0.09741641950869542,0.0032047771407246774,0.09479915196711527,0.09989912275653282,0.5859279968403159,0.10408943780964257,0.0,0.0
all,record,later_suppression_path,B+M+L,logistic,5,4000,0.0865,0.6528756626148576,0.0883702963278376,0.5790893312772668,0.7173826605412571,0.14537105714897103,0.04790788278882183,0.10568095028699505,0.18117337490391855,0.6120653789583506,0.07344852381842697,0.5538364106605074,0.6673273284831598,0.21708158361123625,0.05742624985420999,0.1700918964076859,0.2586058887211625,0.21784735185826457,0.02163616081717056,0.20190547887550223,0.23602041543943217,0.6401760222246685,0.13877616755193536,0.012699640390189115,0.006594889597035664
all,record,later_suppression_path,B+M+L,random_forest,5,4000,0.0865,0.6139468635209355,0.04583283738143398,0.5777330723381552,0.6483333720370756,0.11391269055399053,0.017074472407777833,0.10000856956316213,0.12670034852842135,0.49734318411321626,0.0029717622663767607,0.4947098850532868,0.49938597766445997,0.005063291139240506,0.011321863177214125,0.0,0.01518987341772152,0.09405248750765484,0.004401176932585726,0.09090153411229487,0.09798289148679284,0.5859279968403159,0.10408943780964257,0.028018866680619592,0.009823252744347963
all,record,later_suppression_path,B+M+L+R,logistic,5,4000,0.0865,0.7773518573661516,0.07437910956786274,0.7198588674940064,0.834844847238297,0.33591571869423464,0.12332052878416995,0.24409706073991835,0.42773437664855096,0.7046962493849549,0.06352686279434155,0.6550037823454309,0.754388716424479,0.31156038767213456,0.06997380183684107,0.2579667485145011,0.3651540268297681,0.1702278051958131,0.01664314048378384,0.15731816128548146,0.18313744910614477,0.6401760222246685,0.13877616755193536,0.13717583514148313,0.19713955114229928
all,record,later_suppression_path,B+M+L+R,random_forest,5,4000,0.0865,0.7895496400457966,0.03735964422541505,0.7629638749704979,0.8210246478242045,0.308030717515123,0.058678308281945236,0.2621683534523928,0.3525591246015406,0.5354650174484681,0.025737804276884855,0.5148986261311183,0.5551405937541647,0.13193849161591098,0.08521638945537223,0.06347103165651553,0.1965597977291523,0.07631257296072116,0.0034069073174551744,0.07404303990858449,0.07936371148116331,0.5859279968403159,0.10408943780964257,0.2036216432054807,0.20394127970548043
all,record,later_target_any_path,B,logistic,5,4000,0.16324999999999998,0.6176694023456685,0.04662675944112933,0.5789681629156324,0.6495380552079708,0.2550455595435118,0.07723920790665952,0.19700667903215022,0.315320157717509,0.5780253819171276,0.057434897220251066,0.5294801609047928,0.6191481132382038,0.30076385048184084,0.07216380064077928,0.24433753895494842,0.3551060686242765,0.23760304515140893,0.02559529258218371,0.2223598424019963,0.2607573952354352,0.677361170903315,0.28144526567407496,-0.059691768557646574,-0.02639970613056314
all,record,later_target_any_path,B,random_forest,5,4000,0.16324999999999998,0.6386583770544582,0.050167804959979016,0.5977581334378665,0.6761195725339547,0.2666986018249555,0.07653574960483074,0.2074921465350635,0.3259050571148474,0.5228891754376714,0.0212690249933634,0.5098314668646442,0.5418970541314618,0.1387313131598848,0.053443403012119625,0.10279544743940547,0.18264393617919703,0.15291465479710614,0.01218769056797566,0.1443366475802617,0.16322528250919746,0.6670757692166525,0.27828598521901343,-0.0284173921621943,-0.01158738339405796
all,record,later_target_any_path,B+M,logistic,5,4000,0.16324999999999998,0.677361170903315,0.042029526989001004,0.6452046318366731,0.709517709969957,0.28144526567407496,0.07690148865848727,0.2318644670525046,0.3485462374831515,0.6266402600324479,0.03479219547327311,0.6013101550157379,0.6559339029135037,0.35470808073882515,0.049103160830002504,0.3174665077333866,0.39194965374426377,0.22522348734351594,0.029236849323743524,0.20417258443994885,0.2504531783515539,0.677361170903315,0.28144526567407496,0.0,0.0
all,record,later_target_any_path,B+M,random_forest,5,4000,0.16324999999999998,0.6670757692166525,0.03588301594518451,0.6402853922025489,0.6966478404403924,0.27828598521901343,0.06540209371285861,0.22689751158644622,0.32967445885158064,0.5322539525016057,0.006808991183133619,0.5260494123366357,0.5361099110515664,0.164604231509791,0.037767768113258,0.13347747747747749,0.1910285782167464,0.14765765001162176,0.010066028257630314,0.14001142915587794,0.1553038708673656,0.6670757692166525,0.27828598521901343,0.0,0.0
all,record,later_target_any_path,B+M+L,logistic,5,4000,0.16324999999999998,0.6897769251827766,0.034287650414847146,0.664242600053281,0.7182959802607087,0.3029721288499466,0.07551145038853499,0.24854792476505727,0.36773269753601373,0.6323487495839004,0.027875215483975556,0.6098157019355245,0.654523871503296,0.3592893538704216,0.03732080902142058,0.33089568272867664,0.3876830250121666,0.22093994881983642,0.025233573648953806,0.20257142555745555,0.24281849647390832,0.677361170903315,0.28144526567407496,0.01241575427946151,0.021526863175871658
all,record,later_target_any_path,B+M+L,random_forest,5,4000,0.16324999999999998,0.6872522673007477,0.02989932024388552,0.6664275279551353,0.7131081778923896,0.2992541771257883,0.07652469726808744,0.23935683070087732,0.35915152355069935,0.5402086096299081,0.03239467727172646,0.5221930953787643,0.5695181353496246,0.18818994367366862,0.07847704043333222,0.14293922651933705,0.25994262765347104,0.14317035993253177,0.009483671556352987,0.13612467966442737,0.15017351518193545,0.6670757692166525,0.27828598521901343,0.020176498084095273,0.020968191906774847
all,record,later_target_any_path,B+M+L+R,logistic,5,4000,0.16324999999999998,0.6884708548111865,0.03659043932076498,0.6616249212371728,0.7191311399682906,0.3024886068072887,0.07749624163807005,0.24710724588644908,0.36770734737397837,0.6382825260000098,0.0395085090720482,0.6071918214206724,0.6693732305793473,0.365976877402037,0.04773999931931605,0.32863813157332883,0.40331562323074516,0.22095230698185314,0.023970193796968964,0.20339214685423945,0.2415443207297167,0.677361170903315,0.28144526567407496,0.011109683907871482,0.02104334113321371
all,record,later_target_any_path,B+M+L+R,random_forest,5,4000,0.16324999999999998,0.7747415200836871,0.03569071063689787,0.7491859319863736,0.8046615273060139,0.4034921341977403,0.08747465909933629,0.3346725132191016,0.47231175517637924,0.5791810627592413,0.022121431705373486,0.5620647832057826,0.5975300212367329,0.27748131768072587,0.05637522570362446,0.23217391304347826,0.32171428571428573,0.12713029173897641,0.007461848501926084,0.12104407565667027,0.13247335213989903,0.6670757692166525,0.27828598521901343,0.10766575086703467,0.1252061489787269
learned,dataset,later_capability_damage_any_path,B,logistic,5,3000,0.09319780000905667,0.5129462187225533,0.04400378644137292,0.4779443063539256,0.547948131091181,0.13337734483820723,0.023765123702499048,0.11543411895134545,0.15195661893564866,0.4776328561724041,0.02742885074844378,0.45944074479569075,0.5006612319912086,0.1364899880780565,0.012889112405312105,0.1269447706316053,0.14650015236429642,0.24594763247265164,0.019701199266789045,0.23124579097989778,0.2606494739654056,0.5289741754804103,0.11720777687729292,-0.016027956757856954,0.016169567960914316
learned,dataset,later_capability_damage_any_path,B,random_forest,5,3000,0.09319780000905667,0.592605553545982,0.026118609223964844,0.5695823235801828,0.6113235797512087,0.12830527421328253,0.023598431730780068,0.11018431770469754,0.14647400392154888,0.5003688372019923,0.008011041569348802,0.4949860724233983,0.5073730487859188,0.012903225806451613,0.028852490032255353,0.0,0.03870967741935484,0.10271095441664502,0.01095915173332056,0.09512664827988523,0.11271010114630556,0.5909849344324595,0.12080160440013961,0.0016206191135225145,0.007503669813142919
learned,dataset,later_capability_damage_any_path,B+M,logistic,5,3000,0.09319780000905667,0.5289741754804103,0.038429890561542605,0.4982557891718873,0.5577693678756768,0.11720777687729292,0.019784931993639485,0.10215629466209328,0.13293062820106988,0.5157277490704458,0.03856789325967518,0.4851768461096113,0.5436650618349406,0.16552100878149767,0.028368431477857236,0.1433483033119041,0.18687803999279406,0.254542166310946,0.03112587687740433,0.23158699197175583,0.278245839649765,0.5289741754804103,0.11720777687729292,0.0,0.0
learned,dataset,later_capability_damage_any_path,B+M,random_forest,5,3000,0.09319780000905667,0.5909849344324595,0.025156573356398437,0.5710974509266842,0.610270674559743,0.12080160440013961,0.024907906252303463,0.10291260775443034,0.14215990494657046,0.4991851872525312,0.004605754968708058,0.4949860724233983,0.5025694893341952,0.011428571428571429,0.025555062599997593,0.0,0.03428571428571429,0.10181029389370674,0.011266303155897437,0.09400298602268417,0.11224505138590765,0.5909849344324595,0.12080160440013961,0.0,0.0
learned,dataset,later_capability_damage_any_path,B+M+L,logistic,5,3000,0.09319780000905667,0.5210154476743081,0.02971632353161663,0.4982659573524849,0.5437649379961312,0.1140511480761198,0.021162727025731756,0.09812395002514464,0.13082014470407,0.5152504072695767,0.0367351485525844,0.4896650349955632,0.5443685363929506,0.16487644570842092,0.03318885191884879,0.1389538820552655,0.19029535945674922,0.2552731029530259,0.030625334593505922,0.23261102610823228,0.27819417444420547,0.5289741754804103,0.11720777687729292,-0.007958727806102184,-0.0031566288011731225
learned,dataset,later_capability_damage_any_path,B+M+L,random_forest,5,3000,0.09319780000905667,0.5796968631536601,0.03462365723466465,0.5524988739413317,0.6068948523659883,0.1183516297575248,0.02424027560509326,0.09994577701443128,0.13748025715723483,0.49990946308359846,0.005162851981969917,0.49582172701949856,0.5043241987657436,0.015789473684210527,0.035306336486838785,0.0,0.047368421052631574,0.10159538584111674,0.01310293204824032,0.09292659194322735,0.11362318546851762,0.5909849344324595,0.12080160440013961,-0.011288071278799383,-0.0024499746426148022
learned,dataset,later_capability_damage_any_path,B+M+L+R,logistic,5,3000,0.09319780000905667,0.8285827414680993,0.017926581733963394,0.8135183146021536,0.8412631011107002,0.3772519577095689,0.035132058286562,0.3457245840277515,0.4006928748030657,0.7646078861151329,0.013196401163453412,0.7558147295535842,0.7758836793354156,0.373781990763035,0.03108470154954393,0.3535697340626368,0.4021766523806085,0.16799179214080456,0.027478828494427093,0.1450505130518158,0.18638952249856527,0.5289741754804103,0.11720777687729292,0.29960856598768904,0.260044180832276
learned,dataset,later_capability_damage_any_path,B+M+L+R,random_forest,5,3000,0.09319780000905667,0.8276277538624013,0.02670207746747609,0.8048720375635389,0.8477073214460974,0.36012980782213133,0.06364553441473075,0.31811720623034245,0.41615621192599683,0.5788502631775871,0.03754049191173607,0.5439098920418763,0.6011921453306872,0.246744173459336,0.09990934944488195,0.154021801491681,0.3029290206648697,0.077761528362069,0.008200451345939481,0.07071370218422322,0.08292433612645841,0.5909849344324595,0.12080160440013961,0.2366428194299418,0.23932820342199174
learned,dataset,later_clean_any_path,B,logistic,5,3000,0.16724635504668428,0.6130276166378414,0.08215280760988489,0.5481469044759908,0.677908328799692,0.25727319742110316,0.1016479957342109,0.1766610981668689,0.3378852966753374,0.5734472390376978,0.06572006158084223,0.522183063975939,0.6218172816581582,0.3064489407509047,0.12156790581379615,0.21221877524141725,0.39880064162272355,0.22670042465453827,0.005748811021583715,0.22262945704771964,0.23174957112687017,0.6117216847612352,0.25560385731621765,0.0013059318766062145,0.0016693401048855083
learned,dataset,later_clean_any_path,B,random_forest,5,3000,0.16724635504668428,0.6155578361534454,0.07737544504856356,0.553615945810805,0.6758105246475763,0.2623842679087423,0.11387938991216884,0.1820679904670727,0.35120962968242997,0.5419738794286592,0.020584195628098694,0.5262400167896002,0.5577077420677181,0.19861777387203744,0.05698807169129095,0.1566492822418621,0.24098143777136696,0.15599478305953265,0.014404883248978574,0.14303989434244893,0.16375883567601893,0.6218792922574481,0.25858723085078694,-0.006321456104002698,0.003797037057955366
learned,dataset,later_clean_any_path,B+M,logistic,5,3000,0.16724635504668428,0.6117216847612352,0.07653086810609806,0.5517242868338221,0.6717190826886483,0.25560385731621765,0.10180772480196804,0.17582537103750417,0.33538234359493113,0.5791481838048496,0.04434100985405978,0.5440516339157895,0.6142447336939095,0.30517375309454875,0.09979966002802669,0.2269141279450558,0.3834333782440417,0.20588745799426206,0.02086601941627334,0.19104713754827587,0.22430127964564323,0.6117216847612352,0.25560385731621765,0.0,0.0
learned,dataset,later_clean_any_path,B+M,random_forest,5,3000,0.16724635504668428,0.6218792922574481,0.0789839398093132,0.5596903328997586,0.6830554443290319,0.25858723085078694,0.10704175139385128,0.18021383998035762,0.3383862341860683,0.5345040412505813,0.008080663209009204,0.5283639544334138,0.5406441280677489,0.17375855902921203,0.021930644564585045,0.1584449327434154,0.19076621742167027,0.155519895572343,0.013927640884749147,0.14322523369600565,0.1636128034432815,0.6218792922574481,0.25858723085078694,0.0,0.0
learned,dataset,later_clean_any_path,B+M+L,logistic,5,3000,0.16724635504668428,0.6392958197874765,0.06284336713628093,0.592025417153183,0.6865662224217699,0.2698104198751555,0.1061131977033403,0.1871097976162483,0.3525110421340628,0.5922868078273847,0.04591297779278586,0.5563446850829135,0.628228930571856,0.323450221821087,0.1040283864003214,0.24231601802236913,0.40458442561980484,0.2011269462428172,0.02175831497971762,0.18470411447793975,0.2184351834874918,0.6117216847612352,0.25560385731621765,0.027574135026241287,0.014206562558937874
learned,dataset,later_clean_any_path,B+M+L,random_forest,5,3000,0.16724635504668428,0.633008867089481,0.08178168860852131,0.5675711335963731,0.6947302114798578,0.2689904487412337,0.11309264442869629,0.18329169999314232,0.3546891974893251,0.5339668512767499,0.00907543991880687,0.5277722650307595,0.5411352948072968,0.1645887729677153,0.0254927849086629,0.14606643482431947,0.18456009913258983,0.1526313468467284,0.011849773668366845,0.14206922928796373,0.15940586593123082,0.6218792922574481,0.25858723085078694,0.011129574832032918,0.010403217890446737
learned,dataset,later_clean_any_path,B+M+L+R,logistic,5,3000,0.16724635504668428,0.636842028252801,0.04830914064330908,0.600595936103869,0.6730881204017332,0.26907630854740594,0.09651763466236211,0.19461900550240244,0.34353361159240947,0.5896111185672327,0.05523201421924427,0.5451766830587509,0.6308727180871054,0.3204699263618457,0.11306646101315333,0.23114619143726847,0.4047773305847322,0.20112343626049878,0.01678530877870537,0.18800136334233336,0.21387987484609466,0.6117216847612352,0.25560385731621765,0.025120343491565778,0.013472451231188287
learned,dataset,later_clean_any_path,B+M+L+R,random_forest,5,3000,0.16724635504668428,0.7501634601982095,0.05882115595716453,0.7133935887569913,0.8038413083738225,0.3967394299318485,0.1079253959561299,0.33405716722459244,0.4912621787472397,0.5561992560877254,0.01686074234552501,0.5441863370538109,0.5692994331212898,0.2198070432018211,0.04934688686964883,0.18272159800249688,0.2603472446888817,0.13189080515920862,0.020885959254693217,0.11483335932905818,0.1460431064523033,0.6218792922574481,0.25858723085078694,0.12828416794076136,0.13815219908106158
learned,dataset,later_clean_enhancement_path,B,logistic,5,3000,0.08320628355564613,0.6510632612989883,0.10147993332086838,0.5683413689920503,0.7238877036003951,0.16434225593729251,0.057157046548203264,0.12226284841336736,0.21272537030180003,0.5911157419090493,0.08230969213469977,0.5219840958197212,0.6539524898677687,0.18156509733874615,0.06974231706853241,0.12805697803905827,0.23507321663843403,0.21754230982483086,0.015285578656582362,0.20525011106857288,0.22964592499118514,0.6578126288289953,0.16667714246019433,-0.006749367530006989,-0.0023348865229018134
learned,dataset,later_clean_enhancement_path,B,random_forest,5,3000,0.08320628355564613,0.5909397091664046,0.09180659552691978,0.5213680215969595,0.6605113967358496,0.16122005268656533,0.12214532375149587,0.07476105482386043,0.2673866625234476,0.5176088088480247,0.027668189532881325,0.4972219209654079,0.5397041338603538,0.08185713702711159,0.0890424088884471,0.01509433962264151,0.15097332372025957,0.09322641394934768,0.013190310666974306,0.08121908408302451,0.10219161119186508,0.6085553670834913,0.1508808821224867,-0.017615657917086747,0.010339170564078626
learned,dataset,later_clean_enhancement_path,B+M,logistic,5,3000,0.08320628355564613,0.6578126288289953,0.11619731949611183,0.5523997514020467,0.7454492529556337,0.16667714246019433,0.06794216418743354,0.11415570792676422,0.2165737179729327,0.6030212640874079,0.07876592497639906,0.5390249667441135,0.6620417119991149,0.21469544275514424,0.08572904451623715,0.15114172726113026,0.28633491439461584,0.17279390456087854,0.02286262159172778,0.1562198854197121,0.19269283900071002,0.6578126288289953,0.16667714246019433,0.0,0.0
learned,dataset,later_clean_enhancement_path,B+M,random_forest,5,3000,0.08320628355564613,0.6085553670834913,0.08519110757342219,0.5334253255813465,0.6695677935262484,0.1508808821224867,0.10768508507389409,0.07217841694824224,0.24352533059074663,0.50509759166981,0.013917492764678121,0.49621928783862124,0.5181297898833688,0.032657534246575345,0.053542686621738285,0.0,0.08197260273972602,0.09129130326538715,0.013459811745046584,0.07907943261482202,0.10040501127767773,0.6085553670834913,0.1508808821224867,0.0,0.0
learned,dataset,later_clean_enhancement_path,B+M+L,logistic,5,3000,0.08320628355564613,0.6671280892179687,0.10951726892342886,0.5711996471593518,0.7437000191988807,0.15870166513773068,0.07343871022272395,0.10788917912922165,0.22327942439452347,0.6106761145935112,0.06652947150913625,0.5542614193876202,0.6599272058903156,0.22197275113099316,0.08243264601503435,0.15898309154043494,0.28524528835878576,0.1713773924752564,0.02527902743206389,0.152569319020803,0.1921665759545758,0.6578126288289953,0.16667714246019433,0.009315460388973462,-0.007975477322463648
learned,dataset,later_clean_enhancement_path,B+M+L,random_forest,5,3000,0.08320628355564613,0.6142721507837999,0.07949215523945344,0.5525029827037619,0.6760413188638378,0.15906706032884746,0.11315214606002881,0.07624791653583149,0.25639025462862686,0.5038661310663164,0.006732096419555672,0.5,0.5100848303997698,0.022549019607843137,0.033174361403311044,0.0,0.05196078431372549,0.0892812777966596,0.01173840172001172,0.07876292701965729,0.09747725528419013,0.6085553670834913,0.1508808821224867,0.005716783700308592,0.00818617820636075
learned,dataset,later_clean_enhancement_path,B+M+L+R,logistic,5,3000,0.08320628355564613,0.7952189486847725,0.05979778220324392,0.7419298073538999,0.8409853681637183,0.3442784528300794,0.10524036544139818,0.26507530280356884,0.4234898631499247,0.7024567497494858,0.04218989095626277,0.6699327375197415,0.7381094910982557,0.32483577299193367,0.09324808033291429,0.2539903573846133,0.39729002068427655,0.1469783700972756,0.015379885057759083,0.1348363700912881,0.1591203701032631,0.6578126288289953,0.16667714246019433,0.13740631985577723,0.17760131036988508
learned,dataset,later_clean_enhancement_path,B+M+L+R,random_forest,5,3000,0.08320628355564613,0.8001154223468696,0.04808214269053262,0.7649000172064434,0.840274426379402,0.37279343761803424,0.11532334099866033,0.2757480900282997,0.45794682668991343,0.5624411857939353,0.02588816442144507,0.5418979045786839,0.5818579587834813,0.2171659577209905,0.07407651865946714,0.15648502437891806,0.2717289768630789,0.07189926533743551,0.017539816189673013,0.055572798612045636,0.08311823818487685,0.6085553670834913,0.1508808821224867,0.19156005526337827,0.22191255549554753
learned,dataset,later_clean_suppression_path,B,logistic,5,3000,0.09199682804509086,0.5024825195188134,0.10020669013044851,0.420375412489706,0.5785247416658608,0.12137824417936979,0.043209784786739855,0.08655199551358185,0.15359765543004816,0.535684716054919,0.060136357715956726,0.4858031604198742,0.5807298496857477,0.17074241122700434,0.06955287744433968,0.11232394366197185,0.2207961233301316,0.2379393183826018,0.01784952951227763,0.22462699735721103,0.25176742692389986,0.5014226160853077,0.1127674404276057,0.0010599034335057045,0.008610803751764096
learned,dataset,later_clean_suppression_path,B,random_forest,5,3000,0.09199682804509086,0.5376261338860662,0.04324497632756646,0.505548392858268,0.5723317745868955,0.11441242707156563,0.04193361910404136,0.08408968255668678,0.1482468760410828,0.5030676057371337,0.0073735453884547,0.49945922746781124,0.5097435897435897,0.02023809523809524,0.036108930685959766,0.0,0.05357142857142857,0.10431775175010542,0.01164020931661412,0.09493941650324653,0.11269676777432494,0.533288412750596,0.11495166918603097,0.004337721135470152,-0.0005392421144653492
learned,dataset,later_clean_suppression_path,B+M,logistic,5,3000,0.09199682804509086,0.5014226160853077,0.10458163100831293,0.4095290077587128,0.5642873241310072,0.1127674404276057,0.046131926798704155,0.07420788007287563,0.1469750078974234,0.5104897693778552,0.06945400825527823,0.4524804165847149,0.555883660538443,0.15224727828926077,0.08478501584940339,0.08729977116704805,0.2156204104288336,0.2140754784188692,0.019834189864299686,0.19828619626761412,0.22986476057012423,0.5014226160853077,0.1127674404276057,0.0,0.0
learned,dataset,later_clean_suppression_path,B+M,random_forest,5,3000,0.09199682804509086,0.533288412750596,0.05098531650935656,0.4956992000892682,0.5768547214502758,0.11495166918603097,0.03963234815457529,0.08518241695011744,0.1465221495194902,0.5018710245405524,0.004703791195552059,0.49945922746781124,0.5061538461538462,0.01438223938223938,0.023486561383367823,0.0,0.03600386100386101,0.10444200677850586,0.011926162058666968,0.09479603891882654,0.11221413245837804,0.533288412750596,0.11495166918603097,0.0,0.0
learned,dataset,later_clean_suppression_path,B+M+L,logistic,5,3000,0.09199682804509086,0.546971736603341,0.11398325592254513,0.4428661099537229,0.6093268322004025,0.12673815027827548,0.05080670630421259,0.08496401017586033,0.16453555591433827,0.5457462654436318,0.08773620224163245,0.46714577692838566,0.58777546116064,0.18373970578722854,0.09704581304380995,0.10159420289855073,0.2493735807689296,0.20744996162647683,0.020002285204924072,0.19186690125195854,0.2230330220009952,0.5014226160853077,0.1127674404276057,0.04554912051803328,0.013970709850669782
learned,dataset,later_clean_suppression_path,B+M+L,random_forest,5,3000,0.09199682804509086,0.5568463869826029,0.02344173994257781,0.5422808237056739,0.5779125059650878,0.12241610016639526,0.043438056443659855,0.0885712649384963,0.15626093539429417,0.4976839074135212,0.005275432821001445,0.492948717948718,0.5001030042918455,0.0036363636363636364,0.008131156281817417,0.0,0.010909090909090908,0.10146200220232578,0.012829620056747277,0.09115410454527673,0.11036796336557438,0.533288412750596,0.11495166918603097,0.023557974232006895,0.007464430980364284
learned,dataset,later_clean_suppression_path,B+M+L+R,logistic,5,3000,0.09199682804509086,0.7457181881740713,0.05627231243117906,0.7046330632920949,0.7895393840708109,0.3128526330698445,0.13230319755499254,0.21572103825216074,0.4194990556524094,0.6930962402907913,0.054569438258234494,0.6520423272069102,0.7341501533746724,0.3201896943780143,0.09193601245199631,0.24774498605777776,0.3926344026982508,0.1667580218354352,0.011164565732370698,0.15939740337603375,0.17701453512054277,0.5014226160853077,0.1127674404276057,0.24429557208876362,0.2000851926422388
learned,dataset,later_clean_suppression_path,B+M+L+R,random_forest,5,3000,0.09199682804509086,0.7923865863888159,0.04011532039645839,0.7627548909532473,0.8241618817773751,0.32244586778926293,0.061857455779156315,0.27808909228171885,0.370360722338997,0.532968739854817,0.01903019105279645,0.5184598766552865,0.5481700937933842,0.12656332273331333,0.0588794189111305,0.08214447978191732,0.17470697521149486,0.07947036603613777,0.015651328238361753,0.0675766337960528,0.09136409827622277,0.533288412750596,0.11495166918603097,0.25909817363821985,0.20749419860323196
learned,dataset,later_enhancement_path,B,logistic,5,3000,0.08876649126456496,0.631341238433899,0.07538089164705654,0.5665795679431064,0.6873316152123539,0.1619120057205897,0.05803228266397466,0.11809275131173243,0.20865625316622638,0.5697218941926547,0.06303614413726301,0.5187964537098939,0.6174456136317338,0.187761765191731,0.07990703270158601,0.12836559666748346,0.24790671189472246,0.21949440118267444,0.01583192005410937,0.20718634944423872,0.2320567737693448,0.635306133866467,0.16427961817380501,-0.00396489543256795,-0.0023676124532153175
learned,dataset,later_enhancement_path,B,random_forest,5,3000,0.08876649126456496,0.5740371204555215,0.1173371059394825,0.48034271407274476,0.6568924639629137,0.1654251190274309,0.12030316622150809,0.07992349123905074,0.2709224523481004,0.5224605107507736,0.042218509294602705,0.4955580246601685,0.5599651267626748,0.09388907175773535,0.13108431033785303,0.008163265306122448,0.21072580645161293,0.0987815572027635,0.011303929274027088,0.08915495089224687,0.10701049536609346,0.604588042017067,0.16065985067368968,-0.030550921561545485,0.00476526835374122
learned,dataset,later_enhancement_path,B+M,logistic,5,3000,0.08876649126456496,0.635306133866467,0.08523429424263405,0.5579840999053461,0.6879685446359857,0.16427961817380501,0.06637192021426883,0.11615432912788907,0.2206914977866193,0.5936573700112908,0.05486606143255771,0.5507700955694516,0.635546128862736,0.22078984325493356,0.08071204237495319,0.16278785351956085,0.28957462667386336,0.17716508397841715,0.021953583882677586,0.1618700120981238,0.19600966193705172,0.635306133866467,0.16427961817380501,0.0,0.0
learned,dataset,later_enhancement_path,B+M,random_forest,5,3000,0.08876649126456496,0.604588042017067,0.09961354403635032,0.5265089842413799,0.6826670997927541,0.16065985067368968,0.11249060529138925,0.08051529578942539,0.2584509287174053,0.514106855552688,0.025559479306039207,0.4987689540264711,0.5368275230158384,0.06620689655172414,0.08469010445797931,0.011034482758620689,0.13793103448275862,0.09667299886881693,0.011741200579718057,0.08678662647361066,0.1053514481940679,0.604588042017067,0.16065985067368968,0.0,0.0
learned,dataset,later_enhancement_path,B+M+L,logistic,5,3000,0.08876649126456496,0.6459825753096335,0.07757066993282528,0.5783001909029031,0.6977929383323611,0.15974567108636523,0.07446018788969566,0.10748978120440414,0.2253464676030596,0.5993506458164297,0.04664909930458218,0.5630446347371054,0.6332703026472968,0.2247241388822862,0.074673323213684,0.1689803638983967,0.28266673691905936,0.1755297927153317,0.024158294804246267,0.15721562827614505,0.19523855517265895,0.635306133866467,0.16427961817380501,0.010676441443166595,-0.004533947087439788
learned,dataset,later_enhancement_path,B+M+L,random_forest,5,3000,0.08876649126456496,0.6184428389495688,0.0914491243380407,0.5432072639524222,0.6849983743702239,0.17232445962644433,0.12069941865286297,0.08573481250040191,0.2786408869985709,0.5033010638117755,0.006645391277094576,0.4989417989417989,0.5094659718829624,0.021636240703177823,0.03143834465872257,0.0,0.049222447599729546,0.09313918358765344,0.011406302188482,0.0836116877642425,0.10150407799984526,0.604588042017067,0.16065985067368968,0.0138547969325018,0.011664608952754646
learned,dataset,later_enhancement_path,B+M+L+R,logistic,5,3000,0.08876649126456496,0.7819544398028994,0.04312471805220613,0.7444939405154176,0.8119530673632722,0.3436982333624447,0.1103861743503798,0.2584539751947047,0.4289424915301846,0.6902404578630513,0.04347654683894966,0.6610341776476784,0.7277998837595698,0.3224786419766293,0.08413467804025816,0.25897585053950134,0.38655412584110493,0.14936549281590697,0.01585014286566786,0.13713320111705585,0.1625133249951232,0.635306133866467,0.16427961817380501,0.1466483059364324,0.1794186151886397
learned,dataset,later_enhancement_path,B+M+L+R,random_forest,5,3000,0.08876649126456496,0.7888074931188642,0.06210615135382057,0.7474522680685004,0.8396359406993547,0.38717600613833747,0.11564387345728218,0.28913240588919475,0.47492057158749235,0.558676750290913,0.032070895792151395,0.5299361282488328,0.575877977679459,0.20749780032704837,0.09643486679698772,0.12110049392974194,0.2585717729853584,0.07580893797275876,0.016259310717927248,0.06128974244888039,0.08725173758209223,0.604588042017067,0.16065985067368968,0.18421945110179727,0.2265161554646478
learned,dataset,later_neighbor_damage_any_path,B,logistic,5,3000,0.08801636249012965,0.5901664674100995,0.08869516422362778,0.524851444363059,0.664779759728783,0.15303819089915707,0.08489486658941618,0.09367534043351942,0.23085138430797558,0.5373515831926017,0.07620573523399089,0.47814180797376765,0.5910329981632426,0.17282340382340383,0.07117163327059808,0.11057087857087858,0.2202375452375452,0.23606635691986272,0.04188556750466182,0.2065299595032583,0.273241114765417,0.5675541043328058,0.1225055289995655,0.02261236307729364,0.03053266189959157
learned,dataset,later_neighbor_damage_any_path,B,random_forest,5,3000,0.08801636249012965,0.5451635786631673,0.08519034741574509,0.48766691107780635,0.6238421098076804,0.15280481623217218,0.11783352860650384,0.08452128587141927,0.2608803274649093,0.49868421052631573,0.002942194707236575,0.49605263157894736,0.5,0.0,0.0,0.0,0.0,0.0969436633414744,0.021433106280920385,0.07969364548095492,0.11444557048843611,0.5482407348521565,0.13214861221350313,-0.003077156188989183,0.02065620401866905
learned,dataset,later_neighbor_damage_any_path,B+M,logistic,5,3000,0.08801636249012965,0.5675541043328058,0.08992725808932564,0.4995472466601498,0.6428750947866726,0.1225055289995655,0.04395929065495777,0.08407385364895734,0.15511739364851374,0.5310148338560396,0.07013793687954752,0.4745162365170804,0.5905693177177376,0.1730292701479231,0.07535346656781196,0.10728099345610867,0.22541854671234723,0.20755025872688265,0.05150366369330805,0.16707346204642481,0.24802705540734055,0.5675541043328058,0.1225055289995655,0.0,0.0
learned,dataset,later_neighbor_damage_any_path,B+M,random_forest,5,3000,0.08801636249012965,0.5482407348521565,0.10273144977368036,0.47170921196334115,0.6363113503741478,0.13214861221350313,0.08308610160824301,0.07897256924813442,0.20919330296434496,0.4996666666666666,0.0007453559924999223,0.499,0.5,0.0,0.0,0.0,0.0,0.0953798266111267,0.020818366077377123,0.08006888156615702,0.11272111288604567,0.5482407348521565,0.13214861221350313,0.0,0.0
learned,dataset,later_neighbor_damage_any_path,B+M+L,logistic,5,3000,0.08801636249012965,0.5602921107474124,0.09326910047719139,0.4912322687216575,0.6391437553407767,0.12131531056145535,0.04136044519877531,0.08458420284403892,0.14831667966707082,0.5215573280848491,0.06836859248556376,0.46785568246553366,0.58137023720559,0.16254663252673715,0.0741700451356393,0.09935892712401444,0.21515113732636387,0.20821110888899935,0.0520896386926592,0.1674066458593518,0.24901557191864687,0.5675541043328058,0.1225055289995655,-0.007261993585393478,-0.0011902184381101522
learned,dataset,later_neighbor_damage_any_path,B+M+L,random_forest,5,3000,0.08801636249012965,0.5487710796717071,0.07678506215379327,0.4950801128848372,0.6125227397587766,0.11770516520114568,0.051152668890003215,0.07932196222136231,0.16195562482210657,0.4996666666666666,0.0007453559924999223,0.499,0.5,0.0,0.0,0.0,0.0,0.09428739021140572,0.020284815152242282,0.07929775742098152,0.11126545286550926,0.5482407348521565,0.13214861221350313,0.00053034481955061,-0.014443447012357447
learned,dataset,later_neighbor_damage_any_path,B+M+L+R,logistic,5,3000,0.08801636249012965,0.8172442628985133,0.026007938244548383,0.798176115576297,0.8363124102207294,0.39848841992515,0.1537931814822211,0.27760258312517755,0.5193742567251224,0.7482432659448239,0.018876632563148428,0.735049652132183,0.7624838709677421,0.3683502996437703,0.04034435742514365,0.34754085855407435,0.4049691629955947,0.14750916178230178,0.025191025471118386,0.1284282554111554,0.16788250674862198,0.5675541043328058,0.1225055289995655,0.24969015856570742,0.2759828909255845
learned,dataset,later_neighbor_damage_any_path,B+M+L+R,random_forest,5,3000,0.08801636249012965,0.8050121080173437,0.025055911623395426,0.7849462727776416,0.8240294611382473,0.3800047005182867,0.1201040125332179,0.28595284330315207,0.46943582082840574,0.5645788997803761,0.04674782477703705,0.5234195545790473,0.597489142490791,0.21708893295145773,0.13197506376325324,0.1,0.30450466328853637,0.07364738456503363,0.016138455423140605,0.06091199138878597,0.0863827777412813,0.5482407348521565,0.13214861221350313,0.25677137316518717,0.2478560883047836
learned,dataset,later_suppression_path,B,logistic,5,3000,0.09644777135320705,0.5013792692865143,0.0988834908682381,0.4224091826380583,0.5697274623509136,0.1275075391348814,0.04691523397479826,0.08929305736614761,0.16123916653141762,0.5213049790988358,0.05706342752699135,0.4730500191567611,0.5622987626066354,0.167954270780666,0.0691410289717503,0.11366661685704557,0.21873864598932932,0.239113929661272,0.018046581555147264,0.22538505229855815,0.2531785404218107,0.4994585250620788,0.12137158492560877,0.0019207442244355555,0.006135954209272612
learned,dataset,later_suppression_path,B,random_forest,5,3000,0.09644777135320705,0.5490286090818477,0.06591716470920903,0.4922553854270205,0.6030296001654298,0.12577210953032228,0.05206114030807221,0.08771614693190305,0.16787859716635256,0.5006258373249864,0.0021490584100256264,0.4992664737764375,0.5026110381985218,0.012692156089869924,0.020280231577903464,0.0,0.03129680725266062,0.10779543854317604,0.01275652555253471,0.09735550156277212,0.11671295043177846,0.5307805700824771,0.1185488736263693,0.018248038999370553,0.007223235903952976
learned,dataset,later_suppression_path,B+M,logistic,5,3000,0.09644777135320705,0.4994585250620788,0.10937716939775534,0.40694214094401887,0.5626056612438955,0.12137158492560877,0.054898135371272964,0.07816146399337123,0.16146329400478457,0.5145465103734322,0.06967072957788123,0.45783166307292883,0.5592371330908634,0.16083593184510614,0.0905022614264426,0.09085449085449085,0.22840895941813372,0.21352357420510057,0.017914262792027763,0.19959108938481768,0.2274560590253835,0.4994585250620788,0.12137158492560877,0.0,0.0
learned,dataset,later_suppression_path,B+M,random_forest,5,3000,0.09644777135320705,0.5307805700824771,0.06977795319898987,0.48194830243420406,0.5893731229529503,0.1185488736263693,0.05066549685688535,0.08062991764690823,0.15693723805252904,0.4997693062757359,0.0005552671672645527,0.4992664737764375,0.5000414450507702,0.011900468806346917,0.018640963553292585,0.0,0.0289217454020916,0.10889217534848292,0.012920192709787183,0.09869648837921564,0.11749184057893924,0.5307805700824771,0.1185488736263693,0.0,0.0
learned,dataset,later_suppression_path,B+M+L,logistic,5,3000,0.09644777135320705,0.5392956282328776,0.11887252737929316,0.43324978929040514,0.5989145483567244,0.13280644628349894,0.05683725444458044,0.08505588803094336,0.17467583474776785,0.5402163150068484,0.08819292802120016,0.4625839010218393,0.5859445541310467,0.18475202280372893,0.09758813227558509,0.10638083025810269,0.252508351636871,0.20774041148571137,0.018848684580270284,0.19283189129269815,0.22182347045205644,0.4994585250620788,0.12137158492560877,0.039837103170798804,0.011434861357890166
learned,dataset,later_suppression_path,B+M+L,random_forest,5,3000,0.09644777135320705,0.541372215363243,0.033019008493241436,0.5146847643403712,0.5656942779914961,0.11867405652849143,0.045874510341928625,0.08305203199623563,0.15429608106074721,0.49975919117695183,0.0011373038201629333,0.4987152034261242,0.5005623701047314,0.003508771929824561,0.00784585255263084,0.0,0.010526315789473684,0.1066390620895488,0.013783567233395565,0.09590747968964763,0.11679538185530021,0.5307805700824771,0.1185488736263693,0.010591645280765838,0.00012518290212212846
learned,dataset,later_suppression_path,B+M+L+R,logistic,5,3000,0.09644777135320705,0.7384740140834567,0.06835054353759244,0.6860304023018594,0.7876078468280885,0.3226574762655803,0.14979969587118738,0.2107783597710094,0.43498324410901806,0.6865920227750634,0.06677031509015055,0.6368223543400494,0.7364102183575811,0.32599859941965204,0.11063514398302422,0.23955534481850269,0.41244185402080136,0.16618197072794377,0.008555623330737911,0.16183700091035466,0.17389398104476658,0.4994585250620788,0.12137158492560877,0.23901548902137792,0.2012858913399715
learned,dataset,later_suppression_path,B+M+L+R,random_forest,5,3000,0.09644777135320705,0.7930208049364046,0.034758356259793975,0.7657840441818469,0.8202575656909625,0.32735111342262063,0.05497318692720316,0.28835267981673196,0.3710412737795267,0.543907858145531,0.02425869575508498,0.52549861491073,0.5629792237847239,0.16257575757575757,0.06537819578211124,0.11348484848484848,0.21283279220779214,0.08274890214760355,0.017308995663705487,0.06956340055557972,0.09559507090334779,0.5307805700824771,0.1185488736263693,0.26224023485392745,0.20880223979625134
learned,dataset,later_target_any_path,B,logistic,5,3000,0.17685589963801648,0.6102414302890532,0.08900145880720693,0.5391500841925765,0.6780678647006768,0.26814851832104775,0.11023240400505792,0.18232361942156103,0.35397341722053444,0.5785001698687424,0.07237612516838524,0.516050947243215,0.6315618917392445,0.32302281421500534,0.12817622414930754,0.2200593471810089,0.4165214840654146,0.22806372427646374,0.007250570529814757,0.22206258956813665,0.23338711764782363,0.6084097099211301,0.2641935889705452,0.0018317203679231175,0.003954929350502567
learned,dataset,later_target_any_path,B,random_forest,5,3000,0.17685589963801648,0.6156284395010773,0.08105448899043877,0.556372392144619,0.6795003055901159,0.2682296389524831,0.11043789806058282,0.18841798124951772,0.350006364316277,0.5321673758115225,0.010599205336459215,0.5240051437909639,0.5403296078320813,0.17691128006733287,0.031035386005120416,0.15218045112781953,0.20291533742331289,0.16081170339405612,0.014789231218819036,0.1474553638609619,0.1704312419761224,0.6080044227610637,0.2607177233761498,0.007624016740013562,0.0075119155763332945
learned,dataset,later_target_any_path,B+M,logistic,5,3000,0.17685589963801648,0.6084097099211301,0.08210891529246976,0.5463286696822376,0.6695895231040829,0.2641935889705452,0.1092549133055436,0.17896632410434793,0.3494208538367424,0.5745626066233859,0.050768703466848385,0.5349641940700327,0.6141610191767389,0.30703818537565036,0.10727401896765447,0.22416228846025965,0.389914082291041,0.20799774172562607,0.018601656047831334,0.19387023854463986,0.22295125477495487,0.6084097099211301,0.2641935889705452,0.0,0.0
learned,dataset,later_target_any_path,B+M,random_forest,5,3000,0.17685589963801648,0.6080044227610637,0.09826858591111032,0.528399059494103,0.6795626176282938,0.2607177233761498,0.11750511222340337,0.17319006053303782,0.3482453862192617,0.5253359502784467,0.021399129518346466,0.507466001793706,0.5410196520277691,0.16012192487423896,0.04772494270105641,0.12463768115942031,0.19477692441849198,0.16317889342100972,0.013956458132661598,0.15102959926357754,0.17272511885830652,0.6080044227610637,0.2607177233761498,0.0,0.0
learned,dataset,later_target_any_path,B+M+L,logistic,5,3000,0.17685589963801648,0.6340755324336652,0.07234464741208826,0.5813433611442849,0.6873731811770378,0.28301401906748974,0.11243330391631978,0.19445786230510714,0.3687207992376297,0.5874163874632912,0.055314038001599335,0.5442516628324932,0.6283914011597453,0.3279236623783862,0.1112486545266283,0.24163473818646236,0.4110793383795907,0.20349003442314242,0.020352625033103047,0.1876258990081267,0.21935416983815811,0.6084097099211301,0.2641935889705452,0.02566582251253513,0.018820430096944563
learned,dataset,later_target_any_path,B+M+L,random_forest,5,3000,0.17685589963801648,0.6239719769114273,0.06881676334831827,0.5686488614829559,0.6736880983181426,0.2722902977272737,0.10875853166107757,0.18921495390817653,0.3553656415463708,0.5305900179221721,0.014578615811061827,0.518919314649114,0.5415018166226672,0.16749788119891804,0.03977539046574755,0.13640534752160507,0.1963522613528878,0.15958748597028222,0.012242499659688573,0.14875157601325992,0.1670653902167994,0.6080044227610637,0.2607177233761498,0.01596755415036355,0.01157257435112391
learned,dataset,later_target_any_path,B+M+L+R,logistic,5,3000,0.17685589963801648,0.6252541868612902,0.0599531077961907,0.5798889308207871,0.669473152819869,0.2779294032477936,0.10421937144260954,0.1962510094103161,0.3565390746141534,0.5836043847656052,0.061523112443902496,0.5317343196151226,0.630308515664675,0.32211621846974603,0.11676187085090431,0.22722617529166703,0.4060297001961334,0.20444733154759373,0.01625587562499717,0.1920718135068206,0.21650398170418828,0.6084097099211301,0.2641935889705452,0.016844476940160114,0.013735814277248404
learned,dataset,later_target_any_path,B+M+L+R,random_forest,5,3000,0.17685589963801648,0.7490757392963109,0.053827482431749826,0.7223750113605816,0.7979191533277711,0.4182374073138713,0.09677506338185128,0.362582575868711,0.5036489385991529,0.5718461940507497,0.02035413277088207,0.5542636250754787,0.5871220463595498,0.2635943635943636,0.06705959693268805,0.20547470547470548,0.31033411033411035,0.1370517376328651,0.018824289362926544,0.12161613228706081,0.15071391136402532,0.6080044227610637,0.2607177233761498,0.14107131653524718,0.15751968393772153
learned,domain,later_capability_damage_any_path,B,logistic,5,3000,0.09307982401005657,0.5700082486752898,0.05658528043060377,0.5391532161609078,0.622642594782176,0.1497184707609735,0.018017693605035464,0.1348645029792204,0.16256134118819845,0.536511184500819,0.053480793147882025,0.501212489804683,0.5846972047391474,0.17656493229900744,0.0428694049361204,0.1478702729180963,0.2129866150710747,0.2403067354234037,0.018003404357510393,0.22569237821329508,0.2535864595677944,0.5738741476331962,0.1336147688853952,-0.003865898957906455,0.016103701875578302
learned,domain,later_capability_damage_any_path,B,random_forest,5,3000,0.09307982401005657,0.6167553151493509,0.08793173008492862,0.5480433675251588,0.6854672627735432,0.16997895141169272,0.04944382637101794,0.1326411360243457,0.20729135033679164,0.4966225345524323,0.0034714058168813225,0.4938713739065349,0.49937369519832986,0.0,0.0,0.0,0.0,0.09969977290491737,0.013453014559843768,0.08951443919188856,0.11060905600236497,0.619479349170984,0.16516961505385921,-0.002724034021633126,0.00480933635783351
learned,domain,later_capability_damage_any_path,B+M,logistic,5,3000,0.09307982401005657,0.5738741476331962,0.048375986889994525,0.5433445872912064,0.6159363139687412,0.1336147688853952,0.025347973092006898,0.11282103411197308,0.15396205703915783,0.5490314929067923,0.03604339096389175,0.5262146961081413,0.5801511819949354,0.1825240366969309,0.034831226886969525,0.15653695773598955,0.21045193578573668,0.24228913880003605,0.02368553068099759,0.22384585492687767,0.2602777857080921,0.5738741476331962,0.1336147688853952,0.0,0.0
learned,domain,later_capability_damage_any_path,B+M,random_forest,5,3000,0.09307982401005657,0.619479349170984,0.09870664193090237,0.5466893219561997,0.70210573593981,0.16516961505385921,0.059175699538386486,0.12213634178722636,0.2153228862602737,0.49850197218618264,0.002704170484660732,0.49600716969138026,0.5,0.0,0.0,0.0,0.0,0.09842911821149754,0.011825773021995455,0.09025857166535872,0.10791942631131184,0.619479349170984,0.16516961505385921,0.0,0.0
learned,domain,later_capability_damage_any_path,B+M+L,logistic,5,3000,0.09307982401005657,0.5617704130041037,0.04816820697381602,0.5301231372959255,0.6040882297306153,0.12863359732010787,0.028697957152114484,0.10559247234361262,0.15064673365570108,0.5295308107357805,0.02822247311395308,0.5085518811068044,0.552992587857485,0.1699027523678564,0.03222932098057747,0.1437492727202203,0.19415179806165414,0.24450199495856414,0.023928326634233353,0.22624499380162671,0.26406136948877834,0.5738741476331962,0.1336147688853952,-0.012103734629092533,-0.004981171565287323
learned,domain,later_capability_damage_any_path,B+M+L,random_forest,5,3000,0.09307982401005657,0.6097500777895937,0.0849228955857403,0.5486667868435766,0.6799325576704118,0.1449370989794589,0.0549752950926663,0.10875372819626579,0.1956011634413099,0.4998229453238123,0.0004893890935635777,0.49937369519832986,0.5000951407731069,0.0058823529411764705,0.013153341044116409,0.0,0.01764705882352941,0.09813040759058785,0.010985764581414198,0.09052671882179474,0.10684122837113434,0.619479349170984,0.16516961505385921,-0.009729271381390348,-0.020232516074400325
learned,domain,later_capability_damage_any_path,B+M+L+R,logistic,5,3000,0.09307982401005657,0.842158793471865,0.02737390842834919,0.8172498985927831,0.8605277383086541,0.41334737299697794,0.084379962004968,0.33530818310357857,0.4715014316686533,0.7687764923128328,0.03262765993444591,0.7396542755738447,0.7909771707344545,0.3806464417578618,0.041708109917719643,0.3446413534582665,0.4104423267104199,0.1636919177821194,0.025862901138982295,0.14224505865982517,0.18356047174010265,0.5738741476331962,0.1336147688853952,0.26828464583866873,0.27973260411158274
learned,domain,later_capability_damage_any_path,B+M+L+R,random_forest,5,3000,0.09307982401005657,0.835872667611991,0.01821847540571736,0.822491824406114,0.8511454685050952,0.3800142231809217,0.0794179317048124,0.31676032046842106,0.44051384284666784,0.6206863795032929,0.0492633571213518,0.5867976689850203,0.6603148992087441,0.34330778738526513,0.0958186214606208,0.2723245753518948,0.4142909994186354,0.07531986194757442,0.00750752610829572,0.0694347412637871,0.08058813931690462,0.619479349170984,0.16516961505385921,0.21639331844100695,0.2148446081270625
learned,domain,later_clean_any_path,B,logistic,5,3000,0.16826244849500663,0.6346334949689648,0.03501808269182556,0.6078731662145458,0.6630890721541183,0.27687472492476106,0.07175612399870722,0.22364530100433408,0.32936091498379755,0.5960940268827388,0.044021312366877605,0.5612529509256576,0.6281011704014865,0.3321756943241547,0.0748484465608441,0.26957181401039204,0.3875354170044914,0.22615511977028993,0.020700733875083626,0.21092905997269726,0.24353315492095634,0.615736952008832,0.24920242011226623,0.018896542960132767,0.02767230481249483
learned,domain,later_clean_any_path,B,random_forest,5,3000,0.16826244849500663,0.5975739024896608,0.0855083420439667,0.5283345448072929,0.661560802293339,0.25455352509917745,0.09408084144093495,0.18522450364674298,0.32389797226472233,0.5185504083840434,0.03026063288053055,0.49511141121370217,0.5413800179145077,0.14740437225240782,0.06424172333952294,0.09816849816849818,0.19664024633631752,0.15954473119494395,0.013739057171002773,0.148684859051654,0.16899349030652677,0.591476671403109,0.2457431657742047,0.006097231086551802,0.008810359324972733
learned,domain,later_clean_any_path,B+M,logistic,5,3000,0.16826244849500663,0.615736952008832,0.031682523537957655,0.5948400657050092,0.6423001175205597,0.24920242011226623,0.07572317357543082,0.1905039707116969,0.30790086951283563,0.575381262503204,0.04047215200542941,0.5421060993530903,0.6058256464966313,0.30375212055664996,0.08458767666427174,0.23749020803708848,0.3661297373642263,0.2124912944525454,0.017982610095888297,0.19873784122207072,0.22625128323747967,0.615736952008832,0.24920242011226623,0.0,0.0
learned,domain,later_clean_any_path,B+M,random_forest,5,3000,0.16826244849500663,0.591476671403109,0.07586207399750834,0.5318792801343812,0.6451238628283277,0.2457431657742047,0.09064109683245553,0.17738218264492575,0.315290968464896,0.5193234221968208,0.030101635400608437,0.49784941846527603,0.5443927671539882,0.14148910324180342,0.06851341986522182,0.09188754117999401,0.1978753715856189,0.16159440988186574,0.012600859787177848,0.15097760871759322,0.1697881856805445,0.591476671403109,0.2457431657742047,0.0,0.0
learned,domain,later_clean_any_path,B+M+L,logistic,5,3000,0.16826244849500663,0.6426962711978679,0.017738022627932382,0.6290411610681247,0.6561580916673628,0.2667408170457572,0.07386631373952503,0.21055516207526798,0.3212576743608632,0.605263208523704,0.02993133284900548,0.5815935327920239,0.6286465603976975,0.33945632817765053,0.07149939926189994,0.28272308076655045,0.39611427632243584,0.20845203807088009,0.020515603700549757,0.19366755536039865,0.22374730276271623,0.615736952008832,0.24920242011226623,0.026959319189035824,0.017538396933490963
learned,domain,later_clean_any_path,B+M+L,random_forest,5,3000,0.16826244849500663,0.6135108107154634,0.06770119066648096,0.562391602650348,0.6631820004746414,0.2540039930183819,0.07762301850669133,0.19367849856930522,0.31385460926944264,0.5416849943784754,0.028135161522786015,0.5232181722877838,0.5663183524181052,0.1848580619048273,0.07214057665900916,0.13553089803066146,0.24302816616008105,0.1563760629979856,0.010608644383342119,0.14695551993058442,0.16179433530642506,0.591476671403109,0.2457431657742047,0.022034139312354428,0.008260827244177177
learned,domain,later_clean_any_path,B+M+L+R,logistic,5,3000,0.16826244849500663,0.6458592738696567,0.01812113970723262,0.6312642949226992,0.6595063065155178,0.2722071186226129,0.06962069272782304,0.21796921845818104,0.3242768941173225,0.6056229705694149,0.031156599730163957,0.5836998002058567,0.6324207297683578,0.33955857409445617,0.06933419599861115,0.2860273147895858,0.3930898333993265,0.20746366266514746,0.01578327642773297,0.19503278321153972,0.22121633535021773,0.615736952008832,0.24920242011226623,0.03012232186082464,0.023004698510346644
learned,domain,later_clean_any_path,B+M+L+R,random_forest,5,3000,0.16826244849500663,0.7412486166247041,0.05686946137612881,0.6981849980757631,0.7852168106138001,0.39130989249381865,0.08279120901261756,0.33090935013171574,0.4533539059686432,0.5643307724875274,0.029690102967537005,0.542909817661515,0.5881896906853734,0.24173141544768412,0.07225766749696919,0.1900570876366155,0.2973509582205235,0.13423224352724333,0.013502318831366716,0.12440493257441594,0.14443687852774448,0.591476671403109,0.2457431657742047,0.1497719452215951,0.14556672671961393
learned,domain,later_clean_enhancement_path,B,logistic,5,3000,0.08320297041227273,0.6369267442900908,0.06148820329231074,0.5892178947440714,0.6846355938361103,0.1625377480843063,0.05506791096256482,0.12165219301054027,0.2086469082627894,0.583560772122019,0.05538727150444323,0.5440898928483661,0.6259338286242205,0.18900055067569915,0.04081449103812904,0.16023172986305778,0.22209732054900666,0.2200726683836109,0.02536911213994078,0.20404189847776583,0.24368451262332896,0.6202822371351264,0.13820266687990523,0.01664450715496435,0.02433508120440106
learned,domain,later_clean_enhancement_path,B,random_forest,5,3000,0.08320297041227273,0.6297540409831569,0.139365091916596,0.5250826865185718,0.7419576001689923,0.2046673354170702,0.18441704623633814,0.08860844421176599,0.36399362573681693,0.5278396956401747,0.053495830750535905,0.4954693397819224,0.5735053128689492,0.10852850198851083,0.16370107397024966,0.0064516129032258064,0.2451612903225806,0.0942412246583632,0.012193923045345221,0.08385654066469464,0.10199338297578053,0.6329981017980055,0.1850977666775535,-0.003244060814848626,0.01956956873951668
learned,domain,later_clean_enhancement_path,B+M,logistic,5,3000,0.08320297041227273,0.6202822371351264,0.05247023284871277,0.5796034880754154,0.6609609861948373,0.13820266687990523,0.07256799082220663,0.09527629408636631,0.2056758824803108,0.5759713605580641,0.03215603907682492,0.554465635757729,0.6033010432190761,0.198958830435194,0.08043830975717883,0.14623367799078274,0.2694007845046587,0.17498478293047606,0.02438392031339457,0.15710488659860586,0.19590861948743615,0.6202822371351264,0.13820266687990523,0.0,0.0
learned,domain,later_clean_enhancement_path,B+M,random_forest,5,3000,0.08320297041227273,0.6329981017980055,0.11970318685811035,0.5416426221901686,0.7301210290447767,0.1850977666775535,0.14803170769895208,0.08591938641975086,0.30951491155228666,0.5042429214466264,0.014248886834266932,0.495523134960351,0.5165224063558325,0.031109147149801147,0.05338899095884079,0.0,0.08042421564295182,0.09138094750872594,0.012513109116699794,0.08060749233539957,0.09953020385615231,0.6329981017980055,0.1850977666775535,0.0,0.0
learned,domain,later_clean_enhancement_path,B+M+L,logistic,5,3000,0.08320297041227273,0.6392432350027878,0.052503271153043894,0.5992600950141153,0.6785957919384109,0.147140192001949,0.07610319892077728,0.09821970427049884,0.21619195884388223,0.5867535227077585,0.04253292998023668,0.5538157625974136,0.6196912828181034,0.2035073513955762,0.0747486721160778,0.15453436240765053,0.271714864233425,0.17420435667425413,0.02837520882215881,0.15375774401322678,0.1990553358202573,0.6202822371351264,0.13820266687990523,0.018960997867661367,0.008937525122043766
learned,domain,later_clean_enhancement_path,B+M+L,random_forest,5,3000,0.08320297041227273,0.642218250365117,0.12066323655933504,0.5465311806004275,0.7327350911674151,0.19782278857688362,0.15962367383251252,0.08843666788458905,0.33068085938698955,0.5021379511316117,0.008234537194122867,0.4965518900608207,0.5093280490001801,0.021157495256166982,0.032438245533693594,0.0,0.05056925996204934,0.089225565246536,0.012922912109609002,0.07819310243142474,0.09762088323735857,0.6329981017980055,0.1850977666775535,0.009220148567111508,0.012725021899330113
learned,domain,later_clean_enhancement_path,B+M+L+R,logistic,5,3000,0.08320297041227273,0.7898088523218156,0.04126608493936787,0.7572060572426447,0.8224116474009866,0.3553832382637758,0.05692153626081883,0.31292978596629584,0.40314614213282607,0.706379477730461,0.023969509585099767,0.688663023193815,0.7265539722422469,0.32298906601872074,0.06701705995717215,0.26735340147698927,0.37255221412333456,0.14693559831014444,0.010881885955935412,0.13883095965924624,0.15505819455429173,0.6202822371351264,0.13820266687990523,0.1695266151866892,0.2171805713838706
learned,domain,later_clean_enhancement_path,B+M+L+R,random_forest,5,3000,0.08320297041227273,0.8212193820995479,0.05606394225252983,0.7873553965561451,0.87145598352453,0.37633176084128317,0.08158338759426871,0.32006002057952754,0.4465495262533123,0.562802030210076,0.03279424463061385,0.5400424938625626,0.5925145859390495,0.2157889751040436,0.09048625964188266,0.14923076923076922,0.2970707070707071,0.07189564552101499,0.01465153272015975,0.06092828747107502,0.08349492575182997,0.6329981017980055,0.1850977666775535,0.1882212803015424,0.19123399416372966
learned,domain,later_clean_suppression_path,B,logistic,5,3000,0.09327373885513421,0.5275584383324241,0.09669182857441042,0.4464531872668095,0.599679344927007,0.11814796513818963,0.03559869848405153,0.09166544277170627,0.14415671092190727,0.5525877627460892,0.05699964931144973,0.5065714531426606,0.5947032172706445,0.17504440395713528,0.06448841116168993,0.12513255567338283,0.22495625224088767,0.2342012479010195,0.030417359519567966,0.21016343751330818,0.25680615725625,0.5050419453918759,0.10584239386699587,0.02251649294054825,0.012305571271193763
learned,domain,later_clean_suppression_path,B,random_forest,5,3000,0.09327373885513421,0.48553432840198135,0.07997831793484833,0.41967269568771715,0.5438612012588971,0.10170156481690326,0.035858954185629933,0.07254950439793968,0.1287504291378078,0.49593503070982176,0.005395556199946286,0.4913533834586466,0.49981974248927036,0.0035714285714285713,0.007985957062499249,0.0,0.010714285714285714,0.1082306094110781,0.005728928196745687,0.10383836313717273,0.11279206449234565,0.4663024656411551,0.0940354531192858,0.01923186276082628,0.007666111697617467
learned,domain,later_clean_suppression_path,B+M,logistic,5,3000,0.09327373885513421,0.5050419453918759,0.08056900654855784,0.4362942747236686,0.5621554365011945,0.10584239386699587,0.03429987084640244,0.0804566427998338,0.13157982429038162,0.504860497053391,0.07612537639872691,0.44384822655814826,0.5603999527817011,0.13683733343745091,0.08996564467300835,0.06785479936375077,0.21204442200908633,0.21799645737299378,0.029079648437525803,0.19531141945403188,0.24126950053834223,0.5050419453918759,0.10584239386699587,0.0,0.0
learned,domain,later_clean_suppression_path,B+M,random_forest,5,3000,0.09327373885513421,0.4663024656411551,0.08420490993830308,0.3980803971971155,0.5295179382004771,0.0940354531192858,0.03267763580147074,0.0671096474007839,0.11818166494253543,0.4958416600282158,0.004339123557098617,0.4923636021383932,0.4991492889001094,0.0035714285714285713,0.007985957062499249,0.0,0.010714285714285714,0.10976138591572035,0.004648984645796413,0.10628411308502493,0.11340664349664235,0.4663024656411551,0.0940354531192858,0.0,0.0
learned,domain,later_clean_suppression_path,B+M+L,logistic,5,3000,0.09327373885513421,0.544485687997894,0.07532613810058582,0.48298452531109914,0.5992306051450355,0.11687868018662154,0.04073297907516047,0.08613381849341287,0.14932962492199087,0.5291704751508429,0.08742838487993815,0.458833762328062,0.5943788391414323,0.15950414122735893,0.10007819491488046,0.08390852390852391,0.2401392025181579,0.21350782359727288,0.030571794563118593,0.19014751437508406,0.2374154225915463,0.5050419453918759,0.10584239386699587,0.03944374260601813,0.011036286319625666
learned,domain,later_clean_suppression_path,B+M+L,random_forest,5,3000,0.09327373885513421,0.4892356027705736,0.0860482273856495,0.42343396491945173,0.5545848651715903,0.10127371183924683,0.038381818227782895,0.07072922398749934,0.12972788032894475,0.5000343347639485,7.677486618024588e-05,0.5,0.5001030042918455,0.0036363636363636364,0.008131156281817417,0.0,0.010909090909090908,0.1056260869420909,0.0043778856168791335,0.1020672529184089,0.10938304511727734,0.4663024656411551,0.0940354531192858,0.022933137129418524,0.007238258719961033
learned,domain,later_clean_suppression_path,B+M+L+R,logistic,5,3000,0.09327373885513421,0.7472197038265121,0.057517451203288716,0.7051556928814411,0.7952087298017122,0.3146581069251609,0.12140993033265006,0.2212538176177433,0.40806239623257845,0.6925696797064873,0.07670929052602193,0.6335733681169178,0.7530248056037528,0.3182110703734479,0.09122098284335355,0.249725718996734,0.38914442437621244,0.1689307478894446,0.016570271875115443,0.15843518707836912,0.18423379255575748,0.5050419453918759,0.10584239386699587,0.2421777584346363,0.20881571305816501
learned,domain,later_clean_suppression_path,B+M+L+R,random_forest,5,3000,0.09327373885513421,0.7902744003659021,0.0519969665520404,0.7536284246491476,0.8321458728715335,0.31651663183914824,0.09510701660081405,0.25260362301463274,0.3950618558933507,0.5367972080817986,0.017310571817159198,0.5222470391665437,0.5495795185664172,0.13735714770392446,0.05732428511124114,0.08830114566284777,0.178682826999753,0.08106742660852524,0.008019937717953752,0.07472798121984656,0.08706869971357073,0.4663024656411551,0.0940354531192858,0.32397193472474706,0.22248117871986245
learned,domain,later_enhancement_path,B,logistic,5,3000,0.08852073003235794,0.6346158834245175,0.05815394993690099,0.5894225174942898,0.6798092493547452,0.1702816193356466,0.05349793555419665,0.12873866369171308,0.21182457497958004,0.5831258545927958,0.055697639804584136,0.5434485134084495,0.6275640598144347,0.20039982788466787,0.05529162087285199,0.15850376863956248,0.2422958871297733,0.22116186874395583,0.02608878650520701,0.2037903013296402,0.24464942999612838,0.614113945976318,0.14397609294776254,0.020501937448199503,0.026305526387884054
learned,domain,later_enhancement_path,B,random_forest,5,3000,0.08852073003235794,0.6362172475908849,0.13239676604902315,0.5299681680792572,0.7488005457314486,0.215334774556646,0.18161662727551636,0.10042447345490309,0.3697076734862902,0.5247880190867427,0.052847452789056025,0.49241586481848254,0.5704217750831255,0.10419595570534423,0.1586805227959941,0.005970149253731343,0.23694029850746273,0.0975356931305565,0.014252956343546334,0.08625916517957413,0.10741294185956256,0.6357135327979813,0.20107692907626423,0.0005037147929036756,0.014257845480381781
learned,domain,later_enhancement_path,B+M,logistic,5,3000,0.08852073003235794,0.614113945976318,0.055552795278535884,0.5701628382768265,0.6580650536758095,0.14397609294776254,0.0729106244830392,0.09993012327974124,0.2110130766179564,0.5743792172850072,0.031931330547903994,0.5531389736622954,0.6023328824769494,0.2052214613965388,0.07699145877943524,0.15800718021999346,0.2716489299569032,0.17746078047764743,0.01960259356424033,0.16300163038237192,0.19382973512974835,0.614113945976318,0.14397609294776254,0.0,0.0
learned,domain,later_enhancement_path,B+M,random_forest,5,3000,0.08852073003235794,0.6357135327979813,0.13005027064702962,0.5333470540886415,0.7440715828141696,0.20107692907626423,0.16776120678693918,0.09274000776881319,0.3419048021878844,0.4998880899942679,0.0069232658519126555,0.49469805973403097,0.5052140533172798,0.017004632012352035,0.0249463160966485,0.0,0.03907359752959341,0.09569153234510344,0.013635831993210232,0.08445558083719872,0.10557990055180824,0.6357135327979813,0.20107692907626423,0.0,0.0
learned,domain,later_enhancement_path,B+M+L,logistic,5,3000,0.08852073003235794,0.6351528970721143,0.053260794545547996,0.5965400650682293,0.6737657290759993,0.15301434063930625,0.07423863160033113,0.10330172996306204,0.2184414955065847,0.5720793755222452,0.028922076959276895,0.5505845020952934,0.5951171789578122,0.20289850666896198,0.07382073063810911,0.15175154428024706,0.2639023291955311,0.17630605495143184,0.023853111456580815,0.15914940730931243,0.19688952428931325,0.614113945976318,0.14397609294776254,0.021038951095796343,0.00903824769154371
learned,domain,later_enhancement_path,B+M+L,random_forest,5,3000,0.08852073003235794,0.652651901802739,0.13451928375390626,0.5478162650663662,0.7564026965213158,0.22269470473817882,0.188236599707547,0.09871097628226255,0.37987092452805926,0.5204350341505035,0.04308839528160823,0.4961772193712039,0.558883313544664,0.08427938173426527,0.1361896759360736,0.005970149253731343,0.2054886856042369,0.0938312853298806,0.014462635981850743,0.08100024469852221,0.10333180464815181,0.6357135327979813,0.20107692907626423,0.01693836900475776,0.021617775661914584
learned,domain,later_enhancement_path,B+M+L+R,logistic,5,3000,0.08852073003235794,0.7817885091357247,0.03451232986055792,0.7577951005246103,0.8124949346211494,0.3593548114729589,0.06123355038078714,0.3122440420135054,0.4064655809324124,0.6941424181921584,0.03534143820706701,0.6675801604527848,0.7231348877467773,0.318375118361255,0.06257356935920749,0.2647931438673354,0.36410903435932046,0.14903888946448623,0.008791864961803826,0.14245194461848776,0.15626217293836508,0.614113945976318,0.14397609294776254,0.16767456315940676,0.21537871852519636
learned,domain,later_enhancement_path,B+M+L+R,random_forest,5,3000,0.08852073003235794,0.8117770267117838,0.07244019311626797,0.7585084423734105,0.8695887130924465,0.3918715540058676,0.09133743104448719,0.32852524670864724,0.4663138974542019,0.5624502065557474,0.031123761735464744,0.5412516659403193,0.5871433291349989,0.21311632736597738,0.08342763432073125,0.1548404351358671,0.27368421052631575,0.07603499872614307,0.015635541484879383,0.06399867460815575,0.08813988391042518,0.6357135327979813,0.20107692907626423,0.1760634939138025,0.19079462492960336
learned,domain,later_neighbor_damage_any_path,B,logistic,5,3000,0.08765346742090928,0.5813914191702875,0.03835222148587819,0.5511203657852908,0.6097693600458848,0.13277589441583126,0.057822241684266175,0.08728809877872315,0.18330866833266643,0.5431405610710313,0.04758531543959051,0.5033718588279823,0.5789377289145266,0.17318231974821854,0.07166739669357337,0.11512958463872738,0.22261226714787874,0.23814943786354234,0.03633343456677888,0.21259024914481736,0.26812054397608,0.541789460490763,0.11339853981898104,0.03960195867952443,0.01937735459685022
learned,domain,later_neighbor_damage_any_path,B,random_forest,5,3000,0.08765346742090928,0.5637820252327456,0.045634204509631106,0.530508275741328,0.6029823047972126,0.12964406027857964,0.07209448900574103,0.08065726149244543,0.18979986645419553,0.5052791262135923,0.011804485075393308,0.5,0.5158373786407766,0.021052631578947368,0.047075115315785045,0.0,0.06315789473684211,0.09737548590035526,0.022099526385524083,0.07832575031488577,0.11533181792159115,0.5540929512999464,0.11538029907534939,0.009689073932799164,0.014263761203230252
learned,domain,later_neighbor_damage_any_path,B+M,logistic,5,3000,0.08765346742090928,0.541789460490763,0.04964340662484118,0.5071100664260519,0.5868678582426589,0.11339853981898104,0.051832474290976815,0.0714117192796968,0.1551482962047243,0.5169103116254044,0.03764400180134489,0.48699990011130173,0.5446164594586588,0.14740771369217023,0.07113380517758497,0.08871817139294343,0.2031548746819683,0.19841698166574248,0.04085787279499198,0.1733210278489023,0.2345247590189557,0.541789460490763,0.11339853981898104,0.0,0.0
learned,domain,later_neighbor_damage_any_path,B+M,random_forest,5,3000,0.08765346742090928,0.5540929512999464,0.02582343949668366,0.5341087249422111,0.5740771776576821,0.11538029907534939,0.049060646528750286,0.0770265576221492,0.1560886620564345,0.4996666666666666,0.0007453559924999223,0.499,0.5,0.0,0.0,0.0,0.0,0.09533808605550746,0.02180600386152356,0.07660362831621939,0.11272429464066006,0.5540929512999464,0.11538029907534939,0.0,0.0
learned,domain,later_neighbor_damage_any_path,B+M+L,logistic,5,3000,0.08765346742090928,0.5388745754636011,0.04777198022577973,0.5076432706850722,0.580576709472032,0.10976575191146823,0.04085393675781084,0.07394852619494943,0.13919627141399635,0.5181663282837002,0.03092044927679709,0.4940391621641478,0.5422934944032525,0.1475642977893274,0.06275528359212336,0.0984197168800406,0.19511566733043245,0.19933087610611994,0.039996786497303066,0.17516773805993174,0.23452203820060502,0.541789460490763,0.11339853981898104,-0.002914885027161973,-0.0036327879075128133
learned,domain,later_neighbor_damage_any_path,B+M+L,random_forest,5,3000,0.08765346742090928,0.5489436948303308,0.03269286438911832,0.5213903455841531,0.5716027697264314,0.10570773283258775,0.04494062191887118,0.07092118637575728,0.14184888581535313,0.4996666666666666,0.0007453559924999223,0.499,0.5,0.0,0.0,0.0,0.0,0.09461206396748822,0.02134013807074529,0.07673867088440083,0.11102237491639419,0.5540929512999464,0.11538029907534939,-0.005149256469615615,-0.009672566242761638
learned,domain,later_neighbor_damage_any_path,B+M+L+R,logistic,5,3000,0.08765346742090928,0.8175903593947804,0.041117431623037826,0.7823582050680329,0.8471155696400778,0.3827213406173441,0.14368149759453888,0.25900591955934493,0.48773733782952666,0.7234341861835836,0.036580272498602816,0.6949069018168268,0.7519614705503402,0.3364892066762235,0.0819464686347865,0.26773472306459706,0.40005442176870754,0.1447777391501064,0.016032421474373296,0.13250736929041612,0.15705673612225862,0.541789460490763,0.11339853981898104,0.2758008989040174,0.269322800798363
learned,domain,later_neighbor_damage_any_path,B+M+L+R,random_forest,5,3000,0.08765346742090928,0.8220863288290401,0.03082805242257021,0.8003609139694838,0.8474932775115457,0.3822932475312954,0.08521806308500414,0.3284672751065908,0.4578794881653138,0.5769418794219346,0.009145615703264807,0.5699284062294019,0.5839190366952953,0.2585299016715622,0.027044524046091055,0.23778865252948944,0.2807370324016131,0.07259257769616645,0.016948641087102617,0.05823085195673472,0.08470222963660942,0.5540929512999464,0.11538029907534939,0.2679933775290937,0.26691294845594604
learned,domain,later_suppression_path,B,logistic,5,3000,0.0980101031263822,0.5278204212912257,0.08565034842603071,0.45460367277315256,0.5863599802443672,0.12338136849316379,0.03352219691007486,0.09548242241916376,0.14743261837085536,0.5394179502918802,0.05294372354773365,0.4982045725117598,0.5793825568403907,0.17258431339194286,0.05926579246197131,0.126693752024397,0.21847487475948874,0.23568070847467348,0.03126495379833517,0.21116385689609446,0.2598073006427493,0.5024014383629072,0.10957157342006754,0.025418982928318568,0.013809795073096251
learned,domain,later_suppression_path,B,random_forest,5,3000,0.0980101031263822,0.5062797300494608,0.07905846350975394,0.44004546059029764,0.5634992517391091,0.11017863793754967,0.03591685100107196,0.08217703537582285,0.13789899784899004,0.49583934662697954,0.00539954862205377,0.4912742361296901,0.4997554912588125,0.003389830508474576,0.0075798914491518295,0.0,0.01016949152542373,0.11104890298054834,0.006166015600396346,0.10631588182451526,0.11577780344123163,0.4911127817827525,0.10235087025228154,0.01516694826670828,0.007827767685268133
learned,domain,later_suppression_path,B+M,logistic,5,3000,0.0980101031263822,0.5024014383629072,0.0742294371677326,0.4389278303603176,0.549875913179457,0.10957157342006754,0.03384989717542851,0.08435498882795026,0.1347881580121848,0.495983627780051,0.07663405863464896,0.4325391792087318,0.5538629125184878,0.13641799188544765,0.09341051239177837,0.061490636136174094,0.2114616061329647,0.21887186784971813,0.0287275017437767,0.1974078212244832,0.2426352700750818,0.5024014383629072,0.10957157342006754,0.0,0.0
learned,domain,later_suppression_path,B+M,random_forest,5,3000,0.0980101031263822,0.4911127817827525,0.08094764667483742,0.42327223927987845,0.5494707605322272,0.10235087025228154,0.032874042200522514,0.07622533045591466,0.12691838658255994,0.4967067454757439,0.00295866826999393,0.4943253301611451,0.4989439948838208,0.010407374368123699,0.015627336715398052,0.0,0.024442462087421943,0.1132066338052055,0.00614801167027281,0.10842333362725495,0.11791806999374761,0.4911127817827525,0.10235087025228154,0.0,0.0
learned,domain,later_suppression_path,B+M+L,logistic,5,3000,0.0980101031263822,0.5403326583869189,0.07299593713560713,0.47765113688930755,0.5882548774487282,0.12194228441197472,0.03972941494992571,0.09152738280703025,0.15161762883093152,0.5271861862692744,0.08643206965570754,0.4562624393136331,0.5921256107882217,0.16461758232193846,0.09732115326054994,0.08853981509835401,0.24353347135955833,0.21448302379315107,0.03030460937128965,0.19243987919025124,0.23979162136668647,0.5024014383629072,0.10957157342006754,0.037931220024011725,0.012370710991907174
learned,domain,later_suppression_path,B+M+L,random_forest,5,3000,0.0980101031263822,0.49991316421892273,0.07975497665095442,0.43481140111108496,0.5591282484548682,0.10485458323700833,0.03405981822498108,0.07783923797404736,0.13082855466110677,0.49811205282256593,0.003406781310944975,0.49516364987416306,0.5003749134031542,0.003508771929824561,0.00784585255263084,0.0,0.010526315789473684,0.11013371334618764,0.004325687683289526,0.10676632323693107,0.11350136425709648,0.4911127817827525,0.10235087025228154,0.008800382436170207,0.0025037129847267914
learned,domain,later_suppression_path,B+M+L+R,logistic,5,3000,0.0980101031263822,0.7412202225486962,0.06188312360270804,0.6965850970844721,0.7941694874982594,0.3292190454443909,0.12829043261394188,0.23505258188216294,0.4296521593416678,0.680907676230954,0.08054920398839546,0.6187695520164451,0.7413304928080079,0.31637993983973506,0.09170601883927285,0.2454889796068649,0.3849249024173547,0.16961310308332686,0.01995950368222193,0.15794807172530553,0.1879778894954093,0.5024014383629072,0.10957157342006754,0.23881878418578906,0.21964747202432336
learned,domain,later_suppression_path,B+M+L+R,random_forest,5,3000,0.0980101031263822,0.7883731765511585,0.05458138500564702,0.7464084160321737,0.8313580451368093,0.32801704869750525,0.10230629190276568,0.2567647557423621,0.4138986424442469,0.5525866989592296,0.007631256623367613,0.548015668110766,0.5594737413246709,0.18959888213052772,0.021879776831049642,0.17840703600197272,0.20922077922077925,0.08435282822002899,0.0075724477848611695,0.0787006626929942,0.09007761633467136,0.4911127817827525,0.10235087025228154,0.29726039476840593,0.22566617844522371
learned,domain,later_target_any_path,B,logistic,5,3000,0.17786612193588938,0.6301417302163024,0.03870247315392754,0.5959716091294193,0.6572158114379318,0.2899522759533242,0.07512758234122248,0.22813008775828952,0.3437540634560179,0.5841863948814725,0.06372749822617657,0.5312245783745582,0.6303127795869233,0.32744026385714153,0.09746697280021191,0.2427983040581466,0.38961286089238845,0.22748105709671923,0.021192784205120514,0.21172231960131654,0.24481099555857103,0.6119746651457145,0.2584235740417579,0.01816706507058785,0.03152870191156626
learned,domain,later_target_any_path,B,random_forest,5,3000,0.17786612193588938,0.5947759903552068,0.0808752150927157,0.5322144942432642,0.6564304747649242,0.2542151500922435,0.06938510050018624,0.19945231406132385,0.3026021753888966,0.5197180992398759,0.027910809357539174,0.5009048392084107,0.5431576455087035,0.14981849068805592,0.06472573677857107,0.10185331576635925,0.19778366560975258,0.16596776745678443,0.014198059988364634,0.15558479998121905,0.1769242135145393,0.594022373305411,0.2569037437451713,0.0007536170497958183,-0.0026885936529277843
learned,domain,later_target_any_path,B+M,logistic,5,3000,0.17786612193588938,0.6119746651457145,0.029392569396522142,0.5899638229579803,0.6356540759003861,0.2584235740417579,0.07652907727452853,0.19573348737077326,0.31547993608036334,0.5793610615852763,0.03923412959425313,0.5464519329743853,0.607482445529002,0.3193697899183938,0.08365508546667903,0.25178773941499505,0.38183344712501305,0.21494247522936633,0.017561132923588126,0.20204440672689508,0.22943006629478804,0.6119746651457145,0.2584235740417579,0.0,0.0
learned,domain,later_target_any_path,B+M,random_forest,5,3000,0.17786612193588938,0.594022373305411,0.08482979122447601,0.5300451693490714,0.6569560236614727,0.2569037437451713,0.08938382568872619,0.18837189012391423,0.3228729855024038,0.5154285383604963,0.03806720846241503,0.48795010692725443,0.5461427201355692,0.1412387101389659,0.08195598372371879,0.08059234882764295,0.20584980237154152,0.16762154364540577,0.013965932528546355,0.15607126656635908,0.17661864001271502,0.594022373305411,0.2569037437451713,0.0,0.0
learned,domain,later_target_any_path,B+M+L,logistic,5,3000,0.17786612193588938,0.6393206310669113,0.009288375508347137,0.6318672944810964,0.6463177913183253,0.2777629141856968,0.07685670154216859,0.21675328390979773,0.3355451532547792,0.5994370536475138,0.02700218623876113,0.5758656680225567,0.6188054683991424,0.343114989632867,0.0667361232338754,0.2903810980367677,0.3932591961817053,0.21081214255340902,0.019422037172620733,0.19701894688353908,0.22688395731553004,0.6119746651457145,0.2584235740417579,0.027345965921196758,0.0193393401439389
learned,domain,later_target_any_path,B+M+L,random_forest,5,3000,0.17786612193588938,0.6008910075768027,0.077822425252868,0.5406943369483679,0.6570668702818997,0.2615072401493507,0.08755700124048903,0.19092695049962066,0.32516542202779697,0.5337193289755264,0.03760219847424761,0.5100007730364873,0.5645043745477538,0.17779160480575432,0.08632953693127501,0.12098331870061459,0.2476013289036545,0.16462835739940615,0.01268383145001304,0.15357921204775726,0.17196585636865305,0.594022373305411,0.2569037437451713,0.006868634271391727,0.004603496404179397
learned,domain,later_target_any_path,B+M+L+R,logistic,5,3000,0.17786612193588938,0.6350349517797318,0.01916814238257538,0.6207434525572519,0.6505896736285252,0.27651658228506165,0.07457472035965994,0.21926274273329022,0.3336246056711227,0.598141516954352,0.02495362789913153,0.5802971939869618,0.6184483802299652,0.3407900246413414,0.06279071580531807,0.29212622549019607,0.38704286365709073,0.21126981729600303,0.016605862110560823,0.1981557980137438,0.2260421369059948,0.6119746651457145,0.2584235740417579,0.02306028663401727,0.018093008243303732
learned,domain,later_target_any_path,B+M+L+R,random_forest,5,3000,0.17786612193588938,0.7362911247941579,0.06275479524020416,0.6899647888891078,0.7826174606992081,0.39829635379436545,0.06544808919946368,0.351250321782878,0.44746749679008707,0.5753738970762898,0.04125899575958232,0.5488934304782519,0.6099108958523036,0.270929897353255,0.09355987514727769,0.20786046070717604,0.3482126146359723,0.1397232215781799,0.013560596314178663,0.12988681332202012,0.15029773437869048,0.594022373305411,0.2569037437451713,0.14226875148874696,0.14139261004919418
learned,record,later_capability_damage_any_path,B,logistic,5,3000,0.08933333333333335,0.5540940874520857,0.04210729338923267,0.5175609332673099,0.5786106343006352,0.1300310003704323,0.03257034847988066,0.10709018672030098,0.15855969021874108,0.5269105012374978,0.027749445471890392,0.5084389770611373,0.550581371169797,0.1639524544972406,0.03224263295941974,0.1362112737636519,0.1872458210415891,0.24164082383723154,0.011196725360456536,0.2327666839110231,0.25051496376343996,0.517949414530639,0.1035607142873927,0.03614467292144663,0.0264702860830396
learned,record,later_capability_damage_any_path,B,random_forest,5,3000,0.08933333333333335,0.6104147790117059,0.05100221336252801,0.5674019657029323,0.6461625146221042,0.1286917543337907,0.03846848495997678,0.09810214380643478,0.1592813648611466,0.49669773972087466,0.0030162534218064582,0.4944630951001123,0.498932384341637,0.0,0.0,0.0,0.0,0.0968821350764722,0.010782910742486516,0.0884654746490923,0.10529879550385209,0.5988130349102716,0.1238878582645496,0.01160174410143433,0.004803896069241115
learned,record,later_capability_damage_any_path,B+M,logistic,5,3000,0.08933333333333335,0.517949414530639,0.09892809444084888,0.4280550439205323,0.574066396867762,0.1035607142873927,0.025524386839217685,0.08329261934060421,0.12265493290668164,0.5196108495023484,0.07445949019666367,0.45247932433530147,0.5609983243495227,0.15750443367841221,0.060393889121456434,0.10862133075030278,0.20232257830247988,0.24262325747151553,0.0154020811262225,0.2314285908758614,0.25456239418228543,0.517949414530639,0.1035607142873927,0.0,0.0
learned,record,later_capability_damage_any_path,B+M,random_forest,5,3000,0.08933333333333335,0.5988130349102716,0.06828668307798474,0.5417184582225604,0.6451666310593903,0.1238878582645496,0.03856266627610358,0.09312209761092065,0.15465361891817858,0.4983467891857439,0.002489217550525121,0.4961079832155947,0.5,0.0,0.0,0.0,0.0,0.09653840507725174,0.010674332941770294,0.08830902168714094,0.10476778846736252,0.5988130349102716,0.1238878582645496,0.0,0.0
learned,record,later_capability_damage_any_path,B+M+L,logistic,5,3000,0.08933333333333335,0.5161129596408939,0.09838808540754379,0.42756078312390927,0.5716034384452016,0.10285015774456581,0.024787529844802418,0.08328027883450626,0.12130715296408892,0.5140914678830072,0.06659065821309099,0.454081529182005,0.5529547701426255,0.15394066363643735,0.05492516387808299,0.11159846285432051,0.19589491827859545,0.2428451807977577,0.015433788776241571,0.2313087535048853,0.25525901665610173,0.517949414530639,0.1035607142873927,-0.0018364548897451538,-0.0007105565428268956
learned,record,later_capability_damage_any_path,B+M+L,random_forest,5,3000,0.08933333333333335,0.6007438938745142,0.06306006002019832,0.5439124690001461,0.636710298282053,0.12314118841903447,0.039206776486081105,0.09209852575816437,0.15418385107990462,0.497619170087727,0.0025606625291761526,0.4956100873873498,0.4996282527881041,0.0,0.0,0.0,0.0,0.09525650994547097,0.010324477906447844,0.08722393332908088,0.1031439475759669,0.5988130349102716,0.1238878582645496,0.00193085896424261,-0.0007466698455151216
learned,record,later_capability_damage_any_path,B+M+L+R,logistic,5,3000,0.08933333333333335,0.8334471949888762,0.025416073069526493,0.815873696455464,0.854181331824449,0.38126781800616333,0.02464346910618756,0.3589720208317735,0.39489859961847007,0.7396526875473098,0.03891433700578501,0.712365224365736,0.7728902231213385,0.35426183992920723,0.03228559205010357,0.3360308285163776,0.3825167256985439,0.15385460571866505,0.014647523288097243,0.1433932211824566,0.1646904903724654,0.517949414530639,0.1035607142873927,0.3154977804582372,0.2777071037187706
learned,record,later_capability_damage_any_path,B+M+L+R,random_forest,5,3000,0.08933333333333335,0.8436537670425892,0.030646840567772563,0.8171306338766122,0.8644542747722934,0.3689703036192647,0.053955837295112385,0.3267374786045002,0.40956250602049404,0.5930617300516319,0.03433168263002726,0.5644821215292343,0.6187976548097831,0.28420662319396495,0.0866149358355443,0.2123232323232323,0.3486804756425009,0.07234563023062626,0.011070730173572997,0.06376998530763674,0.08115524980861127,0.5988130349102716,0.1238878582645496,0.2448407321323176,0.2450824453547151
learned,record,later_clean_any_path,B,logistic,5,3000,0.17633333333333334,0.6234615760820661,0.0629528424571076,0.5687047139277668,0.667026069244535,0.2854401699369821,0.09435936198926652,0.21593169638683118,0.35705626657315537,0.5971225476154048,0.06557168479133503,0.544021629334908,0.6454869401740501,0.33777690176588243,0.08445831356928538,0.2696507679656206,0.40179874622534173,0.23573148861051293,0.028626215473593616,0.2182472268571829,0.26120707260485443,0.65815188298099,0.29515511856438376,-0.03469030689892394,-0.009714948627401632
learned,record,later_clean_any_path,B,random_forest,5,3000,0.17633333333333334,0.6382260380366389,0.027964144182936475,0.6164094207275508,0.658808454191452,0.2767671804118787,0.05954514681432624,0.23396299464071185,0.3269698772536467,0.5155202001852122,0.015344594185095374,0.5033242955654271,0.5268765968160418,0.1134949885887391,0.07279832612123424,0.05755932203389831,0.17639973172367535,0.15863723320486328,0.01085219737292,0.15085598031451244,0.1684557325347658,0.6637309086259265,0.30042542872598643,-0.02550487058928763,-0.023658248314107733
learned,record,later_clean_any_path,B+M,logistic,5,3000,0.17633333333333334,0.65815188298099,0.05623987396880533,0.614827054431111,0.7014767115308689,0.29515511856438376,0.09478899078302953,0.2376044186750474,0.3768758390650374,0.6161964077738036,0.05126967953183311,0.5771661840371748,0.6545419464454472,0.3628259418895812,0.062485197811314695,0.31310734555640024,0.41254453822276227,0.22971955572119934,0.03327837846679942,0.2063404488401004,0.2580902334207443,0.65815188298099,0.29515511856438376,0.0,0.0
learned,record,later_clean_any_path,B+M,random_forest,5,3000,0.17633333333333334,0.6637309086259265,0.03425616119938749,0.6367884862910568,0.6885982266216046,0.30042542872598643,0.08018834703875433,0.2443754753182171,0.3702528464771691,0.5220526778780622,0.016494036458678092,0.5101373114309486,0.5354088854730799,0.14099044706000147,0.04966719903999196,0.0971484537245471,0.17549407114624507,0.15500491774574882,0.009278273586472095,0.1488595137849999,0.16293723092246792,0.6637309086259265,0.30042542872598643,0.0,0.0
learned,record,later_clean_any_path,B+M+L,logistic,5,3000,0.17633333333333334,0.6724164470661239,0.04263933441063337,0.6391759187452356,0.7056569753870121,0.31366669030512867,0.09441036026377035,0.24756505571466697,0.39488393446335035,0.6233881139874986,0.04017236297851464,0.5884906496460393,0.6524784227735957,0.3678327444677813,0.0521284771281211,0.32676563202878994,0.40889985690677266,0.2251225554943308,0.0287500791382522,0.20426980082417429,0.24988982155668077,0.65815188298099,0.29515511856438376,0.01426456408513388,0.018511571740744914
learned,record,later_clean_any_path,B+M+L,random_forest,5,3000,0.17633333333333334,0.6744085344188536,0.036899677906265325,0.6427603718036895,0.7012799889469871,0.2985391656481429,0.06597497138916068,0.24763517910076033,0.34946065446592217,0.522102976651788,0.013734462083565378,0.5137154899307299,0.5342313046951973,0.14090147031894035,0.04347586934477653,0.10796410658108697,0.17383883405679365,0.15300844251690765,0.009397336499959162,0.1462855331010114,0.1605181249038203,0.6637309086259265,0.30042542872598643,0.010677625792927081,-0.0018862630778435086
learned,record,later_clean_any_path,B+M+L+R,logistic,5,3000,0.17633333333333334,0.6727100366418843,0.04964997170372601,0.6351915491107345,0.7102285241730342,0.3144560229138774,0.09672281873465484,0.24620635976789051,0.3943231618482105,0.6284805048629305,0.047256470244911544,0.590661476284547,0.6633106451981753,0.3733620552361182,0.06465920784491909,0.32492446084649984,0.42188533205924467,0.22436656168687255,0.027855862997661157,0.2035316139384916,0.2472393419473843,0.65815188298099,0.29515511856438376,0.014558153660894302,0.019300904349493664
learned,record,later_clean_any_path,B+M+L+R,random_forest,5,3000,0.17633333333333334,0.7509979222835568,0.03528900209576154,0.7230836261805689,0.7778050173671534,0.3886812880286709,0.0759213945928575,0.3327795111569426,0.45207021957088733,0.5565450272381921,0.012599732643667271,0.5461910317536816,0.5659384063429498,0.22778265141616486,0.03471898085054199,0.1986444212721585,0.25271920088790234,0.13794254082810126,0.0066341624752323395,0.13292821893361836,0.14341403270683192,0.6637309086259265,0.30042542872598643,0.08726701365763023,0.08825585930268448
learned,record,later_clean_enhancement_path,B,logistic,5,3000,0.09066666666666666,0.62086939678035,0.06900698733190458,0.5720935479011044,0.6774341469314998,0.18678580428892483,0.09231143262722033,0.11384756444596264,0.25972404413188704,0.5753292244058901,0.06524815387622022,0.5249517487706918,0.6257067000410881,0.1946541142531847,0.040782532201052255,0.16380821881797808,0.22705811948101284,0.23192889687382415,0.03512599234157146,0.21250759661304092,0.26368566046579833,0.6524048129019956,0.19908871493241612,-0.031535416121645565,-0.012302910643491288
learned,record,later_clean_enhancement_path,B,random_forest,5,3000,0.09066666666666666,0.6048332860940117,0.060563362179483174,0.5585984275654885,0.651068144622535,0.15250014531064165,0.056836157796038116,0.11512863131399446,0.19940574262090088,0.5131767919260295,0.016164171585772085,0.5008665966386554,0.5254869872134034,0.0627484270448417,0.058198345788460955,0.01935483870967742,0.1089283930889843,0.0969687269447654,0.009052267391166836,0.09046190977686407,0.105116897985675,0.636215875819943,0.16897764968835344,-0.03138258972593133,-0.016477504377711782
learned,record,later_clean_enhancement_path,B+M,logistic,5,3000,0.09066666666666666,0.6524048129019956,0.07207368768401017,0.5955308345961202,0.7045300933212657,0.19908871493241612,0.08560986155002769,0.13199553631603614,0.2661818935487961,0.6143125419861752,0.07160810567510376,0.5557611059918652,0.6657666958585073,0.22620084287355788,0.04949424197728124,0.18949725058915945,0.26683239337056974,0.22506598889244617,0.04187758915547928,0.19884444032066512,0.26272643919391797,0.6524048129019956,0.19908871493241612,0.0,0.0
learned,record,later_clean_enhancement_path,B+M,random_forest,5,3000,0.09066666666666666,0.636215875819943,0.05127525819550826,0.5963658871345145,0.6760658645053713,0.16897764968835344,0.05823119613814837,0.13180552881750351,0.22023156365230717,0.5104523798371521,0.006375810236835971,0.5056926194563933,0.5152121402179108,0.059648926237161524,0.02801949814971783,0.03765079365079365,0.0816470588235294,0.09638837972871958,0.01046004510263126,0.0887864814730611,0.10444521294709505,0.636215875819943,0.16897764968835344,0.0,0.0
learned,record,later_clean_enhancement_path,B+M+L,logistic,5,3000,0.09066666666666666,0.6627969710861791,0.06862891696821727,0.6080088111759576,0.7218485957588163,0.20716088943468672,0.08854652122005001,0.13784808780910004,0.2764736910602733,0.6290087082940249,0.05792868464032391,0.5776752964042686,0.6694491116023908,0.23708663040768108,0.04791867038765918,0.19942564229249013,0.274747618522872,0.22200891111630439,0.035661442083174164,0.1996249161851345,0.25248532718842254,0.6524048129019956,0.19908871493241612,0.010392158184183486,0.008072174502270602
learned,record,later_clean_enhancement_path,B+M+L,random_forest,5,3000,0.09066666666666666,0.6514412314059992,0.053456604621871566,0.6118308950549922,0.6962307588789928,0.1717448836347551,0.06736289795796505,0.12300623489635447,0.22905626868587853,0.512142532526853,0.009356049215341786,0.5047991654512677,0.5191649802958831,0.05827142429750529,0.041615263584575304,0.023472889498970487,0.08935390850284466,0.0945965815152705,0.010384077010979827,0.08677085677927411,0.10308672566867853,0.636215875819943,0.16897764968835344,0.0152253555860562,0.0027672339464016593
learned,record,later_clean_enhancement_path,B+M+L+R,logistic,5,3000,0.09066666666666666,0.7823274584679443,0.06881230383571166,0.731366977771621,0.8364117766544437,0.3677533874450531,0.11084188815166679,0.28960782725316603,0.4658009709512504,0.7188059534262756,0.056145695404268024,0.6736793398437795,0.7604619754465869,0.3288381895263067,0.07190751008189283,0.276463071811909,0.3895386762541907,0.1715767403277455,0.03056167349841451,0.15134578904576435,0.19697809719275544,0.6524048129019956,0.19908871493241612,0.12992264556594868,0.16866467251263698
learned,record,later_clean_enhancement_path,B+M+L+R,random_forest,5,3000,0.09066666666666666,0.800709512819059,0.06935739869008879,0.7422763291549312,0.8518775599483319,0.35214066290863155,0.14829867418375497,0.24424178120757287,0.4771558795264038,0.5685361189611018,0.03559445146218273,0.5408529762450547,0.5962192616771489,0.22099012474012475,0.08595285599987482,0.1551212751212751,0.2886824324324324,0.07804063475354225,0.011442246156014843,0.06970534091261989,0.08667356531141891,0.636215875819943,0.16897764968835344,0.164493636999116,0.18316301322027811
learned,record,later_clean_suppression_path,B,logistic,5,3000,0.094,0.5572886909977616,0.06430030605622693,0.5010742480898625,0.6041095287245691,0.12992591890300065,0.028005471463979144,0.10571693066575805,0.14838884323686094,0.5466101455412407,0.056082778735581304,0.4958505138922712,0.579779789815192,0.18180762327885303,0.05133428944264061,0.1376789442124146,0.2164893354654447,0.23993818606935316,0.02300669488215042,0.22585015414973228,0.26118092496929285,0.6230126372800489,0.14211886022820902,-0.06572394628228728,-0.012192941325208373
learned,record,later_clean_suppression_path,B,random_forest,5,3000,0.094,0.5143089021153869,0.031994782402973446,0.48925678073336965,0.5393610234974041,0.10651487633052822,0.01586114014650909,0.0924181907667174,0.1187649407461236,0.4967330175868579,0.004853620992861648,0.49240088762295897,0.5,0.0,0.0,0.0,0.0,0.10716428387560646,0.0028458567606465595,0.10493354724937327,0.10939502050183966,0.5590434986865688,0.10988308855532129,-0.04473459657118184,-0.0033682122247930685
learned,record,later_clean_suppression_path,B+M,logistic,5,3000,0.094,0.6230126372800489,0.08949537697743092,0.5489520315157848,0.6894738117141017,0.14211886022820902,0.0420508274890991,0.10943247835298142,0.17447291925435707,0.594925936636913,0.0803140142057326,0.5331376405075804,0.6553644913391088,0.22307845287518932,0.07561174600197607,0.16588877108386177,0.2802681346665169,0.2280368506825961,0.028212464916901853,0.20773848281249707,0.2526860422132122,0.6230126372800489,0.14211886022820902,0.0,0.0
learned,record,later_clean_suppression_path,B+M,random_forest,5,3000,0.094,0.5590434986865688,0.03572176521466551,0.5277145180953634,0.584058636646378,0.10988308855532129,0.012716896460314866,0.09926983294241934,0.11921286287924415,0.49855119940503967,0.005469518416917051,0.49350180505415164,0.5021517931609674,0.0064516129032258064,0.014426245016127678,0.0,0.01935483870967742,0.10517479106178981,0.00201645686542692,0.10350972383001479,0.10664684375970579,0.5590434986865688,0.10988308855532129,0.0,0.0
learned,record,later_clean_suppression_path,B+M+L,logistic,5,3000,0.094,0.6357061108547505,0.09562208714950843,0.5593266084820515,0.7068591199567393,0.14995328774225766,0.04882343041576336,0.11008669005277494,0.18573252614036712,0.5969151040697998,0.08382709927988573,0.525875432500593,0.6581036560497517,0.22207575396176424,0.07633056082617451,0.16549156645768384,0.2786599414658447,0.22313705380323107,0.02385877384156498,0.20564725741947978,0.24362704007371921,0.6230126372800489,0.14211886022820902,0.01269347357470163,0.007834427514048642
learned,record,later_clean_suppression_path,B+M+L,random_forest,5,3000,0.094,0.586549212783088,0.05825647316588836,0.5397803201683032,0.6315974593425077,0.11738356575017668,0.015273273479533233,0.10586562022179472,0.12997045334670854,0.49949704128339933,0.0057723580417668304,0.49471976534296025,0.5037153019811591,0.012800819252432155,0.017529178462492256,0.0,0.025704045058883768,0.10147906066880648,0.0022975969086687672,0.09955893228678636,0.10316236974046637,0.5590434986865688,0.10988308855532129,0.02750571409651925,0.007500477194855387
learned,record,later_clean_suppression_path,B+M+L+R,logistic,5,3000,0.094,0.7606848268368427,0.07183784006910178,0.7042303761401497,0.8154483375609161,0.3434038254705614,0.11908048667208687,0.25197330639271753,0.4348343445484053,0.7025754317147062,0.06295140959530927,0.6536442758540539,0.74930085715731,0.32269620613175676,0.06868940090066508,0.2745706189909285,0.3842220366231045,0.17635536167131555,0.019955694320875825,0.16125804477360905,0.19182514418112026,0.6230126372800489,0.14211886022820902,0.13767218955679383,0.2012849652423524
learned,record,later_clean_suppression_path,B+M+L+R,random_forest,5,3000,0.094,0.7873536200938731,0.03043174082456375,0.7717520306021826,0.8150545281014117,0.3223840340926617,0.06244317082994202,0.2660353159044924,0.36380482238820394,0.5317906292292405,0.025395527414072912,0.5124646169072731,0.5511166415512078,0.1218792801401497,0.08541063657525133,0.05667781493868451,0.1870807453416149,0.08255882649748245,0.0026505353727571336,0.08046424192067282,0.08465341107429208,0.5590434986865688,0.10988308855532129,0.22831012140730433,0.2125009455373404
learned,record,later_enhancement_path,B,logistic,5,3000,0.09666666666666666,0.6180719547542962,0.06545081730766522,0.5732715862926177,0.6729627338154923,0.1892931419874612,0.08407795040740097,0.12339663546197346,0.2551896485129489,0.5712966019528413,0.08741701254051629,0.5016851383565721,0.6409080655491103,0.19817994318421497,0.05285342774001628,0.15637953478686725,0.2399803515815627,0.23440989157315983,0.03233281973396155,0.2162910931165402,0.26363320899662895,0.6457740004814776,0.20468387233023125,-0.02770204572718138,-0.015390730342770054
learned,record,later_enhancement_path,B,random_forest,5,3000,0.09666666666666666,0.6034650337432423,0.07706923261464033,0.54525115583902,0.6624441302666808,0.16015990360928142,0.05628640836719413,0.12055182902902532,0.21023259172822534,0.512920227741768,0.012390492265417583,0.503132684248379,0.522707771235157,0.06820893965472279,0.04368191753512823,0.034199134199134194,0.10221874511031137,0.10318816447134312,0.009134532249496705,0.09648400637868805,0.11072387921494767,0.6220999684954147,0.16883938507620883,-0.018634934752172372,-0.008679481466927402
learned,record,later_enhancement_path,B+M,logistic,5,3000,0.09666666666666666,0.6457740004814776,0.07076740976505246,0.5885702527104868,0.6977494811713033,0.20468387233023125,0.08046532984999212,0.14217005121804321,0.2671976934424192,0.5970432492120817,0.0701903189059807,0.5403171992710778,0.6503534619291906,0.22357459771015428,0.04782961527235237,0.18765606595995288,0.2613039823473784,0.22843834406009583,0.03740779437487425,0.20337371590280248,0.262200762090798,0.6457740004814776,0.20468387233023125,0.0,0.0
learned,record,later_enhancement_path,B+M,random_forest,5,3000,0.09666666666666666,0.6220999684954147,0.05885711374201163,0.5752715971777655,0.6689283398130638,0.16883938507620883,0.05622649247905169,0.1266078707922948,0.21444680133778124,0.511933984690972,0.01171484283588711,0.5030712855868698,0.5207966837950744,0.06486636170846696,0.03863032331364218,0.03468110836531889,0.09505161505161505,0.10266436091779718,0.010178137792902909,0.09493845796962627,0.11069425594098226,0.6220999684954147,0.16883938507620883,0.0,0.0
learned,record,later_enhancement_path,B+M+L,logistic,5,3000,0.09666666666666666,0.6573410589182844,0.06555500585532058,0.6081876109925688,0.7133536214656029,0.21222973583206498,0.08183885762045637,0.14937957315288627,0.27660853342460096,0.6150885730812214,0.06078057194308149,0.5663400353908384,0.6611353019447697,0.2389156233661633,0.05474358782003003,0.19572096357286303,0.2821102831594635,0.22510895835481853,0.031041873818616606,0.20521147682656724,0.25141098535085943,0.6457740004814776,0.20468387233023125,0.011567058436806832,0.007545863501833727
learned,record,later_enhancement_path,B+M+L,random_forest,5,3000,0.09666666666666666,0.6332419393157903,0.06307984199489526,0.5878461077330303,0.6884021981972263,0.17076267873657308,0.06060376452101844,0.12521438693092443,0.21991207631238327,0.5138142223438117,0.00939532012156476,0.5067822484822514,0.520825226972312,0.06648861496319122,0.03852511218244768,0.035781544256120526,0.09537750385208013,0.1008174853234615,0.010056559128187413,0.09316439909402587,0.10860067615872519,0.6220999684954147,0.16883938507620883,0.011141970820375602,0.0019232936603642559
learned,record,later_enhancement_path,B+M+L+R,logistic,5,3000,0.09666666666666666,0.779886496540503,0.06099247294998843,0.7348494637839245,0.8282174346138387,0.37979594247811427,0.10200154109910516,0.3048283333447634,0.46592095366829744,0.7036136571521319,0.0475597635890881,0.6659704880327301,0.7412568262715336,0.32598128352159705,0.06522886580440423,0.279084175411942,0.3807694836106451,0.17528604683179172,0.026283770430797954,0.15819935255547674,0.1982396143713283,0.6457740004814776,0.20468387233023125,0.13411249605902542,0.17511207014788302
learned,record,later_enhancement_path,B+M+L+R,random_forest,5,3000,0.09666666666666666,0.7968897379393586,0.07510866436300809,0.7371815126057623,0.8543830383710993,0.3636799964704338,0.13467321847048355,0.26539194607440153,0.4799849741097968,0.5844273855739915,0.05099984794042065,0.5488239759779292,0.6292624841040674,0.2631083372764019,0.11767151421511374,0.18172792435565044,0.3625576111652061,0.08261653737962582,0.012681504779777997,0.07291483710182434,0.09264536663825805,0.6220999684954147,0.16883938507620883,0.17478976944394387,0.19484061139422498
learned,record,later_neighbor_damage_any_path,B,logistic,5,3000,0.09633333333333333,0.5974735423673289,0.0472854580419434,0.5576255231459233,0.6374914949548266,0.1415494982040319,0.025783181331171526,0.12095171586498081,0.1616828196866619,0.5786955895395438,0.04304982249482886,0.5459511762252941,0.6148112056501965,0.2112228152900149,0.06212954338311289,0.1627070829662818,0.25749308285314954,0.24088618401434095,0.027657996764973006,0.2226933308541293,0.26509425910801093,0.6008477094792772,0.1361809441541479,-0.0033741671119483785,0.005368554049884011
learned,record,later_neighbor_damage_any_path,B,random_forest,5,3000,0.09633333333333333,0.5268454268766339,0.041051509269854215,0.49611681423934434,0.5611059518482385,0.12062538133789784,0.02806441385360267,0.09677712618377379,0.14023766606166968,0.5055280234523878,0.01554781274889334,0.49676840215439866,0.519815668202765,0.025,0.055901699437494755,0.0,0.075,0.10410156040381816,0.01298367603654084,0.09466910016820418,0.11425408326840106,0.5396235917142086,0.11898666672872035,-0.012778164837574657,0.0016387146091774857
learned,record,later_neighbor_damage_any_path,B+M,logistic,5,3000,0.09633333333333333,0.6008477094792772,0.06976946120843244,0.5491617421382488,0.6514279939131569,0.1361809441541479,0.028004289087646107,0.11464849623132183,0.1588129323436756,0.5751142483110425,0.060763476198633384,0.5298381954175901,0.6268403284219619,0.20559221192861296,0.05971462265053402,0.15840899850696513,0.2527754253502608,0.23870631458023012,0.03181240926525801,0.21566916990431592,0.26462577850600716,0.6008477094792772,0.1361809441541479,0.0,0.0
learned,record,later_neighbor_damage_any_path,B+M,random_forest,5,3000,0.09633333333333333,0.5396235917142086,0.06408672126328563,0.48891748532449064,0.5887024476469359,0.11898666672872035,0.025379921970809554,0.09679237017180892,0.1342232576844422,0.5053484902387433,0.015709685381876573,0.49622980251346493,0.519815668202765,0.025,0.055901699437494755,0.0,0.075,0.10351066875088075,0.01617590824734294,0.09221453566381652,0.11718796793216286,0.5396235917142086,0.11898666672872035,0.0,0.0
learned,record,later_neighbor_damage_any_path,B+M+L,logistic,5,3000,0.09633333333333333,0.599512846239366,0.0756636086151371,0.5406362946796032,0.6535675941275084,0.14284541580902496,0.03256053875717964,0.11802842398039097,0.16736932656392306,0.5708224212075441,0.06341885025770116,0.5172410574690582,0.6226897600595395,0.19927722123452649,0.05532570903251104,0.15749154229834467,0.24180109289617485,0.23880335438151662,0.031175272438913063,0.2165169609959854,0.26366329739621985,0.6008477094792772,0.1361809441541479,-0.001334863239911277,0.006664471654877074
learned,record,later_neighbor_damage_any_path,B+M+L,random_forest,5,3000,0.09633333333333333,0.5255047528152827,0.06868816898531317,0.46812964565890625,0.5767633476676621,0.11502763698237861,0.024342926668757016,0.09279651734994218,0.1308024379985364,0.5053360848727333,0.01563877507322168,0.49676840215439855,0.5196237296231104,0.025,0.055901699437494755,0.0,0.075,0.10389359443635442,0.015608218384109666,0.09314132360806113,0.11749036455964453,0.5396235917142086,0.11898666672872035,-0.014118838898925845,-0.003959029746341741
learned,record,later_neighbor_damage_any_path,B+M+L+R,logistic,5,3000,0.09633333333333333,0.8129506294702826,0.040824319643638134,0.7787969890420718,0.8428809575362214,0.4274693591033506,0.05845203787869616,0.3813529644145556,0.46965709889278884,0.7347817064990722,0.053711685302733146,0.6943143194296688,0.7752490935684755,0.362814397938088,0.02838793799328166,0.34196984652259405,0.3853013263301753,0.15404045728255972,0.00865094532831387,0.14688928965832773,0.1605108699265647,0.6008477094792772,0.1361809441541479,0.2121029199910054,0.2912884149492027
learned,record,later_neighbor_damage_any_path,B+M+L+R,random_forest,5,3000,0.09633333333333333,0.8206236235042006,0.02371689051293934,0.8024636367297019,0.838451012625671,0.44410508274256627,0.09409270091506246,0.3614153038658302,0.4994984432506763,0.5936200070228734,0.03624824453921221,0.5658264376297938,0.6214135764159531,0.2922896462982142,0.0864270457559167,0.22500894454382828,0.35663967611336034,0.0768242157566954,0.011246370639917949,0.0682707033733015,0.0853777281400893,0.5396235917142086,0.11898666672872035,0.281000031789992,0.32511841601384595
learned,record,later_suppression_path,B,logistic,5,3000,0.099,0.5458647398406621,0.06373697096445967,0.490023792814955,0.5824210323178025,0.13394903902243566,0.031379281080799265,0.10682237444727949,0.1537769551378355,0.5396257860210325,0.07297892203597466,0.47431598624025784,0.5839152708323001,0.18821215302457125,0.06466607712541411,0.13193497150331684,0.23218074761037308,0.24195701407706202,0.021026504607523228,0.2285427314737604,0.26126339653620756,0.6062282153358178,0.14259468965875496,-0.06036347549515575,-0.008645650636319308
learned,record,later_suppression_path,B,random_forest,5,3000,0.099,0.5178582163652801,0.03445787103774712,0.491849674297665,0.5438667584328953,0.11130086015702825,0.017785042000239858,0.0970161531224526,0.12415241606071396,0.5,0.0,0.5,0.5,0.010810810810810811,0.024173707864862594,0.0,0.032432432432432434,0.11198569783914498,0.00530008452157969,0.107888550935812,0.11641246339486033,0.5548756202091175,0.11406171018495773,-0.03701740384383745,-0.0027608500279294734
learned,record,later_suppression_path,B+M,logistic,5,3000,0.099,0.6062282153358178,0.08760548080498984,0.5324386317840156,0.6711477826441936,0.14259468965875496,0.04321601574524368,0.10903806357495675,0.17615131574255316,0.5828876243056433,0.07619314384702879,0.5167387772953047,0.6376150451584962,0.2207906801793762,0.06978849339956855,0.17020519933141293,0.27112706196962816,0.2310124401760374,0.026157330036293766,0.21177539894669498,0.2531305681160746,0.6062282153358178,0.14259468965875496,0.0,0.0
learned,record,later_suppression_path,B+M,random_forest,5,3000,0.099,0.5548756202091175,0.023995829627957797,0.5364098710493127,0.5727640895104998,0.11406171018495773,0.015624618692055699,0.10149648466988621,0.12586965445980575,0.4979494843391902,0.004960246992017084,0.4934545454545455,0.5003939075630252,0.006060606060606061,0.01355192713636236,0.0,0.01818181818181818,0.1091399935512358,0.0025139351343575387,0.10738810246501099,0.11132503889865861,0.5548756202091175,0.11406171018495773,0.0,0.0
learned,record,later_suppression_path,B+M+L,logistic,5,3000,0.099,0.6181971422309545,0.0927998482705001,0.5407217077849718,0.6855058285174513,0.14894800802113167,0.04705845807081082,0.11052655002987107,0.18445542415145338,0.5819990827334409,0.08234084401537585,0.5086636217172841,0.6383401244626485,0.21734229499217456,0.07303361136616435,0.15950606770278902,0.2701266162587803,0.2265021619035672,0.02175535842542376,0.21019147268653532,0.24422296752690875,0.6062282153358178,0.14259468965875496,0.011968926895136622,0.006353318362376709
learned,record,later_suppression_path,B+M+L,random_forest,5,3000,0.099,0.5778063717161924,0.04384488460835791,0.5453173958109151,0.6137428711255094,0.12298835872768428,0.016631563413555702,0.11195799157317028,0.13755155018913343,0.5004605792621181,0.004155014575260926,0.4972110735237107,0.5036620531689524,0.012409812409812409,0.017000492323259037,0.0,0.025108225108225107,0.10537107812214438,0.0031781204963060006,0.10339989255293462,0.10826036349893117,0.5548756202091175,0.11406171018495773,0.02293075150707491,0.008926648542726554
learned,record,later_suppression_path,B+M+L+R,logistic,5,3000,0.099,0.753931539465286,0.07523234761987486,0.6938306889798725,0.8104056074363981,0.3468476706680208,0.1205479010622014,0.25640304800498254,0.43729229333105907,0.6978783539483429,0.06074364448219636,0.6469241794489183,0.742607070116381,0.3288991737467519,0.06854519225512398,0.278129105719541,0.38674285714285717,0.17863066571447767,0.018486781049651624,0.16489728592770608,0.19236404550124928,0.6062282153358178,0.14259468965875496,0.14770332412946818,0.20425298100926584
learned,record,later_suppression_path,B+M+L+R,random_forest,5,3000,0.099,0.7845625581771014,0.03282016705939305,0.7622393110970787,0.8138300259996786,0.33659457855597735,0.06373026306063365,0.2847595606360195,0.38451884510917406,0.5493827242933894,0.0321733446906574,0.5259328988081737,0.5757824711663584,0.17676997944636247,0.0976972195826489,0.10459389195211839,0.2550636212964614,0.0856189932074484,0.002322403591463797,0.08381401377080214,0.08742397264409467,0.5548756202091175,0.11406171018495773,0.2296869379679839,0.22253286837101963
learned,record,later_target_any_path,B,logistic,5,3000,0.187,0.6176547123842856,0.058679438208120605,0.5665858588263862,0.6574272679296387,0.2905333255932755,0.08414541022715034,0.22805437248613983,0.3536588695853049,0.5904135242620636,0.06613945365485965,0.5367697874810179,0.6394307674088828,0.34144369478471476,0.08190158418841904,0.27407338353172195,0.40310731950325585,0.23783391681252591,0.025920786322872546,0.22206029345911762,0.2614930709381142,0.6510694526256178,0.2994320725721333,-0.033414740241332175,-0.008898746978857786
learned,record,later_target_any_path,B,random_forest,5,3000,0.187,0.6366501446702968,0.03193715319761575,0.6121300244118416,0.6600135300079859,0.2913648032090702,0.06426172165419389,0.242085286269696,0.34229170008216137,0.5181132826843461,0.02939584152475242,0.49546821293414245,0.5407583524345498,0.14468394623511205,0.08410960338927802,0.07375,0.20311789247022408,0.1645665901859389,0.010683387726931837,0.15762109473038619,0.1742773197627655,0.6552063442439884,0.3114318952761212,-0.01855619957369159,-0.020067092067050984
learned,record,later_target_any_path,B+M,logistic,5,3000,0.187,0.6510694526256178,0.047819482243760536,0.614183564630152,0.6878678212365144,0.2994320725721333,0.08432852839564793,0.2478000248447389,0.37234560754111506,0.6064824594564795,0.04257608304875845,0.5730591139104508,0.6386582450983667,0.36481008878212756,0.0505192249803656,0.3245842164239461,0.40503596114030893,0.2325300530669284,0.029622688336123595,0.2114540971181294,0.257815404255138,0.6510694526256178,0.2994320725721333,0.0,0.0
learned,record,later_target_any_path,B+M,random_forest,5,3000,0.187,0.6552063442439884,0.03084318305421393,0.6288465459785645,0.6777709818934865,0.3114318952761212,0.07317781828701976,0.25428839292590594,0.36857539762633645,0.5296974029252963,0.011499137690378216,0.5206873316416045,0.5392484077400872,0.171125661496141,0.026598455661119156,0.14725806451612905,0.18678895740088414,0.1619682979780101,0.010539846755208785,0.15385760929126163,0.17031541746017137,0.6552063442439884,0.3114318952761212,0.0,0.0
learned,record,later_target_any_path,B+M+L,logistic,5,3000,0.187,0.665369067761819,0.03589025927536629,0.6376444125293068,0.6930937229943309,0.3192608490807597,0.08450492892932875,0.2606625936755468,0.3917472176957702,0.6128648064311916,0.043336175004067334,0.5788081662126969,0.6454937384803646,0.3691651643359363,0.04685574738804572,0.33247493583064375,0.40585539284122885,0.22800892403181156,0.024920028398465268,0.21000241689095125,0.2496948063195485,0.6510694526256178,0.2994320725721333,0.01429961513620126,0.01982877650862641
learned,record,later_target_any_path,B+M+L,random_forest,5,3000,0.187,0.6654253240921546,0.027077983993915974,0.6441774812276667,0.6860434405337588,0.32046613084069897,0.07228454569731116,0.2631661306070284,0.3777661310743695,0.5387763138807488,0.027235781459987337,0.521541421616853,0.5641796045899389,0.19030119551934388,0.06663936554199294,0.1419145825925487,0.24986979593301473,0.15901286434824774,0.007896696872165895,0.15299503414183763,0.16510068851645882,0.6552063442439884,0.3114318952761212,0.01021897984816622,0.009034235564577775
learned,record,later_target_any_path,B+M+L+R,logistic,5,3000,0.187,0.6611659292595518,0.04314516669875847,0.6262898285252264,0.6929122440234537,0.3183744532864171,0.08872394111672711,0.25851541088253793,0.3921902045099234,0.6208773832451682,0.048433924774347645,0.5792583755922738,0.6559962517725435,0.37701275024550884,0.05633169404589389,0.3331100795755968,0.42091542091542095,0.22846230872123918,0.02357635319979717,0.21103334159343284,0.24812911012827574,0.6510694526256178,0.2994320725721333,0.010096476633933982,0.018942380714283835
learned,record,later_target_any_path,B+M+L+R,random_forest,5,3000,0.187,0.7546087208115183,0.03734526379062433,0.7257130616139877,0.7835043800090487,0.41565509631064135,0.0938563990067404,0.34556198174439545,0.4937449072180364,0.5759137981915369,0.029670310228981374,0.5532147976316731,0.5986127987514005,0.2806493722304054,0.07529592694025061,0.22561325262822557,0.33568549183258534,0.1425348573194783,0.0073437937580407234,0.13666345915421566,0.1479929243658606,0.6552063442439884,0.3114318952761212,0.09940237656752993,0.10422320103452015
rfm,dataset,later_capability_damage_any_path,B,logistic,5,1000,0.10356791860889647,0.5523257161230409,0.055323621150120635,0.5070431546593712,0.5917515934450296,0.14513635642164893,0.029863801586784464,0.11966072852014027,0.16539484396963458,0.5140302183418042,0.025260438616688308,0.49206493374546484,0.529546633838718,0.16602149140848832,0.03623996964667776,0.13477992595639654,0.19220001876348627,0.23480360376301687,0.020443412428476134,0.2193856176275029,0.2510243150546384,0.5619830595785377,0.14210356444773428,-0.009657343455496736,0.0030327919739146503
rfm,dataset,later_capability_damage_any_path,B,random_forest,5,1000,0.10356791860889647,0.5354204047595512,0.03824157790790818,0.5077942596884373,0.5629720041564766,0.12838900893488067,0.029145691220977325,0.10471965631608667,0.14822123691179112,0.5036958734467111,0.010084431844214231,0.4981424148606811,0.5129452054794521,0.01818181818181818,0.040655781409087086,0.0,0.05454545454545454,0.1110789909730163,0.016004415028411257,0.0986707883073304,0.12348719363870217,0.5503547907957131,0.13628898060740044,-0.014934386036161929,-0.007899971672519768
rfm,dataset,later_capability_damage_any_path,B+M,logistic,5,1000,0.10356791860889647,0.5619830595785377,0.048894912895301665,0.5243021586787491,0.5978310649865847,0.14210356444773428,0.026081416609907666,0.12114394563629557,0.16001242111233155,0.5384647970345731,0.03681589141266103,0.5096803211234165,0.5655984627781566,0.19231399644615804,0.036059725809096894,0.16122820712984648,0.21474138690633535,0.2439391508785845,0.03988060046459984,0.21328138939109292,0.27486935528292245,0.5619830595785377,0.14210356444773428,0.0,0.0
rfm,dataset,later_capability_damage_any_path,B+M,random_forest,5,1000,0.10356791860889647,0.5503547907957131,0.03529593431078656,0.5201561352391504,0.5763097297843093,0.13628898060740044,0.04193765422296481,0.10504511250714096,0.16853533051563196,0.5006465498960939,0.004514389610064144,0.4972136222910216,0.5047260273972602,0.015384615384615385,0.034401045807689073,0.0,0.046153846153846156,0.11249624404159131,0.014408006864669358,0.10163511193066226,0.12336859947663274,0.5503547907957131,0.13628898060740044,0.0,0.0
rfm,dataset,later_capability_damage_any_path,B+M+L,logistic,5,1000,0.10356791860889647,0.5366467420765066,0.05652497182984202,0.4934996904253114,0.5797937937277018,0.13087427360956444,0.0398975817273055,0.09559033842950018,0.15519877235030072,0.524241884178483,0.041026782936019364,0.4930706991186911,0.555413069238275,0.1811792698120343,0.04535561072304465,0.13898728190576068,0.20847606332252522,0.25273836468579103,0.030780342829326075,0.2290563075925412,0.27675103798829354,0.5619830595785377,0.14210356444773428,-0.025336317502031025,-0.011229290838169842
rfm,dataset,later_capability_damage_any_path,B+M+L,random_forest,5,1000,0.10356791860889647,0.5404217062082283,0.03468531813403808,0.5176352127827177,0.5701640042833545,0.1292076496322236,0.04040250842700888,0.10029266199126215,0.1588209786921305,0.49965202086602484,0.003793270193992906,0.4962848297213622,0.5026712328767123,0.014814814814814814,0.03312693299999688,0.0,0.04444444444444444,0.11358918865392602,0.013864840069455837,0.10318601447039896,0.12434117044426034,0.5503547907957131,0.13628898060740044,-0.009933084587484875,-0.007081330975176853
rfm,dataset,later_capability_damage_any_path,B+M+L+G,logistic,5,1000,0.10356791860889647,0.49854144242780796,0.046293349866548185,0.4636478628528119,0.5348058063065745,0.13681690511465852,0.052749323118918785,0.09210086128381137,0.18022907211946637,0.494154699598403,0.06101196621226943,0.4473596388781128,0.5422241031836478,0.15695332099967613,0.053624607592892774,0.11362962962962964,0.1955237608584568,0.257002256818159,0.03481485602406954,0.22953063587023514,0.28447387776608285,0.5619830595785377,0.14210356444773428,-0.06344161715072971,-0.0052866593330757605
rfm,dataset,later_capability_damage_any_path,B+M+L+G,random_forest,5,1000,0.10356791860889647,0.5269512892106074,0.028602145703669025,0.5094985651108869,0.5529108028753671,0.13888890963093742,0.04355924340974084,0.10515213829263304,0.16983525836880914,0.5020821493702023,0.0095874563228935,0.49535603715170284,0.5108904109589042,0.017391304347826087,0.038888138739126776,0.0,0.05217391304347826,0.11212624070380435,0.013565485223233146,0.10168363157415845,0.12256884983345026,0.5503547907957131,0.13628898060740044,-0.023403501585105735,0.0025999290235369787
rfm,dataset,later_capability_damage_any_path,B+M+L+G+R,logistic,5,1000,0.10356791860889647,0.8103734001954755,0.0461596032969497,0.772696298640359,0.842823246207559,0.35403239861167046,0.1355401944906844,0.25155376434675114,0.4565110328765897,0.724942560704822,0.0679405841694327,0.6744886489756565,0.7759504084022846,0.3691412828784673,0.10241026248098957,0.28954251744636855,0.4487654320987654,0.16667052437562668,0.027571431144869693,0.14553515736795655,0.18726517412057803,0.5619830595785377,0.14210356444773428,0.24839034061693788,0.21192883416393618
rfm,dataset,later_capability_damage_any_path,B+M+L+G+R,random_forest,5,1000,0.10356791860889647,0.8162265341437939,0.04861441022301034,0.7775808384470754,0.8525976414087733,0.37697583084789166,0.11676876398919782,0.2838557751395957,0.4700958865561876,0.5317213997936279,0.02683356600363819,0.5123616612365132,0.5536411792824278,0.11981481481481482,0.09018594569608611,0.054629629629629625,0.192,0.08646910900858097,0.011197447315420642,0.07779726757327883,0.09502785132561894,0.5503547907957131,0.13628898060740044,0.2658717433480807,0.24068685024049122
rfm,dataset,later_clean_any_path,B,logistic,5,1000,0.15707008796284505,0.5720558007486498,0.1268965870536882,0.4693583255416554,0.6673754964951852,0.24084342106508871,0.118708228412068,0.15014836849153926,0.3315384736386382,0.5554140574845117,0.10773133743807965,0.4689918740110103,0.6352541414146391,0.27472172057692684,0.16137914452356736,0.148894783377542,0.396182446383425,0.22770696866839515,0.01142987330695238,0.21991495500334873,0.23764537637903257,0.5716040903698669,0.24091991649945693,0.000451710378782888,-7.649543436821782e-05
rfm,dataset,later_clean_any_path,B,random_forest,5,1000,0.15707008796284505,0.6047654376228719,0.11663689381915429,0.5072497155910207,0.6896705922512374,0.26655040795988383,0.14134179159850754,0.1618053205312502,0.37526013557384397,0.5131646877430006,0.03844295782643402,0.4848594723206494,0.5411207488557157,0.11692939481986135,0.08666308260734479,0.0511156186612576,0.1827431709784651,0.14732947013895287,0.010877573224370309,0.13833002263862718,0.15653111044997586,0.6215803558632469,0.2598217617637787,-0.016814918240374954,0.006728646196105137
rfm,dataset,later_clean_any_path,B+M,logistic,5,1000,0.15707008796284505,0.5716040903698669,0.11826060579946808,0.47966523750370216,0.6571238244262048,0.24091991649945693,0.11587166189927495,0.15113408946763537,0.33070574353127846,0.5520576582392946,0.07772738501650027,0.49639967027064136,0.6206230230034457,0.2574170213894525,0.1337604363684357,0.1586612032727321,0.3711988304093567,0.204991858077839,0.028363120899281002,0.1839782591594124,0.22881250481643628,0.5716040903698669,0.24091991649945693,0.0,0.0
rfm,dataset,later_clean_any_path,B+M,random_forest,5,1000,0.15707008796284505,0.6215803558632469,0.08735611327381027,0.555050513484178,0.6884164505970057,0.2598217617637787,0.12808264292055754,0.16547722485959998,0.3601678263453705,0.509869208701456,0.03882428714201301,0.47601258127429447,0.5403566857061557,0.11757099811429184,0.07917042392247498,0.05161290322580645,0.1782510329878751,0.15000851905872165,0.010132411747898473,0.14176861085389764,0.15813103690930508,0.6215803558632469,0.2598217617637787,0.0,0.0
rfm,dataset,later_clean_any_path,B+M+L,logistic,5,1000,0.15707008796284505,0.6184336413954472,0.09352395145903282,0.5427366341042553,0.6861571281219156,0.2596078022190948,0.11700248687605337,0.16367050418727047,0.34559603472527833,0.579374945365608,0.05887578594455764,0.5337044737977978,0.6228828948491236,0.3005169349843948,0.1076335945141377,0.21246716025794124,0.3817206608024029,0.20095065178388488,0.026582510280642502,0.18063188657259768,0.2212694169951721,0.5716040903698669,0.24091991649945693,0.046829551025580285,0.018687885719637864
rfm,dataset,later_clean_any_path,B+M+L,random_forest,5,1000,0.15707008796284505,0.6442020055613106,0.08541218931691165,0.5712691805483967,0.7067277512366745,0.2703730182154338,0.1220289214384874,0.17638738220282207,0.36435865422804553,0.5152805377727578,0.012765789919522569,0.5052486302394804,0.5247808105872622,0.10706293706293706,0.03126603239556606,0.0841025641025641,0.13321678321678324,0.1464933557216911,0.009364950660206723,0.13812071757749478,0.15353187374565266,0.6215803558632469,0.2598217617637787,0.022621649698063684,0.010551256451655111
rfm,dataset,later_clean_any_path,B+M+L+G,logistic,5,1000,0.15707008796284505,0.5767516348670969,0.11358731928798356,0.4866601254207488,0.6637971385152708,0.24074938411604205,0.12023645586924225,0.14802261591367133,0.33347615231841277,0.5554534885062755,0.06932781469709638,0.5006404320715891,0.6102665449409619,0.2792785787624242,0.11395682650642472,0.19081100955982772,0.3677461479650206,0.20802324894840893,0.03385964930456824,0.18174811958638198,0.23429837831043582,0.5716040903698669,0.24091991649945693,0.005147544497229983,-0.0001705323834148842
rfm,dataset,later_clean_any_path,B+M+L+G,random_forest,5,1000,0.15707008796284505,0.6521076091738343,0.049465943696951994,0.6211407872809429,0.6963406079371088,0.262915336405339,0.08737809502871513,0.19371993252292233,0.3321107402877555,0.5335164267936444,0.028629708442949618,0.5133446062033381,0.5590390774010408,0.15804473304473304,0.06077498061550262,0.1148989898989899,0.2108225108225108,0.14645045625971406,0.010964470176398702,0.13723429393854508,0.15536447253411773,0.6215803558632469,0.2598217617637787,0.030527253310587366,0.0030935746415602927
rfm,dataset,later_clean_any_path,B+M+L+G+R,logistic,5,1000,0.15707008796284505,0.5753805846704996,0.13708762025206628,0.4639750361829508,0.6755360882020023,0.24283012029350676,0.12929495243803846,0.14491002629469857,0.340750214292315,0.5488903814123518,0.0701538919795058,0.49368928485046204,0.6012837654876423,0.2671151966313257,0.11438775732448456,0.17695804195804196,0.35356041807654714,0.2085672221210217,0.03172362738297694,0.18278693500160648,0.2317359802534805,0.5716040903698669,0.24091991649945693,0.003776494300632649,0.001910203794049825
rfm,dataset,later_clean_any_path,B+M+L+G+R,random_forest,5,1000,0.15707008796284505,0.7229354137624414,0.0721315527165389,0.6779633393059374,0.7871329921756265,0.32794181042645476,0.12310300058862776,0.2359922502565155,0.4202551889273643,0.5363598081791262,0.04212610027035816,0.5059697848410354,0.5720594899682774,0.1568456023780381,0.12125423228264579,0.06315789473684211,0.2565483476132191,0.13376535813273538,0.012558629763059475,0.12440981296263987,0.1431209033028309,0.6215803558632469,0.2598217617637787,0.10135505789919452,0.06812004866267607
rfm,dataset,later_clean_enhancement_path,B,logistic,5,1000,0.07728453454409605,0.6406791899825993,0.14750156347825752,0.5054272817967248,0.7327547192194197,0.15372901666184022,0.07005912561931553,0.09920230507268232,0.20566884225209012,0.595851494113845,0.11176550711896421,0.49150938369545916,0.6647647688929454,0.17597305133814517,0.09431315401167606,0.09832884975951742,0.2460674580742416,0.22020116490172517,0.01614477829746164,0.2082707263467897,0.2339064440122672,0.6450045798775296,0.15265802426874978,-0.004325389894930254,0.001070992393090442
rfm,dataset,later_clean_enhancement_path,B,random_forest,5,1000,0.07728453454409605,0.5852584831014759,0.08788079654042898,0.515780919407302,0.6503443815731776,0.142714355948117,0.07473131542827326,0.08930647805497853,0.19887742030884747,0.5,0.0,0.5,0.5,0.0,0.0,0.0,0.0,0.08756632027982401,0.010834757013488076,0.07854416294759484,0.09558109744487032,0.5811058295434506,0.1578626774219756,0.004152653558025299,-0.015148321473858611
rfm,dataset,later_clean_enhancement_path,B+M,logistic,5,1000,0.07728453454409605,0.6450045798775296,0.1634515588953314,0.4963778797275674,0.7555702657457435,0.15265802426874978,0.06077381481508327,0.10736657826983394,0.19932964051427265,0.5770527329429083,0.12920232459307512,0.47154283346160675,0.6761534374601068,0.16350809889173062,0.08681917907796274,0.09348739495798318,0.22794787480209475,0.1747571705279288,0.033915136719182004,0.14918095653189423,0.20282266492965872,0.6450045798775296,0.15265802426874978,0.0,0.0
rfm,dataset,later_clean_enhancement_path,B+M,random_forest,5,1000,0.07728453454409605,0.5811058295434506,0.0981536250170142,0.5013210214780893,0.6503589375638648,0.1578626774219756,0.08558263659127069,0.0892738211437706,0.22194439755617582,0.5,0.0,0.5,0.5,0.0,0.0,0.0,0.0,0.08792167628613454,0.009989753008845517,0.07991371833261574,0.09550905442056626,0.5811058295434506,0.1578626774219756,0.0,0.0
rfm,dataset,later_clean_enhancement_path,B+M+L,logistic,5,1000,0.07728453454409605,0.6678041689975739,0.14488605805577537,0.5380174659813375,0.7530949736929282,0.16888584001937063,0.09008282958559885,0.09871104813365132,0.23906063190508992,0.6110420198627056,0.119208499823801,0.5172469308865384,0.6957439706389092,0.20180709446978568,0.09615388131495663,0.12520976560385427,0.2734638794789171,0.1707145554887227,0.03570203115125671,0.14300792207263893,0.19863294831932207,0.6450045798775296,0.15265802426874978,0.022799589120044317,0.01622781575062085
rfm,dataset,later_clean_enhancement_path,B+M+L,random_forest,5,1000,0.07728453454409605,0.6285993842581556,0.11475143081158867,0.5295657564994385,0.711234822836808,0.17769860410999602,0.10179994195380984,0.09876590423618382,0.2566313039838082,0.5,0.0,0.5,0.5,0.0,0.0,0.0,0.0,0.0856650347853149,0.009670598997379615,0.07826842578388048,0.09330090727454812,0.5811058295434506,0.1578626774219756,0.047493554714705066,0.019835926688020422
rfm,dataset,later_clean_enhancement_path,B+M+L+G,logistic,5,1000,0.07728453454409605,0.6013026752311452,0.1592074667446942,0.4699343271765427,0.7134454897276828,0.13305090428012226,0.0740074840531626,0.07804880270290543,0.1949566000958391,0.5593496480437326,0.09989540463528897,0.48391184236448587,0.6339118423644858,0.15293258238837876,0.08493566541770373,0.0848116169544741,0.2186786579038395,0.17845042421124302,0.032604528819204365,0.15451907280501734,0.20477842609327077,0.6450045798775296,0.15265802426874978,-0.04370190464638435,-0.01960711998862752
rfm,dataset,later_clean_enhancement_path,B+M+L+G,random_forest,5,1000,0.07728453454409605,0.6195461818496024,0.11379869137387473,0.5399362930882525,0.7106881256922598,0.15215979482954928,0.07865710023110715,0.10050514553037415,0.22007016603625612,0.49855470368835475,0.0019922513004700603,0.4969799005387484,0.5,0.0,0.0,0.0,0.0,0.08648332095017727,0.01040764613470333,0.07854229980785915,0.09444495149434282,0.5811058295434506,0.1578626774219756,0.03844035230615184,-0.005702882592426323
rfm,dataset,later_clean_enhancement_path,B+M+L+G+R,logistic,5,1000,0.07728453454409605,0.7440092131751287,0.09454856314475077,0.6582342174333472,0.8127410815472285,0.2398709926298274,0.09720361889435117,0.1646756635957424,0.3140792969785945,0.6864291560963789,0.08127750820681354,0.6223684210526315,0.7502621144765815,0.28978560956569754,0.10793352695153731,0.20389177662268426,0.37567944250871077,0.15325520289202882,0.032039739599980153,0.12498115665859484,0.17867701974129516,0.6450045798775296,0.15265802426874978,0.09900463329759912,0.08721296836107761
rfm,dataset,later_clean_enhancement_path,B+M+L+G+R,random_forest,5,1000,0.07728453454409605,0.7478346928917213,0.10417951673544262,0.6742652061445039,0.8392627199065625,0.291432687374094,0.18864662321589706,0.1606751711547994,0.45225168112782066,0.4990184806676886,0.0014681670622262947,0.49770269119400445,0.5,0.0,0.0,0.0,0.0,0.07320610238868189,0.01093674262167453,0.06441300781906312,0.0809400250549815,0.5811058295434506,0.1578626774219756,0.16672886334827075,0.1335700099521184
rfm,dataset,later_clean_suppression_path,B,logistic,5,1000,0.0907340779608922,0.43234086827861445,0.13983758707116384,0.3162870966427695,0.5348380040669035,0.1195354158561158,0.05449363466122488,0.07843664870791814,0.16063418300431348,0.4855900682580909,0.0655248362224379,0.42956449935498836,0.5289896954170766,0.12451149354660584,0.07980020928739269,0.054987080103359176,0.17909778649481647,0.24014882417941688,0.024623336488134622,0.22148039965257502,0.25881724870625866,0.43978254795573896,0.12386400797973166,-0.007441679677124502,-0.00432859212361586
rfm,dataset,later_clean_suppression_path,B,random_forest,5,1000,0.0907340779608922,0.4845093543382797,0.06061336424288998,0.43331813265221425,0.5285717102779692,0.09753474667210126,0.03431064941138916,0.07062619910453544,0.1241969344753205,0.4944856222629886,0.0062393438540140215,0.4896122701670028,0.49935897435897436,0.0,0.0,0.0,0.0,0.10450780338728374,0.015408688709066469,0.09269889999067361,0.11631670678389386,0.4968052006260562,0.09657952093561945,-0.012295846287776524,0.0009552257364818101
rfm,dataset,later_clean_suppression_path,B+M,logistic,5,1000,0.0907340779608922,0.43978254795573896,0.141234830035943,0.3174494576665293,0.5260238510153306,0.12386400797973166,0.05344906921668273,0.08106209995633297,0.163939154604931,0.5001699577505627,0.07156525831167804,0.4475374104591374,0.5530075863390819,0.1345776125095347,0.09443370997682961,0.0658276125095347,0.20559210526315788,0.19440957578479506,0.039156017882401674,0.16359202734093067,0.22389396963134095,0.43978254795573896,0.12386400797973166,0.0,0.0
rfm,dataset,later_clean_suppression_path,B+M,random_forest,5,1000,0.0907340779608922,0.4968052006260562,0.04848476678504241,0.45416379197383866,0.5311689506806968,0.09657952093561945,0.03461352553503847,0.06981043851582343,0.1243956646998154,0.49808508900865595,0.00285079039177542,0.4955373183080189,0.5,0.0,0.0,0.0,0.0,0.10774702001047931,0.01310614459501026,0.09702045257676482,0.11766015501593667,0.4968052006260562,0.09657952093561945,0.0,0.0
rfm,dataset,later_clean_suppression_path,B+M+L,logistic,5,1000,0.0907340779608922,0.4988852497637205,0.14706643696634167,0.3634053222133529,0.5858655907418591,0.12425158931267948,0.055821334091337146,0.08283637316946665,0.1656668054558923,0.5137080198636479,0.07926826634741069,0.4481122281297127,0.5699172772124926,0.1484746315732231,0.09883221090480086,0.07142857142857142,0.22028930338789493,0.19244465184574494,0.032835384957649476,0.16523595642652075,0.21620108759297288,0.43978254795573896,0.12386400797973166,0.05910270180798155,0.00038758133294782005
rfm,dataset,later_clean_suppression_path,B+M+L,random_forest,5,1000,0.0907340779608922,0.5757216285256304,0.021252669872734192,0.5596696858824851,0.5934416698436904,0.12043079348630319,0.0410094026701881,0.09061703922723185,0.15152966356358472,0.49839743589743596,0.0035834422716342906,0.49519230769230765,0.5,0.0,0.0,0.0,0.0,0.10147327662522485,0.01519227461165605,0.08942202142077663,0.11352453182967306,0.4968052006260562,0.09657952093561945,0.07891642789957415,0.02385127255068374
rfm,dataset,later_clean_suppression_path,B+M+L+G,logistic,5,1000,0.0907340779608922,0.5266293403301973,0.13019947087505587,0.4113802806673565,0.6060752003976619,0.13026562952284593,0.04719845667201328,0.09364199313019786,0.16372320004105118,0.5105173231630664,0.0641498593798151,0.4619978381476633,0.5581925081734626,0.14778699046550842,0.08183687601762529,0.08454200016169457,0.20924050017029144,0.19196618172091864,0.02914556616535331,0.16695950596697332,0.21033663989236712,0.43978254795573896,0.12386400797973166,0.0868467923744583,0.006401621543114272
rfm,dataset,later_clean_suppression_path,B+M+L+G,random_forest,5,1000,0.0907340779608922,0.6527437078123253,0.08052545123870215,0.5917563116796245,0.7184768618987096,0.20351224016758476,0.07400199658335956,0.14804174506891785,0.2652861497681246,0.5134640518431842,0.02313611520024685,0.4963476442292608,0.5316164696911932,0.06818181818181818,0.07025468557193715,0.016666666666666666,0.12121212121212119,0.09647105371414998,0.01760459007662651,0.08270831627274185,0.11023379115555809,0.4968052006260562,0.09657952093561945,0.15593850718626906,0.10693271923196532
rfm,dataset,later_clean_suppression_path,B+M+L+G+R,logistic,5,1000,0.0907340779608922,0.6512647615983436,0.10853220868946381,0.5571568456835242,0.7284679344064415,0.2424656196826863,0.11657931122106127,0.15482704212704923,0.33010419723832335,0.6140231390627923,0.09812554389812761,0.5325920786077198,0.6777834293146041,0.24652500208724915,0.12736523046046447,0.14640470462443197,0.33656665761607385,0.1695882249430227,0.02424844581156833,0.1500326820980084,0.18740460884660948,0.43978254795573896,0.12386400797973166,0.2114822136426046,0.11860161170295463
rfm,dataset,later_clean_suppression_path,B+M+L+G+R,random_forest,5,1000,0.0907340779608922,0.7948468490139682,0.0619203426014717,0.7446500493049649,0.8410831471747532,0.35866646408117364,0.09825919604308238,0.2873129597903463,0.4424197213795912,0.5264169457535288,0.019649370403794178,0.511524172666414,0.5429466779742698,0.10120505157620747,0.0690783292975758,0.04665959703075291,0.15575050612166202,0.0817731036280436,0.017364979786200982,0.06825854731144311,0.09528765994464408,0.4968052006260562,0.09657952093561945,0.298041648387912,0.2620869431455542
rfm,dataset,later_enhancement_path,B,logistic,5,1000,0.08524202518318517,0.6523056409215304,0.09064706872117577,0.5772484826077402,0.7119697168786573,0.16586439897190652,0.05862776502583519,0.12104751045857576,0.21455358722880796,0.5788612127868709,0.06942670967710611,0.5275215282370829,0.637680494634137,0.18909560088950295,0.07377239348741874,0.1323281596452328,0.24586304213377314,0.2182501189621501,0.02220084791716198,0.2009868888930908,0.23640771771797647,0.6506983009018192,0.1637408521833493,0.0016073400197111898,0.0021235467885572235
rfm,dataset,later_enhancement_path,B,random_forest,5,1000,0.08524202518318517,0.6063858191767595,0.07012342135613958,0.553580716600511,0.659190921753008,0.15676645854310545,0.05956983468706481,0.10932831270277346,0.19905589847796556,0.5097721777854228,0.028290246702703418,0.49523809523809526,0.5353771394168746,0.042105263157894736,0.09415023063157009,0.0,0.12631578947368421,0.09440107089301206,0.010645183796801383,0.08571459775396315,0.10228676362363427,0.5899937265243019,0.14871632180334812,0.016392092652457557,0.008050136739757324
rfm,dataset,later_enhancement_path,B+M,logistic,5,1000,0.08524202518318517,0.6506983009018192,0.09384877819569451,0.5702141002389767,0.7120014928111726,0.1637408521833493,0.05257363280210146,0.12352418884507417,0.20408696726368278,0.5796685371880773,0.07027480023280952,0.5250981595607533,0.6328045832019342,0.19488340362503945,0.08448835642062168,0.13246733855916387,0.262036030273958,0.18192948134772963,0.018444849976646967,0.1681618020934193,0.19609953926011822,0.6506983009018192,0.1637408521833493,0.0,0.0
rfm,dataset,later_enhancement_path,B+M,random_forest,5,1000,0.08524202518318517,0.5899937265243019,0.08627480692279929,0.526120860204362,0.6538665928442419,0.14871632180334812,0.05596807016862229,0.10239596659560057,0.1832456192959506,0.49745796422120925,0.0027459136522842756,0.49537713941687456,0.49943181818181814,0.0,0.0,0.0,0.0,0.09432462911472282,0.008536788819943658,0.08725770999922426,0.1007707434664421,0.5899937265243019,0.14871632180334812,0.0,0.0
rfm,dataset,later_enhancement_path,B+M+L,logistic,5,1000,0.08524202518318517,0.6808793268819773,0.0892739956552491,0.5991854812352371,0.7417205218974671,0.19772163810934104,0.09144976878183439,0.13053527608720156,0.27537807091334116,0.5928760163628771,0.07995117782564927,0.5258084624942105,0.65667961545445,0.20803434276936583,0.08375278222881558,0.14225916172920783,0.27380952380952384,0.17658854244445057,0.024017831832869613,0.15843452366267444,0.1947425612262267,0.6506983009018192,0.1637408521833493,0.03018102598015804,0.03398078592599174
rfm,dataset,later_enhancement_path,B+M+L,random_forest,5,1000,0.08524202518318517,0.6216727304007212,0.10314916346221228,0.5374931368461277,0.6958487070324819,0.1877787810184532,0.08934442475562189,0.12206643875840735,0.25541567342819654,0.5063419913419913,0.01510498420938409,0.499025974025974,0.5199999999999999,0.025,0.05590169943749475,0.0,0.075,0.0924185975202478,0.008481108143135107,0.08617230948680035,0.09931197505379176,0.5899937265243019,0.14871632180334812,0.03167900387641931,0.039062459215105066
rfm,dataset,later_enhancement_path,B+M+L+G,logistic,5,1000,0.08524202518318517,0.6134623743306575,0.11494194278935113,0.527489625667737,0.7065809839764723,0.14685437261801584,0.07474482376418014,0.09455018354961911,0.21247126359995963,0.5604751691253052,0.11958532848373046,0.4847774456538768,0.6615831266571037,0.18115788259716295,0.1233879084702255,0.09785953177257525,0.28980509745127436,0.18703874334102574,0.020512799158484894,0.171093092845714,0.2029843938363375,0.6506983009018192,0.1637408521833493,-0.037235926571161704,-0.016886479565333457
rfm,dataset,later_enhancement_path,B+M+L+G,random_forest,5,1000,0.08524202518318517,0.6303506057624054,0.12196340656064845,0.5503694451138194,0.7336277719369226,0.17538011789725672,0.13538962900591048,0.09488257792626108,0.29428907389219283,0.49717337565491926,0.0032546371060433823,0.49456695429849795,0.49943181818181814,0.0,0.0,0.0,0.0,0.093046918661601,0.011345335828927416,0.08444146034785795,0.1021439467762475,0.5899937265243019,0.14871632180334812,0.040356879238103494,0.026663796093908593
rfm,dataset,later_enhancement_path,B+M+L+G+R,logistic,5,1000,0.08524202518318517,0.7452842839120384,0.09389392101221503,0.6720387707655768,0.8195140494048814,0.2698781753103046,0.07954095241882443,0.20147766906133832,0.32905162129120813,0.6856480091831336,0.07516770569077841,0.6326791973653403,0.7494032567873627,0.31087890738590807,0.10640113036460046,0.22306671957372032,0.38810841332580465,0.15642666579099512,0.025382412549788635,0.13592837921846374,0.1734253700913645,0.6506983009018192,0.1637408521833493,0.09458598301021914,0.10613732312695531
rfm,dataset,later_enhancement_path,B+M+L+G+R,random_forest,5,1000,0.08524202518318517,0.7570719814589365,0.09185174200915884,0.6956746437050177,0.838322980673974,0.2969229002821686,0.1591171518954547,0.1714378824220334,0.41586243584173166,0.518574934371924,0.017385967325452775,0.5052112120015791,0.5319386567422689,0.07315347191508181,0.06813988160202526,0.021052631578947368,0.12525431225121628,0.07852831483686565,0.009726322795237918,0.07104842518131758,0.08588260479296157,0.5899937265243019,0.14871632180334812,0.16707825493463457,0.1482065784788205
rfm,dataset,later_neighbor_damage_any_path,B,logistic,5,1000,0.0881618439933094,0.5801355016596007,0.06630878661219028,0.5283135106347722,0.6319574926844295,0.15125268167485148,0.0761088127470303,0.09289180720652253,0.21477726096288846,0.5417525740588778,0.03557573392700986,0.5148118486575286,0.5703844340106204,0.17128438442997598,0.057811328932846136,0.12301626545217959,0.21149224246276524,0.2390759318316885,0.04337154206308916,0.2076373362168494,0.2758545080760738,0.5514735847928417,0.12077191120005226,0.028661916866759007,0.030480770474799218
rfm,dataset,later_neighbor_damage_any_path,B,random_forest,5,1000,0.0881618439933094,0.569166475025185,0.04807314910565244,0.5368579957446749,0.6129766996301116,0.13777306498755099,0.07131335926038634,0.09078527834158866,0.19831702235526033,0.4986754966887418,0.002961679440397063,0.4960264900662252,0.5,0.0,0.0,0.0,0.0,0.09659691686831474,0.01720978207653169,0.08357622017259882,0.10961761356403066,0.5758018703999217,0.12990087260174693,-0.0066353953747366745,0.007872192385804055
rfm,dataset,later_neighbor_damage_any_path,B+M,logistic,5,1000,0.0881618439933094,0.5514735847928417,0.06476407823707153,0.5023408231781765,0.6006063464075069,0.12077191120005226,0.04439074864710027,0.08312758757878728,0.1487449775011458,0.4897543853518614,0.07830976535428115,0.42113249951143256,0.5392364627970394,0.1286688848068947,0.08577195439707186,0.05819672131147541,0.18995228687946922,0.20374885128166928,0.062228962716407515,0.15594186626817613,0.251574639921631,0.5514735847928417,0.12077191120005226,0.0,0.0
rfm,dataset,later_neighbor_damage_any_path,B+M,random_forest,5,1000,0.0881618439933094,0.5758018703999217,0.043726598884926825,0.5466161799182427,0.6154819985218106,0.12990087260174693,0.04604750535907632,0.09698235768089414,0.16864783797093158,0.4993377483443709,0.0014808397201985437,0.49801324503311256,0.5,0.0,0.0,0.0,0.0,0.09647246757991053,0.018312293012330578,0.08211218040025489,0.11084623947421028,0.5758018703999217,0.12990087260174693,0.0,0.0
rfm,dataset,later_neighbor_damage_any_path,B+M+L,logistic,5,1000,0.0881618439933094,0.5748636792993326,0.05018951337423542,0.5376369260506022,0.6127051852459353,0.13255169942475029,0.046690449603919645,0.08981380854607088,0.16467544412582866,0.5149817841003157,0.04904525995725786,0.47815684290041294,0.555954277663792,0.1420229953683601,0.07447550915780332,0.08737588652482269,0.19700255102040817,0.2065150800158059,0.06973583525803213,0.1531698250914219,0.26112423121551287,0.5514735847928417,0.12077191120005226,0.023390094506490877,0.011779788224698023
rfm,dataset,later_neighbor_damage_any_path,B+M+L,random_forest,5,1000,0.0881618439933094,0.5767777672978869,0.05631962672773302,0.5405615410642783,0.6286618557382667,0.11061116715964263,0.03449822710135502,0.08058841663337377,0.13336821544495617,0.4975935622978592,0.0038099981441699063,0.49410519020483595,0.5,0.0,0.0,0.0,0.0,0.09731635994186562,0.018481169655423218,0.08300154712482814,0.11163117275890308,0.5758018703999217,0.12990087260174693,0.0009758968979651783,-0.019289705442104302
rfm,dataset,later_neighbor_damage_any_path,B+M+L+G,logistic,5,1000,0.0881618439933094,0.5307785920052596,0.05105905405094959,0.4926881983619628,0.569560951680157,0.11497519927628815,0.039122625858509376,0.08528830296696653,0.15025791742646838,0.48006508152286714,0.036489911211356446,0.4533389804404743,0.50679118260526,0.10543473427302734,0.0533192325980884,0.0643189368770764,0.14656146093388808,0.21592426028882486,0.07521421199367731,0.15700667609752111,0.27484184448012855,0.5514735847928417,0.12077191120005226,-0.020694992787582134,-0.005796711923764117
rfm,dataset,later_neighbor_damage_any_path,B+M+L+G,random_forest,5,1000,0.0881618439933094,0.5490289862228563,0.032369669917494744,0.5252518735700005,0.5728060988757123,0.1127558689464124,0.03682972421307356,0.08571123483359745,0.14219745762341549,0.4994186046511627,0.0013000395218022056,0.4982558139534884,0.5,0.0,0.0,0.0,0.0,0.09603040367892754,0.017526353083837463,0.08314403867874547,0.10967115503240008,0.5758018703999217,0.12990087260174693,-0.02677288417706536,-0.01714500365533453
rfm,dataset,later_neighbor_damage_any_path,B+M+L+G+R,logistic,5,1000,0.0881618439933094,0.7800360641264981,0.0772933011758753,0.7272494737922892,0.8480811953504374,0.3498777828762208,0.1211596523726875,0.25607617335900484,0.44088208971633336,0.7078742535244202,0.0731461866780137,0.6518902407721135,0.763858266276727,0.3139449697589233,0.06390807013558471,0.26666666666666666,0.36417710196779923,0.1608851522643419,0.03878984101919397,0.13130574991291527,0.18900301555124083,0.5514735847928417,0.12077191120005226,0.22856247933365637,0.22910587167616853
rfm,dataset,later_neighbor_damage_any_path,B+M+L+G+R,random_forest,5,1000,0.0881618439933094,0.8308653883906741,0.06269143758712262,0.7899359566712871,0.8862625641852008,0.42495513030491994,0.02919906987553582,0.3992452966338481,0.44388525821242697,0.5385895712834298,0.037501200532000754,0.5094186046511628,0.5677605379156967,0.13636991028295375,0.13064967819475712,0.034782608695652174,0.23795721187025531,0.07444390530273383,0.016466826935286772,0.061076056662876785,0.08655513462496896,0.5758018703999217,0.12990087260174693,0.25506351799075244,0.295054257703173
rfm,dataset,later_suppression_path,B,logistic,5,1000,0.0966869592535045,0.4319601131003524,0.13229664380639455,0.3233448316154278,0.5253290252084465,0.12690915302447542,0.05525221208513508,0.0855919076627851,0.16751820275540102,0.47198142202833615,0.075985423730709,0.40613349537529864,0.5209920507102395,0.12675348968361894,0.08507538681585199,0.05818699572852397,0.18752058480941478,0.24305219601854294,0.025803434735024836,0.22345810639294897,0.2626462856441369,0.4350029138380241,0.1286900124842826,-0.003042800737671658,-0.001780859459807188
rfm,dataset,later_suppression_path,B,random_forest,5,1000,0.0966869592535045,0.46525046681261184,0.06426567272633348,0.41621501447301934,0.5133114585343884,0.10439384026597387,0.037181999822464847,0.07278392263010573,0.1317994918149527,0.4956063780090446,0.0042582864001554565,0.4924032322085653,0.4988095238095238,0.0,0.0,0.0,0.0,0.10970629869204931,0.020081943679747576,0.09442268011239045,0.12498991727170816,0.4971601210883203,0.10501706435845284,-0.031909654275708466,-0.0006232240924789745
rfm,dataset,later_suppression_path,B+M,logistic,5,1000,0.0966869592535045,0.4350029138380241,0.1397957114314289,0.31401710292530494,0.5191152312028058,0.1286900124842826,0.057180500157842,0.08276636941653451,0.17160783133648977,0.4973332619812501,0.08438260276112002,0.42787095894371474,0.5525346091160088,0.13434343434343432,0.08627350722660262,0.06666666666666668,0.19494949494949496,0.19641823286088297,0.03607990170125337,0.1678520787459867,0.22498438697577922,0.4350029138380241,0.1286900124842826,0.0,0.0
rfm,dataset,later_suppression_path,B+M,random_forest,5,1000,0.0966869592535045,0.4971601210883203,0.043586839254663584,0.46446581923764113,0.5299003810441134,0.10501706435845284,0.0369934664312551,0.07577842791772085,0.13301842003377198,0.5025359168517667,0.00963431427533703,0.49617834394904464,0.5114294066062555,0.019047619047619046,0.04259177099999599,0.0,0.05714285714285714,0.11455009229611542,0.017069714090025962,0.10143900132930224,0.1271215300678212,0.4971601210883203,0.10501706435845284,0.0,0.0
rfm,dataset,later_suppression_path,B+M+L,logistic,5,1000,0.0966869592535045,0.50002278731375,0.14856375733530008,0.365334995150569,0.5899127384870416,0.12625771693252716,0.058727984028619416,0.08272882225992302,0.1697866116051313,0.51972977543907,0.0885206714968588,0.4420216509355853,0.5695125213260671,0.16424912033120925,0.10547794778394916,0.08007736943907155,0.2370982764214029,0.19375049795107044,0.03185096480366326,0.16976732697390984,0.2186074831852512,0.4350029138380241,0.1286900124842826,0.06501987347572596,-0.002432295551755448
rfm,dataset,later_suppression_path,B+M+L,random_forest,5,1000,0.0966869592535045,0.548176449374526,0.0389997197396989,0.5173017520501914,0.5768764957895407,0.12716807595490986,0.06005279276242419,0.08359307372505777,0.17288433489683355,0.4973762951053947,0.00420381783039182,0.49351777420507326,0.5,0.0,0.0,0.0,0.0,0.10706770658189999,0.017847315436544674,0.09344004582804946,0.12069536733575052,0.4971601210883203,0.10501706435845284,0.051016328286205725,0.02215101159645702
rfm,dataset,later_suppression_path,B+M+L+G,logistic,5,1000,0.0966869592535045,0.5243708549136803,0.13548445741811974,0.407237504053236,0.6154637305989274,0.13203608187867294,0.051744464253150095,0.09194940543304378,0.17022147099345455,0.5014540518180288,0.06328980851315988,0.44967937572445765,0.5513227462740539,0.14078297900748046,0.07444480706948453,0.08513208487056148,0.19647975708502,0.19682492418400266,0.029684824342461908,0.1732184119714035,0.21850196576116412,0.4350029138380241,0.1286900124842826,0.08936794107565621,0.003346069394390333
rfm,dataset,later_suppression_path,B+M+L+G,random_forest,5,1000,0.0966869592535045,0.6393311011776753,0.07687902151353018,0.5830658879794732,0.7028334825755731,0.18090643924276678,0.050152968973724205,0.14195237314364734,0.21986050534188623,0.503804687255954,0.013844201552826287,0.49296290986544333,0.5146464646464647,0.032,0.04381780460041329,0.0,0.064,0.10297771617437401,0.018307528720954928,0.08899147976817026,0.11696395258057776,0.4971601210883203,0.10501706435845284,0.14217098008935503,0.07588937488431394
rfm,dataset,later_suppression_path,B+M+L+G+R,logistic,5,1000,0.0966869592535045,0.6450092097342228,0.11213078713369772,0.559820317828812,0.7268368399196372,0.23710454769268113,0.12635033383460917,0.14128789009840453,0.33683763765077873,0.6107081596475054,0.08342184248774183,0.5480480786995995,0.6741307934799752,0.2566523153463452,0.13083688415080424,0.1592805204745503,0.35402411021814006,0.17536054206542953,0.029467921773637502,0.15126439646645523,0.19719491509694728,0.4350029138380241,0.1286900124842826,0.21000629589619874,0.10841453520839853
rfm,dataset,later_suppression_path,B+M+L+G+R,random_forest,5,1000,0.0966869592535045,0.791080808154752,0.051770621338766865,0.7464704399372335,0.8283703156130586,0.33469385094866755,0.07203002855992566,0.27733580288193116,0.3884417388438538,0.5388781264821929,0.04247299800188343,0.5109938672438672,0.5781976754753086,0.13508158508158508,0.1282530637234166,0.047435897435897434,0.2517482517482518,0.08665285785568758,0.019151169497437958,0.07201451499040981,0.1008738642486026,0.4971601210883203,0.10501706435845284,0.2939206870664317,0.2296767865902147
rfm,dataset,later_target_any_path,B,logistic,5,1000,0.16977564061743805,0.5834363111255428,0.12429333346981605,0.48703051194011887,0.6743903311523904,0.25503073180587454,0.10969816653328889,0.17289695226488672,0.3349739094107987,0.557537891067027,0.09957749181176985,0.48200424273540204,0.6298359064799282,0.28979182947129417,0.15269680706968278,0.1650943396226415,0.4020140273163529,0.22895966901137316,0.016010308080033318,0.2165043878496496,0.24066043227509276,0.5867501024903783,0.26211441252787926,-0.00331379136483545,-0.007083680722004715
rfm,dataset,later_target_any_path,B,random_forest,5,1000,0.16977564061743805,0.5857378309038238,0.09261191918439439,0.5164833401810943,0.6549923216265533,0.25643399033510333,0.11113618884658805,0.17311206016634664,0.3422690588637679,0.524183696271176,0.04903366830748205,0.48132678676382074,0.5546765468748696,0.1655506377308205,0.09587983279796483,0.07805063773082048,0.22633495145631066,0.15822122978681946,0.00974324848693449,0.15125048350741532,0.16617804133891642,0.5968772591611169,0.2568164660479926,-0.011139428257293083,-0.00038247571288924087
rfm,dataset,later_target_any_path,B+M,logistic,5,1000,0.16977564061743805,0.5867501024903783,0.11842915928815177,0.4833182503770739,0.6707129963898917,0.26211441252787926,0.11167651642109215,0.17625131508243788,0.3449744074131355,0.5695306742875725,0.07993873915447544,0.510568549557779,0.6360653275671775,0.2982628237780202,0.1293312338510348,0.20100633283731875,0.40230757072862333,0.21023079580747436,0.018176461482696245,0.19607886905725314,0.22438272255769567,0.5867501024903783,0.26211441252787926,0.0,0.0
rfm,dataset,later_target_any_path,B+M,random_forest,5,1000,0.16977564061743805,0.5968772591611169,0.08143211173427767,0.5343485927411649,0.6594059255810689,0.2568164660479926,0.09438964916083682,0.1882033605131807,0.32945499449726257,0.5227531954706313,0.03006533197135177,0.4990862711330227,0.5464201198082399,0.1439250969204886,0.0800011117886084,0.08450491307634164,0.21059176358715526,0.1599323914836703,0.009172920733905241,0.152874760332342,0.16731782534470238,0.5968772591611169,0.2568164660479926,0.0,0.0
rfm,dataset,later_target_any_path,B+M+L,logistic,5,1000,0.16977564061743805,0.6359062897647925,0.09403302972622704,0.5619041968826282,0.7025605949920273,0.29056970727633313,0.11618817661505022,0.19688647262764963,0.373266294001297,0.5886434879379742,0.07191897668794199,0.531446687203204,0.639773716307735,0.3274401142916818,0.12258434874289124,0.2270256572695597,0.416397812123419,0.2048639147640802,0.021164740355015248,0.18766225594743607,0.22019114081050328,0.5867501024903783,0.26211441252787926,0.049156187274414176,0.028455294748453874
rfm,dataset,later_target_any_path,B+M+L,random_forest,5,1000,0.16977564061743805,0.6461008194736964,0.05493534270252455,0.6024359794113578,0.6873774766031139,0.2726145004418941,0.09361080806716851,0.199995640056704,0.3431511514284106,0.5186805303753532,0.03745958526247877,0.4882885765197776,0.5438945406757683,0.1351821621790662,0.09173672813315352,0.06707070707070707,0.20263314257122306,0.15454261433712468,0.00811054956155273,0.14845469103330497,0.1612099557840906,0.5968772591611169,0.2568164660479926,0.04922356031257946,0.01579803439390154
rfm,dataset,later_target_any_path,B+M+L+G,logistic,5,1000,0.16977564061743805,0.6023995411453417,0.10549817729147294,0.5252843797110653,0.6795301209187762,0.25993249903436166,0.1194470698833351,0.1665070850123338,0.35335791305638947,0.5631941589669909,0.07789737882298585,0.5015119302401051,0.6248763876938768,0.30283055498216227,0.1238780794654035,0.2042614590044641,0.4013996509598604,0.2126018317611548,0.029205244379585635,0.1897792847199756,0.23347144748322646,0.5867501024903783,0.26211441252787926,0.015649438654963377,-0.0021819134935175954
rfm,dataset,later_target_any_path,B+M+L+G,random_forest,5,1000,0.16977564061743805,0.6552008799349988,0.041036219115830684,0.6269800564091895,0.6869247207479411,0.27041639109861704,0.0903602876644483,0.20118675580746234,0.3396460263897717,0.5114309449666189,0.025377394431952343,0.4903444118709239,0.5301696159051517,0.12363281830951003,0.05346626154120926,0.08023200859291084,0.16344377427084195,0.1540623687749652,0.010106215518896384,0.1461704074843058,0.16219338264850736,0.5968772591611169,0.2568164660479926,0.05832362077388187,0.013599925050624462
rfm,dataset,later_target_any_path,B+M+L+G+R,logistic,5,1000,0.16977564061743805,0.596180793936135,0.11730131618401624,0.5044487970045044,0.6791336638109092,0.25529295776674477,0.11758792456834234,0.1630678208611349,0.34584470446821314,0.5629198192312976,0.0852901173401116,0.49794555694966947,0.6278940815129259,0.29808081324016233,0.13502653129384593,0.19575425610658773,0.4004073703737371,0.21424786132025594,0.026855314885412998,0.19257596559992476,0.23436806085914047,0.5867501024903783,0.26211441252787926,0.0094306914457567,-0.006821454761134493
rfm,dataset,later_target_any_path,B+M+L+G+R,random_forest,5,1000,0.16977564061743805,0.7390472158537461,0.04490906860057517,0.7157893203827473,0.7797014515880962,0.340442497830321,0.09631153415507172,0.265935577695786,0.4149494179648559,0.5233713022247871,0.022242364258036558,0.5035556476111571,0.5395135829028448,0.12923845193508116,0.08088531197451314,0.058127340823970045,0.18666666666666665,0.1393510911638859,0.013492920026541188,0.12937296703483953,0.14927081344358778,0.5968772591611169,0.2568164660479926,0.14216995669262922,0.08362603178232841
rfm,domain,later_capability_damage_any_path,B,logistic,5,1000,0.10506215517843424,0.6133369049547668,0.06925483615198007,0.5657574649609161,0.6728856353198254,0.18157999226291913,0.05925928245022348,0.13570981851583971,0.22597895917843447,0.5652536177800218,0.08099442243245104,0.5175004315725175,0.6389998462429882,0.2179459566693609,0.10121134365351886,0.1465930825930826,0.30252482269503544,0.22678911308219435,0.01407704624214486,0.21637706334649676,0.23814933067148497,0.5916147008394338,0.15803347615849148,0.021722204115332988,0.02354651610442765
rfm,domain,later_capability_damage_any_path,B,random_forest,5,1000,0.10506215517843424,0.5844971173625437,0.05250787325934638,0.551523714366551,0.6327912785788623,0.2054224386320191,0.07921934467445753,0.13684712702555418,0.260732647354226,0.5003423434150989,0.002833415469646138,0.4981424148606811,0.5028846153846154,0.013333333333333332,0.02981423969999719,0.0,0.04,0.10675824529051389,0.01518279735119813,0.09529900475568073,0.11853260882655223,0.5872247355764098,0.18925506606041848,-0.002727618213866023,0.016167372571600613
rfm,domain,later_capability_damage_any_path,B+M,logistic,5,1000,0.10506215517843424,0.5916147008394338,0.04989398010207311,0.5564925968919872,0.6303436516563812,0.15803347615849148,0.05883336218213834,0.11411097589353869,0.20705442440932637,0.5494549562912409,0.05155819442309303,0.5164506851262536,0.5943907938246984,0.20353359154623277,0.06729110606635472,0.1548161373514401,0.259657024525982,0.24438452075403908,0.030911133326548337,0.21796157832034818,0.2646981737883978,0.5916147008394338,0.15803347615849148,0.0,0.0
rfm,domain,later_capability_damage_any_path,B+M,random_forest,5,1000,0.10506215517843424,0.5872247355764098,0.06373951238809572,0.5501275104261392,0.6454774329337833,0.18925506606041848,0.072154192337658,0.1324028722531582,0.2393674367579482,0.5111440551609141,0.028958647529271558,0.4959785303312666,0.5376863446630888,0.057777777777777775,0.09635325950523911,0.0,0.14666666666666667,0.11095267491539859,0.013668415086222225,0.10094344067288086,0.12145257689025435,0.5872247355764098,0.18925506606041848,0.0,0.0
rfm,domain,later_capability_damage_any_path,B+M+L,logistic,5,1000,0.10506215517843424,0.5554516957841525,0.059583959106662386,0.5124309020013353,0.603615961256359,0.14289507058139525,0.0691421655346605,0.09357404860991672,0.19954045044972685,0.5448020980249336,0.059325650334159714,0.5061579200617929,0.5947086423308613,0.20137824503342242,0.077906356749592,0.14323488045007032,0.2632080982556807,0.25576666713667817,0.01726816335153833,0.24177963482710912,0.267540985923834,0.5916147008394338,0.15803347615849148,-0.03616300505528125,-0.015138405577096226
rfm,domain,later_capability_damage_any_path,B+M+L,random_forest,5,1000,0.10506215517843424,0.5855520372411857,0.042788460834170566,0.5500148201403212,0.618343507098097,0.18439067801642745,0.07191867482777776,0.12466810488960735,0.2370116524541545,0.5010051996507106,0.006307346754046459,0.4962848297213622,0.5067307692307692,0.014285714285714285,0.031943828249996996,0.0,0.04285714285714286,0.11063278454893813,0.015277214616313754,0.09907537129580689,0.12303228338235758,0.5872247355764098,0.18925506606041848,-0.0016726983352240987,-0.00486438804399103
rfm,domain,later_capability_damage_any_path,B+M+L+G,logistic,5,1000,0.10506215517843424,0.5177592441022942,0.04539827874808259,0.4858821585845128,0.555631392985666,0.12819527019281068,0.05121616724118831,0.08935965871462144,0.16989658365211419,0.502319392071047,0.03032030132734185,0.47581354359835426,0.5214303612612156,0.17054421955127325,0.05783385824953856,0.12197820856420966,0.20825465726171094,0.26140389706818684,0.019547942028838205,0.24322656849139493,0.2745228943089223,0.5916147008394338,0.15803347615849148,-0.07385545673713956,-0.029838205965680792
rfm,domain,later_capability_damage_any_path,B+M+L+G,random_forest,5,1000,0.10506215517843424,0.5418319196640963,0.022046732864412368,0.5257947265080951,0.5597325974888705,0.16337424107894338,0.0661442129024792,0.10839854340460495,0.21884801516377178,0.5019776534095419,0.00936889391137791,0.49535603715170284,0.5105769230769232,0.015384615384615385,0.034401045807689073,0.0,0.046153846153846156,0.11282302059486211,0.017545806531839497,0.09969791355002827,0.1268900438726825,0.5872247355764098,0.18925506606041848,-0.04539281591231348,-0.025880824981475092
rfm,domain,later_capability_damage_any_path,B+M+L+G+R,logistic,5,1000,0.10506215517843424,0.818122685040185,0.05293606668377956,0.7707031814325519,0.8543040624206475,0.4051091962106625,0.19038105111605702,0.2540789721221494,0.5561394202991756,0.7481192295764183,0.05966992728884494,0.7012751503278388,0.794963308824998,0.39002979991485737,0.11367141791110037,0.29977011494252875,0.48028948488718604,0.16886208506520273,0.03885857271081124,0.14292567748591972,0.20471560101446107,0.5916147008394338,0.15803347615849148,0.22650798420075124,0.24707572005217102
rfm,domain,later_capability_damage_any_path,B+M+L+G+R,random_forest,5,1000,0.10506215517843424,0.8306839905233689,0.050718846995006305,0.7915807206947589,0.8696059659294952,0.4127263968146536,0.15203400215885732,0.2920622917196603,0.5271370393146484,0.5512580356783155,0.012785383455244822,0.5416836723015377,0.5615888980863614,0.1874074074074074,0.04092885861790016,0.1565925925925926,0.22044444444444444,0.08517016776169992,0.010749856548176123,0.07665934787512071,0.09308360744013482,0.5872247355764098,0.18925506606041848,0.2434592549469592,0.22347133075423514
rfm,domain,later_clean_any_path,B,logistic,5,1000,0.1589918988756198,0.6205935406808534,0.0773083919224622,0.5623445438898195,0.6786428014945922,0.2668385880910692,0.08094269121893566,0.2055496199424356,0.32812755623970286,0.585722550728742,0.05296384210012025,0.5428249600739757,0.6252390082816168,0.30947349969446936,0.07586962975539033,0.2502589790772166,0.3675682996672084,0.22576601410828406,0.01741748647098257,0.21240584466608464,0.23862970114471813,0.5975135125165287,0.24501740684810286,0.02308002816432464,0.021821181242966337
rfm,domain,later_clean_any_path,B,random_forest,5,1000,0.1589918988756198,0.5974754435314507,0.09342065496209281,0.5249380895964589,0.6700127974664423,0.2628848751032483,0.07281335955197996,0.20519995948695047,0.3149914950268652,0.539108440211755,0.0366847876362878,0.514525580856226,0.5714573209366198,0.16727259393706057,0.0907408458012437,0.11241830065359477,0.2505532180146486,0.15090203552399145,0.01048271481859529,0.14186689185412785,0.15871022518626487,0.5909938092307281,0.2446172654829633,0.006481634300722572,0.018267609620285008
rfm,domain,later_clean_any_path,B+M,logistic,5,1000,0.1589918988756198,0.5975135125165287,0.050883276501928226,0.5578835862300429,0.6371434388030146,0.24501740684810286,0.08673337332159707,0.17927308083177698,0.31079821095512283,0.5688841960106565,0.047868833671422105,0.5324389521239915,0.6053294398973215,0.29060911310911314,0.07076815046375634,0.23469696969696968,0.3465212565212565,0.2120464594186656,0.022456044614373318,0.19538468321502137,0.22870823562230988,0.5975135125165287,0.24501740684810286,0.0,0.0
rfm,domain,later_clean_any_path,B+M,random_forest,5,1000,0.1589918988756198,0.5909938092307281,0.10431078647458125,0.510177156120768,0.6718104623406884,0.2446172654829633,0.08364703846167776,0.1784839461997283,0.3107505847661982,0.5225431801273178,0.014650577541560218,0.5137216008386951,0.5354323906543236,0.13962471759685383,0.036726476117649724,0.11530206677265502,0.17,0.15522883441390486,0.011138971715301203,0.14592711282060858,0.1631132460129488,0.5909938092307281,0.2446172654829633,0.0,0.0
rfm,domain,later_clean_any_path,B+M+L,logistic,5,1000,0.1589918988756198,0.6301166799214964,0.05865736442214178,0.5864015249842021,0.6788856184296082,0.2533468216266518,0.07126656699950819,0.20023278781890702,0.312874635148893,0.5915101724236218,0.07034613120987093,0.5394558539208654,0.6447060894641539,0.3170341239159387,0.09394727917146599,0.24362637362637365,0.39044187420550375,0.20917617290965854,0.017368054665212997,0.1965916902257872,0.22176065559352987,0.5975135125165287,0.24501740684810286,0.032603167404967714,0.008329414778548927
rfm,domain,later_clean_any_path,B+M+L,random_forest,5,1000,0.1589918988756198,0.6291544853081239,0.08737018367574674,0.5635917887886391,0.6947171818276086,0.25323612942275503,0.07590604330806865,0.19589926764747315,0.31476696029068724,0.5325985281676481,0.011253528589456488,0.5241048216653056,0.5411026115928921,0.16326923076923078,0.030272431655603674,0.14076923076923079,0.18576923076923077,0.15166997310296323,0.007702925634948415,0.14563467889578088,0.1577052673101456,0.5909938092307281,0.2446172654829633,0.038160676077395816,0.008618863939791721
rfm,domain,later_clean_any_path,B+M+L+G,logistic,5,1000,0.1589918988756198,0.5984978976623153,0.05370759752526097,0.5643287159035191,0.6476681595048213,0.22384577828170338,0.0639265289928651,0.1785084798712608,0.27985734610948787,0.5612013231844322,0.05210953302481434,0.5253609974819018,0.6086974976491106,0.2746393219470272,0.08593723766686313,0.21333333333333332,0.3488536652185824,0.21362668099573692,0.018731869296338098,0.1973164181957722,0.22393088180851323,0.5975135125165287,0.24501740684810286,0.0009843851457865815,-0.02117162856639948
rfm,domain,later_clean_any_path,B+M+L+G,random_forest,5,1000,0.1589918988756198,0.6320808370602788,0.06324020381352745,0.5888969298418116,0.6855120120423485,0.24716629738273657,0.06801316056924198,0.20078741044361123,0.309187484828775,0.5138807222174951,0.012320347244601407,0.5043743328589023,0.5233871115760879,0.10841874278171919,0.042620140506184484,0.07516515426497278,0.1410575812572183,0.14991657735614855,0.0075772802619382415,0.14434502873013338,0.15636207092479948,0.5909938092307281,0.2446172654829633,0.04108702782955076,0.002549031899773263
rfm,domain,later_clean_any_path,B+M+L+G+R,logistic,5,1000,0.1589918988756198,0.6034361623533264,0.07215416047122807,0.5523809523809524,0.6671703430658537,0.2355105361576017,0.06395960414963782,0.1896920535486274,0.2924858472415675,0.5565943775167168,0.08329058817216652,0.4941515177735649,0.6253644552434875,0.2715952870342663,0.11510085742836534,0.18595206789385607,0.3670228647756738,0.2108278756971494,0.01661017124551368,0.1964741339481218,0.22078818446362664,0.5975135125165287,0.24501740684810286,0.005922649836797689,-0.009506870690501157
rfm,domain,later_clean_any_path,B+M+L+G+R,random_forest,5,1000,0.1589918988756198,0.7015009149138086,0.05740882797436254,0.6591686790899389,0.7509624005711604,0.3164313916285394,0.06768433950757453,0.26612608303138996,0.3667136464975243,0.527424957114759,0.014034725672991478,0.5188791829047734,0.5398490706822002,0.13323902720454445,0.046658230816591095,0.10019305019305018,0.17075955265610437,0.1363462582350068,0.0068155756806169,0.1325043954437871,0.14267525937668077,0.5909938092307281,0.2446172654829633,0.11050710568308053,0.07181412614557608
rfm,domain,later_clean_enhancement_path,B,logistic,5,1000,0.07728577414623926,0.6425104114614355,0.07172425501061816,0.5784079179729298,0.6844940437812778,0.14126632623164123,0.029172533910868405,0.11981008505664063,0.16554891472121136,0.5963443390469487,0.043170404386711894,0.5625220458553792,0.6301666322385182,0.18501201822776733,0.04731608774674818,0.15347527181319848,0.22378631558959433,0.22399257406252965,0.020102484446510114,0.2085345449113663,0.2394191873069617,0.6398701793043585,0.1384698267645364,0.0026402321570769827,0.002796499467104835
rfm,domain,later_clean_enhancement_path,B,random_forest,5,1000,0.07728577414623926,0.5944815036571025,0.06708571714160312,0.5424760083497947,0.6450370264239453,0.16689254349384328,0.11258283950046723,0.09473394823185224,0.263114747244438,0.5273593073593072,0.06461856489280521,0.4963636363636364,0.5857142857142856,0.08888888888888888,0.19876159799998128,0.0,0.26666666666666666,0.08806689277163549,0.011245614325636161,0.07872576220978367,0.09622491432301934,0.6077951903120372,0.17263910495636398,-0.013313686654934709,-0.0057465614625206995
rfm,domain,later_clean_enhancement_path,B+M,logistic,5,1000,0.07728577414623926,0.6398701793043585,0.0846318173741657,0.5625201696123682,0.6851628826256487,0.1384698267645364,0.05380242770093183,0.10042649142407008,0.18569286612157984,0.5765395394451032,0.05561916814296772,0.5259847326313964,0.6072186147186148,0.17497953027364793,0.05321364922182615,0.13578539107950874,0.21999999999999997,0.1852916517069888,0.027262127670975092,0.1660139200740091,0.2083618033674491,0.6398701793043585,0.1384698267645364,0.0,0.0
rfm,domain,later_clean_enhancement_path,B+M,random_forest,5,1000,0.07728577414623926,0.6077951903120372,0.06808886757274274,0.5571732522796353,0.6580996532444582,0.17263910495636398,0.11570464605660813,0.0938076618663448,0.2680629328384219,0.5278571428571428,0.06430555249457584,0.4978571428571429,0.5857142857142856,0.08888888888888888,0.19876159799998128,0.0,0.26666666666666666,0.08921596586549027,0.009510076133501032,0.08130117680101531,0.0953477186275323,0.6077951903120372,0.17263910495636398,0.0,0.0
rfm,domain,later_clean_enhancement_path,B+M+L,logistic,5,1000,0.07728577414623926,0.6716510326137183,0.0803954272932958,0.6018859244249316,0.7227948836492526,0.16419662783876346,0.05753569307284733,0.12269673739031425,0.21367735476562552,0.614216823709697,0.05638301118321741,0.5706062917664859,0.6535810997513125,0.20020004281505493,0.04316122162829113,0.16902511139799276,0.23752642299857793,0.18194350573258725,0.03340323182055334,0.15864348376640147,0.20934132494805174,0.6398701793043585,0.1384698267645364,0.03178085330935976,0.025726801074227063
rfm,domain,later_clean_enhancement_path,B+M+L,random_forest,5,1000,0.07728577414623926,0.635072786077499,0.10477858073851914,0.5486017316017316,0.713872571639317,0.19672634169103392,0.12549391990275172,0.11155994520137566,0.3045257087616961,0.5,0.0,0.5,0.5,0.0,0.0,0.0,0.0,0.08745021432980686,0.013095264640462637,0.07577960247416024,0.09569932087260906,0.6077951903120372,0.17263910495636398,0.027277595765461737,0.024087236734669948
rfm,domain,later_clean_enhancement_path,B+M+L+G,logistic,5,1000,0.07728577414623926,0.6340954950257149,0.09779295615620086,0.5555218300874329,0.7010587672844955,0.13848285842944685,0.035545656243369465,0.11126257924949967,0.16570313760939404,0.5762949062535926,0.08050936853378657,0.5099008578620229,0.6378056571260455,0.16562269227466583,0.044413735660397975,0.13139307897071872,0.20060105332455522,0.1899269893503836,0.026169718006459206,0.17072031141536265,0.21025270148975012,0.6398701793043585,0.1384698267645364,-0.005774684278643583,1.3031664910456708e-05
rfm,domain,later_clean_enhancement_path,B+M+L+G,random_forest,5,1000,0.07728577414623926,0.6313055573826707,0.07894682943732552,0.5690441231029149,0.6935669916624263,0.147093706056237,0.04344830159780014,0.11148582311282905,0.1792088027253535,0.49876543209876545,0.0027605777499997526,0.4962962962962963,0.5,0.0,0.0,0.0,0.0,0.08708369763039876,0.014098408577166804,0.07650060509676908,0.09760410794489244,0.6077951903120372,0.17263910495636398,0.023510367070633476,-0.02554539890012697
rfm,domain,later_clean_enhancement_path,B+M+L+G+R,logistic,5,1000,0.07728577414623926,0.7721941309497581,0.07390233494869036,0.7104244843458791,0.8255085324465179,0.27519037412285663,0.11550264197986222,0.19694230948813735,0.37727278945939996,0.7217854431992351,0.06586111228168061,0.6697452098422971,0.7738208068527218,0.3083388093802428,0.09341176583778885,0.23572909360143407,0.3809485251590514,0.15937275765752737,0.01724808874185532,0.14633728353673625,0.17279059605270342,0.6398701793043585,0.1384698267645364,0.13232395164539956,0.13672054735832023
rfm,domain,later_clean_enhancement_path,B+M+L+G+R,random_forest,5,1000,0.07728577414623926,0.7636181488016776,0.058021542605289876,0.7130871946983058,0.8024754977401125,0.2648291861733556,0.10482738297114139,0.18562136830916418,0.35000874519414227,0.498962089690245,0.0015801214316591254,0.49753351826167364,0.5,0.0,0.0,0.0,0.0,0.07425047864197906,0.013121203256049188,0.06470952900777868,0.08447585865082859,0.6077951903120372,0.17263910495636398,0.15582295848964034,0.09219008121699163
rfm,domain,later_clean_suppression_path,B,logistic,5,1000,0.09247852503666458,0.50006213143152,0.1204773967709745,0.40266212406015045,0.5910857843137255,0.1256596942787538,0.039823045083330275,0.095199128800153,0.1565307554528605,0.5116960529150931,0.0756525623528313,0.4436849334875651,0.5553591628959277,0.13834049409237378,0.08515856943217254,0.06844253490870031,0.19548335123523095,0.2331263424959205,0.02826887822467379,0.21081435467662185,0.25458539581812306,0.47486130697218154,0.11431811525922209,0.025200824459338467,0.0113415790195317
rfm,domain,later_clean_suppression_path,B,random_forest,5,1000,0.09247852503666458,0.46309992883793194,0.09913547320468838,0.38327592879256966,0.5382072006940428,0.09809443342054315,0.03210658243009167,0.07276117174751007,0.12159093017808889,0.4943258031957722,0.007369553807406135,0.4879080053073862,0.49935897435897436,0.0,0.0,0.0,0.0,0.10724401528364888,0.007340663309080336,0.10124678799075701,0.11229737189543643,0.45056911934814414,0.09479091547020904,0.012530809489787798,0.003303517950334109
rfm,domain,later_clean_suppression_path,B+M,logistic,5,1000,0.09247852503666458,0.47486130697218154,0.10683366283320807,0.3924301931298836,0.5572924208144796,0.11431811525922209,0.043625269665693814,0.08178121746320159,0.14921427558920966,0.49508568508375006,0.09065591192677655,0.4257275541795666,0.5663235294117648,0.1082931267403711,0.1147166229294712,0.01927710843373494,0.19730914504700725,0.20418382411515354,0.0396702361930037,0.1744651233587343,0.2347013019392938,0.47486130697218154,0.11431811525922209,0.0,0.0
rfm,domain,later_clean_suppression_path,B+M,random_forest,5,1000,0.09247852503666458,0.45056911934814414,0.08912021219062626,0.38229242223205073,0.5145413292847504,0.09479091547020904,0.030630137494520985,0.07061999319153772,0.11800712614116719,0.4970060331825038,0.005095634523497442,0.49230015082956263,0.5,0.0,0.0,0.0,0.0,0.11060728419665862,0.005988408286715745,0.10564473445404347,0.11489999296089812,0.45056911934814414,0.09479091547020904,0.0,0.0
rfm,domain,later_clean_suppression_path,B+M+L,logistic,5,1000,0.09247852503666458,0.52111675717858,0.1089072648677261,0.4371236915818959,0.6080882352941176,0.11612233008139969,0.04335496629020748,0.08411436862949581,0.15207981101105703,0.4998690731353269,0.11253786031371844,0.41474568774878373,0.5917399267399267,0.11745968321958862,0.13166340890485953,0.015789473684210527,0.2191298927549667,0.20249062370369525,0.028200701695144496,0.18211816245462367,0.22686722529699085,0.47486130697218154,0.11431811525922209,0.04625545020639843,0.0018042148221776022
rfm,domain,later_clean_suppression_path,B+M+L,random_forest,5,1000,0.09247852503666458,0.5265624503850124,0.09193859730566246,0.46255263895031695,0.5968801932716407,0.11690098608655271,0.05019755101491007,0.08097304054579132,0.15861959999598285,0.49764555619818773,0.00355743382035259,0.49444042799305954,0.5,0.0,0.0,0.0,0.0,0.1048027942021437,0.009158979392537096,0.09767121090808759,0.11117644672455233,0.45056911934814414,0.09479091547020904,0.07599333103686823,0.022110070616343666
rfm,domain,later_clean_suppression_path,B+M+L+G,logistic,5,1000,0.09247852503666458,0.5326202897657037,0.10297788179355673,0.4476820175438596,0.6068805618401207,0.12935547213638357,0.02388424285133381,0.11130573653097826,0.14740520774178886,0.519128477301852,0.0775141070499645,0.4591920978917883,0.5790648567119157,0.1356303667746618,0.09436877467478733,0.0625423377341536,0.20871839581517002,0.19935824853186337,0.03123778355420659,0.17707787933007446,0.225427905298409,0.47486130697218154,0.11431811525922209,0.05775898279352221,0.015037356877161484
rfm,domain,later_clean_suppression_path,B+M+L+G,random_forest,5,1000,0.09247852503666458,0.5737667298194581,0.07821563215495048,0.5124416924664602,0.6365746811882648,0.15783147238056272,0.08045132312488862,0.10289382142046408,0.2276469157830316,0.49965158938069154,0.01502312222202912,0.4900550584606312,0.5127564102564103,0.019047619047619046,0.04259177099999599,0.0,0.05714285714285714,0.10043658237560896,0.01062774484381019,0.09126041559668498,0.10759565485409059,0.45056911934814414,0.09479091547020904,0.12319761047131395,0.06304055691035368
rfm,domain,later_clean_suppression_path,B+M+L+G+R,logistic,5,1000,0.09247852503666458,0.6637513966619035,0.11385810701875282,0.5810069490308775,0.749869806985293,0.23654044128223983,0.10121801526774736,0.168169693100425,0.32575562140862585,0.6208578360493995,0.1183347265875401,0.5287719298245614,0.7138847117794486,0.2267889066314263,0.12852561276213983,0.13333333333333336,0.3362061560486757,0.1705426902119598,0.02825112497729665,0.14930149677669013,0.19370792746750806,0.47486130697218154,0.11431811525922209,0.18889008968972198,0.12222232602301775
rfm,domain,later_clean_suppression_path,B+M+L+G+R,random_forest,5,1000,0.09247852503666458,0.7525366948905069,0.08324613254521905,0.6985328103913631,0.8247791760935144,0.3285100543684191,0.08988533556647418,0.2611715964853992,0.3959495938278676,0.536528474750224,0.036617027963035224,0.5112500000000001,0.5694372171945702,0.13172747033392035,0.11261884283644545,0.047058823529411764,0.23127498164613752,0.08508181634123799,0.011602449844917585,0.07530375334683456,0.09277592368570567,0.45056911934814414,0.09479091547020904,0.30196757554236275,0.23371913889821008
rfm,domain,later_enhancement_path,B,logistic,5,1000,0.08477407640198338,0.649212638670033,0.03288652354190301,0.6201405556468848,0.6693325661680092,0.15928944514752424,0.04285499377439494,0.1259290496251866,0.19264984066986193,0.6023080182141621,0.03240105968345269,0.5724262739421739,0.6230735930735931,0.20734010606351033,0.051099859883558287,0.1688888888888889,0.24655932528272956,0.2214887417632247,0.02645847121092304,0.20133621914214625,0.24147898740136106,0.6474863337538932,0.15683695538707046,0.001726304916139787,0.0024524897604537854
rfm,domain,later_enhancement_path,B,random_forest,5,1000,0.08477407640198338,0.6200985291765625,0.06381262689195019,0.5692580420934079,0.667042577675489,0.1675266501286444,0.07403078772033644,0.11067556812676974,0.22437773213051906,0.5190081715135745,0.05527782771764175,0.493391699378115,0.5682301084990958,0.06666666666666667,0.14907119849998599,0.0,0.2,0.0950485907006466,0.012616554929933004,0.0855998203123988,0.10449736108889443,0.6280011141606154,0.18471110653354336,-0.00790258498405294,-0.017184456404898962
rfm,domain,later_enhancement_path,B+M,logistic,5,1000,0.08477407640198338,0.6474863337538932,0.05084696102613069,0.6020160922059656,0.6772438672438672,0.15683695538707046,0.044745496864820045,0.12360689882891691,0.19006701194522396,0.574813766385239,0.02921891634348271,0.5498623212230805,0.5989866434378629,0.19029590115036557,0.056174997655124126,0.14793791926328742,0.23186545952205492,0.1877890803368119,0.015534025622460156,0.17688147337506732,0.19979816706972892,0.6474863337538932,0.15683695538707046,0.0,0.0
rfm,domain,later_enhancement_path,B+M,random_forest,5,1000,0.08477407640198338,0.6280011141606154,0.060247673475433125,0.579405487804878,0.6737349991780371,0.18471110653354336,0.1040687429944803,0.11378671086485681,0.2677366369424204,0.5190081715135745,0.05527782771764175,0.493391699378115,0.5682301084990958,0.06666666666666667,0.14907119849998599,0.0,0.2,0.09601064597218323,0.010934790478255045,0.08821852702146535,0.10421433879117145,0.6280011141606154,0.18471110653354336,0.0,0.0
rfm,domain,later_enhancement_path,B+M+L,logistic,5,1000,0.08477407640198338,0.6806297329689966,0.04541697013515557,0.6446528986219091,0.7124148717136523,0.19060400150953474,0.05195647895692327,0.14852639651535537,0.229286532001375,0.6094733991438221,0.024252379771651168,0.5883122362869199,0.6241376306620209,0.2151744805054344,0.05076567077606228,0.1728196959864708,0.2525974025974026,0.1834069702197764,0.02179427062190031,0.16901471292264308,0.2019716515058645,0.6474863337538932,0.15683695538707046,0.03314339921510345,0.033767046122464284
rfm,domain,later_enhancement_path,B+M+L,random_forest,5,1000,0.08477407640198338,0.6531250359191081,0.07792126102895573,0.5846680656741632,0.711723520767593,0.19354193268807424,0.09255750811475835,0.12363554789686422,0.2659114386218172,0.4958427925887018,0.003751287217202398,0.4927596099485571,0.49863636363636366,0.0,0.0,0.0,0.0,0.09425242668438026,0.011956679286518779,0.08407744865082253,0.10338995096673101,0.6280011141606154,0.18471110653354336,0.02512392175849265,0.008830826154530874
rfm,domain,later_enhancement_path,B+M+L+G,logistic,5,1000,0.08477407640198338,0.6227583644743647,0.08393414002446613,0.5552443284563537,0.6795729727589483,0.14414225466841643,0.02554548385555916,0.12444880838522218,0.16386005715415167,0.5633356884016809,0.05981822547651048,0.5114394201130076,0.6007142857142856,0.173974089502336,0.045145088395192365,0.1380966072455434,0.20985157175912864,0.1954825406347783,0.019106497577340956,0.18099871655608424,0.2099663647134724,0.6474863337538932,0.15683695538707046,-0.024727969279528472,-0.012694700718654028
rfm,domain,later_enhancement_path,B+M+L+G,random_forest,5,1000,0.08477407640198338,0.6320857070573418,0.06565834479378346,0.5805429292929294,0.6857725537472372,0.14473430162255216,0.05468175200164034,0.09685914261415322,0.18458305201951966,0.49659132007233275,0.004918284944585611,0.49230560578661847,0.5,0.0,0.0,0.0,0.0,0.09568755482949073,0.016027900388842633,0.0819908790527393,0.10780745544566357,0.6280011141606154,0.18471110653354336,0.004084592896726358,-0.039976804910991204
rfm,domain,later_enhancement_path,B+M+L+G+R,logistic,5,1000,0.08477407640198338,0.768047700965461,0.07900402449110622,0.7020375086261547,0.8230182926829268,0.28841921851886276,0.11749745732004793,0.20881776298041782,0.38755040542630237,0.7422255874806817,0.08077058544598843,0.6796888407015955,0.7994069055098013,0.34081475770069575,0.05140824246515048,0.2991648134420558,0.379224314968022,0.16274073216434853,0.018014501314493073,0.1486862725974929,0.17609240364821027,0.6474863337538932,0.15683695538707046,0.12056136721156785,0.1315822631317923
rfm,domain,later_enhancement_path,B+M+L+G+R,random_forest,5,1000,0.08477407640198338,0.7721129986184787,0.05198948045471696,0.7318225199554313,0.8124034772815261,0.310239074830323,0.11709466412878669,0.21797478102720835,0.3935861340384931,0.512180735930736,0.020088592442160505,0.49714285714285716,0.5276136363636363,0.05210084033613445,0.07189663743263004,0.0,0.10924369747899158,0.07923941805871586,0.01498188257866815,0.06831792851039631,0.09188638536030352,0.6280011141606154,0.18471110653354336,0.14411188445786327,0.12552796829677962
rfm,domain,later_neighbor_damage_any_path,B,logistic,5,1000,0.08791884908163979,0.553763973030276,0.06029533467448047,0.5113814129520605,0.6057777966421429,0.12051892504883763,0.0628244436503285,0.06669472966314301,0.1655666117126906,0.5051249545971511,0.1058887918862008,0.4122270397026059,0.5760331236059789,0.15794897934246405,0.09397555235489821,0.07194492254733217,0.21757863095383562,0.2433639159453745,0.035529853173561686,0.21862786474663887,0.2723665427768014,0.5333847600999273,0.12395246712677807,0.020379212930348722,-0.0034335420779404435
rfm,domain,later_neighbor_damage_any_path,B,random_forest,5,1000,0.08791884908163979,0.559062131169952,0.03837061569061318,0.5327397283260759,0.5882557245177569,0.11179166067370269,0.05645070088747714,0.06679286601759217,0.15670009252739808,0.5,0.0,0.5,0.5,0.0,0.0,0.0,0.0,0.09843494546693399,0.02804363610404129,0.07476687670232238,0.11779820387725673,0.5367788186636693,0.10721201249355775,0.022283312506282682,0.004579648180144946
rfm,domain,later_neighbor_damage_any_path,B+M,logistic,5,1000,0.08791884908163979,0.5333847600999273,0.08652701769421647,0.4675602568392237,0.6038189973156847,0.12395246712677807,0.07076271167275307,0.06726714090811883,0.17592786775472996,0.5087418598112893,0.09058327802651596,0.42445326027803887,0.567409878743,0.14386715969959663,0.08808349949525697,0.0660198505631761,0.20346060991539971,0.18999650391756664,0.034915714829858294,0.167643933807493,0.2203520435670548,0.5333847600999273,0.12395246712677807,0.0,0.0
rfm,domain,later_neighbor_damage_any_path,B+M,random_forest,5,1000,0.08791884908163979,0.5367788186636693,0.04824614639346774,0.4990275785110792,0.5745300588162592,0.10721201249355775,0.05510195380583978,0.06518140264384516,0.15131513937553542,0.49870967741935485,0.002885249003225542,0.4961290322580645,0.5,0.0,0.0,0.0,0.0,0.10042582712346845,0.024148739015304795,0.08004867175606956,0.1174202362086935,0.5367788186636693,0.10721201249355775,0.0,0.0
rfm,domain,later_neighbor_damage_any_path,B+M+L,logistic,5,1000,0.08791884908163979,0.5646974738845948,0.07058440017195898,0.5150316688823173,0.6222843919571224,0.1241247143233335,0.0478772442691386,0.08169894452864394,0.1588363384018131,0.5491755426524156,0.03844318935117782,0.5199129960319877,0.5761578443957814,0.1500289477493125,0.07596129084206103,0.08904761904761904,0.20693877551020406,0.19349887952800504,0.03934764633634443,0.16953957301060477,0.22781466121558505,0.5333847600999273,0.12395246712677807,0.03131271378466749,0.00017224719655542509
rfm,domain,later_neighbor_damage_any_path,B+M+L,random_forest,5,1000,0.08791884908163979,0.5685979667503174,0.11943413198135643,0.47872568766294876,0.6735418668374791,0.10250562435152206,0.037806561347757194,0.07240936918216778,0.13149875183836351,0.49935483870967745,0.0014426245016127713,0.49806451612903224,0.5,0.0,0.0,0.0,0.0,0.09879469393873644,0.029132135607895415,0.074167126485396,0.11979874635575369,0.5367788186636693,0.10721201249355775,0.0318191480866481,-0.004706388142035681
rfm,domain,later_neighbor_damage_any_path,B+M+L+G,logistic,5,1000,0.08791884908163979,0.5197849796472417,0.03988976812682989,0.48624196998508984,0.5488489977572188,0.12074512884316861,0.03875586718067875,0.09180021548565094,0.15164103598207418,0.48690868338779436,0.05054457098529992,0.4449682872036468,0.5230979020796934,0.09441276929115636,0.06827816224272545,0.043860405950998285,0.14639631904541753,0.20259142360987853,0.05356847659302956,0.1719337283699285,0.25145296720182786,0.5333847600999273,0.12395246712677807,-0.013599780452685617,-0.0032073382836094594
rfm,domain,later_neighbor_damage_any_path,B+M+L+G,random_forest,5,1000,0.08791884908163979,0.533869044808845,0.10899571511993675,0.4577432690970573,0.6292374402931361,0.10830871506553015,0.03619036351839232,0.08239274304162099,0.1390329733707685,0.4992647058823529,0.0016441676305145455,0.4977941176470589,0.5,0.0,0.0,0.0,0.0,0.0993749224880911,0.02927641646658818,0.0748967914517159,0.12150068226595187,0.5367788186636693,0.10721201249355775,-0.0029097738548242713,0.001096702571972405
rfm,domain,later_neighbor_damage_any_path,B+M+L+G+R,logistic,5,1000,0.08791884908163979,0.7616731048762857,0.04262174894796561,0.7294973434535104,0.7954073221072766,0.3067446521345333,0.15585954538027674,0.18471037851308067,0.4287789257559858,0.6930345579948944,0.059394925297463444,0.6503556717730365,0.7407019839725599,0.2943531920276107,0.11426163962191566,0.1952078928823115,0.3710955710955711,0.153095033725146,0.02294436194478653,0.14030634998576588,0.17364200635148933,0.5333847600999273,0.12395246712677807,0.2282883447763584,0.1827921850077552
rfm,domain,later_neighbor_damage_any_path,B+M+L+G+R,random_forest,5,1000,0.08791884908163979,0.8017187734701547,0.07177417710196651,0.7456138186512565,0.8533910210425633,0.33524653901382767,0.14785022014828195,0.2014948556224751,0.4312699151854815,0.5221445438680393,0.02575044954510603,0.504,0.5431531437992398,0.08205128205128205,0.0921730578772165,0.015384615384615385,0.15555555555555556,0.07762851175235212,0.022206460214053796,0.05921881632920377,0.09412312461978534,0.5367788186636693,0.10721201249355775,0.26493995480648547,0.22803452652026993
rfm,domain,later_suppression_path,B,logistic,5,1000,0.09909595642153782,0.4967431504225083,0.11496268077748786,0.3993837384491764,0.5808982997847536,0.13144615761806366,0.03351321993488262,0.10129934393469338,0.15331670818948473,0.5140132555862731,0.08383092424657997,0.4410808270676692,0.5800448754058323,0.14775164627689324,0.08409698425061862,0.07193877551020408,0.1949640094830453,0.2354001506560262,0.03226612903920536,0.210676172033308,0.2601241292787444,0.4782097244958366,0.11977236655925716,0.018533425926671676,0.011673791058806504
rfm,domain,later_suppression_path,B,random_forest,5,1000,0.09909595642153782,0.445655859184482,0.08992922107377332,0.3773725167384287,0.5120990415804793,0.10275117697188274,0.02586919254744994,0.08068120298911788,0.12161568518722717,0.494148812411749,0.005558024650075192,0.4898243423807499,0.49847328244274813,0.0,0.0,0.0,0.0,0.11398632138306034,0.004899774404139971,0.1101415154824709,0.11753683646713568,0.43124460222387595,0.09575462162630602,0.014411256960606023,0.0069965553455767215
rfm,domain,later_suppression_path,B+M,logistic,5,1000,0.09909595642153782,0.4782097244958366,0.09522326816796846,0.4002926383630096,0.5484310762988224,0.11977236655925716,0.038827655705053976,0.09200245547718064,0.15393440563107066,0.5117579741241665,0.0598085719859137,0.4655130044361394,0.5550473285400336,0.14393499454475064,0.07883513334239334,0.08307200929152149,0.2037878787878788,0.209186841487568,0.044315621413004345,0.17620413544455055,0.24641318595407266,0.4782097244958366,0.11977236655925716,0.0,0.0
rfm,domain,later_suppression_path,B+M,random_forest,5,1000,0.09909595642153782,0.43124460222387595,0.0887064042366623,0.36299578561211876,0.4992497684658632,0.09575462162630602,0.025545405174100314,0.07522416655888703,0.11350174240767377,0.5006627129219987,0.011382307310552531,0.492814371257485,0.5106775269070074,0.019047619047619046,0.04259177099999599,0.0,0.05714285714285714,0.11815610168702761,0.005340980712651058,0.11434509833366724,0.12247444282927951,0.43124460222387595,0.09575462162630602,0.0,0.0
rfm,domain,later_suppression_path,B+M+L,logistic,5,1000,0.09909595642153782,0.5347424865671491,0.09932553899759625,0.4587166984872592,0.6100765556165343,0.1255201620194636,0.03179108584243898,0.10043850722921702,0.14959420236542947,0.5165504778629681,0.10301199201837162,0.4324619934668096,0.5928645507312451,0.13528556237266712,0.11208944549908603,0.04942736588306208,0.22114375886227214,0.2062368698408245,0.035745653479868314,0.18284667555676343,0.2389142331689018,0.4782097244958366,0.11977236655925716,0.05653276207131247,0.0057477954602064285
rfm,domain,later_suppression_path,B+M+L,random_forest,5,1000,0.09909595642153782,0.5157792606337784,0.07622308438648892,0.45661539559997133,0.571701727982246,0.1126486466424396,0.0334695724328996,0.08634940996078126,0.13807374455545823,0.4973188598505911,0.004220238786595442,0.4934603389502696,0.5,0.0,0.0,0.0,0.0,0.11191553528078668,0.0076046639658336745,0.10555386750820084,0.1167282510646187,0.43124460222387595,0.09575462162630602,0.08453465840990249,0.016894025016133588
rfm,domain,later_suppression_path,B+M+L+G,logistic,5,1000,0.09909595642153782,0.5451144128141809,0.09001721525643198,0.47756042277600874,0.6125549341050994,0.12571707882869249,0.021113755836234104,0.10970361166350699,0.14091679250875544,0.5244990226404378,0.07088748931811252,0.46742878558418594,0.5774483806142297,0.15058211178260683,0.08118738263906608,0.08744588744588745,0.21003795245595938,0.2062329137381637,0.03406525830684173,0.1835473857641585,0.2358742787594914,0.4782097244958366,0.11977236655925716,0.06690468831834434,0.005944712269435326
rfm,domain,later_suppression_path,B+M+L+G,random_forest,5,1000,0.09909595642153782,0.5648457826103519,0.07412735916760071,0.5002102922326022,0.6094449169907726,0.14423049314610564,0.046428473762739425,0.11342558974433377,0.18504737755520032,0.5002337145987351,0.014554547215734858,0.4912307879760961,0.5133922829581994,0.019047619047619046,0.04259177099999599,0.0,0.05714285714285714,0.10791612394330934,0.011572117857478614,0.09862319078993467,0.11585408241165722,0.43124460222387595,0.09575462162630602,0.13360118038647595,0.048475871519799624
rfm,domain,later_suppression_path,B+M+L+G+R,logistic,5,1000,0.09909595642153782,0.6741109627844609,0.10057261364138359,0.5949746094789263,0.7493000219234143,0.27226879666780696,0.10378163529147523,0.18203903387928821,0.3464561102185225,0.6321572765566078,0.09528849000999727,0.5564630325814536,0.7021652152436689,0.25631645653487667,0.09072069875926911,0.18129554248957233,0.3278795278795279,0.17740924278734854,0.034603003240175144,0.1518653307346258,0.2068641373334929,0.4782097244958366,0.11977236655925716,0.19590123828862432,0.1524964301085498
rfm,domain,later_suppression_path,B+M+L+G+R,random_forest,5,1000,0.09909595642153782,0.75535953578947,0.07488493462156373,0.7129876874703497,0.8239834981707264,0.33083027949287064,0.0859620470123619,0.2739642510061518,0.40852785850252954,0.5409339725609883,0.04821802908862152,0.5075803319268133,0.5783569026843001,0.1446969696969697,0.15554305177347072,0.03333333333333333,0.26136363636363635,0.0899060840053079,0.00927101786792374,0.08291513157350647,0.09689703643710933,0.43124460222387595,0.09575462162630602,0.32411493356559407,0.23507565786656462
rfm,domain,later_target_any_path,B,logistic,5,1000,0.17174628116488583,0.6208092159659697,0.06683527802048249,0.5638838976296794,0.663710662667355,0.2982680726508361,0.07630778232243715,0.22970367020811752,0.3516809797806919,0.5831831428536917,0.03780453167981841,0.5513404431233996,0.6082456287115855,0.3219903451960793,0.06267646083357344,0.26428401656840234,0.3640057008385536,0.22700372629231133,0.021155287817821306,0.2103872964594799,0.24283406533409613,0.603307421581192,0.26287542701604355,0.017501794384777725,0.03539264563479255
rfm,domain,later_target_any_path,B,random_forest,5,1000,0.17174628116488583,0.5807192130287758,0.07665898995051493,0.5203153177281412,0.638829994804995,0.2538463627647287,0.04739171194569733,0.21672151432831327,0.2909712112011441,0.5359604029418094,0.030620178065818463,0.5169449598021026,0.5630854871792329,0.17648981355813817,0.07861922635036893,0.12446797336190416,0.2401653283964437,0.16060054213186586,0.009432654610221173,0.15366103958375263,0.16803079195544388,0.565919606813418,0.22864577115190032,0.014799606215357808,0.025200591612828394
rfm,domain,later_target_any_path,B+M,logistic,5,1000,0.17174628116488583,0.603307421581192,0.04945896625073332,0.5638892968987254,0.637604995479881,0.26287542701604355,0.0671115030586592,0.2106288602240775,0.31054301183742594,0.567289326108759,0.050329258927165416,0.5240140436990831,0.6014199937748375,0.3005769470869113,0.08235907737410086,0.23025389025389026,0.354844603138931,0.21750665602708721,0.01801819802582384,0.2037776750420323,0.23123563701214214,0.603307421581192,0.26287542701604355,0.0,0.0
rfm,domain,later_target_any_path,B+M,random_forest,5,1000,0.17174628116488583,0.565919606813418,0.07184826631973452,0.5109567135031516,0.6185093688577266,0.22864577115190032,0.04600502827417757,0.19010557780209922,0.26108196297548913,0.5294170337205968,0.025874219172432097,0.508865450260276,0.5498156146999933,0.1692586726733068,0.07174683816760045,0.11411677753141167,0.22440056781520196,0.16608184789119285,0.006576605707134704,0.16060164949372108,0.17072271698034197,0.565919606813418,0.22864577115190032,0.0,0.0
rfm,domain,later_target_any_path,B+M+L,logistic,5,1000,0.17174628116488583,0.6471996018491945,0.04873984221701545,0.6131896121680442,0.6869725523083091,0.286339731039834,0.06264066165982952,0.23930399109673542,0.3333689414623728,0.5936311716551322,0.05420263138898633,0.5539836879509202,0.6367488292114774,0.3310458597000795,0.07417308536709546,0.2770394150169431,0.39026056312530927,0.21336566388625852,0.012415847821763906,0.20384028085521594,0.2231872373808542,0.603307421581192,0.26287542701604355,0.043892180268002456,0.02346430402379046
rfm,domain,later_target_any_path,B+M+L,random_forest,5,1000,0.17174628116488583,0.611268822039278,0.04842667852359498,0.5691459089352959,0.644279741035262,0.24734712841336598,0.04720129137293486,0.20838581838251122,0.280179035228711,0.533567619937546,0.014052228928794151,0.5233359608937971,0.5453424968406335,0.17674862596971172,0.040394188566336996,0.14570504414721566,0.20779220779220778,0.16123986828115106,0.003978259726649208,0.1581913339155845,0.1640808767775344,0.565919606813418,0.22864577115190032,0.045349215225859996,0.018701357261465656
rfm,domain,later_target_any_path,B+M+L+G,logistic,5,1000,0.17174628116488583,0.6151398704207427,0.04824953582028902,0.5798348531108936,0.656804452690167,0.2489263101670232,0.05513185880168467,0.20533122686807248,0.2903601073268127,0.5599111305621942,0.04449328494764786,0.5325684972128343,0.6011083756822886,0.2925538867972123,0.06566646844187163,0.24283368519821721,0.3431286704489547,0.2196890862825096,0.017673476965550036,0.20528166218861643,0.2318867135517204,0.603307421581192,0.26287542701604355,0.011832448839550702,-0.013949116849020338
rfm,domain,later_target_any_path,B+M+L+G,random_forest,5,1000,0.17174628116488583,0.6219211955305055,0.04865278096104581,0.578551535202191,0.6549469286855076,0.25544429054928575,0.042614545291173526,0.2239647452055394,0.2910757895475421,0.5228728428453723,0.012998088327353975,0.5131977609093267,0.5332184676546933,0.1505914167952242,0.02594519455796599,0.1303179090413133,0.1708649245491351,0.16008182059751958,0.005067121686603061,0.15605000773225136,0.16419444285017162,0.565919606813418,0.22864577115190032,0.05600158871708749,0.026798519397385423
rfm,domain,later_target_any_path,B+M+L+G+R,logistic,5,1000,0.17174628116488583,0.6133261294694907,0.06677693419280956,0.5621607472978921,0.6672606214242303,0.25614715914406594,0.051766502677004333,0.21621705168333474,0.29685005555652283,0.5801792013131759,0.072653679667087,0.5268747134713232,0.6363246925523217,0.31344577167099397,0.09036368052472085,0.24318598679383713,0.3837055565481508,0.21870496413460608,0.016654672525877455,0.20518718193310384,0.23162479528983254,0.603307421581192,0.26287542701604355,0.010018707888298728,-0.006728267871977611
rfm,domain,later_target_any_path,B+M+L+G+R,random_forest,5,1000,0.17174628116488583,0.7027826919428589,0.03691534590751853,0.6778142796520846,0.7361618085425556,0.32517024301677766,0.04427737107763809,0.2929655660107523,0.36330876626751263,0.5350309181191941,0.019309498505894345,0.5223009461479652,0.5522566045470129,0.1588965715932008,0.05940713685689065,0.11222990492653413,0.21076923076923076,0.1438269272079387,0.006708775792765325,0.1391942984471623,0.14963560006044146,0.565919606813418,0.22864577115190032,0.1368630851294409,0.09652447186487734
rfm,record,later_capability_damage_any_path,B,logistic,5,1000,0.097,0.597391052818479,0.042856295861935026,0.5599384871456506,0.623497945685358,0.1739571786057948,0.05340465221529254,0.1331660812098008,0.21461650961274756,0.5493250659007302,0.0478126735660767,0.5127458125743656,0.5848950180009308,0.18923556631879204,0.059309620622296916,0.15069461444308446,0.23994665718349925,0.23608274709748872,0.012784532118566337,0.22646982983972128,0.24675887414962552,0.5859015016651455,0.17460868649700959,0.0114895511533335,-0.000651507891214792
rfm,record,later_capability_damage_any_path,B,random_forest,5,1000,0.097,0.5474227688151876,0.050423960943979905,0.5033819161268681,0.5804201119558987,0.12650099661937636,0.037692012605471024,0.0984410145085877,0.15719178648907078,0.4956458457636268,0.00454926716493362,0.492366960344458,0.4989247311827957,0.0,0.0,0.0,0.0,0.10482699704863059,0.012408099033654372,0.09541831321709543,0.11423568088016574,0.5472409869696866,0.12806466470516006,0.00018178184550099452,-0.0015636680857837038
rfm,record,later_capability_damage_any_path,B+M,logistic,5,1000,0.097,0.5859015016651455,0.10889150866010039,0.4937023210755118,0.6575654126609014,0.17460868649700959,0.0827862290439937,0.1139973217544593,0.23875454436289228,0.5437910731758928,0.10090962504107234,0.4609570523226131,0.62055162329704,0.18431786690213656,0.0999093615515004,0.11142845918126816,0.2735930735930736,0.23012206407324404,0.01954189701675359,0.21521692676878992,0.2450272013776981,0.5859015016651455,0.17460868649700959,0.0,0.0
rfm,record,later_capability_damage_any_path,B+M,random_forest,5,1000,0.097,0.5472409869696866,0.06659600031423242,0.4969064310912657,0.6010075561331008,0.12806466470516006,0.0389087537050453,0.09974125917411278,0.1597991724150281,0.4945585600641233,0.005408996967489793,0.49023492286115006,0.4983363684064323,0.0,0.0,0.0,0.0,0.10665783433994673,0.011834993536436144,0.0976021021486595,0.11571356653123395,0.5472409869696866,0.12806466470516006,0.0,0.0
rfm,record,later_capability_damage_any_path,B+M+L,logistic,5,1000,0.097,0.5810774106312738,0.10253122781818307,0.4944768208636079,0.6457671778803122,0.16880294643748514,0.07780511109400888,0.11176045794115641,0.23105246004185007,0.5453706972532005,0.08606002244576982,0.4785464992670082,0.6093341631447358,0.18516449820805633,0.08566811410030709,0.12609334290592394,0.26152844310041845,0.23057263372055944,0.018860647187372032,0.21673116144928922,0.24534905868181286,0.5859015016651455,0.17460868649700959,-0.0048240910338717136,-0.005805740059524445
rfm,record,later_capability_damage_any_path,B+M+L,random_forest,5,1000,0.097,0.5596839509528124,0.03427548589736384,0.5306518872004992,0.5837752817740189,0.13088092792394795,0.04745243621927669,0.09927900625268757,0.1715207283640719,0.49674181021234176,0.0035325287143842346,0.49403342683496965,0.49944751381215474,0.0,0.0,0.0,0.0,0.10411582384467599,0.01154058339755091,0.09560776489642911,0.11309349238994804,0.5472409869696866,0.12806466470516006,0.012442963983125832,0.00281626321878789
rfm,record,later_capability_damage_any_path,B+M+L+G,logistic,5,1000,0.097,0.5449293714103698,0.10471612725529246,0.45383447641013464,0.6142315336960487,0.12878221035355636,0.03916968869750277,0.09867429586322075,0.15889012484389195,0.5209494918495606,0.08139741084504308,0.4505839320090724,0.5773307705314653,0.16378859989579067,0.08525126964914499,0.09658108594030926,0.23729667207052949,0.23466140116905101,0.01953655717214865,0.2195428468059762,0.24977995553212584,0.5859015016651455,0.17460868649700959,-0.04097213025477575,-0.045826476143453226
rfm,record,later_capability_damage_any_path,B+M+L+G,random_forest,5,1000,0.097,0.5656830672947455,0.01763265938346683,0.551651429016901,0.5791128602366242,0.1277974411568804,0.04432080178368792,0.0938842006110651,0.16324500024423033,0.49890403555128515,0.0015007956082280717,0.4977990631755945,0.5,0.0,0.0,0.0,0.0,0.10346297004504994,0.012853354794151962,0.09439784793512793,0.11368657095691581,0.5472409869696866,0.12806466470516006,0.018442080325058896,-0.0002672235482796548
rfm,record,later_capability_damage_any_path,B+M+L+G+R,logistic,5,1000,0.097,0.8145034791607078,0.03256047878420234,0.7894633835354797,0.83952172530229,0.39300138127165046,0.07624636650199872,0.33087784552633054,0.45062057520422333,0.7181813958874195,0.04906844775502712,0.6851271534206118,0.7619763339374002,0.35699632443429136,0.043163000366963106,0.325022982499981,0.3929817953546767,0.1549900298600539,0.022402294450001747,0.1379164813970653,0.1739342244095839,0.5859015016651455,0.17460868649700959,0.22860197749556221,0.21839269477464088
rfm,record,later_capability_damage_any_path,B+M+L+G+R,random_forest,5,1000,0.097,0.8461989226499613,0.04989931394426991,0.8043965588529179,0.8814238697625931,0.4309792163726736,0.09225208638676058,0.3503138325485957,0.49749273732370164,0.5616642336200546,0.024121459729700142,0.5419042372559488,0.5818869913252247,0.21437584132081286,0.0686085126274084,0.15545175886731866,0.26947890818858566,0.07913563981006363,0.012459757852253587,0.0696677239483891,0.08843726510148368,0.5472409869696866,0.12806466470516006,0.29895793568027473,0.3029145516675136
rfm,record,later_clean_any_path,B,logistic,5,1000,0.165,0.5893539675903805,0.04100122687187571,0.5574940476190475,0.6212138875617136,0.24122755151140135,0.049441415842195746,0.20800358447884654,0.2815923492588001,0.5709614447785804,0.0670147513770752,0.5175507703081232,0.6213991198486083,0.3019009537338774,0.0745948567677852,0.2439933087989294,0.35980859866882536,0.24019767883730553,0.02663014452324855,0.22634322082871466,0.2642500816415344,0.6304059999836055,0.25932910716320334,-0.04105203239322497,-0.018101555651801993
rfm,record,later_clean_any_path,B,random_forest,5,1000,0.165,0.6160954963088914,0.058828594052412406,0.5697172619047619,0.6575425267933258,0.2569628350378295,0.053027880125735005,0.20788519036487313,0.29082102679171096,0.5131771755524953,0.032041355004978705,0.48870938843764933,0.5381355042016807,0.11967361239166512,0.08228973398348766,0.05068965517241379,0.18093181818181805,0.1532798122527998,0.017944695147618078,0.14057909888980033,0.169078067689099,0.624620546839137,0.263626494465457,-0.00852505053024566,-0.006663659427627477
rfm,record,later_clean_any_path,B+M,logistic,5,1000,0.165,0.6304059999836055,0.062212993537782646,0.5745702030812325,0.6718767009312085,0.25932910716320334,0.06696549510738375,0.22357115678663275,0.3194063733432356,0.5949986474522919,0.06516195711883453,0.5391950760237204,0.6466649159663865,0.32911727336255636,0.06455230294695324,0.28045454545454546,0.3771139063591894,0.2342018565908663,0.04051700128986169,0.20874515107957436,0.2709151116199576,0.6304059999836055,0.25932910716320334,0.0,0.0
rfm,record,later_clean_any_path,B+M,random_forest,5,1000,0.165,0.624620546839137,0.04938579113554145,0.5834655177696078,0.6605429032817141,0.263626494465457,0.0523752119962532,0.2165710526435499,0.2971602108448555,0.5026932211011494,0.04520917266144733,0.4624439775910364,0.534184817739805,0.09408686551543693,0.09112876205527481,0.024489795918367346,0.1636839351125065,0.15373662171936245,0.016638654802116244,0.1420815976317804,0.1685030796017973,0.624620546839137,0.263626494465457,0.0,0.0
rfm,record,later_clean_any_path,B+M+L,logistic,5,1000,0.165,0.653871443853461,0.053948263360328604,0.6047807247899161,0.6887320333651855,0.27383425231009373,0.060232133992198046,0.23047639715967394,0.32622974259845827,0.6150932086881575,0.06163095289690015,0.5626488095238095,0.6587780112044818,0.3487358746460241,0.0640413569165946,0.2987713011043663,0.3972426641825803,0.2292106477503308,0.03684251589762654,0.20498679920834822,0.25985247969863906,0.6304059999836055,0.25932910716320334,0.023465443869855496,0.014505145146890386
rfm,record,later_clean_any_path,B+M+L,random_forest,5,1000,0.165,0.6597303309701807,0.056175396216046634,0.6185914450698757,0.7008682614214164,0.26883482961967337,0.04697003335723186,0.22727028460772591,0.2961138821282277,0.5134740334260794,0.02999925813774792,0.489278248924988,0.5352887503454559,0.11753841396698542,0.07003989771285253,0.06166928309785452,0.17171923314780438,0.14939856323284922,0.01406829949963921,0.13910756237864397,0.1612253785442454,0.624620546839137,0.263626494465457,0.03510978413104371,0.00520833515421637
rfm,record,later_clean_any_path,B+M+L+G,logistic,5,1000,0.165,0.6177965501836187,0.03415586280042843,0.5929499621755057,0.6424803921568628,0.24744285046525943,0.03241560314258163,0.22035666543058827,0.27021054330378114,0.5951956919891702,0.050469890839157976,0.5578742634177416,0.6363095238095238,0.328527754040105,0.05339545386739886,0.2893052876793421,0.3677502204008679,0.23687889942044005,0.03238904574966733,0.21290081305947836,0.26320307406927984,0.6304059999836055,0.25932910716320334,-0.012609449799986794,-0.011886256697943909
rfm,record,later_clean_any_path,B+M+L+G,random_forest,5,1000,0.165,0.6376481999990633,0.05014412929295505,0.5969003948151167,0.6751215861344538,0.2532613919578544,0.039412692442550586,0.22268374005716537,0.2828383110309411,0.512595246292497,0.03279552699400872,0.49173285953177254,0.5408858543417366,0.11079233657456436,0.09263485356463078,0.041025641025641026,0.1846847020313847,0.15153522891363483,0.013838147918382377,0.14123562124253614,0.16296063529440558,0.624620546839137,0.263626494465457,0.013027653159926267,-0.010365102507602586
rfm,record,later_clean_any_path,B+M+L+G+R,logistic,5,1000,0.165,0.6304119974494815,0.028154668485894176,0.6088628604451815,0.6528184225195096,0.2568052472784808,0.04265486413895691,0.22456308345735018,0.28741720987237845,0.6073823693356941,0.03640975261759232,0.5800014169547417,0.6362269071508203,0.3384014603276898,0.036824516637335145,0.31240271568140415,0.3690315315315315,0.23337005908863068,0.029034607361867828,0.21219870515162106,0.25764251378035824,0.6304059999836055,0.25932910716320334,5.997465876039776e-06,-0.0025238598847225346
rfm,record,later_clean_any_path,B+M+L+G+R,random_forest,5,1000,0.165,0.7126002381303691,0.06046379688639246,0.6681115406865087,0.7609002976190475,0.3288420101811315,0.08524146071192999,0.27584203056997614,0.4015401044906456,0.5319893517607713,0.02993770712949348,0.5098214285714285,0.5555012565226759,0.15295055130242188,0.08100256786500795,0.09287784679089027,0.2155592469545958,0.1390466889834717,0.01202061345417114,0.12990787150701638,0.14868458219195496,0.624620546839137,0.263626494465457,0.08797969129123206,0.06521551571567452
rfm,record,later_clean_enhancement_path,B,logistic,5,1000,0.083,0.5640583579680621,0.0866415564687462,0.49163881675859944,0.6265307060150358,0.13742369583541023,0.0730520071718414,0.07631555429571925,0.19556149808183532,0.5552825401958082,0.09973794364950976,0.46541406165097265,0.6305705915734846,0.17671498173705874,0.09034463050036812,0.09952523709862926,0.23676144383948375,0.2361087635206572,0.02837939679984169,0.22065350095534164,0.26140712849718445,0.5851958574831763,0.14332874347233454,-0.021137499515114122,-0.0059050476369243154
rfm,record,later_clean_enhancement_path,B,random_forest,5,1000,0.083,0.569719211238285,0.11883897797697948,0.4738065743629517,0.6572428529936968,0.12513219394125982,0.048926223734659824,0.08838699812862298,0.16348963421478913,0.4989010989010989,0.002457217557692068,0.4967032967032967,0.5,0.0,0.0,0.0,0.0,0.09180543338036602,0.014614265234018082,0.08034980949451184,0.10326105726622019,0.5522259240324904,0.11056921416366909,0.017493287205794572,0.014562979777590732
rfm,record,later_clean_enhancement_path,B+M,logistic,5,1000,0.083,0.5851958574831763,0.08365229263561355,0.5131606195578708,0.6455364895666247,0.14332874347233454,0.07119516877122302,0.08779894321033624,0.2035018656655036,0.5917341980109062,0.062106576247074066,0.5367835556849238,0.6275969454699821,0.19410107743949673,0.058919541616313756,0.15076373123367323,0.23891625615763545,0.23185307020913445,0.04174596382757642,0.20595510318759636,0.26939823663370516,0.5851958574831763,0.14332874347233454,0.0,0.0
rfm,record,later_clean_enhancement_path,B+M,random_forest,5,1000,0.083,0.5522259240324904,0.09918168942071785,0.4763331427516636,0.628118705313317,0.11056921416366909,0.041444062059277455,0.07881031651241797,0.14268084163026812,0.49776473526473525,0.0030614786581323714,0.495492007992008,0.5,0.0,0.0,0.0,0.0,0.0947739949366804,0.01577645320406875,0.08254746448156768,0.10700052539179312,0.5522259240324904,0.11056921416366909,0.0,0.0
rfm,record,later_clean_enhancement_path,B+M+L,logistic,5,1000,0.083,0.6001865946045092,0.0967415653458527,0.5163450034235375,0.670168734159995,0.15586241112966745,0.07268274859408523,0.0995039350918591,0.21803905118545633,0.6097256757173919,0.08111535213325216,0.540468112709829,0.66303858978642,0.21172062001199757,0.08627331991657003,0.14535778175313058,0.2831034482758621,0.22515922983546358,0.034924111664945696,0.20199578523057538,0.256072976093795,0.5851958574831763,0.14332874347233454,0.01499073712133292,0.012533667657332909
rfm,record,later_clean_enhancement_path,B+M+L,random_forest,5,1000,0.083,0.5990744305110839,0.07704089058881011,0.5431151111988808,0.6653601477944535,0.15744107403282945,0.07439971205698864,0.10246833116699969,0.21354499962997756,0.5089650895933618,0.023240176149789626,0.4967032967032967,0.5301919720767889,0.03333333333333333,0.07453559924999299,0.0,0.1,0.09164286479574876,0.012655348151133507,0.08229364839369899,0.10101897180169397,0.5522259240324904,0.11056921416366909,0.04684850647859351,0.04687185986916036
rfm,record,later_clean_enhancement_path,B+M+L+G,logistic,5,1000,0.083,0.5659713074042967,0.09448028484597748,0.48417572571467543,0.6263923822459261,0.1295571162774522,0.03195380139788698,0.10577051489168088,0.1561058611733408,0.5772166319636431,0.0865615456773559,0.4982350242320354,0.6331872442409091,0.18813188358062713,0.07446893460938794,0.1308363579093558,0.2454274092518985,0.22764762399827898,0.03465866630424921,0.20397048869141784,0.25651728239990307,0.5851958574831763,0.14332874347233454,-0.019224550078879576,-0.013771627194882341
rfm,record,later_clean_enhancement_path,B+M+L+G,random_forest,5,1000,0.083,0.5940184653792836,0.04352577041089257,0.5547875853422319,0.622762667851451,0.12139141806032203,0.03891127900708493,0.09275534769179297,0.1541601560870383,0.4983805411536936,0.0014792044324262001,0.4972846425168115,0.4994764397905759,0.0,0.0,0.0,0.0,0.0920865803399783,0.015550605843679653,0.07960043499187071,0.10384659374966265,0.5522259240324904,0.11056921416366909,0.04179254134679322,0.010822203896652935
rfm,record,later_clean_enhancement_path,B+M+L+G+R,logistic,5,1000,0.083,0.7079410798483128,0.12015450834429299,0.6141755737703068,0.7981628253297128,0.2852968501903944,0.10026425056575164,0.1964548235037587,0.3632779408719247,0.6620636542253344,0.1106027388985419,0.5646026787388043,0.7384541320052409,0.2786923304143013,0.13887326317870477,0.17447065940713852,0.384818763326226,0.17577004313925826,0.03308758896363151,0.15343646428249375,0.20588882042681678,0.5851958574831763,0.14332874347233454,0.12274522236513652,0.14196810671805987
rfm,record,later_clean_enhancement_path,B+M+L+G+R,random_forest,5,1000,0.083,0.7383418592893695,0.08771128825731324,0.6656811551286653,0.79376274920489,0.2859595581151094,0.07156405621715477,0.22951000671547045,0.34240910951474834,0.5034566417760994,0.017177248254802577,0.4935112865848425,0.5184293193717278,0.025,0.055901699437494755,0.0,0.075,0.07876331792302035,0.014190981534271242,0.06743828458163996,0.0894768043212623,0.5522259240324904,0.11056921416366909,0.18611593525687908,0.17539034395144032
rfm,record,later_clean_suppression_path,B,logistic,5,1000,0.092,0.5267237130894391,0.06811937646252819,0.46807127659076053,0.5709796636378284,0.12479451441256795,0.030653124204921316,0.10118937906639416,0.14835233443360668,0.5177156930424026,0.06873202883831088,0.4611502076555075,0.5659818137407292,0.15774835186599892,0.06508331637263888,0.10678210678210678,0.20784313725490194,0.24091038034949125,0.02445352570060431,0.22664504918022432,0.263313497491415,0.6288945633422818,0.1401333548472711,-0.10217085025284267,-0.015338840434703155
rfm,record,later_clean_suppression_path,B,random_forest,5,1000,0.092,0.4808661218501894,0.04572031450840199,0.44791211957673716,0.5173859116156208,0.09917805843346614,0.016314766542869227,0.08610684874472403,0.11246400595580168,0.4956035903520027,0.004562253313478342,0.49230546444273854,0.4989010989010989,0.0,0.0,0.0,0.0,0.10686147037036971,0.007602663030334192,0.09991368317849614,0.11125086905346257,0.5115146237712763,0.10209594713543771,-0.030648501921086924,-0.0029178887019715716
rfm,record,later_clean_suppression_path,B+M,logistic,5,1000,0.092,0.6288945633422818,0.061768484843665254,0.5837802771235999,0.6753724641359674,0.1401333548472711,0.02375459963771287,0.12169876996365817,0.15775423402400351,0.5685467978021805,0.06665551589749757,0.517757472080258,0.6193361235241029,0.19309414382769796,0.04598386427122077,0.1533307976526842,0.22823847128540525,0.22437383780479608,0.03299103914944777,0.2025461204140579,0.25327909158511847,0.6288945633422818,0.1401333548472711,0.0,0.0
rfm,record,later_clean_suppression_path,B+M,random_forest,5,1000,0.092,0.5115146237712763,0.058190395017661434,0.4672557863980769,0.555773461144476,0.10209594713543771,0.015523828424989188,0.09022718120925884,0.11396471306161655,0.49506304874131934,0.006766775738510963,0.48909379579872986,0.49944751381215474,0.0,0.0,0.0,0.0,0.10695559273805796,0.008458230946205564,0.09929095685829428,0.11193475402908856,0.5115146237712763,0.10209594713543771,0.0,0.0
rfm,record,later_clean_suppression_path,B+M+L,logistic,5,1000,0.092,0.6484472191317099,0.06840623724464982,0.5934905139376261,0.6995880186330796,0.15776548462651882,0.034701689231144146,0.1291567270041031,0.183584964704896,0.5825940501130752,0.09541407494372663,0.5057298876292364,0.6553903884232467,0.20335286964956129,0.08355738004755833,0.13903199343724365,0.26576572686844263,0.2186359213115298,0.029578845065559314,0.19992624996349792,0.24392697797067214,0.6288945633422818,0.1401333548472711,0.01955265578942811,0.01763212977924772
rfm,record,later_clean_suppression_path,B+M+L,random_forest,5,1000,0.092,0.5940603757791402,0.052637849123291294,0.552252275921784,0.6340977149731878,0.13498153018601747,0.03655958316438847,0.10723293454572944,0.16398572511262333,0.5007018347232906,0.011164158398389802,0.4939888420491352,0.5108459980022461,0.016666666666666666,0.037267799624996496,0.0,0.05,0.10113262536268024,0.0059040774568026025,0.09638325057899118,0.10520374836627018,0.5115146237712763,0.10209594713543771,0.08254575200786385,0.03288558305057976
rfm,record,later_clean_suppression_path,B+M+L+G,logistic,5,1000,0.092,0.6495234984060263,0.06888517701574885,0.5965080189263468,0.7015743704274845,0.1663791279099122,0.0565316527170652,0.12718567373324538,0.21683604323274333,0.5866446804038762,0.06431899613001481,0.535609967974441,0.6374216966608272,0.2095256860168196,0.05240832881571094,0.16877380631757144,0.25419053964023985,0.21548338366830883,0.02900162861613409,0.19400091727764598,0.23885015256506464,0.6288945633422818,0.1401333548472711,0.020628935063744525,0.026245773062641087
rfm,record,later_clean_suppression_path,B+M+L+G,random_forest,5,1000,0.092,0.607925099360084,0.10412341677646389,0.5214307518251894,0.6921443667399011,0.16972376873360528,0.08024662232756984,0.11273293544057464,0.24255797828229633,0.5073535864804108,0.02748078853648068,0.49227723693553627,0.5325494973710853,0.04,0.08944271909999159,0.0,0.12000000000000002,0.09880083426854559,0.00982455377467606,0.09097628348652896,0.10662538505056221,0.5115146237712763,0.10209594713543771,0.09641047558880766,0.06762782159816758
rfm,record,later_clean_suppression_path,B+M+L+G+R,logistic,5,1000,0.092,0.7500754135172147,0.07340246690361309,0.6910291114499634,0.8143479894094783,0.2767711230386435,0.07141714410783079,0.2218877187821247,0.3324676855747255,0.6764862244329733,0.08604540732677801,0.6206723343173709,0.753863687405258,0.2942564291216015,0.06691036461418852,0.24581783861566123,0.34923633124623404,0.17778381481699043,0.027442184093838622,0.1569087710878347,0.19964555279459167,0.6288945633422818,0.1401333548472711,0.12118085017493296,0.13663776819137238
rfm,record,later_clean_suppression_path,B+M+L+G+R,random_forest,5,1000,0.092,0.7715502197910519,0.06544186568469915,0.7197045111779049,0.822299835256843,0.2801377703157894,0.08679743939051528,0.21582010913139063,0.3515435316029367,0.5221139749069282,0.015687793797466626,0.5088668473758977,0.5353062348133493,0.08881987577639751,0.059234602124166424,0.03805383022774327,0.1364389233954451,0.08564170484168253,0.007534225167150184,0.07966478483526133,0.09161862484810371,0.5115146237712763,0.10209594713543771,0.26003559601977555,0.1780418231803517
rfm,record,later_enhancement_path,B,logistic,5,1000,0.09,0.5843040765352724,0.0738671790786368,0.5274836274836274,0.6411526999097816,0.15920055655385257,0.08975963663687413,0.09701485018103602,0.23842842214611365,0.5383800552014149,0.09003737517511505,0.4699306004453064,0.6075937087930819,0.17420722335238464,0.0846448799408114,0.11022222222222222,0.2394414575866189,0.2350279975376996,0.027233868723124676,0.21942979342946262,0.2588665816771356,0.5930095875476178,0.1691633779008531,-0.008705511012345402,-0.009962821347000522
rfm,record,later_enhancement_path,B,random_forest,5,1000,0.09,0.5763003948665715,0.12437209079089558,0.4771920889567949,0.66722319755408,0.14826225341860585,0.051612698417606385,0.1090772941238445,0.18766820154136982,0.5028207087030616,0.013328659592502146,0.49340659340659343,0.5150555327025915,0.021052631578947368,0.047075115315785045,0.0,0.06315789473684211,0.09902732299040855,0.011036889878115515,0.090659118347084,0.10739552763373313,0.5877849112676137,0.1473106776153262,-0.0114845164010422,0.0009515758032796473
rfm,record,later_enhancement_path,B+M,logistic,5,1000,0.09,0.5930095875476178,0.07903987757229895,0.5272369481009187,0.6512578579809775,0.1691633779008531,0.059065439840227975,0.1308958739338982,0.2212299215093784,0.5941509524441058,0.05850237098379618,0.5400723513066811,0.6325556796145031,0.21284408051878123,0.05461015344179878,0.16998645640729704,0.25570170463026537,0.2327997458208885,0.040293383864478546,0.20737894823297093,0.2666807495707613,0.5930095875476178,0.1691633779008531,0.0,0.0
rfm,record,later_enhancement_path,B+M,random_forest,5,1000,0.09,0.5877849112676137,0.09558569021606367,0.5143660261307321,0.6608901088665433,0.1473106776153262,0.05533048773423776,0.10843281942306193,0.18978132229458422,0.5027538637832756,0.016137884056272294,0.4922702297702298,0.5171277252159605,0.023529411764705882,0.052613364176465637,0.0,0.07058823529411765,0.10014159516263292,0.012211866664456913,0.09095069190746508,0.10946812721956026,0.5877849112676137,0.1473106776153262,0.0,0.0
rfm,record,later_enhancement_path,B+M+L,logistic,5,1000,0.09,0.6153081509458076,0.09745462949153062,0.5321392365268933,0.6860346172364012,0.1907743828928071,0.0662786518549083,0.14212524301847132,0.2464272780426462,0.6011638688109278,0.09235733210894795,0.5275946275946276,0.6690068101832807,0.21912934250452126,0.07937356253033982,0.15681369321922317,0.28144499178981935,0.22407448639987765,0.032506791428207275,0.2020592171222672,0.2521043374031006,0.5930095875476178,0.1691633779008531,0.022298563398189808,0.021611004991954008
rfm,record,later_enhancement_path,B+M+L,random_forest,5,1000,0.09,0.622800483997145,0.07532002011531362,0.5641130111718347,0.6814879568224553,0.16111109840206653,0.07113802929141774,0.1123911062175472,0.21865604900032126,0.49673267908562024,0.004898422956846164,0.49233707469001586,0.5,0.0,0.0,0.0,0.0,0.09780082224324423,0.00911034817280157,0.09093329858022992,0.10496767871612234,0.5877849112676137,0.1473106776153262,0.035015572729531375,0.01380042078674032
rfm,record,later_enhancement_path,B+M+L+G,logistic,5,1000,0.09,0.5799244922949117,0.09345935803451634,0.4967933307501323,0.6402978403520833,0.15231922518842406,0.0255440345991106,0.13289915384443612,0.171739296532412,0.5658426132690838,0.06943818022792017,0.5043452870658753,0.6091593863652687,0.19333611696704117,0.06759985084655216,0.14155712841253792,0.24511510552154442,0.22829217266953,0.029183554720678833,0.2074803535920954,0.2541118968944887,0.5930095875476178,0.1691633779008531,-0.01308509525270607,-0.016844152712429034
rfm,record,later_enhancement_path,B+M+L+G,random_forest,5,1000,0.09,0.6175342236516296,0.05763103155893066,0.5658504893799011,0.6548840483688603,0.13931151264774258,0.03489503021963293,0.11173219603373785,0.1668908292617473,0.497804162648666,0.0022897596272837242,0.49614308465562085,0.49946524064171116,0.0,0.0,0.0,0.0,0.09708599172654353,0.010696284568667443,0.08915376022239495,0.10581477198865526,0.5877849112676137,0.1473106776153262,0.029749312384015902,-0.007999164967583627
rfm,record,later_enhancement_path,B+M+L+G+R,logistic,5,1000,0.09,0.7274737741498832,0.09419675794407717,0.6532061688311689,0.7995695929218108,0.3175909284589502,0.0915959741997096,0.23446434284184764,0.38156635046696397,0.664592764194982,0.07069495273472028,0.6009075891428832,0.7136490143843085,0.2909624585738795,0.09653878805300445,0.21829982938951117,0.3700669811566629,0.17473283311607396,0.024760502808900058,0.15786960640375705,0.197212140700403,0.5930095875476178,0.1691633779008531,0.13446418660226545,0.14842755055809712
rfm,record,later_enhancement_path,B+M+L+G+R,random_forest,5,1000,0.09,0.7560750120914659,0.08437836148814297,0.6795841719554956,0.8026529240608316,0.33099891071203985,0.059986012909867,0.2780414109203969,0.37006566925263473,0.5360980174866385,0.027377515502773064,0.5162273652630451,0.5555661924863948,0.1272593247825446,0.09059592573210551,0.05914786967418546,0.1913607548282471,0.08259480939263993,0.012072880989456573,0.07350480028257955,0.09158513233804151,0.5877849112676137,0.1473106776153262,0.1682901008238522,0.18368823309671364
rfm,record,later_neighbor_damage_any_path,B,logistic,5,1000,0.094,0.5859204828227831,0.05035406852556688,0.5465831513331513,0.625257814312415,0.1408716717160296,0.03645658166448033,0.11282482103270779,0.16623147574689492,0.5421526777555594,0.05704222965448355,0.5015616915616915,0.5918183301386031,0.1805385063250318,0.06928070523535358,0.12814469831942404,0.2350824587706147,0.2419640513279512,0.029108258300806867,0.22232646877819856,0.2664564599509731,0.6312294373723848,0.16922144156053318,-0.04530895454960171,-0.028349769844503575
rfm,record,later_neighbor_damage_any_path,B,random_forest,5,1000,0.094,0.5459665628870634,0.03423766675674855,0.5207025825232348,0.5717747874724618,0.12246142711317258,0.035795975442066565,0.09684289951145894,0.14939567703553455,0.5064225264225264,0.01753979274793039,0.4967567567567568,0.5225108225108225,0.026666666666666665,0.05962847939999438,0.0,0.08,0.10274503324785718,0.015393209354267726,0.09153742979343663,0.11549822510684885,0.524826773840108,0.11934032538552064,0.02113978904695535,0.00312110172765194
rfm,record,later_neighbor_damage_any_path,B+M,logistic,5,1000,0.094,0.6312294373723848,0.05860478703255803,0.5902746881584091,0.6835352303884912,0.16922144156053318,0.07882870566221982,0.11323156931125751,0.2330900757893434,0.6011471027939683,0.04802583016494438,0.5654840449026495,0.6414639406487233,0.22271759295077082,0.07771029493107326,0.16255248452983295,0.2828133625202246,0.22681252961257092,0.03230875869821585,0.20305311534066744,0.25122708522184006,0.6312294373723848,0.16922144156053318,0.0,0.0
rfm,record,later_neighbor_damage_any_path,B+M,random_forest,5,1000,0.094,0.524826773840108,0.05107749986460209,0.49218529893529894,0.5691553540058975,0.11934032538552064,0.03020214585413462,0.09586177197012821,0.14057043491788737,0.5058934258934259,0.016368030976773217,0.4967567567567568,0.5209235209235208,0.025,0.055901699437494755,0.0,0.075,0.1059427497767291,0.01649785695586619,0.09439221031474203,0.12003790350310765,0.524826773840108,0.11934032538552064,0.0,0.0
rfm,record,later_neighbor_damage_any_path,B+M+L,logistic,5,1000,0.094,0.648990898556495,0.06791205358584113,0.5917475208899627,0.7008797211242863,0.18549310778631517,0.05753516309026182,0.14567587753083613,0.23488631828437462,0.6159393410126475,0.07055058712772158,0.5614037897758829,0.6690964446942708,0.22801476131823278,0.06967332206064526,0.17240735623714348,0.28362216639932203,0.2228822333873009,0.032550328349775226,0.19736198642583797,0.2478175049222379,0.6312294373723848,0.16922144156053318,0.01776146118411026,0.016271666225781994
rfm,record,later_neighbor_damage_any_path,B+M+L,random_forest,5,1000,0.094,0.559735913592903,0.04067358299074463,0.5281680312145428,0.5895519310600832,0.12851333039941515,0.022220538366511833,0.11039185694136036,0.14505269997774434,0.5063702316027897,0.019025506737603757,0.4961753614079196,0.5235167287492869,0.02857142857142857,0.06388765649999399,0.0,0.08571428571428572,0.10448727573702028,0.01613956267845443,0.09324562130541794,0.11844667622600887,0.524826773840108,0.11934032538552064,0.03490913975279497,0.009173005013894509
rfm,record,later_neighbor_damage_any_path,B+M+L+G,logistic,5,1000,0.094,0.5963680299917661,0.054859704505853826,0.5568830945110015,0.641302536231884,0.17018652146128294,0.07038807028020116,0.11953370059249821,0.23082585710460016,0.5556708028067987,0.06482786808320941,0.5070154464340512,0.6043261591795466,0.19188243234044874,0.07752304032719266,0.1319915452925603,0.25060369390976367,0.22380785764088001,0.030683346578845007,0.19747419955065046,0.24715718043195145,0.6312294373723848,0.16922144156053318,-0.034861407380618714,0.0009650799007497601
rfm,record,later_neighbor_damage_any_path,B+M+L+G,random_forest,5,1000,0.094,0.5719890572349495,0.05223057739062348,0.5354894362801339,0.6139885124354917,0.14625603403365897,0.04176139017574841,0.11357532776140282,0.17893674030591508,0.506314999062724,0.02050432242833522,0.49596814964610714,0.5246014803270238,0.03076923076923077,0.06880209161537815,0.0,0.09230769230769231,0.10224494462836098,0.01734037670846273,0.08981151194846063,0.11709132457598918,0.524826773840108,0.11934032538552064,0.04716228339484152,0.02691570864813833
rfm,record,later_neighbor_damage_any_path,B+M+L+G+R,logistic,5,1000,0.094,0.7821472896650474,0.06607102137469925,0.7366405579545114,0.8367840869878913,0.36758466765896286,0.09636962242804667,0.3040994154923271,0.4465263248454424,0.7285053991689482,0.06631198673930755,0.6865365612648222,0.789751007425426,0.34855166763061496,0.05274177424301152,0.3148078529657477,0.3910256410256411,0.1531528172681937,0.008729046672988216,0.14611419841282935,0.1597317173295966,0.6312294373723848,0.16922144156053318,0.15091785229266264,0.19836322609842968
rfm,record,later_neighbor_damage_any_path,B+M+L+G+R,random_forest,5,1000,0.094,0.8288390332006991,0.05538277138481482,0.782389790126456,0.8721737908479567,0.3883665515608037,0.1110080942785213,0.2973595866640972,0.4686362459476621,0.5392664615490702,0.05245790197716133,0.5034198484198483,0.5847332015810277,0.13756978653530377,0.1607044405358651,0.02,0.26995073891625615,0.08026398634677244,0.016211038963721797,0.06800908641133284,0.09273767344465159,0.524826773840108,0.11934032538552064,0.30401225936059106,0.26902622617528305
rfm,record,later_suppression_path,B,logistic,5,1000,0.098,0.4992261402881679,0.0620050220693377,0.44419731540073587,0.5396980289880483,0.12532170670353077,0.03175247471684778,0.10064416761158979,0.14836216869333724,0.515985887680082,0.08363978167634173,0.450811708568373,0.581160066791791,0.16890269836533078,0.0762397781265001,0.10889804486427941,0.2280435191771346,0.24520541172324245,0.022840853968825358,0.2304464814910232,0.26596055472397556,0.6007040845639872,0.14968482522781854,-0.10147794427581924,-0.02436311852428777
rfm,record,later_suppression_path,B,random_forest,5,1000,0.098,0.48748476138550495,0.07206457555645077,0.4363021028011832,0.5389318545295937,0.1254453962842602,0.033679290497687205,0.10060485670826402,0.15217480530808902,0.5050256063126751,0.020932829423597196,0.49233765057512907,0.5238441407385868,0.032,0.07155417527999328,0.0,0.096,0.11263582598980057,0.008829191357313648,0.10563908615747031,0.11890000530386897,0.5325447299548174,0.1214180332645319,-0.045059968569312436,0.004027363019728308
rfm,record,later_suppression_path,B+M,logistic,5,1000,0.098,0.6007040845639872,0.05920126217941022,0.553584937041247,0.6478232320867272,0.14968482522781854,0.04250912037576844,0.12035408014759874,0.18785781127971063,0.5350724149102197,0.07414021701185865,0.4766913831540176,0.5934534466664217,0.1754262263187955,0.052305280520868795,0.13560603503560942,0.21423050693339393,0.22946529630648477,0.030561244440921773,0.20761661305936255,0.2560866719183651,0.6007040845639872,0.14968482522781854,0.0,0.0
rfm,record,later_suppression_path,B+M,random_forest,5,1000,0.098,0.5325447299548174,0.08305630009134857,0.46795637126615686,0.5945691442567405,0.1214180332645319,0.013312921128740463,0.11105462037510867,0.13137020773414967,0.509180172402212,0.023738767246031214,0.492306259314456,0.5301965753786778,0.051515151515151514,0.07545393695750746,0.0,0.11818181818181817,0.11112406385111002,0.009612911151915208,0.10319125679166015,0.11764552615574755,0.5325447299548174,0.1214180332645319,0.0,0.0
rfm,record,later_suppression_path,B+M+L,logistic,5,1000,0.098,0.6252549841434436,0.06735242081049736,0.5722315110981875,0.6782784571886996,0.16221782841076318,0.04722850820702823,0.12728807266102776,0.19996482857807152,0.5710153902181023,0.0975750536030653,0.4997870433397657,0.6440300058072318,0.1984233351392823,0.08360663600062396,0.12719912075717318,0.25400538382994525,0.2236647336132908,0.025109108339899756,0.20618099013749608,0.24586099852125842,0.6007040845639872,0.14968482522781854,0.024550899579456442,0.012533003182944646
rfm,record,later_suppression_path,B+M+L,random_forest,5,1000,0.098,0.5950069874989781,0.06886983300782386,0.541669089851701,0.646715802630196,0.14079981481540182,0.03545597407763866,0.11397313812643697,0.16739458325107393,0.4981098515725135,0.012606121363386054,0.4890589620505389,0.5085855097940734,0.015384615384615385,0.034401045807689073,0.0,0.046153846153846156,0.10789028126420974,0.006099140942975919,0.10338632608459045,0.11239423644382907,0.5325447299548174,0.1214180332645319,0.06246225754416068,0.01938178155086992
rfm,record,later_suppression_path,B+M+L+G,logistic,5,1000,0.098,0.6237426953833827,0.07324685455894674,0.5706905857058516,0.6857804137295187,0.15945762807576885,0.05518827987888293,0.12231381749422669,0.20994701754296935,0.5617132478264049,0.08603939549546194,0.49677231753416684,0.6344361207625158,0.1928955664953904,0.06254015810336104,0.1392198374767054,0.23808008494723562,0.22034181267518527,0.028789430658565165,0.1983777860989932,0.24230583925137736,0.6007040845639872,0.14968482522781854,0.02303861081939551,0.009772802847950318
rfm,record,later_suppression_path,B+M+L+G,random_forest,5,1000,0.098,0.6103606893424826,0.08609257821993734,0.5359116022099447,0.6702712069816891,0.17265127451684284,0.08753809645612688,0.11702918378949975,0.245988027838634,0.5066492549446335,0.02595324386260116,0.4922712314705794,0.5304643174628076,0.03809523809523809,0.08518354199999198,0.0,0.11428571428571428,0.10382669482947111,0.009629840927813854,0.0962412784373254,0.1114121112216168,0.5325447299548174,0.1214180332645319,0.07781595938766517,0.051233241252310935
rfm,record,later_suppression_path,B+M+L+G+R,logistic,5,1000,0.098,0.7379028372122308,0.0745923107133518,0.679606278465414,0.7938976007023613,0.2806847380115222,0.07242669017405803,0.21664202007240602,0.3289109888911533,0.6798137656755132,0.09319078285705709,0.6071657436534581,0.7501433534237402,0.30656612180575776,0.08898670825648247,0.2388255364999551,0.3785616921269096,0.18066500301235977,0.02416630255718831,0.16151777570746617,0.19981223031725331,0.6007040845639872,0.14968482522781854,0.13719875264824366,0.13099991278370368
rfm,record,later_suppression_path,B+M+L+G+R,random_forest,5,1000,0.098,0.7771859577925946,0.06943208780030535,0.7231506251817388,0.8282968888200092,0.31989377153354487,0.08489334480866774,0.25384794323227605,0.3849174530592206,0.5197004744675746,0.014768399406199664,0.5066852958947273,0.5316080255888339,0.08313286713286713,0.054868471557977735,0.03630909090909091,0.1264895104895105,0.08843493388155539,0.007266248740942647,0.08242511324980813,0.09413023003540633,0.5325447299548174,0.1214180332645319,0.2446412278377772,0.19847573826901296
rfm,record,later_target_any_path,B,logistic,5,1000,0.17700000000000002,0.5859332791083808,0.033136776839612914,0.5607640897585193,0.6111024684582423,0.2552363782309594,0.04365155421601583,0.2239145969287753,0.28924596879327996,0.5473894766461237,0.05272037481342929,0.5073798783143718,0.5865560232320963,0.29037692342535015,0.06407767504963006,0.2408262611866399,0.33992758566406045,0.24259876465917435,0.02543101761226765,0.22819232197851602,0.26550687454982863,0.6239346871521472,0.26936434162714157,-0.038001408043766394,-0.014127963396182164
rfm,record,later_target_any_path,B,random_forest,5,1000,0.17700000000000002,0.6121913312421103,0.04460062127403812,0.5752311558516374,0.6454481730124707,0.2701084108068156,0.05337299324599578,0.22280309005075988,0.304087799509876,0.5113665803931555,0.02755799489022257,0.48989700986987633,0.5328361509164348,0.1283247462919594,0.07991347522459841,0.06209523809523809,0.1824199843871975,0.1612200020238564,0.01568403431010276,0.1495004771276481,0.1742667712057243,0.6208323828197065,0.2832370372057141,-0.008641051577596204,-0.013128626398898502
rfm,record,later_target_any_path,B+M,logistic,5,1000,0.17700000000000002,0.6239346871521472,0.041735417089339144,0.585524635947135,0.650697333451453,0.26936434162714157,0.055197100721455596,0.23671662460595083,0.319406181454104,0.5942961278572925,0.03190850919132077,0.5656009507223543,0.616132199769907,0.34229314165151137,0.03804449415994932,0.3098261273931585,0.3682155054680091,0.23780364918237798,0.03638785177736161,0.21366050748218063,0.27003900376176193,0.6239346871521472,0.26936434162714157,0.0,0.0
rfm,record,later_target_any_path,B+M,random_forest,5,1000,0.17700000000000002,0.6208323828197065,0.05069474912042215,0.5803619738534755,0.6595938032378198,0.2832370372057141,0.06309663483886033,0.22606753484023379,0.3221278740049975,0.5150966521955166,0.0276327779613429,0.4911043835915566,0.5346457446236405,0.13846153846153847,0.06349066930468915,0.08846153846153845,0.18542307692307675,0.16119013281557645,0.016985898819911076,0.14859679118569558,0.1751431956064136,0.6208323828197065,0.2832370372057141,0.0,0.0
rfm,record,later_target_any_path,B+M+L,logistic,5,1000,0.17700000000000002,0.653087569772639,0.034517668849729004,0.6227438417970804,0.6779354402905742,0.2949583539877362,0.05003669606542157,0.258559622154408,0.3340990144558582,0.6227575563579848,0.041000398038408256,0.5881218361871707,0.651548328656568,0.3711115609301093,0.04395359682790242,0.33166035353535356,0.39831834831834834,0.23109374889807807,0.032025467078062184,0.20929071322006004,0.25775870912470616,0.6239346871521472,0.26936434162714157,0.02915288262049187,0.02559401236059461
rfm,record,later_target_any_path,B+M+L,random_forest,5,1000,0.17700000000000002,0.6600668762685699,0.049444671723629506,0.6220633663412174,0.6981673705822813,0.28066618043480535,0.0431738403153475,0.2416315866802811,0.3042570345594226,0.508657171829807,0.022854787150014367,0.48917745978309474,0.5255073618241498,0.11902374355204545,0.055793872606583736,0.07434758637588826,0.16153846153846155,0.15698480382849683,0.011734540962430363,0.14788317864047623,0.16608859458541908,0.6208323828197065,0.2832370372057141,0.03923449344886332,-0.002570856770908736
rfm,record,later_target_any_path,B+M+L+G,logistic,5,1000,0.17700000000000002,0.6182240310259774,0.03119216986039336,0.5942322552787994,0.6422158067731555,0.26345104350566617,0.02833564037638393,0.24253290068702196,0.2876248202807086,0.5870386235012102,0.027358270285357984,0.5676979061094366,0.6082889308040706,0.33347948551582224,0.022641851008755355,0.3154240368749256,0.351534934156719,0.2389458353733201,0.029100980939335993,0.21557020331504387,0.26108702540970524,0.6239346871521472,0.26936434162714157,-0.005710656126169722,-0.005913298121475397
rfm,record,later_target_any_path,B+M+L+G,random_forest,5,1000,0.17700000000000002,0.6451710524075306,0.06298433727476978,0.594924326958861,0.688201505100656,0.26782543868695863,0.04585787095706881,0.2321305546416777,0.30352032273223967,0.506308874098935,0.021036765053404263,0.48851793031423146,0.5216109296103592,0.11492281303602056,0.0452152346246809,0.07547169811320756,0.14219554030874784,0.15812569854132325,0.013696013058549792,0.14819273123267016,0.16925105476071162,0.6208323828197065,0.2832370372057141,0.024338669587824047,-0.015411598518755454
rfm,record,later_target_any_path,B+M+L+G+R,logistic,5,1000,0.17700000000000002,0.6232944191144112,0.034794261833359486,0.5968204186905441,0.6503926751226622,0.2664138478959791,0.03293434357357828,0.23942073503322128,0.2885563178019707,0.5948410625171577,0.03526347180901791,0.5653788017092201,0.6209109032975517,0.33803078023353367,0.03247660777067851,0.3136974789915966,0.36319148936170215,0.23702816404273985,0.025747751668122033,0.21622351349714677,0.25662658840568425,0.6239346871521472,0.26936434162714157,-0.0006402680377359804,-0.0029504937311624624
rfm,record,later_target_any_path,B+M+L+G+R,random_forest,5,1000,0.17700000000000002,0.7310946803358332,0.05636520111087342,0.6875835493700764,0.7738690774576067,0.34880504036097726,0.06100793353255605,0.3067349805843629,0.3956595256110411,0.5410401154894273,0.035263889728407626,0.5150539239333602,0.5686337588337275,0.18731666930338026,0.09096638003617159,0.11818889416231611,0.2564444444444445,0.14367384110543532,0.010617981150298845,0.13575631132814178,0.15174463975168417,0.6208323828197065,0.2832370372057141,0.1102622975161267,0.06556800315526318
